id,timestamp,vehicle_id,latitude,longitude,altitude,speed,rpm,engine_temp,throttle_pos,engine_load,fuel_level,fl_pressure,fl_temp,fl_battery,fr_pressure,fr_temp,fr_battery,rl_pressure,rl_temp,rl_battery,rr_pressure,rr_temp,rr_battery
44,2025-11-07 04:15:27+00,4d106730-1088-4892-9045-ffeebc4d23bc,-6.972864,107.6471638,698.3,0,699,84,15.68627,29.80392,,,,,,,,,,,,,
45,2025-11-07 04:15:36+00,4d106730-1088-4892-9045-ffeebc4d23bc,-6.972861333,107.6471588,698.9,0,698,84,15.29412,29.80392,,,,,,,,,,,,,
46,2025-11-07 04:15:41+00,4d106730-1088-4892-9045-ffeebc4d23bc,-6.972859167,107.6471562,699,0,711,85,15.29412,29.01961,,,,,,,,,,,,,
47,2025-11-07 04:15:46+00,4d106730-1088-4892-9045-ffeebc4d23bc,-6.972858,107.6471558,699.4,0,709,85,15.68627,29.01961,,,,,,,,,,,,,
48,2025-11-07 04:15:51+00,4d106730-1088-4892-9045-ffeebc4d23bc,-6.972857833,107.6471568,699.6,0,711,85,15.68627,28.62745,,,,,,,,,,,,,
49,2025-11-07 04:15:56+00,4d106730-1088-4892-9045-ffeebc4d23bc,-6.972856333,107.647161,700.4,0,718,85,15.68627,28.62745,,,,,,,,,,,,,
50,2025-11-07 04:16:01+00,4d106730-1088-4892-9045-ffeebc4d23bc,-6.9728555,107.6471628,700.8,0,697,85,15.68627,29.01961,,,,,,,,,,,,,
51,2025-11-07 04:16:06+00,4d106730-1088-4892-9045-ffeebc4d23bc,-6.972854833,107.6471632,701,0,701,85,15.68627,29.01961,,,,,,,,,,,,,
52,2025-11-07 04:16:11+00,4d106730-1088-4892-9045-ffeebc4d23bc,-6.972855333,107.6471642,700.8,0,694,85,15.68627,29.41176,,,,,,,,,,,,,
53,2025-11-07 04:16:16+00,4d106730-1088-4892-9045-ffeebc4d23bc,-6.972855167,107.647164,700.1,0,699,86,15.68627,29.41176,,,,,,,,25.96084,31,113,,,
54,2025-11-07 04:16:21+00,4d106730-1088-4892-9045-ffeebc4d23bc,-6.972855167,107.6471633,699.6,0,710,86,15.29412,29.41176,,,,,,,,25.96084,31,113,,,
55,2025-11-07 04:16:26+00,4d106730-1088-4892-9045-ffeebc4d23bc,-6.972854833,107.6471622,699.4,0,701,86,15.68627,29.80392,,,,,,,,25.96084,31,113,,,
56,2025-11-07 04:16:31+00,4d106730-1088-4892-9045-ffeebc4d23bc,-6.972853667,107.6471613,699.4,0,697,86,15.68627,29.80392,,,,,,,,25.96084,31,113,,,
57,2025-11-07 04:16:36+00,4d106730-1088-4892-9045-ffeebc4d23bc,-6.9728525,107.6471605,699.1,0,700,86,15.68627,29.80392,,,,,,,,25.96084,31,113,,,
58,2025-11-07 04:16:41+00,4d106730-1088-4892-9045-ffeebc4d23bc,-6.972851167,107.6471608,697.9,0,705,86,15.29412,29.41176,,,,,,,,25.96084,31,113,,,
59,2025-11-07 04:16:46+00,4d106730-1088-4892-9045-ffeebc4d23bc,-6.972849667,107.6471622,697.3,0,713,87,15.29412,29.41176,,26.97607,37,105,,,,25.96084,31,113,,,
60,2025-11-07 04:16:51+00,4d106730-1088-4892-9045-ffeebc4d23bc,-6.972848333,107.647163,697.5,0,692,87,15.68627,29.80392,,26.97607,37,105,,,,25.96084,31,113,,,
61,2025-11-07 04:16:56+00,4d106730-1088-4892-9045-ffeebc4d23bc,-6.972848833,107.6471615,697.3,0,705,87,15.29412,28.62745,,26.97607,37,105,,,,25.96084,31,113,,,
62,2025-11-07 04:17:01+00,4d106730-1088-4892-9045-ffeebc4d23bc,-6.97285,107.6471603,697.1,0,697,87,15.68627,29.80392,,26.97607,37,105,,,,25.96084,32,113,,,
63,2025-11-07 04:17:06+00,4d106730-1088-4892-9045-ffeebc4d23bc,-6.972850667,107.6471582,696.8,0,696,87,15.68627,29.41176,,26.97607,37,105,,,,25.96084,32,113,,,
64,2025-11-07 04:17:11+00,4d106730-1088-4892-9045-ffeebc4d23bc,-6.972851167,107.6471562,696.4,0,703,87,15.68627,29.41176,,26.97607,37,105,,,,25.96084,32,113,,,
65,2025-11-07 04:17:16+00,4d106730-1088-4892-9045-ffeebc4d23bc,-6.972852167,107.6471545,696.2,0,712,87,15.68627,28.62745,,26.97607,37,105,,,,25.96084,32,113,,,
66,2025-11-07 04:17:21+00,4d106730-1088-4892-9045-ffeebc4d23bc,-6.972856833,107.6471525,696.5,0,691,88,15.68627,29.01961,,26.97607,37,105,,,,25.96084,32,113,,,
67,2025-11-07 04:17:27+00,4d106730-1088-4892-9045-ffeebc4d23bc,-6.972860333,107.6471505,696.7,0,703,88,15.68627,29.01961,,26.97607,37,105,,,,25.96084,32,113,,,
68,2025-11-07 04:17:32+00,4d106730-1088-4892-9045-ffeebc4d23bc,-6.972862333,107.6471487,697.2,0,697,88,15.68627,29.41176,,26.97607,37,105,26.39594,37,101,25.96084,32,113,,,
69,2025-11-07 04:17:37+00,4d106730-1088-4892-9045-ffeebc4d23bc,-6.9728625,107.6471475,697.6,0,700,88,15.29412,28.62745,,26.97607,37,105,26.39594,37,101,25.96084,32,113,,,
70,2025-11-07 04:17:41+00,4d106730-1088-4892-9045-ffeebc4d23bc,-6.972864833,107.6471453,698.4,0,707,88,15.29412,28.62745,,26.97607,37,105,26.39594,37,101,25.96084,32,113,,,
71,2025-11-07 04:17:47+00,4d106730-1088-4892-9045-ffeebc4d23bc,-6.9728665,107.647146,698.5,0,703,88,15.68627,29.41176,,26.97607,37,105,26.39594,37,101,25.96084,32,113,,,
72,2025-11-07 04:17:51+00,4d106730-1088-4892-9045-ffeebc4d23bc,-6.972868333,107.6471482,697.1,0,707,88,15.68627,29.01961,,26.97607,37,105,26.39594,37,101,25.96084,32,113,,,
73,2025-11-07 04:17:57+00,4d106730-1088-4892-9045-ffeebc4d23bc,-6.972867833,107.6471503,696,0,702,90,15.68627,29.01961,,,,,26.39594,37,101,25.96084,32,113,,,
74,2025-11-07 04:18:02+00,4d106730-1088-4892-9045-ffeebc4d23bc,-6.972867,107.6471517,695,0,700,90,15.68627,29.41176,,,,,26.39594,37,101,25.96084,32,113,,,
75,2025-11-07 04:18:07+00,4d106730-1088-4892-9045-ffeebc4d23bc,-6.972866,107.647153,694.2,0,703,90,15.29412,29.01961,,,,,26.39594,37,101,,,,,,
76,2025-11-07 04:18:12+00,4d106730-1088-4892-9045-ffeebc4d23bc,-6.972865833,107.6471528,693.7,0,702,90,15.29412,29.01961,,,,,26.39594,37,101,,,,,,
77,2025-11-07 04:18:17+00,4d106730-1088-4892-9045-ffeebc4d23bc,-6.972865,107.6471515,693.2,0,702,90,15.29412,29.01961,,,,,26.39594,37,101,,,,,,
78,2025-11-07 04:18:22+00,4d106730-1088-4892-9045-ffeebc4d23bc,-6.972865333,107.647152,692.9,0,708,90,15.29412,29.01961,,,,,26.39594,37,101,,,,,,
79,2025-11-07 04:18:32+00,4d106730-1088-4892-9045-ffeebc4d23bc,-6.972867667,107.6471503,693.2,0,704,91,15.29412,29.01961,,,,,26.54097,36,101,25.96084,32,113,,,
80,2025-11-07 04:18:27+00,4d106730-1088-4892-9045-ffeebc4d23bc,-6.972867333,107.6471522,692.5,0,705,90,15.68627,29.01961,,,,,26.39594,37,101,25.96084,32,113,,,
81,2025-11-07 04:18:37+00,4d106730-1088-4892-9045-ffeebc4d23bc,-6.972869,107.6471488,693.7,0,704,91,15.29412,29.01961,,,,,26.54097,36,101,25.96084,32,113,,,
82,2025-11-07 04:18:42+00,4d106730-1088-4892-9045-ffeebc4d23bc,-6.972870667,107.6471468,693.5,0,705,91,15.68627,28.62745,,,,,26.54097,36,101,25.96084,32,113,,,
83,2025-11-07 04:18:47+00,4d106730-1088-4892-9045-ffeebc4d23bc,-6.972871333,107.6471453,693.6,0,702,91,15.68627,28.62745,,,,,26.54097,36,101,25.96084,32,113,,,
84,2025-11-07 04:18:52+00,4d106730-1088-4892-9045-ffeebc4d23bc,-6.972871333,107.6471437,693.8,0,718,91,15.68627,27.84314,,,,,26.54097,36,101,25.96084,32,113,,,
85,2025-11-07 04:18:57+00,4d106730-1088-4892-9045-ffeebc4d23bc,-6.972870833,107.6471427,694.2,0,703,91,15.29412,28.62745,,,,,26.54097,36,101,25.96084,32,113,,,
86,2025-11-07 04:19:02+00,4d106730-1088-4892-9045-ffeebc4d23bc,-6.972870333,107.6471415,694.5,0,698,91,15.68627,29.01961,,,,,26.54097,36,101,25.96084,32,113,,,
87,2025-11-07 04:19:07+00,4d106730-1088-4892-9045-ffeebc4d23bc,-6.9728695,107.6471422,695.1,0,698,91,15.68627,29.01961,,,,,26.54097,36,101,25.96084,32,113,25.96084,34,109
88,2025-11-07 04:19:12+00,4d106730-1088-4892-9045-ffeebc4d23bc,-6.9728685,107.6471428,695.3,0,695,91,15.68627,29.01961,,,,,26.54097,36,101,25.96084,32,113,25.96084,33,109
89,2025-11-07 04:19:17+00,4d106730-1088-4892-9045-ffeebc4d23bc,-6.972866667,107.647144,695.4,0,697,91,15.29412,28.62745,,,,,26.54097,36,101,25.96084,32,113,25.96084,33,109
90,2025-11-07 04:19:22+00,4d106730-1088-4892-9045-ffeebc4d23bc,-6.972865167,107.647146,695.3,0,696,91,15.29412,28.62745,,,,,26.54097,36,101,25.96084,32,113,25.96084,33,109
91,2025-11-07 04:19:27+00,4d106730-1088-4892-9045-ffeebc4d23bc,-6.972863833,107.6471468,695.3,0,715,91,15.68627,28.23529,,,,,26.54097,36,101,25.96084,32,113,25.96084,33,109
92,2025-11-07 04:19:32+00,4d106730-1088-4892-9045-ffeebc4d23bc,-6.972861833,107.647147,695.2,0,702,91,15.68627,28.62745,,,,,26.83104,35,101,25.96084,32,113,25.96084,33,109
93,2025-11-07 04:19:37+00,4d106730-1088-4892-9045-ffeebc4d23bc,-6.972861,107.6471453,694.9,0,703,92,15.29412,28.23529,,,,,26.83104,35,101,25.96084,32,113,25.96084,33,109
94,2025-11-07 04:19:42+00,4d106730-1088-4892-9045-ffeebc4d23bc,-6.972860167,107.6471425,694.6,0,703,91,15.29412,29.01961,,,,,26.83104,35,101,25.96084,32,113,25.96084,33,109
95,2025-11-07 04:20:41+00,4d106730-1088-4892-9045-ffeebc4d23bc,-6.972862833,107.647139,695.6,1,873,91,17.64706,56.07843,,,,,,,,,,,,,
96,2025-11-07 04:20:46+00,4d106730-1088-4892-9045-ffeebc4d23bc,-6.972857333,107.6471172,695,3,967,90,18.82353,48.62745,,,,,,,,,,,,,
97,2025-11-07 04:20:51+00,4d106730-1088-4892-9045-ffeebc4d23bc,-6.972841667,107.6470605,694.6,4,623,90,16.86275,50.19608,,,,,,,,,,,,,
98,2025-11-07 04:20:56+00,4d106730-1088-4892-9045-ffeebc4d23bc,-6.9728255,107.6470003,694.2,7,1111,88,18.43137,46.66667,,,,,,,,,,,,,
99,2025-11-07 04:21:01+00,4d106730-1088-4892-9045-ffeebc4d23bc,-6.972797333,107.6469017,694.7,9,1297,87,18.43137,38.43137,,,,,,,,,,,,,
100,2025-11-07 04:21:06+00,4d106730-1088-4892-9045-ffeebc4d23bc,-6.972770167,107.646792,695,9,1314,87,16.86275,29.41176,,,,,,,,,,,,,
101,2025-11-07 04:21:11+00,4d106730-1088-4892-9045-ffeebc4d23bc,-6.972765833,107.6467097,694.7,7,1078,87,18.03922,43.13726,,,,,,,,,,,,,
102,2025-11-07 04:21:16+00,4d106730-1088-4892-9045-ffeebc4d23bc,-6.972818667,107.6466415,694.5,5,828,86,17.64706,53.33333,,,,,,,,,,,,,
103,2025-11-07 04:21:21+00,4d106730-1088-4892-9045-ffeebc4d23bc,-6.97289,107.646596,694.5,6,897,86,17.64706,44.31372,,,,,,,,,,,,,
104,2025-11-07 04:21:26+00,4d106730-1088-4892-9045-ffeebc4d23bc,-6.972959167,107.6465798,694.5,7,1090,85,18.03922,48.62745,,,,,,,,,,,,,
105,2025-11-07 04:21:31+00,4d106730-1088-4892-9045-ffeebc4d23bc,-6.973071333,107.646569,694.1,11,1624,85,19.21569,39.21569,,,,,,,,,,,,,
106,2025-11-07 04:21:36+00,4d106730-1088-4892-9045-ffeebc4d23bc,-6.9732195,107.6465578,693.1,11,1619,85,17.2549,28.23529,,,,,,,,,,,,,
107,2025-11-07 04:21:41+00,4d106730-1088-4892-9045-ffeebc4d23bc,-6.973314667,107.6465155,692,9,1435,85,19.21569,44.31372,,,,,,,,,,,,,
108,2025-11-07 04:21:46+00,4d106730-1088-4892-9045-ffeebc4d23bc,-6.973317,107.6463735,693.1,14,2067,85,20.39216,41.17647,,,,,,,,,,,,,
109,2025-11-07 04:21:51+00,4d106730-1088-4892-9045-ffeebc4d23bc,-6.973293667,107.6462192,692.8,7,1121,84,16.86275,25.88235,,,,,,,,,,,,,
110,2025-11-07 04:21:56+00,4d106730-1088-4892-9045-ffeebc4d23bc,-6.973281,107.6461258,692.7,5,745,84,16.86275,40,,,,,,,,,,,,,
111,2025-11-07 04:22:01+00,4d106730-1088-4892-9045-ffeebc4d23bc,-6.97327,107.6460473,692.1,9,1458,84,20,50.58823,,,,,,,,,,,,,
112,2025-11-07 04:22:06+00,4d106730-1088-4892-9045-ffeebc4d23bc,-6.973251167,107.6458895,692.7,12,1717,85,17.64706,23.52941,,,,,,,,,,,,,
113,2025-11-07 04:22:11+00,4d106730-1088-4892-9045-ffeebc4d23bc,-6.973242833,107.6457732,692.5,8,1245,85,16.86275,25.88235,,,,,,,,,,,,,
114,2025-11-07 04:22:16+00,4d106730-1088-4892-9045-ffeebc4d23bc,-6.973300833,107.6457072,692.8,5,757,85,16.86275,37.64706,,,,,,,,,,,,,
115,2025-11-07 04:22:21+00,4d106730-1088-4892-9045-ffeebc4d23bc,-6.9733775,107.6456888,692.2,9,1399,85,19.21569,42.7451,,,,,,,,,,,,,
116,2025-11-07 04:22:26+00,4d106730-1088-4892-9045-ffeebc4d23bc,-6.973517333,107.6456657,692.2,13,1967,85,20,40,,,,,,,,,,,,,
117,2025-11-07 04:22:31+00,4d106730-1088-4892-9045-ffeebc4d23bc,-6.973689833,107.6456428,692.1,9,1373,85,15.68627,18.43137,,,,,,,,,,,,,
118,2025-11-07 04:22:36+00,4d106730-1088-4892-9045-ffeebc4d23bc,-6.9737795,107.6456282,692.7,5,776,85,18.82353,57.64706,,,,,,,,,,,,,
119,2025-11-07 04:22:41+00,4d106730-1088-4892-9045-ffeebc4d23bc,-6.973884667,107.6456098,693,11,1658,85,19.21569,38.82353,,,,,,,,,,,,,
120,2025-11-07 04:22:46+00,4d106730-1088-4892-9045-ffeebc4d23bc,-6.9740345,107.645583,693.1,12,1790,85,17.64706,24.31373,,,,,,,,,,,,,
121,2025-11-07 04:22:51+00,4d106730-1088-4892-9045-ffeebc4d23bc,-6.974185,107.6455782,693,12,1725,85,18.82353,32.94118,,,,,,,,,,,,,
122,2025-11-07 04:22:56+00,4d106730-1088-4892-9045-ffeebc4d23bc,-6.974298333,107.6456065,693.4,7,1058,85,17.64706,38.03922,,,,,,,,,,,,,
123,2025-11-07 04:23:01+00,4d106730-1088-4892-9045-ffeebc4d23bc,-6.974347,107.6455398,693.4,7,1136,85,18.03922,40,,,,,,,,,,,,,
124,2025-11-07 04:23:06+00,4d106730-1088-4892-9045-ffeebc4d23bc,-6.974305333,107.6454605,692.6,5,912,85,16.47059,34.11765,,,,,,,,,,,,,
125,2025-11-07 04:23:11+00,4d106730-1088-4892-9045-ffeebc4d23bc,-6.974284167,107.6453835,692.4,6,881,85,18.03922,45.4902,,,,,,,,,,,,,
126,2025-11-07 04:23:16+00,4d106730-1088-4892-9045-ffeebc4d23bc,-6.974268667,107.6452748,692.6,14,2123,85,21.56863,48.23529,,,,,,,,,,,,,
127,2025-11-07 04:23:21+00,4d106730-1088-4892-9045-ffeebc4d23bc,-6.974235,107.6450818,691.7,11,1603,85,16.07843,18.03922,,,,,,,,,,,,,
128,2025-11-07 04:23:26+00,4d106730-1088-4892-9045-ffeebc4d23bc,-6.974218167,107.6449837,691.3,7,1141,85,18.82353,45.88235,,,,,,,,,,,,,
129,2025-11-07 04:23:31+00,4d106730-1088-4892-9045-ffeebc4d23bc,-6.974190667,107.6448395,691.1,18,2717,85,21.56863,41.56863,,,,,,,,,,,,,
130,2025-11-07 04:23:36+00,4d106730-1088-4892-9045-ffeebc4d23bc,-6.974156167,107.6446228,691.1,12,1746,85,16.07843,18.03922,,,,,,,,,,,,,
131,2025-11-07 04:23:41+00,4d106730-1088-4892-9045-ffeebc4d23bc,-6.974142,107.6445143,692.1,8,1228,85,19.21569,48.62745,,,,,,,,,,,,,
132,2025-11-07 04:23:46+00,4d106730-1088-4892-9045-ffeebc4d23bc,-6.974131,107.6443675,691.8,15,2236,86,19.21569,31.76471,,,,,,,,,,,,,
133,2025-11-07 04:23:51+00,4d106730-1088-4892-9045-ffeebc4d23bc,-6.974079833,107.6442008,691.6,7,1156,86,16.47059,33.33333,,,,,,,,,,,,,
134,2025-11-07 04:23:56+00,4d106730-1088-4892-9045-ffeebc4d23bc,-6.974064333,107.6441212,691.9,8,1241,86,18.82353,44.70588,,,,,,,,,,,,,
135,2025-11-07 04:24:01+00,4d106730-1088-4892-9045-ffeebc4d23bc,-6.974034333,107.643968,691.3,17,2493,86,20,31.37255,,,,,,,,,,,,,
136,2025-11-07 04:24:06+00,4d106730-1088-4892-9045-ffeebc4d23bc,-6.974004667,107.6438118,691.1,6,807,86,15.29412,24.70588,,,,,,,,,,,,,
137,2025-11-07 04:24:11+00,4d106730-1088-4892-9045-ffeebc4d23bc,-6.973984667,107.6437125,691.3,14,2167,86,21.56863,49.01961,,,,,,,,,,,,,
138,2025-11-07 04:24:16+00,4d106730-1088-4892-9045-ffeebc4d23bc,-6.973954167,107.6435115,692.8,18,2598,86,17.64706,18.03922,,,,,,,,,,,,,
139,2025-11-07 04:24:21+00,4d106730-1088-4892-9045-ffeebc4d23bc,-6.973927333,107.6433523,693.4,8,1162,87,15.68627,20.39216,,,,,,,,,,,,,
140,2025-11-07 04:24:26+00,4d106730-1088-4892-9045-ffeebc4d23bc,-6.973911167,107.6432657,693.5,9,1378,87,19.60784,49.80392,,,,,,,,,,,,,
141,2025-11-07 04:24:31+00,4d106730-1088-4892-9045-ffeebc4d23bc,-6.973939667,107.6431397,694.3,9,1334,87,18.43137,36.86274,,,,,,,,,,,,,
142,2025-11-07 04:24:36+00,4d106730-1088-4892-9045-ffeebc4d23bc,-6.974034333,107.6430702,694.2,11,1644,87,18.03922,26.66667,,,,,,,,,,,,,
143,2025-11-07 04:24:41+00,4d106730-1088-4892-9045-ffeebc4d23bc,-6.974189167,107.6430583,693.9,14,2088,87,17.64706,28.23529,,,,,,,,,,,,,
144,2025-11-07 04:24:46+00,4d106730-1088-4892-9045-ffeebc4d23bc,-6.974317833,107.643049,694,6,835,87,16.86275,31.37255,,,,,,,,,,,,,
145,2025-11-07 04:24:51+00,4d106730-1088-4892-9045-ffeebc4d23bc,-6.974430333,107.643036,694,16,2376,87,21.17647,46.66667,,,,,,,,,,,,,
146,2025-11-07 04:24:56+00,4d106730-1088-4892-9045-ffeebc4d23bc,-6.974648833,107.6430172,694.5,16,2304,87,17.64706,19.21569,,,,,,,,,,,,,
147,2025-11-07 04:25:01+00,4d106730-1088-4892-9045-ffeebc4d23bc,-6.9748295,107.643007,694.8,12,982,88,17.2549,30.19608,,,,,,,,,,,,,
148,2025-11-07 04:25:06+00,4d106730-1088-4892-9045-ffeebc4d23bc,-6.974995167,107.6429952,694,11,903,88,16.86275,31.37255,,,,,,,,,,,,,
149,2025-11-07 04:25:11+00,4d106730-1088-4892-9045-ffeebc4d23bc,-6.975122,107.6429878,693.4,9,723,88,17.2549,49.80392,,,,,,,,,,,,,
150,2025-11-07 04:25:16+00,4d106730-1088-4892-9045-ffeebc4d23bc,-6.975246667,107.6429767,692.8,10,780,88,17.2549,43.52941,,,,,,,,,,,,,
151,2025-11-07 04:25:21+00,4d106730-1088-4892-9045-ffeebc4d23bc,-6.975343,107.6429965,692.2,9,750,88,20.39216,86.66666,,,,,,,,,,,,,
152,2025-11-07 04:25:42+00,4d106730-1088-4892-9045-ffeebc4d23bc,-6.9753725,107.6430065,690.1,9,627,88,20.78431,99.21568,,,,,,,,,,,,,
153,2025-11-07 04:25:47+00,4d106730-1088-4892-9045-ffeebc4d23bc,-6.975385,107.6430738,689.5,17,862,88,18.43137,61.56863,,,,,,,,,,,,,
154,2025-11-07 04:25:52+00,4d106730-1088-4892-9045-ffeebc4d23bc,-6.975402333,107.6432705,689.3,15,794,90,18.43137,63.92157,,,,,,,,,,,,,
155,2025-11-07 04:25:57+00,4d106730-1088-4892-9045-ffeebc4d23bc,-6.975415333,107.643458,688.9,16,870,90,18.03922,52.54902,,,,,,,,,,,,,
156,2025-11-07 04:26:02+00,4d106730-1088-4892-9045-ffeebc4d23bc,-6.975431333,107.6436685,688.5,17,893,90,18.43137,54.90196,,,,,,,,,,,,,
157,2025-11-07 04:26:07+00,4d106730-1088-4892-9045-ffeebc4d23bc,-6.975451,107.6438853,688.4,17,912,88,17.64706,41.56863,,,,,,,,,,,,,
158,2025-11-07 04:26:12+00,4d106730-1088-4892-9045-ffeebc4d23bc,-6.975473667,107.6441133,687.7,16,857,88,17.2549,43.13726,,,,,,,,,,,,,
159,2025-11-07 04:26:17+00,4d106730-1088-4892-9045-ffeebc4d23bc,-6.975492833,107.6443258,686.7,15,794,88,17.2549,45.09804,,,,,,,,,,,,,
160,2025-11-07 04:26:22+00,4d106730-1088-4892-9045-ffeebc4d23bc,-6.9755155,107.6445267,685.9,17,907,88,19.60784,66.66666,,,,,,,,,,,,,
161,2025-11-07 04:26:27+00,4d106730-1088-4892-9045-ffeebc4d23bc,-6.9755385,107.644733,685.3,18,971,87,16.86275,31.76471,,,,,,,,,,,,,
162,2025-11-07 04:26:32+00,4d106730-1088-4892-9045-ffeebc4d23bc,-6.975555,107.645183,674.6,16,819,87,16.86275,36.86274,,,,,,,,,,,,,
163,2025-11-07 04:26:38+00,4d106730-1088-4892-9045-ffeebc4d23bc,-6.975586667,107.645302,676.8,14,752,86,19.60784,67.45098,,,,,,,,,,,,,
164,2025-11-07 04:26:42+00,4d106730-1088-4892-9045-ffeebc4d23bc,-6.975626167,107.6454195,684.7,21,1082,86,20,61.56863,,,,,,,,,,,,,
165,2025-11-07 04:26:48+00,4d106730-1088-4892-9045-ffeebc4d23bc,-6.975665,107.6457093,687.1,25,1304,87,17.64706,38.82353,,,,,,,,,,,,,
166,2025-11-07 04:26:52+00,4d106730-1088-4892-9045-ffeebc4d23bc,-6.975683333,107.6459518,687.1,20,1046,87,15.68627,20.39216,,,,,,,,,,,,,
167,2025-11-07 04:26:58+00,4d106730-1088-4892-9045-ffeebc4d23bc,-6.975693,107.646262,685.6,19,976,86,18.82353,56.86274,,,,,,,,,,,,,
168,2025-11-07 04:27:02+00,4d106730-1088-4892-9045-ffeebc4d23bc,-6.975711833,107.6464413,684.8,15,792,86,16.86275,38.82353,,,,,,,,,,,,,
169,2025-11-07 04:27:08+00,4d106730-1088-4892-9045-ffeebc4d23bc,-6.975734167,107.6466823,685.2,15,743,86,18.82353,66.66666,,,,,,,,,,,,,
170,2025-11-07 04:27:13+00,4d106730-1088-4892-9045-ffeebc4d23bc,-6.975763333,107.6468585,686.7,15,788,87,16.86275,38.82353,,,,,,,,,,,,,
171,2025-11-07 04:27:18+00,4d106730-1088-4892-9045-ffeebc4d23bc,-6.975787667,107.6470527,684.3,8,1028,87,18.03922,47.05882,,,,,,,,,,,,,
172,2025-11-07 04:27:28+00,4d106730-1088-4892-9045-ffeebc4d23bc,-6.975799,107.6471527,684.5,1,0,87,20.39216,0,,,,,,,,,,,,,
173,2025-11-07 04:27:48+00,4d106730-1088-4892-9045-ffeebc4d23bc,-6.975804,107.6471848,689.4,4,1282,86,30.19608,93.33334,,,,,,,,,,,,,
174,2025-11-07 04:27:53+00,4d106730-1088-4892-9045-ffeebc4d23bc,-6.97581,107.6472428,690.9,15,753,87,18.03922,63.52941,,,,,,,,,,,,,
175,2025-11-07 04:27:58+00,4d106730-1088-4892-9045-ffeebc4d23bc,-6.975843333,107.6473963,696.5,7,1014,87,17.64706,41.17647,,,,,,,,,,,,,
176,2025-11-07 04:28:03+00,4d106730-1088-4892-9045-ffeebc4d23bc,-6.975853833,107.6475195,700.4,5,973,87,17.64706,41.56863,,,,,,,,,,,,,
177,2025-11-07 04:28:08+00,4d106730-1088-4892-9045-ffeebc4d23bc,-6.975876167,107.6476002,706.8,4,1442,86,24.31373,80,,,,,,,,,,,,,
178,2025-11-07 04:28:13+00,4d106730-1088-4892-9045-ffeebc4d23bc,-6.9758975,107.6476507,709.6,12,666,86,20.78431,90.98039,,,,,,,,,,,,,
179,2025-11-07 04:28:18+00,4d106730-1088-4892-9045-ffeebc4d23bc,-6.975898833,107.6477845,709.5,14,772,86,17.64706,52.94118,,,,,,,,,,,,,
180,2025-11-07 04:28:23+00,4d106730-1088-4892-9045-ffeebc4d23bc,-6.975923333,107.6479458,700.7,12,1012,86,17.2549,38.43137,,,,,,,,,,,,,
181,2025-11-07 04:28:38+00,4d106730-1088-4892-9045-ffeebc4d23bc,-6.975934167,107.6480607,690.3,1,1786,86,21.56863,55.29412,,,,,,,,,,,,,
182,2025-11-07 04:28:43+00,4d106730-1088-4892-9045-ffeebc4d23bc,-6.975932833,107.6480847,691,10,1421,86,21.56863,66.27451,,,,,,,,,,,,,
183,2025-11-07 04:28:48+00,4d106730-1088-4892-9045-ffeebc4d23bc,-6.975948833,107.6481993,688.8,14,745,86,16.07843,30.58824,,,,,,,,,,,,,
184,2025-11-07 04:28:53+00,4d106730-1088-4892-9045-ffeebc4d23bc,-6.975983667,107.648351,689.2,13,716,87,17.2549,52.15686,,,,,,,,,,,,,
185,2025-11-07 04:28:58+00,4d106730-1088-4892-9045-ffeebc4d23bc,-6.9760065,107.6484995,689.4,13,673,87,17.2549,54.90196,,,,,,,,,,,,,
186,2025-11-07 04:29:03+00,4d106730-1088-4892-9045-ffeebc4d23bc,-6.9760325,107.6486722,687.8,9,571,87,20.78431,96.47059,,,,,,,,,,,,,
187,2025-11-07 04:29:08+00,4d106730-1088-4892-9045-ffeebc4d23bc,-6.976062333,107.6487973,683.8,18,929,87,17.64706,45.09804,,,,,,,,,,,,,
188,2025-11-07 04:29:13+00,4d106730-1088-4892-9045-ffeebc4d23bc,-6.976168667,107.648933,683.2,12,752,87,17.2549,47.45098,,,,,,,,,,,,,
189,2025-11-07 04:29:18+00,4d106730-1088-4892-9045-ffeebc4d23bc,-6.976285833,107.6490597,681.8,8,570,86,17.64706,61.96078,,,,,,,,,,,,,
190,2025-11-07 04:29:23+00,4d106730-1088-4892-9045-ffeebc4d23bc,-6.976355667,107.6491465,679.5,7,546,86,17.64706,45.88235,,,,,,,,,,,,,
191,2025-11-07 04:29:28+00,4d106730-1088-4892-9045-ffeebc4d23bc,-6.976418333,107.649226,678.5,10,872,86,18.03922,49.01961,,,,,,,,,,,,,
192,2025-11-07 04:29:33+00,4d106730-1088-4892-9045-ffeebc4d23bc,-6.976471667,107.6493493,677.6,12,990,86,17.64706,39.21569,,,,,,,,,,,,,
193,2025-11-07 04:29:38+00,4d106730-1088-4892-9045-ffeebc4d23bc,-6.976522,107.6494983,676.7,9,787,86,18.03922,60,,,,,,,,,,,,,
194,2025-11-07 04:29:43+00,4d106730-1088-4892-9045-ffeebc4d23bc,-6.976561333,107.6496302,676.3,15,801,86,20.39216,82.35294,,,,,,,,,,,,,
195,2025-11-07 04:29:48+00,4d106730-1088-4892-9045-ffeebc4d23bc,-6.976615833,107.64979,677.5,15,800,86,16.86275,41.96078,,,,,,,,,,,,,
196,2025-11-07 04:29:53+00,4d106730-1088-4892-9045-ffeebc4d23bc,-6.976689667,107.6499438,680.1,12,639,86,17.2549,55.29412,,,,,,,,,,,,,
197,2025-11-07 04:29:58+00,4d106730-1088-4892-9045-ffeebc4d23bc,-6.9768335,107.6499828,681.4,13,694,86,16.86275,48.62745,,,,,,,,,,,,,
198,2025-11-07 04:30:03+00,4d106730-1088-4892-9045-ffeebc4d23bc,-6.9769915,107.6499573,682.3,9,752,86,17.2549,43.92157,,,,,,,,,,,,,
199,2025-11-07 04:30:08+00,4d106730-1088-4892-9045-ffeebc4d23bc,-6.977127833,107.64998,683.1,10,1319,85,21.17647,67.45098,,,,,,,,,,,,,
200,2025-11-07 04:30:13+00,4d106730-1088-4892-9045-ffeebc4d23bc,-6.977191,107.6501107,682,18,949,86,18.82353,59.60784,,,,,,,,,,,,,
201,2025-11-07 04:30:18+00,4d106730-1088-4892-9045-ffeebc4d23bc,-6.9772485,107.6503267,679.9,18,939,86,17.2549,39.60784,,,,,,,,,,,,,
202,2025-11-07 04:30:23+00,4d106730-1088-4892-9045-ffeebc4d23bc,-6.977282833,107.6505578,678.6,17,866,86,18.03922,50.98039,,,,,,,,,,,,,
203,2025-11-07 04:30:28+00,4d106730-1088-4892-9045-ffeebc4d23bc,-6.977314833,107.6507615,677,14,709,86,17.2549,53.33333,,,,,,,,,,,,,
204,2025-11-07 04:30:33+00,4d106730-1088-4892-9045-ffeebc4d23bc,-6.977344833,107.6509273,675.1,8,615,86,17.2549,63.13726,,,,,,,,,,,,,
205,2025-11-07 04:30:38+00,4d106730-1088-4892-9045-ffeebc4d23bc,-6.977373833,107.6510332,674,4,713,87,17.2549,54.90196,,,,,,,,,,,,,
206,2025-11-07 04:30:43+00,4d106730-1088-4892-9045-ffeebc4d23bc,-6.977404667,107.651106,674.8,4,825,87,17.2549,47.05882,,,,,,,,,,,,,
207,2025-11-07 04:30:48+00,4d106730-1088-4892-9045-ffeebc4d23bc,-6.9774645,107.6511352,677.4,1,785,87,17.64706,56.07843,,,,,,,,,,,,,
208,2025-11-07 04:31:13+00,4d106730-1088-4892-9045-ffeebc4d23bc,-6.9775175,107.651178,681.2,1,780,86,18.03922,59.21569,,,,,,,,,,,,,
209,2025-11-07 04:31:21+00,4d106730-1088-4892-9045-ffeebc4d23bc,-6.977504,107.6511833,685.2,1,809,86,18.03922,56.47059,,,,,,,,,,,,,
210,2025-11-07 04:31:28+00,4d106730-1088-4892-9045-ffeebc4d23bc,-6.977504,107.6511908,686.8,2,1149,86,17.2549,35.68628,,,,,,,,,,,,,
211,2025-11-07 04:31:48+00,4d106730-1088-4892-9045-ffeebc4d23bc,-6.977479333,107.6511758,690.1,3,1152,86,18.43137,43.13726,,,,,,,,,,,,,
212,2025-11-07 04:31:58+00,4d106730-1088-4892-9045-ffeebc4d23bc,-6.977461,107.6511363,694.6,3,1064,87,18.82353,50.58823,,,,,,,,,,,,,
213,2025-11-07 04:32:03+00,4d106730-1088-4892-9045-ffeebc4d23bc,-6.977443667,107.6511038,694.1,12,1705,87,18.03922,27.05882,,,,,,,,,,,,,
214,2025-11-07 04:32:08+00,4d106730-1088-4892-9045-ffeebc4d23bc,-6.977402,107.6509938,692.4,14,2145,86,20.39216,38.82353,,,,,,,,,,,,,
215,2025-11-07 04:32:13+00,4d106730-1088-4892-9045-ffeebc4d23bc,-6.977368167,107.6508352,691.9,19,2773,86,20,26.27451,,,,,,,,,,,,,
216,2025-11-07 04:32:18+00,4d106730-1088-4892-9045-ffeebc4d23bc,-6.977327,107.6506065,692.5,20,2890,87,21.17647,35.68628,,,,,,,,,,,,,
217,2025-11-07 04:32:23+00,4d106730-1088-4892-9045-ffeebc4d23bc,-6.977285,107.6503692,692.1,19,2768,87,17.64706,18.82353,,,,,,,,,,,,,
218,2025-11-07 04:32:28+00,4d106730-1088-4892-9045-ffeebc4d23bc,-6.977232,107.6501455,692.7,12,815,88,17.64706,38.43137,,,,,,,,,,,,,
219,2025-11-07 04:32:33+00,4d106730-1088-4892-9045-ffeebc4d23bc,-6.977133833,107.6500668,690,9,832,88,17.2549,40,,,,,,,,,,,,,
220,2025-11-07 04:32:38+00,4d106730-1088-4892-9045-ffeebc4d23bc,-6.977013333,107.650079,687.3,5,884,90,17.2549,39.60784,,,,,,,,,,,,,
221,2025-11-07 04:32:43+00,4d106730-1088-4892-9045-ffeebc4d23bc,-6.976947667,107.6500893,685.6,5,770,90,17.2549,42.35294,,,,,,,,,,,,,
222,2025-11-07 04:32:48+00,4d106730-1088-4892-9045-ffeebc4d23bc,-6.9768875,107.6500987,684.5,9,1341,90,17.2549,35.68628,,,,,,,,,,,,,
223,2025-11-07 04:32:53+00,4d106730-1088-4892-9045-ffeebc4d23bc,-6.976809833,107.6501013,683.4,7,1031,88,17.2549,30.98039,,,,,,,,,,,,,
224,2025-11-07 04:32:58+00,4d106730-1088-4892-9045-ffeebc4d23bc,-6.976749833,107.6500535,682.5,3,554,90,17.2549,43.92157,,,,,,,,,,,,,
225,2025-11-07 04:33:03+00,4d106730-1088-4892-9045-ffeebc4d23bc,-6.976714167,107.6499843,681.3,12,1844,88,20.78431,46.27451,,,,,,,,,,,,,
226,2025-11-07 04:33:08+00,4d106730-1088-4892-9045-ffeebc4d23bc,-6.976655667,107.6498702,681.3,17,2524,90,20,29.80392,,,,,,,,,,,,,
227,2025-11-07 04:33:13+00,4d106730-1088-4892-9045-ffeebc4d23bc,-6.976599167,107.6496788,680.1,16,2328,90,18.82353,24.70588,,,,,,,,,,,,,
228,2025-11-07 04:33:18+00,4d106730-1088-4892-9045-ffeebc4d23bc,-6.9765155,107.6494878,679.6,9,1298,90,18.43137,35.68628,,,,,,,,,,,,,
229,2025-11-07 04:33:23+00,4d106730-1088-4892-9045-ffeebc4d23bc,-6.976443333,107.6493805,679.3,7,1078,91,19.21569,30.58824,,,,,,,,,,,,,
230,2025-11-07 04:33:28+00,4d106730-1088-4892-9045-ffeebc4d23bc,-6.976380667,107.6492932,678.6,14,2111,91,16.86275,17.2549,,,,,,,,,,,,,
231,2025-11-07 04:33:33+00,4d106730-1088-4892-9045-ffeebc4d23bc,-6.976279667,107.6491588,678.5,12,1810,91,20.39216,46.66667,,,,,,,,,,,,,
232,2025-11-07 04:33:38+00,4d106730-1088-4892-9045-ffeebc4d23bc,-6.976184333,107.6490613,679.6,16,2348,91,17.64706,40,,,,,,,,,,,,,
233,2025-11-07 04:33:43+00,4d106730-1088-4892-9045-ffeebc4d23bc,-6.976124167,107.6489162,679.8,17,2559,91,18.43137,25.4902,,,,,,,,,,,,,
234,2025-11-07 04:33:48+00,4d106730-1088-4892-9045-ffeebc4d23bc,-6.976070833,107.6487068,679.6,15,2139,91,18.03922,25.09804,,,,,,,,,,,,,
235,2025-11-07 04:33:53+00,4d106730-1088-4892-9045-ffeebc4d23bc,-6.976048333,107.6485522,677.9,5,828,91,18.82353,49.41177,,,,,,,,,,,,,
236,2025-11-07 04:33:58+00,4d106730-1088-4892-9045-ffeebc4d23bc,-6.976007333,107.6484745,675.7,13,1943,92,18.82353,30.58824,,,,,,,,,,,,,
237,2025-11-07 04:34:03+00,4d106730-1088-4892-9045-ffeebc4d23bc,-6.975978833,107.6483368,675.4,15,2248,91,20.78431,37.64706,,,,,,,,,,,,,
238,2025-11-07 04:34:08+00,4d106730-1088-4892-9045-ffeebc4d23bc,-6.975935,107.648191,677.6,14,2049,92,16.47059,17.2549,,,,,,,,,,,,,
239,2025-11-07 04:34:16+00,4d106730-1088-4892-9045-ffeebc4d23bc,-6.975891,107.647958,680.3,6,937,92,18.43137,36.07843,,,,,,,,,,,,,
240,2025-11-07 04:34:21+00,4d106730-1088-4892-9045-ffeebc4d23bc,-6.975879,107.6478277,681.8,8,1172,92,17.2549,28.23529,,,,,,,,,,,,,
241,2025-11-07 04:34:26+00,4d106730-1088-4892-9045-ffeebc4d23bc,-6.9758635,107.6477107,683.3,11,1695,92,19.21569,47.45098,,,,,,,,,,,,,
242,2025-11-07 04:34:31+00,4d106730-1088-4892-9045-ffeebc4d23bc,-6.975836,107.6475067,685.1,14,1951,92,16.47059,18.03922,,,,,,,,,,,,,
243,2025-11-07 04:34:33+00,4d106730-1088-4892-9045-ffeebc4d23bc,-6.9758235,107.6474437,685.3,15,2254,92,21.56863,46.27451,,,,,,,,,,,,,
244,2025-11-07 04:34:38+00,4d106730-1088-4892-9045-ffeebc4d23bc,-6.9757935,107.6472728,684.8,15,2189,92,19.21569,28.23529,,,,,,,,,,,,,
245,2025-11-07 04:34:43+00,4d106730-1088-4892-9045-ffeebc4d23bc,-6.975765667,107.6470478,685.5,11,1532,92,16.86275,20.39216,,,,,,,,,,,,,
246,2025-11-07 04:34:48+00,4d106730-1088-4892-9045-ffeebc4d23bc,-6.975728167,107.6468705,685.6,17,2548,92,21.96078,43.92157,,,,,,,,,,,,,
247,2025-11-07 04:34:56+00,4d106730-1088-4892-9045-ffeebc4d23bc,-6.975678,107.6464967,684.6,21,3092,94,20.78431,31.37255,,,,,,,,,,,,,
248,2025-11-07 04:34:58+00,4d106730-1088-4892-9045-ffeebc4d23bc,-6.97566,107.6463872,684.1,24,3556,94,20.78431,27.45098,,,,,,,,,,,,,
249,2025-11-07 04:35:06+00,4d106730-1088-4892-9045-ffeebc4d23bc,-6.975606833,107.64589,683.4,22,3180,94,18.03922,18.82353,,,,,,,,,,,,,
250,2025-11-07 04:35:08+00,4d106730-1088-4892-9045-ffeebc4d23bc,-6.975597333,107.6457848,683.6,16,2290,95,16.86275,17.64706,,,,,,,,,,,,,
251,2025-11-07 04:35:13+00,4d106730-1088-4892-9045-ffeebc4d23bc,-6.975572833,107.6455878,684.4,7,981,95,15.29412,19.60784,,,,,,,,,,,,,
252,2025-11-07 04:35:18+00,4d106730-1088-4892-9045-ffeebc4d23bc,-6.975567167,107.6454738,684.6,14,2094,95,21.56863,49.41177,,,,,,,,,,,,,
253,2025-11-07 04:35:23+00,4d106730-1088-4892-9045-ffeebc4d23bc,-6.975545833,107.6453212,684.3,19,2803,95,20.39216,31.37255,,,,,,,,,,,,,
254,2025-11-07 04:35:28+00,4d106730-1088-4892-9045-ffeebc4d23bc,-6.975524333,107.6450737,685.7,23,3342,95,21.17647,32.15686,,,,,,,,,,,,,
255,2025-11-07 04:35:33+00,4d106730-1088-4892-9045-ffeebc4d23bc,-6.975495,107.6447782,685,21,3110,95,21.56863,36.86274,,,,,,,,,,,,,
256,2025-11-07 04:35:38+00,4d106730-1088-4892-9045-ffeebc4d23bc,-6.975468667,107.64448,685.5,22,3196,96,20.39216,27.45098,,,,,,,,,,,,,
257,2025-11-07 04:35:43+00,4d106730-1088-4892-9045-ffeebc4d23bc,-6.975448,107.6441963,686.7,22,3205,95,20.39216,27.84314,,,,,,,,,,,,,
258,2025-11-07 04:35:48+00,4d106730-1088-4892-9045-ffeebc4d23bc,-6.975418167,107.6439098,688,23,3401,94,21.56863,36.07843,,,,,,,,,,,,,
259,2025-11-07 04:35:56+00,4d106730-1088-4892-9045-ffeebc4d23bc,-6.975387667,107.6434275,692.8,23,3404,94,20,26.27451,,,,,,,,,,,,,
260,2025-11-07 04:35:58+00,4d106730-1088-4892-9045-ffeebc4d23bc,-6.9753775,107.6433143,693.5,13,1948,92,18.03922,23.52941,,,,,,,,,,,,,
261,2025-11-07 04:36:06+00,4d106730-1088-4892-9045-ffeebc4d23bc,-6.975357667,107.6430255,694,7,1110,92,18.03922,33.33333,,,,,,,,,,,,,
262,2025-11-07 04:36:08+00,4d106730-1088-4892-9045-ffeebc4d23bc,-6.975340667,107.6429893,694.5,8,1340,92,17.64706,32.94118,,,,,,,,,,,,,
263,2025-11-07 04:36:13+00,4d106730-1088-4892-9045-ffeebc4d23bc,-6.975264,107.6429357,694.8,14,2078,92,16.86275,17.64706,,,,,,,,,,,,,
264,2025-11-07 04:36:18+00,4d106730-1088-4892-9045-ffeebc4d23bc,-6.975106,107.6429365,694.2,9,1367,92,17.2549,28.23529,,,,,,,,,,,,,
265,2025-11-07 04:36:23+00,4d106730-1088-4892-9045-ffeebc4d23bc,-6.974980167,107.6429332,692.9,10,1589,94,21.17647,59.21569,,,,,,,,,,,,,
266,2025-11-07 04:36:28+00,4d106730-1088-4892-9045-ffeebc4d23bc,-6.974869333,107.64294,690.5,21,3100,94,21.56863,38.03922,,,,,,,,,,,,,
267,2025-11-07 04:36:33+00,4d106730-1088-4892-9045-ffeebc4d23bc,-6.974626333,107.6429377,688.9,16,2277,94,17.64706,20,,,,,,,,,,,,,
268,2025-11-07 04:36:41+00,4d106730-1088-4892-9045-ffeebc4d23bc,-6.974348833,107.6429455,688.7,7,1043,94,16.86275,30.58824,,,,,,,,,,,,,
269,2025-11-07 04:36:46+00,4d106730-1088-4892-9045-ffeebc4d23bc,-6.9742615,107.6429447,688.3,8,1224,95,16.47059,22.7451,,,,,,,,,,,,,
270,2025-11-07 04:36:51+00,4d106730-1088-4892-9045-ffeebc4d23bc,-6.974161667,107.6429482,686.7,9,1349,95,19.60784,47.84314,,,,,,,,,,,,,
271,2025-11-07 04:36:53+00,4d106730-1088-4892-9045-ffeebc4d23bc,-6.974115,107.6429498,686.6,10,1559,95,19.21569,43.52941,,,,,,,,,,,,,
272,2025-11-07 04:36:58+00,4d106730-1088-4892-9045-ffeebc4d23bc,-6.973995333,107.6429453,684.8,13,1893,95,18.43137,28.62745,,,,,,,,,,,,,
273,2025-11-07 04:37:03+00,4d106730-1088-4892-9045-ffeebc4d23bc,-6.973844333,107.6429222,683,12,1706,94,19.60784,28.62745,,,,,,,,,,,,,
274,2025-11-07 04:37:08+00,4d106730-1088-4892-9045-ffeebc4d23bc,-6.9737245,107.6430052,685.1,12,1855,95,19.60784,38.43137,,,,,,,,,,,,,
275,2025-11-07 04:37:13+00,4d106730-1088-4892-9045-ffeebc4d23bc,-6.973793333,107.6431368,685,11,1664,95,16.07843,18.43137,,,,,,,,,,,,,
276,2025-11-07 04:37:18+00,4d106730-1088-4892-9045-ffeebc4d23bc,-6.973842833,107.6432632,683.6,5,846,95,18.03922,50.98039,,,,,,,,,,,,,
277,2025-11-07 04:37:26+00,4d106730-1088-4892-9045-ffeebc4d23bc,-6.973877,107.6434092,681.5,15,2290,95,21.56863,47.45098,,,,,,,,,,,,,
278,2025-11-07 04:37:28+00,4d106730-1088-4892-9045-ffeebc4d23bc,-6.973895833,107.6434888,681.3,17,2511,95,17.2549,18.43137,,,,,,,,,,,,,
279,2025-11-07 04:37:33+00,4d106730-1088-4892-9045-ffeebc4d23bc,-6.973942833,107.6437005,682.2,7,943,95,17.2549,27.45098,,,,,,,,,,,,,
280,2025-11-07 04:37:38+00,4d106730-1088-4892-9045-ffeebc4d23bc,-6.973970333,107.6438143,685.5,17,2492,95,18.03922,25.88235,,,,,,,,,,,,,
281,2025-11-07 04:37:43+00,4d106730-1088-4892-9045-ffeebc4d23bc,-6.974007333,107.6439858,686.5,10,1453,96,16.07843,19.21569,,,,,,,,,,,,,
282,2025-11-07 04:37:48+00,4d106730-1088-4892-9045-ffeebc4d23bc,-6.974022667,107.6440983,686.5,12,1889,95,20.78431,39.21569,,,,,,,,,,,,,
283,2025-11-07 04:37:53+00,4d106730-1088-4892-9045-ffeebc4d23bc,-6.974031,107.6442303,686.6,16,2378,95,20.39216,34.90196,,,,,,,,,,,,,
284,2025-11-07 04:37:58+00,4d106730-1088-4892-9045-ffeebc4d23bc,-6.974069167,107.6444337,691.3,6,877,94,16.07843,26.66667,,,,,,,,,,,,,
285,2025-11-07 04:38:03+00,4d106730-1088-4892-9045-ffeebc4d23bc,-6.9740895,107.6445417,695.1,13,1954,94,21.56863,45.4902,,,,,,,,,,,,,
286,2025-11-07 04:38:08+00,4d106730-1088-4892-9045-ffeebc4d23bc,-6.974111333,107.6446692,696.1,14,1963,94,17.64706,23.13725,,,,,,,,,,,,,
287,2025-11-07 04:38:13+00,4d106730-1088-4892-9045-ffeebc4d23bc,-6.974151,107.644845,695.3,4,672,92,18.03922,44.31372,,,,,,,,,,,,,
288,2025-11-07 04:38:18+00,4d106730-1088-4892-9045-ffeebc4d23bc,-6.974168167,107.6449017,693,14,2153,92,21.56863,43.92157,,,,,,,,,,,,,
289,2025-11-07 04:38:23+00,4d106730-1088-4892-9045-ffeebc4d23bc,-6.974189833,107.6450452,691,11,1683,92,19.21569,36.07843,,,,,,,,,,,,,
290,2025-11-07 04:38:28+00,4d106730-1088-4892-9045-ffeebc4d23bc,-6.97421,107.6451953,687.5,10,1422,92,17.2549,25.88235,,,,,,,,,,,,,
291,2025-11-07 04:38:33+00,4d106730-1088-4892-9045-ffeebc4d23bc,-6.974238333,107.6453245,687.7,8,1245,92,18.82353,32.54902,,,,,,,,,,,,,
292,2025-11-07 04:38:38+00,4d106730-1088-4892-9045-ffeebc4d23bc,-6.974222167,107.6454328,691.6,10,1569,94,19.21569,41.96078,,,,,,,,27.26613,35,113,,,
293,2025-11-07 04:38:43+00,4d106730-1088-4892-9045-ffeebc4d23bc,-6.974112667,107.6454915,691.9,14,2016,94,19.21569,29.41176,,,,,,,,27.26613,35,113,,,
294,2025-11-07 04:38:48+00,4d106730-1088-4892-9045-ffeebc4d23bc,-6.973959,107.6455468,688.3,9,1331,94,15.68627,19.21569,,,,,,,,27.26613,35,113,,,
295,2025-11-07 04:38:53+00,4d106730-1088-4892-9045-ffeebc4d23bc,-6.973816167,107.6455983,688.5,9,1465,94,20.78431,58.43137,,,,,,,,27.26613,35,113,,,
296,2025-11-07 04:38:58+00,4d106730-1088-4892-9045-ffeebc4d23bc,-6.973723667,107.6456323,688,19,2870,94,19.21569,25.09804,,,,,,,,27.26613,35,113,,,
297,2025-11-07 04:39:03+00,4d106730-1088-4892-9045-ffeebc4d23bc,-6.973503167,107.6456773,687.6,6,937,94,15.68627,21.96078,,,,,,,,27.26613,35,113,,,
298,2025-11-07 04:39:08+00,4d106730-1088-4892-9045-ffeebc4d23bc,-6.973370167,107.6456953,685.3,12,1847,94,21.17647,50.58823,,,,,,,,27.26613,35,113,,,
299,2025-11-07 04:39:13+00,4d106730-1088-4892-9045-ffeebc4d23bc,-6.973253833,107.6457145,682.3,18,2606,95,17.2549,17.64706,,,,,,,,27.26613,35,113,,,
300,2025-11-07 04:39:18+00,4d106730-1088-4892-9045-ffeebc4d23bc,-6.973041833,107.6457403,679.9,5,692,95,15.68627,28.23529,,,,,,,,27.26613,35,113,,,
301,2025-11-07 04:39:23+00,4d106730-1088-4892-9045-ffeebc4d23bc,-6.972963167,107.645776,675.1,10,1573,95,19.60784,41.17647,,,,,,,,27.26613,35,113,,,
302,2025-11-07 04:39:28+00,4d106730-1088-4892-9045-ffeebc4d23bc,-6.972913167,107.6458538,673.2,13,1852,95,18.82353,33.33333,,,,,,,,27.26613,35,113,,,
303,2025-11-07 04:39:33+00,4d106730-1088-4892-9045-ffeebc4d23bc,-6.972906333,107.6459743,670.6,3,555,95,17.64706,50.98039,,,,,,,,27.26613,35,113,,,
304,2025-11-07 04:39:38+00,4d106730-1088-4892-9045-ffeebc4d23bc,-6.972900833,107.6460468,671.4,13,1930,95,20,40.39216,,,,,,,,27.26613,35,113,,,
305,2025-11-07 04:39:43+00,4d106730-1088-4892-9045-ffeebc4d23bc,-6.972891167,107.6461918,679.1,15,2271,94,19.21569,28.23529,,,,,,,,27.26613,35,113,,,
306,2025-11-07 04:39:48+00,4d106730-1088-4892-9045-ffeebc4d23bc,-6.972908,107.646383,681.4,9,1269,94,15.68627,19.21569,,,,,,,,27.26613,35,113,,,
307,2025-11-07 04:39:53+00,4d106730-1088-4892-9045-ffeebc4d23bc,-6.972911833,107.646527,681.8,8,1224,94,17.64706,38.43137,,,,,,,,27.26613,35,113,,,
308,2025-11-07 04:39:58+00,4d106730-1088-4892-9045-ffeebc4d23bc,-6.972866833,107.6466088,686.9,10,1500,92,19.21569,41.96078,,,,,,,,27.26613,35,113,,,
309,2025-11-07 04:40:03+00,4d106730-1088-4892-9045-ffeebc4d23bc,-6.972799167,107.6467022,688.1,11,1619,92,17.2549,23.13725,,,,,,,,,,,,,
310,2025-11-07 04:40:08+00,4d106730-1088-4892-9045-ffeebc4d23bc,-6.972770167,107.6468283,686.2,13,1914,92,20.39216,41.96078,,,,,,,,,,,,,
311,2025-11-07 04:40:13+00,4d106730-1088-4892-9045-ffeebc4d23bc,-6.9728305,107.6469563,686.5,12,1768,92,16.07843,21.56863,,,,,,,,,,,,,
312,2025-11-07 04:40:18+00,4d106730-1088-4892-9045-ffeebc4d23bc,-6.972865833,107.6471212,684.7,7,1134,92,15.68627,18.82353,,,,,,,,,,,,,
313,2025-11-07 04:40:23+00,4d106730-1088-4892-9045-ffeebc4d23bc,-6.972884667,107.6472247,685.7,6,883,92,17.64706,42.35294,,,,,,,,,,,,,
314,2025-11-07 04:40:28+00,4d106730-1088-4892-9045-ffeebc4d23bc,-6.972932,107.6472375,686.1,5,804,94,17.2549,42.35294,,,,,,,,,,,,,
315,2025-11-07 04:40:33+00,4d106730-1088-4892-9045-ffeebc4d23bc,-6.972918667,107.6471708,686.1,2,279,94,18.03922,40.78431,,,,,,,,,,,,,
316,2025-11-07 08:01:48+00,4d106730-1088-4892-9045-ffeebc4d23bc,-6.972840833,107.64715,696.2,4,786,95,20.78431,73.33334,,,,,,,,,,,,,
317,2025-11-07 08:01:53+00,4d106730-1088-4892-9045-ffeebc4d23bc,-6.972812833,107.6470685,695.8,12,1742,95,20,44.70588,,,,,,,,,,,,,
318,2025-11-07 08:01:58+00,4d106730-1088-4892-9045-ffeebc4d23bc,-6.972758333,107.646908,695.1,15,2262,94,20.39216,40.39216,,,,,,,,,,,,,
319,2025-11-07 08:02:03+00,4d106730-1088-4892-9045-ffeebc4d23bc,-6.972724,107.6467548,695.1,10,1531,94,18.82353,36.86274,,,,,,,,,,,,,
320,2025-11-07 08:02:08+00,4d106730-1088-4892-9045-ffeebc4d23bc,-6.972780333,107.6466548,694.6,8,1275,92,18.03922,35.29412,,,,,,,,,,,,,
321,2025-11-07 08:02:13+00,4d106730-1088-4892-9045-ffeebc4d23bc,-6.972867333,107.6466028,693,6,1014,92,16.47059,40.78431,,,,,,,,,,,,,
322,2025-11-07 08:02:18+00,4d106730-1088-4892-9045-ffeebc4d23bc,-6.9729445,107.6465868,691.4,8,1066,92,20,50.19608,,,,,,,,,,,,,
323,2025-11-07 08:02:23+00,4d106730-1088-4892-9045-ffeebc4d23bc,-6.9731,107.6465757,689.9,16,2345,91,20.39216,40,,,,,,,,,,,,,
324,2025-11-07 08:02:28+00,4d106730-1088-4892-9045-ffeebc4d23bc,-6.973259333,107.6465487,688.6,9,1353,90,19.21569,50.19608,,,,,,,,,,,,,
325,2025-11-07 08:02:33+00,4d106730-1088-4892-9045-ffeebc4d23bc,-6.973288667,107.6464218,687.6,11,1732,90,20,42.7451,,,,,,,,,,,,,
326,2025-11-07 08:02:38+00,4d106730-1088-4892-9045-ffeebc4d23bc,-6.9732725,107.646252,687.9,14,2102,90,17.64706,27.45098,,,,,,,,,,,,,
327,2025-11-07 08:02:43+00,4d106730-1088-4892-9045-ffeebc4d23bc,-6.973260333,107.6461353,688.5,5,789,88,16.86275,36.86274,,,,,,,,,,,,,
328,2025-11-07 08:02:48+00,4d106730-1088-4892-9045-ffeebc4d23bc,-6.973250333,107.646038,688.7,13,1928,88,21.17647,51.76471,,,,,,,,,,,,,
329,2025-11-07 08:02:53+00,4d106730-1088-4892-9045-ffeebc4d23bc,-6.973220333,107.6458482,689.9,11,1686,88,17.64706,25.09804,,,,,,,,,,,,,
330,2025-11-07 08:02:58+00,4d106730-1088-4892-9045-ffeebc4d23bc,-6.973219333,107.6457377,690.4,8,1188,88,16.86275,26.66667,,,,,,,,,,,,,
331,2025-11-07 08:03:03+00,4d106730-1088-4892-9045-ffeebc4d23bc,-6.973296,107.645684,689.9,5,988,88,18.82353,43.13726,,,,,,,,,,,,,
332,2025-11-07 08:03:08+00,4d106730-1088-4892-9045-ffeebc4d23bc,-6.973421167,107.6456633,688.9,14,2109,88,20.78431,44.31372,,,,,,,,,,,,,
333,2025-11-07 08:03:13+00,4d106730-1088-4892-9045-ffeebc4d23bc,-6.973617167,107.645645,687.8,12,1800,88,17.64706,23.92157,,,,,,,,,,,,,
334,2025-11-07 08:03:18+00,4d106730-1088-4892-9045-ffeebc4d23bc,-6.973732,107.6456292,687.1,5,804,88,16.47059,29.01961,,,,,,,,,,,,,
335,2025-11-07 08:03:23+00,4d106730-1088-4892-9045-ffeebc4d23bc,-6.973844,107.6456143,685.4,13,2012,88,20.39216,41.96078,,,,,,,,,,,,,
336,2025-11-07 08:03:28+00,4d106730-1088-4892-9045-ffeebc4d23bc,-6.9740325,107.6455902,684.8,13,1906,88,17.64706,21.96078,,,,,,,,,,,,,
337,2025-11-07 08:03:33+00,4d106730-1088-4892-9045-ffeebc4d23bc,-6.974163667,107.6455858,684.6,9,1376,88,17.2549,26.27451,,,,,,,,,,,,,
338,2025-11-07 08:03:39+00,4d106730-1088-4892-9045-ffeebc4d23bc,-6.974299167,107.6455948,684.7,8,1281,88,18.03922,36.86274,,,,,,,,,,,,,
339,2025-11-07 08:03:44+00,4d106730-1088-4892-9045-ffeebc4d23bc,-6.974283833,107.645493,683.7,9,1349,90,18.03922,34.90196,,,,,,,,,,,,,
340,2025-11-07 08:03:49+00,4d106730-1088-4892-9045-ffeebc4d23bc,-6.974249833,107.645402,683.6,8,1190,88,18.82353,47.45098,,,,,,,,,,,,,
341,2025-11-07 08:03:54+00,4d106730-1088-4892-9045-ffeebc4d23bc,-6.974221167,107.6452668,682.1,13,1904,88,18.82353,30.58824,,,,,,,,,,,,,
342,2025-11-07 08:03:59+00,4d106730-1088-4892-9045-ffeebc4d23bc,-6.974192,107.6451022,682.6,11,1702,88,18.43137,34.5098,,,,,,,,,,,,,
343,2025-11-07 08:04:04+00,4d106730-1088-4892-9045-ffeebc4d23bc,-6.9741745,107.6450127,683,5,791,88,16.47059,32.94118,,,,,,,,,,,,,
344,2025-11-07 08:04:09+00,4d106730-1088-4892-9045-ffeebc4d23bc,-6.974146833,107.6448743,683.4,15,2218,88,20.78431,41.17647,,,,,,,,,,,,,
345,2025-11-07 08:04:14+00,4d106730-1088-4892-9045-ffeebc4d23bc,-6.97411,107.6446633,683.1,17,2457,88,18.82353,23.92157,,,,,,,,,,,,,
346,2025-11-07 08:04:19+00,4d106730-1088-4892-9045-ffeebc4d23bc,-6.974092,107.644565,682.5,4,670,90,15.68627,28.62745,,,,,,,,,,,,,
347,2025-11-07 08:04:24+00,4d106730-1088-4892-9045-ffeebc4d23bc,-6.974080167,107.6444372,683,14,2141,88,21.17647,47.84314,,,,,,,,,,,,,
348,2025-11-07 08:04:29+00,4d106730-1088-4892-9045-ffeebc4d23bc,-6.974037,107.6442282,683.8,14,1964,90,17.64706,23.52941,,,,,,,,,,,,,
349,2025-11-07 08:04:34+00,4d106730-1088-4892-9045-ffeebc4d23bc,-6.974014833,107.6441318,684.1,8,1188,90,17.64706,36.47059,,,,,,,,,,,,,
350,2025-11-07 08:04:39+00,4d106730-1088-4892-9045-ffeebc4d23bc,-6.973979333,107.6439998,684,10,1508,90,17.64706,27.45098,,,,,,,,,,,,,
351,2025-11-07 08:04:44+00,4d106730-1088-4892-9045-ffeebc4d23bc,-6.973956,107.6438965,683.3,11,1617,90,16.07843,25.09804,,,,,,,,,,,,,
352,2025-11-07 08:04:49+00,4d106730-1088-4892-9045-ffeebc4d23bc,-6.973938667,107.6438133,684.4,6,966,90,16.86275,34.90196,,,,,,,,,,,,,
353,2025-11-07 08:04:54+00,4d106730-1088-4892-9045-ffeebc4d23bc,-6.973919667,107.6436878,682.4,12,1828,90,20,42.7451,,,,,,,,,,,,,
354,2025-11-07 08:04:59+00,4d106730-1088-4892-9045-ffeebc4d23bc,-6.973893833,107.6435095,681.3,16,2337,90,18.82353,30.98039,,,,,,,,,,,,,
355,2025-11-07 08:05:04+00,4d106730-1088-4892-9045-ffeebc4d23bc,-6.973868,107.6433458,682.8,8,1131,90,15.29412,19.21569,,,,,,,,,,,,,
356,2025-11-07 08:05:09+00,4d106730-1088-4892-9045-ffeebc4d23bc,-6.973857833,107.6432643,683.1,7,1155,90,18.43137,41.56863,,,,,,,,,,,,,
357,2025-11-07 08:05:14+00,4d106730-1088-4892-9045-ffeebc4d23bc,-6.973903667,107.6431328,685,13,1941,90,20.39216,43.13726,,,,,,,,,,,,,
358,2025-11-07 08:05:19+00,4d106730-1088-4892-9045-ffeebc4d23bc,-6.9740175,107.6430748,684.7,8,1193,91,16.86275,26.66667,,,,,,,,,,,,,
359,2025-11-07 08:05:24+00,4d106730-1088-4892-9045-ffeebc4d23bc,-6.9741595,107.6430682,684.4,13,1971,90,20.39216,41.56863,,,,,,,,,,,,,
360,2025-11-07 08:05:29+00,4d106730-1088-4892-9045-ffeebc4d23bc,-6.9742835,107.6430563,684.4,8,1212,91,18.03922,41.56863,,,,,,,,,,,,,
361,2025-11-07 08:05:34+00,4d106730-1088-4892-9045-ffeebc4d23bc,-6.9744415,107.6430443,684.5,17,2461,91,22.7451,52.94118,,,,,,,,,,,,,
362,2025-11-07 08:05:39+00,4d106730-1088-4892-9045-ffeebc4d23bc,-6.974741333,107.6430252,684.3,23,3399,90,19.60784,23.13725,,,,,,,,,,,,,
363,2025-11-07 08:05:44+00,4d106730-1088-4892-9045-ffeebc4d23bc,-6.974946833,107.6430062,684,9,1291,91,17.2549,28.62745,,,,,,,,,,,,,
364,2025-11-07 08:05:49+00,4d106730-1088-4892-9045-ffeebc4d23bc,-6.975055833,107.642998,683.9,9,1343,92,18.82353,41.96078,,,,,,,,,,,,,
365,2025-11-07 08:05:54+00,4d106730-1088-4892-9045-ffeebc4d23bc,-6.975105833,107.6429252,683.6,7,1067,92,18.43137,39.60784,,,,,,,,,,,,,
366,2025-11-07 08:05:59+00,4d106730-1088-4892-9045-ffeebc4d23bc,-6.97498,107.6429005,683.2,10,1449,92,17.64706,28.23529,,,,,,,,,,,,,
367,2025-11-07 08:06:04+00,4d106730-1088-4892-9045-ffeebc4d23bc,-6.974875333,107.642903,683.3,10,1510,92,21.17647,58.82353,,,,,,,,,,,,,
368,2025-11-07 08:06:09+00,4d106730-1088-4892-9045-ffeebc4d23bc,-6.974647667,107.6429028,683.1,22,3182,92,18.03922,23.52941,,,,,,,,,,,,,
369,2025-11-07 08:06:14+00,4d106730-1088-4892-9045-ffeebc4d23bc,-6.974388667,107.6429107,683,20,755,91,17.64706,56.07843,,,,,,,,,,,,,
370,2025-11-07 08:06:19+00,4d106730-1088-4892-9045-ffeebc4d23bc,-6.974225667,107.64291,682.9,15,531,92,18.82353,78.43137,,,,,,,,,,,,,
371,2025-11-07 08:06:24+00,4d106730-1088-4892-9045-ffeebc4d23bc,-6.9740385,107.6429125,682.8,16,644,92,20,89.41177,,,,,,,,,,,,,
372,2025-11-07 08:06:29+00,4d106730-1088-4892-9045-ffeebc4d23bc,-6.973799667,107.642878,683.2,21,768,92,20.78431,83.13725,,,,,,,,,,,,,
373,2025-11-07 08:06:34+00,4d106730-1088-4892-9045-ffeebc4d23bc,-6.973514333,107.6428338,683.2,24,910,94,19.60784,69.01961,,,,,,,,,,,,,
374,2025-11-07 08:06:39+00,4d106730-1088-4892-9045-ffeebc4d23bc,-6.9732145,107.642717,682.9,27,1004,94,18.43137,52.94118,,,,,,,,,,,,,
375,2025-11-07 08:06:44+00,4d106730-1088-4892-9045-ffeebc4d23bc,-6.972910667,107.642598,682.8,24,920,94,18.43137,49.80392,,,,,,,,,,,,,
376,2025-11-07 08:06:49+00,4d106730-1088-4892-9045-ffeebc4d23bc,-6.97261,107.6425293,683,23,883,94,16.86275,36.47059,,,,,,,,,,,,,
377,2025-11-07 08:06:54+00,4d106730-1088-4892-9045-ffeebc4d23bc,-6.972410667,107.6425563,683.2,9,284,94,17.64706,42.35294,,,,,,,,,,,,,
378,2025-11-07 08:06:59+00,4d106730-1088-4892-9045-ffeebc4d23bc,-6.972337833,107.6425687,683.1,1,0,95,16.47059,0,,,,,,,,,,,,,
379,2025-11-07 08:07:30+00,4d106730-1088-4892-9045-ffeebc4d23bc,-6.9718385,107.6427018,683.4,8,1202,95,18.43137,38.03922,,,,,,,,,,,,,
380,2025-11-07 08:07:35+00,4d106730-1088-4892-9045-ffeebc4d23bc,-6.971956167,107.6427065,683.4,11,1512,94,17.64706,26.27451,,,,,,,,,,,,,
381,2025-11-07 08:07:40+00,4d106730-1088-4892-9045-ffeebc4d23bc,-6.9720475,107.6426922,682.8,10,1682,94,22.35294,69.01961,,,,,,,,,,,,,
382,2025-11-07 08:07:45+00,4d106730-1088-4892-9045-ffeebc4d23bc,-6.972225,107.6426577,680.2,20,3018,94,17.64706,23.13725,,,,,,,,,,,,,
383,2025-11-07 08:07:50+00,4d106730-1088-4892-9045-ffeebc4d23bc,-6.972413,107.6426335,678.5,7,1033,95,16.86275,28.62745,,,,,,,,,,,,,
384,2025-11-07 08:07:55+00,4d106730-1088-4892-9045-ffeebc4d23bc,-6.972514667,107.642614,679.2,13,2026,95,20.39216,38.82353,,,,,,,,,,,,,
385,2025-11-07 08:08:00+00,4d106730-1088-4892-9045-ffeebc4d23bc,-6.972702667,107.642652,680.7,21,3051,95,21.17647,34.5098,,,,,,,,,,,,,
386,2025-11-07 08:08:05+00,4d106730-1088-4892-9045-ffeebc4d23bc,-6.9729265,107.642717,680.3,17,1431,95,16.47059,24.70588,,,,,,,,,,,,,
387,2025-11-07 08:08:10+00,4d106730-1088-4892-9045-ffeebc4d23bc,-6.973140667,107.6427865,678.6,23,1808,95,17.64706,37.2549,,,,,,,,,,,,,
388,2025-11-07 08:08:15+00,4d106730-1088-4892-9045-ffeebc4d23bc,-6.973384833,107.6428632,676.6,10,791,95,17.2549,41.96078,,,,,,,,,,,,,
389,2025-11-07 08:08:20+00,4d106730-1088-4892-9045-ffeebc4d23bc,-6.973525167,107.6429287,674.1,19,1500,95,21.56863,66.66666,,,,,,,,,,,,,
390,2025-11-07 08:08:25+00,4d106730-1088-4892-9045-ffeebc4d23bc,-6.973770167,107.6430553,675,20,1517,95,18.43137,34.90196,,,,,,,,,,,,,
391,2025-11-07 08:08:30+00,4d106730-1088-4892-9045-ffeebc4d23bc,-6.974013,107.6429972,675.2,19,1456,95,18.43137,33.33333,,,,,,,,,,,,,
392,2025-11-07 08:08:35+00,4d106730-1088-4892-9045-ffeebc4d23bc,-6.974225333,107.6429877,674.1,9,684,94,17.2549,33.33333,,,,,,,,,,,,,
393,2025-11-07 08:08:40+00,4d106730-1088-4892-9045-ffeebc4d23bc,-6.974384833,107.6429817,674.7,18,1458,94,21.17647,63.13726,,,,,,,,,,,,,
394,2025-11-07 08:08:45+00,4d106730-1088-4892-9045-ffeebc4d23bc,-6.974672167,107.642957,675.3,25,1947,95,16.47059,18.43137,,,,,,,,,,,,,
395,2025-11-07 08:08:50+00,4d106730-1088-4892-9045-ffeebc4d23bc,-6.974923167,107.6429435,675.7,12,886,94,15.68627,21.56863,,,,,,,,,,,,,
396,2025-11-07 08:08:55+00,4d106730-1088-4892-9045-ffeebc4d23bc,-6.9750655,107.6429338,675.7,7,582,94,18.43137,71.37255,,,,,,,,,,,,,
397,2025-11-07 08:09:00+00,4d106730-1088-4892-9045-ffeebc4d23bc,-6.975060833,107.642848,674.9,10,853,94,18.03922,52.15686,,,,,,,,,,,,,
398,2025-11-07 08:09:05+00,4d106730-1088-4892-9045-ffeebc4d23bc,-6.974918333,107.6428463,675.5,13,916,95,18.03922,43.52941,,,,,,,,,,,,,
399,2025-11-07 08:09:10+00,4d106730-1088-4892-9045-ffeebc4d23bc,-6.974757667,107.6428537,675.5,18,1425,95,20.39216,56.47059,,,,,,,,,,,,,
400,2025-11-07 08:09:15+00,4d106730-1088-4892-9045-ffeebc4d23bc,-6.974516333,107.6428632,675.1,18,1386,94,15.68627,19.21569,,,,,,,,,,,,,
401,2025-11-07 08:09:20+00,4d106730-1088-4892-9045-ffeebc4d23bc,-6.974339167,107.6428585,672.2,10,761,94,16.86275,28.62745,,,,,,,,,,,,,
402,2025-11-07 08:09:25+00,4d106730-1088-4892-9045-ffeebc4d23bc,-6.974209833,107.6428512,671.3,14,1104,94,18.03922,41.56863,,,,,,,,,,,,,
403,2025-11-07 08:09:30+00,4d106730-1088-4892-9045-ffeebc4d23bc,-6.974056167,107.642852,671.9,9,762,94,17.64706,52.54902,,,,,,,,,,,,,
404,2025-11-07 08:09:35+00,4d106730-1088-4892-9045-ffeebc4d23bc,-6.9738935,107.6428333,673.3,17,1374,94,18.43137,36.47059,,,,,,,,,,,,,
405,2025-11-07 08:09:40+00,4d106730-1088-4892-9045-ffeebc4d23bc,-6.9736405,107.6428137,675.9,22,1721,94,20,44.70588,,,,,,,,,,,,,
406,2025-11-07 08:09:45+00,4d106730-1088-4892-9045-ffeebc4d23bc,-6.9733735,107.6427287,676,24,1903,94,18.82353,32.15686,,,,,,,,,,,,,
407,2025-11-07 08:09:51+00,4d106730-1088-4892-9045-ffeebc4d23bc,-6.973015,107.6425898,676.3,26,2027,94,18.82353,30.58824,,,,,,,,,,,,,
408,2025-11-07 08:09:56+00,4d106730-1088-4892-9045-ffeebc4d23bc,-6.9727215,107.6424885,677,19,1431,94,17.2549,25.88235,,,,,,,,,,,,,
409,2025-11-07 08:10:01+00,4d106730-1088-4892-9045-ffeebc4d23bc,-6.972520167,107.6424907,676.5,11,847,94,15.68627,23.92157,,,,,,,,,,,,,
410,2025-11-07 08:10:06+00,4d106730-1088-4892-9045-ffeebc4d23bc,-6.972416667,107.642519,677.2,11,864,94,19.60784,67.05882,,,,,,,,,,,,,
411,2025-11-07 08:10:11+00,4d106730-1088-4892-9045-ffeebc4d23bc,-6.972197167,107.6425697,677.1,22,1697,94,18.43137,36.47059,,,,,,,,,,,,,
412,2025-11-07 08:10:16+00,4d106730-1088-4892-9045-ffeebc4d23bc,-6.971986167,107.64262,675.1,13,989,94,17.2549,30.19608,,,,,,,,,,,,,
413,2025-11-07 08:10:21+00,4d106730-1088-4892-9045-ffeebc4d23bc,-6.971914833,107.6426453,675,3,634,94,17.2549,40,,,,,,,,,,,,,
414,2025-11-07 08:10:26+00,4d106730-1088-4892-9045-ffeebc4d23bc,-6.971932333,107.6426915,672.5,7,1127,94,18.03922,40.78431,,,,,,,,,,,,,
415,2025-11-07 08:10:31+00,4d106730-1088-4892-9045-ffeebc4d23bc,-6.9720185,107.6426875,673.2,10,1494,94,18.43137,36.47059,,,,,,,,,,,,,
416,2025-11-07 08:10:36+00,4d106730-1088-4892-9045-ffeebc4d23bc,-6.972089833,107.6426777,672.1,5,758,95,17.2549,34.11765,,,,,,,,,,,,,
417,2025-11-07 08:10:41+00,4d106730-1088-4892-9045-ffeebc4d23bc,-6.9722335,107.642668,671.3,20,3000,94,22.7451,50.19608,,,,,,,,,,,,,
418,2025-11-07 08:10:46+00,4d106730-1088-4892-9045-ffeebc4d23bc,-6.972428833,107.6426297,671.2,10,1482,95,15.68627,18.82353,,,,,,,,,,,,,
419,2025-11-07 08:10:51+00,4d106730-1088-4892-9045-ffeebc4d23bc,-6.972501833,107.6426187,670.8,6,1147,95,18.43137,57.2549,,,,,,,,,,,,,
420,2025-11-07 08:10:56+00,4d106730-1088-4892-9045-ffeebc4d23bc,-6.972662833,107.642626,672,16,2420,94,20.78431,39.60784,,,,,,,,,,,,,
421,2025-11-07 08:11:01+00,4d106730-1088-4892-9045-ffeebc4d23bc,-6.972876167,107.6426812,672.1,19,2883,95,21.17647,36.86274,,,,,,,,,,,,,
422,2025-11-07 08:11:06+00,4d106730-1088-4892-9045-ffeebc4d23bc,-6.973123167,107.6427647,672.2,21,3101,95,20,26.27451,,,,,,,,,,,,,
423,2025-11-07 08:11:11+00,4d106730-1088-4892-9045-ffeebc4d23bc,-6.973366333,107.6428482,670.6,18,1074,95,17.2549,20.39216,,,,,,,,,,,,,
424,2025-11-07 08:11:16+00,4d106730-1088-4892-9045-ffeebc4d23bc,-6.973498333,107.6428965,670.8,9,733,95,17.2549,48.62745,,,,,,,,,,,,,
425,2025-11-07 08:11:21+00,4d106730-1088-4892-9045-ffeebc4d23bc,-6.973627,107.6430038,669,16,1253,95,17.64706,34.5098,,,,,,,,,,,,,
426,2025-11-07 08:11:26+00,4d106730-1088-4892-9045-ffeebc4d23bc,-6.973819667,107.6430263,667.6,16,1257,95,18.03922,32.54902,,,,,,,,,,,,,
427,2025-11-07 08:11:31+00,4d106730-1088-4892-9045-ffeebc4d23bc,-6.9740445,107.6429862,667.5,20,1564,95,19.21569,40.39216,,,,,,,,,,,,,
428,2025-11-07 08:11:36+00,4d106730-1088-4892-9045-ffeebc4d23bc,-6.974248833,107.6429752,667.9,9,726,94,17.2549,49.80392,,,,,,,,,,,,,
429,2025-11-07 08:11:41+00,4d106730-1088-4892-9045-ffeebc4d23bc,-6.974425667,107.6429552,668.5,19,1535,94,20.39216,52.15686,,,,,,,,,,,,,
430,2025-11-07 08:11:46+00,4d106730-1088-4892-9045-ffeebc4d23bc,-6.9747415,107.64293,668.4,25,1893,92,17.64706,24.31373,,,,,,,,,,,,,
431,2025-11-07 08:11:51+00,4d106730-1088-4892-9045-ffeebc4d23bc,-6.974928,107.6429195,668.8,9,754,92,17.2549,49.80392,,,,,,,,,,,,,
432,2025-11-07 08:11:56+00,4d106730-1088-4892-9045-ffeebc4d23bc,-6.975058833,107.6429105,669.2,9,660,92,15.68627,32.94118,,,,,,,,,,,,,
433,2025-11-07 08:12:01+00,4d106730-1088-4892-9045-ffeebc4d23bc,-6.975062167,107.642844,669.1,9,731,92,18.82353,65.88235,,,,,,,,,,,,,
434,2025-11-07 08:12:06+00,4d106730-1088-4892-9045-ffeebc4d23bc,-6.974933833,107.6428498,670.7,8,597,92,16.86275,52.54902,,,,,,,,,,,,,
435,2025-11-07 08:12:11+00,4d106730-1088-4892-9045-ffeebc4d23bc,-6.974807167,107.6428547,671.6,15,1233,92,20.78431,67.45098,,,,,,,,,,,,,
436,2025-11-07 08:12:16+00,4d106730-1088-4892-9045-ffeebc4d23bc,-6.974564167,107.6428535,672.5,18,1381,92,15.68627,26.27451,,,,,,,,,,,,,
437,2025-11-07 08:12:21+00,4d106730-1088-4892-9045-ffeebc4d23bc,-6.974389333,107.642846,671.8,12,943,92,17.64706,40.78431,,,,,,,,,,,,,
438,2025-11-07 08:12:26+00,4d106730-1088-4892-9045-ffeebc4d23bc,-6.974246667,107.6428467,669.7,11,851,91,17.2549,39.60784,,,,,,,,,,,,,
439,2025-11-07 08:12:31+00,4d106730-1088-4892-9045-ffeebc4d23bc,-6.974094,107.64284,667.1,13,1024,91,16.86275,29.80392,,,,,,,,,,,,,
440,2025-11-07 08:12:36+00,4d106730-1088-4892-9045-ffeebc4d23bc,-6.973948,107.6428302,667.6,14,1181,92,20.39216,62.35294,,,,,,,,,,,,,
441,2025-11-07 08:12:41+00,4d106730-1088-4892-9045-ffeebc4d23bc,-6.973671667,107.6427988,668.2,27,2109,92,22.35294,59.60784,,,,,,,,,,,,,
442,2025-11-07 08:12:46+00,4d106730-1088-4892-9045-ffeebc4d23bc,-6.973299667,107.6427012,669.5,32,2493,92,21.17647,41.56863,,,,,,,,,,,,,
443,2025-11-07 08:12:51+00,4d106730-1088-4892-9045-ffeebc4d23bc,-6.9729265,107.6425592,669.7,30,2324,94,16.86275,18.03922,,,,,,,,,,,,,
444,2025-11-07 08:12:56+00,4d106730-1088-4892-9045-ffeebc4d23bc,-6.9726205,107.6424585,668.7,23,1714,94,16.07843,18.03922,,,,,,,,,,,,,
445,2025-11-07 08:13:01+00,4d106730-1088-4892-9045-ffeebc4d23bc,-6.972453833,107.6424888,669.1,6,601,92,18.03922,74.11765,,,,,,,,,,,,,
446,2025-11-07 08:13:06+00,4d106730-1088-4892-9045-ffeebc4d23bc,-6.972304333,107.6425203,668.8,17,1384,92,20.78431,60,,,,,,,,,,,,,
447,2025-11-07 08:13:11+00,4d106730-1088-4892-9045-ffeebc4d23bc,-6.972044333,107.6425735,668.2,21,1602,92,17.2549,28.23529,,,,,,,,,,,,,
448,2025-11-07 08:13:16+00,4d106730-1088-4892-9045-ffeebc4d23bc,-6.971872667,107.6426347,669.4,10,791,92,16.07843,28.23529,,,,,,,,,,,,,
449,2025-11-07 08:13:21+00,4d106730-1088-4892-9045-ffeebc4d23bc,-6.971950333,107.6426813,667.7,10,841,94,18.43137,56.86274,,,,,,,,,,,,,
450,2025-11-07 08:13:26+00,4d106730-1088-4892-9045-ffeebc4d23bc,-6.972064167,107.642658,666.2,8,621,94,18.43137,72.54902,,,,,,,,,,,,,
451,2025-11-07 08:13:31+00,4d106730-1088-4892-9045-ffeebc4d23bc,-6.972185167,107.6426627,666.1,12,981,95,16.86275,30.98039,,,,,,,,,,,,,
452,2025-11-07 08:15:32+00,4d106730-1088-4892-9045-ffeebc4d23bc,-6.9722575,107.6427552,669.1,2,1157,87,18.03922,47.84314,,,,,28.57143,41,101,,,,,,
453,2025-11-07 08:15:37+00,4d106730-1088-4892-9045-ffeebc4d23bc,-6.972273,107.6427535,668.5,11,1727,87,21.17647,52.54902,,,,,28.57143,41,101,,,,,,
454,2025-11-07 08:15:42+00,4d106730-1088-4892-9045-ffeebc4d23bc,-6.972392833,107.6427032,668.2,5,751,87,16.07843,38.03922,,,,,28.57143,41,101,,,,,,
455,2025-11-07 08:15:47+00,4d106730-1088-4892-9045-ffeebc4d23bc,-6.972477167,107.642687,668.1,14,2096,87,22.35294,54.5098,,,,,28.57143,41,101,,,,,,
456,2025-11-07 08:15:52+00,4d106730-1088-4892-9045-ffeebc4d23bc,-6.972632167,107.6426642,670.8,21,3062,87,21.96078,40.39216,,,,,28.57143,41,101,,,,,,
457,2025-11-07 08:15:57+00,4d106730-1088-4892-9045-ffeebc4d23bc,-6.972883667,107.6427232,675.6,26,3742,88,20.78431,25.88235,,,,,28.57143,41,101,,,,,,
458,2025-11-07 08:16:02+00,4d106730-1088-4892-9045-ffeebc4d23bc,-6.973169333,107.6428233,672.6,18,2633,90,18.03922,20.39216,,,,,28.57143,41,101,,,,,,
459,2025-11-07 08:16:07+00,4d106730-1088-4892-9045-ffeebc4d23bc,-6.9734075,107.6429095,673.7,5,802,90,18.43137,50.58823,,,,,28.57143,41,101,,,,,,
460,2025-11-07 08:16:12+00,4d106730-1088-4892-9045-ffeebc4d23bc,-6.973485667,107.6429478,675.6,17,2526,91,18.03922,25.4902,,,,,28.57143,41,101,,,,,,
461,2025-11-07 08:16:17+00,4d106730-1088-4892-9045-ffeebc4d23bc,-6.973634333,107.6430563,677.5,13,2019,91,19.21569,31.37255,,,,,28.57143,41,101,,,,,,
462,2025-11-07 08:16:22+00,4d106730-1088-4892-9045-ffeebc4d23bc,-6.9737945,107.6430968,678.9,19,2791,91,21.96078,38.43137,,,,,28.57143,41,101,,,,,,
463,2025-11-07 08:16:27+00,4d106730-1088-4892-9045-ffeebc4d23bc,-6.974018167,107.6430282,678.2,15,1240,91,18.03922,30.98039,,,,,28.57143,41,101,,,,,,
464,2025-11-07 08:16:32+00,4d106730-1088-4892-9045-ffeebc4d23bc,-6.974226,107.6430125,677,15,1209,92,19.21569,46.27451,,,,,28.57143,41,101,,,,,,
465,2025-11-07 08:16:37+00,4d106730-1088-4892-9045-ffeebc4d23bc,-6.974423667,107.643003,675,24,1884,91,20.39216,42.7451,,,,,28.57143,41,101,,,,,,
466,2025-11-07 08:16:42+00,4d106730-1088-4892-9045-ffeebc4d23bc,-6.974716,107.6429903,674.2,13,1003,92,16.86275,30.19608,,,,,28.57143,41,101,,,,,,
467,2025-11-07 08:16:47+00,4d106730-1088-4892-9045-ffeebc4d23bc,-6.9749325,107.6429808,674.2,14,1132,92,17.64706,46.27451,,,,,28.57143,41,101,,,,,,
468,2025-11-07 08:16:52+00,4d106730-1088-4892-9045-ffeebc4d23bc,-6.9750985,107.6429567,673.5,9,737,92,17.2549,45.4902,,,,,28.57143,41,101,,,,,,
469,2025-11-07 08:17:29+00,4d106730-1088-4892-9045-ffeebc4d23bc,-6.9753515,107.6426292,691.6,10,1506,91,18.82353,35.68628,,,,,,,,,,,,,
470,2025-11-07 08:17:34+00,4d106730-1088-4892-9045-ffeebc4d23bc,-6.975326833,107.6424588,687.9,17,2572,90,20.39216,31.37255,,,,,,,,,,,,,
471,2025-11-07 08:17:39+00,4d106730-1088-4892-9045-ffeebc4d23bc,-6.975297667,107.6422095,685.6,20,2870,91,18.03922,19.21569,,,,,,,,,,,,,
472,2025-11-07 08:17:44+00,4d106730-1088-4892-9045-ffeebc4d23bc,-6.975279333,107.6420042,684.6,16,2293,91,16.86275,17.2549,,,,,,,,,,,,,
473,2025-11-07 08:17:49+00,4d106730-1088-4892-9045-ffeebc4d23bc,-6.975261833,107.6418242,682.9,15,2287,91,20.39216,36.47059,,,,,,,,,,,,,
474,2025-11-07 08:17:54+00,4d106730-1088-4892-9045-ffeebc4d23bc,-6.975229333,107.6415972,680.6,20,2869,92,18.03922,19.21569,,,,,,,,,,,,,
475,2025-11-07 08:17:59+00,4d106730-1088-4892-9045-ffeebc4d23bc,-6.975188,107.6413865,677.6,18,1463,94,21.56863,63.52941,,,,,,,,,,,,,
476,2025-11-07 08:18:04+00,4d106730-1088-4892-9045-ffeebc4d23bc,-6.975132333,107.6411078,673.7,27,2115,94,20,36.07843,,,,,,,,,,,,,
477,2025-11-07 08:18:10+00,4d106730-1088-4892-9045-ffeebc4d23bc,-6.975058,107.6407248,672.7,24,1869,92,19.60784,36.86274,,,,,,,,,,,,,
478,2025-11-07 08:18:15+00,4d106730-1088-4892-9045-ffeebc4d23bc,-6.974997333,107.6404343,671.8,20,1545,94,16.07843,18.03922,,,,,,,,,,,,,
479,2025-11-07 08:18:20+00,4d106730-1088-4892-9045-ffeebc4d23bc,-6.974962,107.6402795,670.9,9,800,94,16.86275,27.05882,,,,,,,,,,,,,
480,2025-11-07 08:18:25+00,4d106730-1088-4892-9045-ffeebc4d23bc,-6.974907833,107.640127,669.3,20,2941,94,23.52941,53.72549,,,,,,,,,,,,,
481,2025-11-07 08:18:30+00,4d106730-1088-4892-9045-ffeebc4d23bc,-6.974852833,107.6398945,668.1,10,1489,94,16.07843,20,,,,,,,,,,,,,
482,2025-11-07 08:18:35+00,4d106730-1088-4892-9045-ffeebc4d23bc,-6.974828333,107.6397858,664.5,9,1544,94,18.82353,34.90196,,,,,,,,,,,,,
483,2025-11-07 08:18:40+00,4d106730-1088-4892-9045-ffeebc4d23bc,-6.974787833,107.6396488,660.5,14,2163,94,21.17647,46.27451,,,,,,,,,,,,,
484,2025-11-07 08:18:45+00,4d106730-1088-4892-9045-ffeebc4d23bc,-6.974771333,107.6395135,655.3,6,1002,95,19.60784,49.41177,,,,,,,,,,,,,
485,2025-11-07 08:18:50+00,4d106730-1088-4892-9045-ffeebc4d23bc,-6.974728167,107.6393482,653.7,17,2569,95,20.78431,34.5098,,,,,,,,,,,,,
486,2025-11-07 08:18:55+00,4d106730-1088-4892-9045-ffeebc4d23bc,-6.9746495,107.6391352,651.4,22,3269,95,21.56863,36.07843,,,,,,,,,,,,,
487,2025-11-07 08:19:00+00,4d106730-1088-4892-9045-ffeebc4d23bc,-6.974598167,107.6389168,651.7,14,2142,95,20,34.90196,,,,,,,,,,,,,
488,2025-11-07 08:19:05+00,4d106730-1088-4892-9045-ffeebc4d23bc,-6.974546833,107.6387475,654.1,11,1627,95,20,41.17647,,,,,,,,,,,,,
489,2025-11-07 08:19:10+00,4d106730-1088-4892-9045-ffeebc4d23bc,-6.974384667,107.6386775,652.5,20,3024,95,22.7451,46.66667,,,,,,,,,,,,,
490,2025-11-07 08:19:15+00,4d106730-1088-4892-9045-ffeebc4d23bc,-6.974195833,107.6385747,651.8,17,2558,94,20.78431,34.90196,,,,,,,,,,,,,
491,2025-11-07 08:19:20+00,4d106730-1088-4892-9045-ffeebc4d23bc,-6.974114333,107.6383798,650.7,21,3114,94,21.17647,32.15686,,,,,,,,,,,,,
492,2025-11-07 08:19:25+00,4d106730-1088-4892-9045-ffeebc4d23bc,-6.974068,107.6381043,651.6,23,3340,92,19.21569,23.92157,,,,,,,,,,,,,
493,2025-11-07 08:19:30+00,4d106730-1088-4892-9045-ffeebc4d23bc,-6.9740365,107.637855,649.6,25,1924,92,21.96078,57.64706,,,,,,,,,,,,,
494,2025-11-07 08:19:35+00,4d106730-1088-4892-9045-ffeebc4d23bc,-6.9739985,107.6375013,646.3,28,2111,92,19.60784,32.54902,,,,,,,,,,,,,
495,2025-11-07 08:19:40+00,4d106730-1088-4892-9045-ffeebc4d23bc,-6.973950333,107.6372165,645.3,15,1240,92,18.43137,24.70588,,,,,,,,,,,,,
496,2025-11-07 08:19:45+00,4d106730-1088-4892-9045-ffeebc4d23bc,-6.973918,107.6369535,643.9,24,1812,92,18.03922,25.88235,,,,,,,,,,,,,
497,2025-11-07 08:19:50+00,4d106730-1088-4892-9045-ffeebc4d23bc,-6.973877,107.6367593,644,11,874,92,17.64706,56.07843,,,,,,,,,,,,,
498,2025-11-07 08:19:55+00,4d106730-1088-4892-9045-ffeebc4d23bc,-6.973847667,107.6366622,644.7,7,1110,92,18.03922,38.43137,,,,,,,,,,,,,
499,2025-11-07 08:20:00+00,4d106730-1088-4892-9045-ffeebc4d23bc,-6.973812333,107.6365375,646.8,6,957,92,20.39216,59.21569,,,,,,,,,,,,,
500,2025-11-07 08:20:05+00,4d106730-1088-4892-9045-ffeebc4d23bc,-6.973799167,107.6364255,648.7,7,1044,94,19.60784,57.64706,,,,,,,,,,,,,
501,2025-11-07 08:20:10+00,4d106730-1088-4892-9045-ffeebc4d23bc,-6.973782167,107.6363187,645.4,11,1711,94,18.03922,26.27451,,,,,,,,,,,,,
502,2025-11-07 08:20:15+00,4d106730-1088-4892-9045-ffeebc4d23bc,-6.973759,107.6361602,642,9,1344,94,16.07843,25.88235,,,,,,,,,,,,,
503,2025-11-07 08:20:20+00,4d106730-1088-4892-9045-ffeebc4d23bc,-6.973720667,107.6360982,642.7,9,1389,94,19.21569,46.66667,,,,,,,,,,,,,
504,2025-11-07 08:20:25+00,4d106730-1088-4892-9045-ffeebc4d23bc,-6.973777167,107.636033,642.1,11,1685,94,21.96078,59.21569,,,,,,,,,,,,,
505,2025-11-07 08:20:30+00,4d106730-1088-4892-9045-ffeebc4d23bc,-6.973988333,107.6359612,645.2,25,3707,94,22.7451,40,,,,,,,,,,,,,
506,2025-11-07 08:20:35+00,4d106730-1088-4892-9045-ffeebc4d23bc,-6.974315667,107.635839,646.6,27,2074,94,21.17647,43.92157,,,,,,,,,,,,,
507,2025-11-07 08:20:40+00,4d106730-1088-4892-9045-ffeebc4d23bc,-6.974668833,107.6357282,646.4,34,2614,95,21.56863,44.70588,,,,,,,,,,,,,
508,2025-11-07 08:20:45+00,4d106730-1088-4892-9045-ffeebc4d23bc,-6.975081,107.6356108,648.6,28,2145,95,16.47059,17.2549,,,,,,,,,,,,,
509,2025-11-07 08:20:50+00,4d106730-1088-4892-9045-ffeebc4d23bc,-6.975384167,107.6355977,650.8,19,1485,95,16.07843,18.03922,,,,,,,,,,,,,
510,2025-11-07 08:20:55+00,4d106730-1088-4892-9045-ffeebc4d23bc,-6.975567667,107.6357312,654.8,19,1500,95,20.78431,56.86274,,,,,,,,,,,,,
511,2025-11-07 08:21:00+00,4d106730-1088-4892-9045-ffeebc4d23bc,-6.975736833,107.6359857,658.4,28,2213,95,22.7451,60.78431,,,,,,,,,,,,,
512,2025-11-07 08:21:05+00,4d106730-1088-4892-9045-ffeebc4d23bc,-6.976021333,107.6363027,664.5,36,2817,95,22.35294,47.84314,,,,,,,,,,,,,
513,2025-11-07 08:21:10+00,4d106730-1088-4892-9045-ffeebc4d23bc,-6.976301,107.6366968,670,39,2983,95,22.7451,49.01961,,,,,,,,,,,,,
514,2025-11-07 08:21:15+00,4d106730-1088-4892-9045-ffeebc4d23bc,-6.976444167,107.6371863,674.3,40,3108,96,19.60784,26.66667,,,,,,,,,,,,,
515,2025-11-07 08:21:20+00,4d106730-1088-4892-9045-ffeebc4d23bc,-6.976591833,107.637664,675.6,37,2841,96,17.64706,18.43137,,,,,,,,,,,,,
516,2025-11-07 08:21:25+00,4d106730-1088-4892-9045-ffeebc4d23bc,-6.9768025,107.638037,676.8,30,2305,95,18.03922,21.96078,,,,,,,,,,,,,
517,2025-11-07 08:21:30+00,4d106730-1088-4892-9045-ffeebc4d23bc,-6.976841,107.6383555,678.8,27,2074,94,20.78431,42.7451,,,,,,,,,,,,,
518,2025-11-07 08:21:35+00,4d106730-1088-4892-9045-ffeebc4d23bc,-6.976628833,107.638636,679.9,28,2177,91,19.21569,29.80392,,,,,,,,,,,,,
519,2025-11-07 08:21:40+00,4d106730-1088-4892-9045-ffeebc4d23bc,-6.9765005,107.6389692,680,29,2249,91,19.60784,30.58824,,,,,,,,,,,,,
520,2025-11-07 08:21:45+00,4d106730-1088-4892-9045-ffeebc4d23bc,-6.976572167,107.63934,679.4,33,2532,91,21.96078,47.84314,,,,,,,,,,,,,
521,2025-11-07 08:21:50+00,4d106730-1088-4892-9045-ffeebc4d23bc,-6.976710667,107.63977,680.3,37,2897,92,21.17647,37.64706,,,,,,,,,,,,,
522,2025-11-07 08:21:55+00,4d106730-1088-4892-9045-ffeebc4d23bc,-6.976808,107.6402655,681.3,40,3106,92,19.60784,26.27451,,,,,,,,,,,,,
523,2025-11-07 08:22:00+00,4d106730-1088-4892-9045-ffeebc4d23bc,-6.976848833,107.6407733,681.8,40,3097,94,21.17647,33.33333,,,,,,,,,,,,,
524,2025-11-07 08:22:05+00,4d106730-1088-4892-9045-ffeebc4d23bc,-6.976871833,107.6412743,682.3,39,2995,94,20.78431,33.33333,,,,,,,,,,,,,
525,2025-11-07 08:22:10+00,4d106730-1088-4892-9045-ffeebc4d23bc,-6.9769555,107.6417503,682.2,37,2892,94,19.21569,24.31373,,,,,,,,,,,,,
526,2025-11-07 08:22:15+00,4d106730-1088-4892-9045-ffeebc4d23bc,-6.977062667,107.6422165,682.9,36,2775,94,17.64706,18.43137,,,,,,,,,,,,,
527,2025-11-07 08:22:20+00,4d106730-1088-4892-9045-ffeebc4d23bc,-6.977146167,107.6425963,683.9,23,1778,94,17.64706,24.31373,,,,,,,,,,,,,
528,2025-11-07 08:22:25+00,4d106730-1088-4892-9045-ffeebc4d23bc,-6.977292167,107.6428252,684.8,22,1737,94,18.03922,27.84314,,,,,,,,,,,,,
529,2025-11-07 08:22:30+00,4d106730-1088-4892-9045-ffeebc4d23bc,-6.977588667,107.6428238,685.5,29,2239,92,23.13725,60.39216,,,,,,,,,,,,,
530,2025-11-07 08:22:35+00,4d106730-1088-4892-9045-ffeebc4d23bc,-6.978039167,107.642759,684.6,42,3277,94,17.64706,35.68628,,,,,,,,,,,,,
531,2025-11-07 08:22:40+00,4d106730-1088-4892-9045-ffeebc4d23bc,-6.978485833,107.6427022,685.9,26,1988,94,17.64706,23.13725,,,,,,,,,,,,,
532,2025-11-07 08:22:45+00,4d106730-1088-4892-9045-ffeebc4d23bc,-6.978702,107.6428412,686.7,24,1918,94,21.17647,50.19608,,,,,,,,,,,,,
533,2025-11-07 08:22:50+00,4d106730-1088-4892-9045-ffeebc4d23bc,-6.978678167,107.6432172,686.9,35,2692,94,21.96078,46.27451,,,,,,,,,,,,,
534,2025-11-07 08:22:55+00,4d106730-1088-4892-9045-ffeebc4d23bc,-6.978711167,107.6437055,688.3,41,3057,94,18.03922,18.03922,,,,,,,,,,,,,
535,2025-11-07 08:23:00+00,4d106730-1088-4892-9045-ffeebc4d23bc,-6.978894167,107.6441415,687.9,36,2759,95,18.82353,22.7451,,,,,,,,,,,,,
536,2025-11-07 08:23:05+00,4d106730-1088-4892-9045-ffeebc4d23bc,-6.979108667,107.6445382,687.8,35,2659,95,18.43137,21.96078,,,,,,,,,,,,,
537,2025-11-07 08:23:10+00,4d106730-1088-4892-9045-ffeebc4d23bc,-6.9792055,107.644954,688.1,32,2510,95,20,29.80392,,,,,,,,,,,,,
538,2025-11-07 08:23:15+00,4d106730-1088-4892-9045-ffeebc4d23bc,-6.9792875,107.6453523,688,30,2309,95,18.82353,23.92157,,,,,,,,,,,,,
539,2025-11-07 08:23:20+00,4d106730-1088-4892-9045-ffeebc4d23bc,-6.979397333,107.6457295,688.1,31,2367,95,19.21569,27.84314,,,,,,,,,,,,,
540,2025-11-07 08:23:25+00,4d106730-1088-4892-9045-ffeebc4d23bc,-6.979540833,107.6460993,688.2,31,2387,95,20,32.94118,,,,,,,,,,,,,
541,2025-11-07 08:23:30+00,4d106730-1088-4892-9045-ffeebc4d23bc,-6.979623667,107.6464822,689.2,29,2333,94,17.2549,20,,,,,,,,,,,,,
542,2025-11-07 08:23:35+00,4d106730-1088-4892-9045-ffeebc4d23bc,-6.979622333,107.6467938,689.3,16,1239,92,15.68627,19.21569,,,,,,,,,,,,,
543,2025-11-07 08:23:40+00,4d106730-1088-4892-9045-ffeebc4d23bc,-6.9797295,107.6469025,690.4,14,1138,91,18.82353,49.41177,,,,,,,,,,,,,
544,2025-11-07 08:23:45+00,4d106730-1088-4892-9045-ffeebc4d23bc,-6.97996,107.6468142,690.6,26,2057,91,22.7451,61.17647,,,,,,,,,,,,,
545,2025-11-07 08:23:50+00,4d106730-1088-4892-9045-ffeebc4d23bc,-6.980326333,107.6467542,689.3,30,2318,91,20.39216,37.2549,,,,,,,,,,,,,
546,2025-11-07 08:23:55+00,4d106730-1088-4892-9045-ffeebc4d23bc,-6.9807055,107.6466547,688.8,30,2366,92,16.86275,17.2549,,,,,,,,,,,,,
547,2025-11-07 08:24:00+00,4d106730-1088-4892-9045-ffeebc4d23bc,-6.9809945,107.646607,686.7,16,1229,92,17.2549,23.13725,,,,,,,,,,,,,
548,2025-11-07 08:24:05+00,4d106730-1088-4892-9045-ffeebc4d23bc,-6.981140333,107.6465923,684.8,2,967,92,16.86275,36.07843,,,,,,,,,,,,,
549,2025-11-07 08:24:10+00,4d106730-1088-4892-9045-ffeebc4d23bc,-6.9811535,107.6465875,682.4,3,696,91,18.03922,60.78431,,,,,,,,,,,,,
550,2025-11-07 08:24:15+00,4d106730-1088-4892-9045-ffeebc4d23bc,-6.9812175,107.6465827,680.6,3,853,91,16.47059,39.60784,,,,,,,,,,,,,
551,2025-11-07 08:24:21+00,4d106730-1088-4892-9045-ffeebc4d23bc,-6.981231833,107.6465788,678.1,8,1155,92,16.86275,28.23529,,,,,,,,,,,,,
552,2025-11-07 08:24:26+00,4d106730-1088-4892-9045-ffeebc4d23bc,-6.981305667,107.646581,676,6,980,92,17.2549,36.47059,,,,,,,,,,,,,
553,2025-11-07 08:24:31+00,4d106730-1088-4892-9045-ffeebc4d23bc,-6.9813825,107.646588,675.4,18,2701,92,23.52941,56.86274,,,,,,,,,,,,,
554,2025-11-07 08:24:36+00,4d106730-1088-4892-9045-ffeebc4d23bc,-6.981577,107.6465762,674.6,24,3514,92,20.78431,29.01961,,,,,,,,,,,,,
555,2025-11-07 08:24:41+00,4d106730-1088-4892-9045-ffeebc4d23bc,-6.981875833,107.646566,674.3,18,2682,92,17.64706,18.82353,,,,,,,,,,,,,
556,2025-11-07 08:24:46+00,4d106730-1088-4892-9045-ffeebc4d23bc,-6.982131333,107.6465242,673.8,15,2246,94,20.39216,35.29412,,,,,,,,,,,,,
557,2025-11-07 08:24:51+00,4d106730-1088-4892-9045-ffeebc4d23bc,-6.982322667,107.6464498,675,19,2891,94,20.39216,30.19608,,,,,,,,,,,,,
558,2025-11-07 08:24:56+00,4d106730-1088-4892-9045-ffeebc4d23bc,-6.982542833,107.6463628,677.1,21,1521,95,16.07843,19.60784,,,,,,,,,,,,,
559,2025-11-07 08:25:01+00,4d106730-1088-4892-9045-ffeebc4d23bc,-6.982778,107.6462635,677.3,21,1675,95,19.21569,38.03922,,,,,,,,,,,,,
560,2025-11-07 08:25:06+00,4d106730-1088-4892-9045-ffeebc4d23bc,-6.983025667,107.6463403,678.5,19,1512,95,18.82353,37.64706,,,,,,,,,,,,,
561,2025-11-07 08:25:11+00,4d106730-1088-4892-9045-ffeebc4d23bc,-6.983267,107.6463462,677,20,1581,95,18.43137,30.58824,,,,,,,,,,,,,
562,2025-11-07 08:25:16+00,4d106730-1088-4892-9045-ffeebc4d23bc,-6.983523167,107.646298,676.4,26,2017,94,21.17647,51.37255,,,,,,,,,,,,,
563,2025-11-07 08:25:21+00,4d106730-1088-4892-9045-ffeebc4d23bc,-6.983847833,107.6463042,677.2,31,2454,95,20,36.47059,,,,,,,,,,,,,
564,2025-11-07 08:25:26+00,4d106730-1088-4892-9045-ffeebc4d23bc,-6.984244667,107.6462737,677.3,34,2649,95,19.60784,29.01961,,,,,,,,,,,,,
565,2025-11-07 08:25:31+00,4d106730-1088-4892-9045-ffeebc4d23bc,-6.984681333,107.64622,679.1,35,2705,95,19.21569,27.45098,,,,,,,,,,,,,
566,2025-11-07 08:25:36+00,4d106730-1088-4892-9045-ffeebc4d23bc,-6.985129,107.6461488,679.6,30,2332,95,19.60784,30.98039,,,,,,,,,,,,,
567,2025-11-07 08:25:41+00,4d106730-1088-4892-9045-ffeebc4d23bc,-6.985523333,107.6460785,678.9,24,1814,95,17.64706,24.31373,,,,,,,,,,,,,
568,2025-11-07 08:25:46+00,4d106730-1088-4892-9045-ffeebc4d23bc,-6.985834333,107.6460467,679,17,1351,95,16.47059,22.7451,,,,,,,,,,,,,
569,2025-11-07 08:25:51+00,4d106730-1088-4892-9045-ffeebc4d23bc,-6.986070833,107.646081,680.1,15,1178,94,18.03922,40.39216,,,,,,,,,,,,,
570,2025-11-07 08:25:56+00,4d106730-1088-4892-9045-ffeebc4d23bc,-6.986164,107.645928,680.1,17,1339,92,18.82353,42.7451,,,,,,,,,,,,,
571,2025-11-07 08:26:01+00,4d106730-1088-4892-9045-ffeebc4d23bc,-6.985997167,107.6458293,679.6,19,1486,91,18.82353,38.43137,,,,,,,,,,,,,
572,2025-11-07 08:26:06+00,4d106730-1088-4892-9045-ffeebc4d23bc,-6.985798333,107.6459675,679,28,2189,91,21.17647,45.88235,,,,,,,,,,,,,
573,2025-11-07 08:26:11+00,4d106730-1088-4892-9045-ffeebc4d23bc,-6.9854685,107.6460412,678.6,37,2828,91,22.7451,51.76471,,,,,,,,,,,,,
574,2025-11-07 08:26:16+00,4d106730-1088-4892-9045-ffeebc4d23bc,-6.9850235,107.6461172,678.5,39,2990,92,20,28.62745,,,,,,,,,,,,,
575,2025-11-07 08:26:21+00,4d106730-1088-4892-9045-ffeebc4d23bc,-6.984535,107.6461878,679.2,38,2983,94,19.21569,24.70588,,,,,,,,,,,,,
576,2025-11-07 08:26:26+00,4d106730-1088-4892-9045-ffeebc4d23bc,-6.984045667,107.6462408,679.1,34,2614,94,20.78431,34.5098,,,,,,,,,,,,,
577,2025-11-07 08:26:31+00,4d106730-1088-4892-9045-ffeebc4d23bc,-6.983606833,107.6462118,679,28,2150,94,17.64706,21.56863,,,,,,,,,,,,,
578,2025-11-07 08:26:36+00,4d106730-1088-4892-9045-ffeebc4d23bc,-6.983247833,107.6460895,678.6,25,1941,94,17.64706,23.13725,,,,,,,,,,,,,
579,2025-11-07 08:26:41+00,4d106730-1088-4892-9045-ffeebc4d23bc,-6.9829385,107.646114,678.2,25,1900,94,17.64706,25.4902,,,,,,,,,,,,,
580,2025-11-07 08:26:46+00,4d106730-1088-4892-9045-ffeebc4d23bc,-6.982656833,107.6462407,678.7,19,1465,94,18.82353,38.43137,,,,,,,,,,,,,
581,2025-11-07 08:26:51+00,4d106730-1088-4892-9045-ffeebc4d23bc,-6.982426833,107.646208,678.9,22,1716,94,19.21569,45.09804,,,,,,,,,,,,,
582,2025-11-07 08:26:56+00,4d106730-1088-4892-9045-ffeebc4d23bc,-6.982364,107.6459637,677.8,29,2238,94,20.39216,38.82353,,,,,,,,,,,,,
583,2025-11-07 08:27:01+00,4d106730-1088-4892-9045-ffeebc4d23bc,-6.982325833,107.6456137,676.8,34,2677,94,20.78431,36.47059,,,,,,,,,,,,,
584,2025-11-07 08:27:06+00,4d106730-1088-4892-9045-ffeebc4d23bc,-6.982274333,107.6451892,676.3,37,2876,94,21.56863,41.56863,,,,,,,,,,,,,
585,2025-11-07 08:27:11+00,4d106730-1088-4892-9045-ffeebc4d23bc,-6.982216,107.6447183,675.3,39,3003,95,20.39216,31.37255,,,,,,,,,,,,,
586,2025-11-07 08:27:16+00,4d106730-1088-4892-9045-ffeebc4d23bc,-6.9821265,107.6442322,675.4,41,3148,95,20.39216,32.15686,,,,,,,,,,,,,
587,2025-11-07 08:27:21+00,4d106730-1088-4892-9045-ffeebc4d23bc,-6.9819755,107.6437332,676.3,42,3262,95,21.96078,40.39216,,,,,,,,,,,,,
588,2025-11-07 08:27:26+00,4d106730-1088-4892-9045-ffeebc4d23bc,-6.981778333,107.6432285,677.2,40,876,95,15.68627,28.23529,,,,,,,,,,,,,
589,2025-11-07 08:27:31+00,4d106730-1088-4892-9045-ffeebc4d23bc,-6.981588667,107.6427522,678.1,40,2084,96,21.96078,55.29412,,,,,,,,,,,,,
590,2025-11-07 08:27:36+00,4d106730-1088-4892-9045-ffeebc4d23bc,-6.9813795,107.6422873,676.8,45,2285,95,17.64706,20.39216,,,,,,,,,,,,,
591,2025-11-07 08:27:41+00,4d106730-1088-4892-9045-ffeebc4d23bc,-6.981111667,107.6417887,676.2,39,2031,94,19.60784,35.68628,,,,,,,,,,,,,
592,2025-11-07 08:27:46+00,4d106730-1088-4892-9045-ffeebc4d23bc,-6.980850167,107.6413457,677.2,40,2089,91,19.60784,36.47059,,,,,,,,,,,,,
593,2025-11-07 08:27:51+00,4d106730-1088-4892-9045-ffeebc4d23bc,-6.980604833,107.6409025,676,42,2195,91,20,36.07843,,,,,,,,,,,,,
594,2025-11-07 08:27:56+00,4d106730-1088-4892-9045-ffeebc4d23bc,-6.980342,107.6404328,674.8,42,2169,91,17.64706,20,,,,,,,,,,,,,
595,2025-11-07 08:28:01+00,4d106730-1088-4892-9045-ffeebc4d23bc,-6.980070167,107.6399625,676.1,38,1968,91,19.60784,36.86274,,,,,,,,,,,,,
596,2025-11-07 08:28:06+00,4d106730-1088-4892-9045-ffeebc4d23bc,-6.979780333,107.6395572,677.8,37,1925,90,18.43137,28.62745,,,,,,,,,,,,,
597,2025-11-07 08:28:11+00,4d106730-1088-4892-9045-ffeebc4d23bc,-6.979424333,107.6392297,681.2,39,2021,90,21.17647,50.19608,,,,,,,,,,,,,
598,2025-11-07 08:28:16+00,4d106730-1088-4892-9045-ffeebc4d23bc,-6.978999,107.6389952,683.7,45,2287,91,20,35.29412,,,,,,,,,,,,,
599,2025-11-07 08:28:21+00,4d106730-1088-4892-9045-ffeebc4d23bc,-6.978500667,107.6387542,684.3,43,2189,91,17.2549,23.13725,,,,,,,,,,,,,
600,2025-11-07 08:28:29+00,4d106730-1088-4892-9045-ffeebc4d23bc,-6.977854333,107.6382445,684.3,35,1815,91,16.47059,18.43137,,,,,,,,,,,,,
601,2025-11-07 08:28:31+00,4d106730-1088-4892-9045-ffeebc4d23bc,-6.97772,107.6381437,683.4,25,1284,91,15.68627,19.60784,,,,,,,,,,,,,
602,2025-11-07 08:28:36+00,4d106730-1088-4892-9045-ffeebc4d23bc,-6.9773925,107.638103,683.7,20,1564,91,19.21569,38.82353,,,,,,,,,,,,,
603,2025-11-07 08:28:41+00,4d106730-1088-4892-9045-ffeebc4d23bc,-6.9771245,107.6380908,683.6,12,929,91,18.82353,42.7451,,,,,,,,,,,,,
604,2025-11-07 08:28:46+00,4d106730-1088-4892-9045-ffeebc4d23bc,-6.976932,107.6381203,684.1,24,1858,91,20,40.39216,,,,,,,,,,,,,
605,2025-11-07 08:28:51+00,4d106730-1088-4892-9045-ffeebc4d23bc,-6.976806167,107.6383637,682.8,30,2321,92,21.56863,44.31372,,,,,,,,,,,,,
606,2025-11-07 08:28:59+00,4d106730-1088-4892-9045-ffeebc4d23bc,-6.976506667,107.638881,682,28,2135,94,17.2549,21.17647,,,,,,,,,,,,,
607,2025-11-07 08:29:01+00,4d106730-1088-4892-9045-ffeebc4d23bc,-6.9765015,107.6390152,681.3,25,1905,94,18.82353,31.76471,,,,,,,,,,,,,
608,2025-11-07 08:29:06+00,4d106730-1088-4892-9045-ffeebc4d23bc,-6.976589833,107.6393208,681.6,28,2177,94,19.60784,34.11765,,,,,,,,,,,,,
609,2025-11-07 08:29:11+00,4d106730-1088-4892-9045-ffeebc4d23bc,-6.976707333,107.6396593,682.4,27,2075,94,19.60784,34.5098,,,,,,,,,,,,,
610,2025-11-07 08:29:16+00,4d106730-1088-4892-9045-ffeebc4d23bc,-6.976791167,107.6400125,683.2,27,2025,94,18.03922,25.4902,,,,,,,,,,,,,
611,2025-11-07 08:29:21+00,4d106730-1088-4892-9045-ffeebc4d23bc,-6.976837333,107.6403507,683.2,28,2146,94,19.60784,32.94118,,,,,,,,,,,,,
612,2025-11-07 08:29:26+00,4d106730-1088-4892-9045-ffeebc4d23bc,-6.976853667,107.6406953,682,31,2414,94,21.17647,34.5098,,,,,,,,,,,,,
613,2025-11-07 08:29:31+00,4d106730-1088-4892-9045-ffeebc4d23bc,-6.976859667,107.6410848,680.8,33,2495,94,20.39216,35.68628,,,,,,,,,,,,,
614,2025-11-07 08:29:36+00,4d106730-1088-4892-9045-ffeebc4d23bc,-6.976905667,107.6414978,680.8,32,2521,95,18.82353,26.27451,,,,,,,,,,,,,
615,2025-11-07 08:29:41+00,4d106730-1088-4892-9045-ffeebc4d23bc,-6.976997167,107.6419092,681.2,33,2582,95,19.21569,26.66667,,,,,,,,,,,,,
616,2025-11-07 08:29:46+00,4d106730-1088-4892-9045-ffeebc4d23bc,-6.977100167,107.6423315,683.2,27,2048,95,17.64706,22.35294,,,,,,,,,,,,,
617,2025-11-07 08:29:51+00,4d106730-1088-4892-9045-ffeebc4d23bc,-6.977195167,107.6426912,683.8,22,1741,95,19.21569,37.64706,,,,,,,,,,,,,
618,2025-11-07 08:29:56+00,4d106730-1088-4892-9045-ffeebc4d23bc,-6.9774185,107.6428317,685,28,2150,94,20,36.47059,,,,,,,,,,,,,
619,2025-11-07 08:30:01+00,4d106730-1088-4892-9045-ffeebc4d23bc,-6.977755833,107.6427862,682.7,33,2524,95,20.39216,35.29412,,,,,,,,,,,,,
620,2025-11-07 08:30:06+00,4d106730-1088-4892-9045-ffeebc4d23bc,-6.978154333,107.6427235,681.1,29,2250,95,17.2549,20.78431,,,,,,,,,,,,,
621,2025-11-07 08:30:11+00,4d106730-1088-4892-9045-ffeebc4d23bc,-6.978543667,107.6426845,680,22,1747,95,19.60784,38.43137,,,,,,,,,,,,,
622,2025-11-07 08:30:16+00,4d106730-1088-4892-9045-ffeebc4d23bc,-6.978720333,107.6428835,681.5,28,2165,95,20,36.07843,,,,,,,,,,,,,
623,2025-11-07 08:30:21+00,4d106730-1088-4892-9045-ffeebc4d23bc,-6.978687,107.643223,681.5,32,2495,95,21.56863,45.09804,,,,,,,,,,,,,
624,2025-11-07 08:30:26+00,4d106730-1088-4892-9045-ffeebc4d23bc,-6.978708833,107.6436193,682,35,2750,96,17.64706,31.37255,,,,,,,,,,,,,
625,2025-11-07 08:30:31+00,4d106730-1088-4892-9045-ffeebc4d23bc,-6.978861667,107.6440355,683,27,2101,96,16.86275,18.43137,,,,,,,,,,,,,
626,2025-11-07 08:30:36+00,4d106730-1088-4892-9045-ffeebc4d23bc,-6.979038833,107.6443693,684,25,1940,95,18.43137,28.62745,,,,,,,,,,,,,
627,2025-11-07 08:30:41+00,4d106730-1088-4892-9045-ffeebc4d23bc,-6.979162833,107.6446705,684.9,27,2082,94,20,39.21569,,,,,,,,,,,,,
628,2025-11-07 08:30:46+00,4d106730-1088-4892-9045-ffeebc4d23bc,-6.9792255,107.6450023,685.7,28,2152,92,19.21569,29.80392,,,,,,,,,,,,,
629,2025-11-07 08:30:51+00,4d106730-1088-4892-9045-ffeebc4d23bc,-6.979294333,107.6453478,684.7,30,2331,91,19.21569,29.80392,,,,,,,,,,,,,
630,2025-11-07 08:30:56+00,4d106730-1088-4892-9045-ffeebc4d23bc,-6.979402667,107.6457097,683.5,32,2471,91,19.60784,30.19608,,,,,,,,,,,,,
631,2025-11-07 08:31:01+00,4d106730-1088-4892-9045-ffeebc4d23bc,-6.979548333,107.6460912,684.1,29,2274,92,19.21569,28.23529,,,,,,,,,,,,,
632,2025-11-07 08:31:06+00,4d106730-1088-4892-9045-ffeebc4d23bc,-6.979622167,107.6464805,684.7,20,1572,92,16.07843,19.60784,,,,,,,,,,,,,
633,2025-11-07 08:31:11+00,4d106730-1088-4892-9045-ffeebc4d23bc,-6.9796255,107.6467618,685.7,17,1301,92,16.47059,24.31373,,,,,,,,,,,,,
634,2025-11-07 08:31:16+00,4d106730-1088-4892-9045-ffeebc4d23bc,-6.979776833,107.6468665,685.1,21,1585,92,21.17647,60.78431,,,,,,,,,,,,,
635,2025-11-07 08:31:21+00,4d106730-1088-4892-9045-ffeebc4d23bc,-6.980008667,107.6468035,683.2,28,2170,94,20,39.21569,,,,,,,,,,,,,
636,2025-11-07 08:31:26+00,4d106730-1088-4892-9045-ffeebc4d23bc,-6.980345833,107.6467368,680.9,30,2313,94,18.82353,28.62745,,,,,,,,,,,,,
637,2025-11-07 08:31:31+00,4d106730-1088-4892-9045-ffeebc4d23bc,-6.980705667,107.6466443,678.7,27,2062,94,16.86275,18.43137,,,,,,,,,,,,,
638,2025-11-07 08:31:36+00,4d106730-1088-4892-9045-ffeebc4d23bc,-6.981047667,107.646596,676.6,24,1890,94,19.21569,34.90196,,,,,,,,,,,,,
639,2025-11-07 08:31:41+00,4d106730-1088-4892-9045-ffeebc4d23bc,-6.981355,107.6465928,675.3,21,1647,94,16.86275,24.31373,,,,,,,,,,,,,
640,2025-11-07 08:31:46+00,4d106730-1088-4892-9045-ffeebc4d23bc,-6.98163,107.6466188,674.2,21,1643,94,17.2549,23.92157,,,,,,,,,,,,,
641,2025-11-07 08:31:51+00,4d106730-1088-4892-9045-ffeebc4d23bc,-6.981892167,107.6466192,672.2,20,1545,94,17.2549,25.88235,,,,,,,,,,,,,
642,2025-11-07 08:31:56+00,4d106730-1088-4892-9045-ffeebc4d23bc,-6.982140333,107.6465628,671.5,13,1006,94,16.47059,29.01961,,,,,,,,,,,,,
643,2025-11-07 08:32:01+00,4d106730-1088-4892-9045-ffeebc4d23bc,-6.982312833,107.6464857,670.9,2,851,94,16.86275,45.09804,,,,,,,,,,,,,
644,2025-11-07 08:32:06+00,4d106730-1088-4892-9045-ffeebc4d23bc,-6.982346167,107.646465,670,14,1100,95,18.43137,53.33333,,,,,,,,,,,,,
645,2025-11-07 08:32:11+00,4d106730-1088-4892-9045-ffeebc4d23bc,-6.982413833,107.6463605,667.8,20,1598,95,18.03922,34.5098,,,,,,,,,,,,,
646,2025-11-07 08:32:16+00,4d106730-1088-4892-9045-ffeebc4d23bc,-6.9823645,107.6461217,669.5,10,795,95,17.64706,56.07843,,,,,,,,,,,,,
647,2025-11-07 08:32:21+00,4d106730-1088-4892-9045-ffeebc4d23bc,-6.982384833,107.645988,670.3,1,700,96,16.07843,34.11765,,,,,,,,,,,,,
648,2025-11-07 08:34:06+00,4d106730-1088-4892-9045-ffeebc4d23bc,-6.982434833,107.646022,691.7,2,981,87,16.47059,35.68628,,29.15156,42,105,29.15156,45,101,27.26613,34,115,26.97607,31,111
649,2025-11-07 08:34:26+00,4d106730-1088-4892-9045-ffeebc4d23bc,-6.982347167,107.6458978,691.4,7,1032,88,17.2549,30.58824,,29.15156,43,105,29.15156,45,101,27.26613,34,115,,,
650,2025-11-07 08:34:43+00,4d106730-1088-4892-9045-ffeebc4d23bc,-6.982304333,107.6456993,676,19,2896,88,23.52941,52.94118,,29.15156,43,105,29.15156,45,101,27.26613,34,115,,,
651,2025-11-07 08:34:48+00,4d106730-1088-4892-9045-ffeebc4d23bc,-6.9822595,107.6454348,675.3,25,3654,88,21.56863,30.98039,,29.15156,43,105,29.15156,45,101,27.26613,34,115,,,
652,2025-11-07 08:34:53+00,4d106730-1088-4892-9045-ffeebc4d23bc,-6.9822015,107.6450935,673.9,30,4315,88,19.21569,19.21569,,29.15156,43,105,29.15156,45,101,27.26613,34,115,,,
653,2025-11-07 08:34:58+00,4d106730-1088-4892-9045-ffeebc4d23bc,-6.9821535,107.644728,673.7,32,2518,90,22.35294,55.68628,,29.15156,43,105,29.15156,45,101,27.26613,34,115,,,
654,2025-11-07 08:35:03+00,4d106730-1088-4892-9045-ffeebc4d23bc,-6.982076,107.6443063,671.9,31,2437,91,20,29.41176,,29.15156,43,105,29.15156,45,101,27.26613,34,115,,,
655,2025-11-07 08:35:08+00,4d106730-1088-4892-9045-ffeebc4d23bc,-6.981967,107.6438987,672.9,36,2823,91,21.56863,40.78431,,29.15156,43,105,29.15156,45,101,27.26613,34,115,26.83104,30,111
656,2025-11-07 08:35:13+00,4d106730-1088-4892-9045-ffeebc4d23bc,-6.981801667,107.6434273,675,43,3286,91,23.52941,48.23529,,29.15156,43,105,29.15156,45,101,27.26613,34,115,26.83104,30,111
657,2025-11-07 08:35:18+00,4d106730-1088-4892-9045-ffeebc4d23bc,-6.981604,107.6429032,677.4,44,3396,92,20,23.92157,,29.15156,43,105,29.15156,45,101,27.26613,34,115,26.83104,30,111
658,2025-11-07 08:35:23+00,4d106730-1088-4892-9045-ffeebc4d23bc,-6.9813975,107.6424017,678.6,41,3183,92,19.60784,24.31373,,29.15156,43,105,29.15156,45,101,27.26613,34,115,26.83104,30,111
659,2025-11-07 08:35:28+00,4d106730-1088-4892-9045-ffeebc4d23bc,-6.9811665,107.641947,679.7,40,3026,92,21.17647,33.72549,,29.15156,43,105,29.15156,45,101,27.26613,34,115,26.83104,30,111
660,2025-11-07 08:35:33+00,4d106730-1088-4892-9045-ffeebc4d23bc,-6.980922167,107.6415187,680.3,38,2919,92,19.60784,25.09804,,29.15156,43,105,29.15156,45,101,27.26613,34,115,26.83104,30,111
661,2025-11-07 08:35:38+00,4d106730-1088-4892-9045-ffeebc4d23bc,-6.980685333,107.6411077,680.4,37,2835,94,19.60784,25.88235,,29.15156,43,105,29.15156,45,101,27.26613,34,115,26.83104,30,111
662,2025-11-07 08:35:43+00,4d106730-1088-4892-9045-ffeebc4d23bc,-6.980452,107.640706,680.4,37,2829,94,20,29.41176,,29.15156,43,105,29.15156,45,101,27.26613,34,115,26.83104,30,111
663,2025-11-07 08:35:48+00,4d106730-1088-4892-9045-ffeebc4d23bc,-6.980216833,107.640296,680.3,37,2900,94,21.17647,38.03922,,29.15156,43,105,29.15156,45,101,27.26613,34,115,26.83104,30,111
664,2025-11-07 08:35:53+00,4d106730-1088-4892-9045-ffeebc4d23bc,-6.9799745,107.6398802,679.5,37,2810,94,17.64706,18.43137,,29.15156,43,105,29.15156,45,101,27.26613,34,115,26.83104,30,111
665,2025-11-07 08:35:58+00,4d106730-1088-4892-9045-ffeebc4d23bc,-6.979705833,107.639529,680.2,33,2577,94,19.60784,27.05882,,29.15156,43,105,29.15156,45,101,27.26613,34,115,26.83104,30,111
666,2025-11-07 08:36:03+00,4d106730-1088-4892-9045-ffeebc4d23bc,-6.979392667,107.639241,682.1,34,2607,94,20.78431,33.72549,,,,,,,,27.26613,34,115,26.83104,30,111
667,2025-11-07 08:36:08+00,4d106730-1088-4892-9045-ffeebc4d23bc,-6.979021167,107.6390278,684.6,34,2651,94,21.17647,37.2549,,,,,,,,27.26613,34,115,,,
668,2025-11-07 08:36:13+00,4d106730-1088-4892-9045-ffeebc4d23bc,-6.978631,107.6388358,685.4,34,2651,94,19.60784,28.23529,,,,,,,,27.26613,34,115,,,
669,2025-11-07 08:36:18+00,4d106730-1088-4892-9045-ffeebc4d23bc,-6.978251167,107.6386153,684.4,35,2713,95,19.60784,28.62745,,,,,,,,27.26613,34,115,,,
670,2025-11-07 08:36:23+00,4d106730-1088-4892-9045-ffeebc4d23bc,-6.9779155,107.6383217,684.8,32,2420,95,17.64706,20.39216,,,,,,,,27.26613,34,115,,,
671,2025-11-07 08:36:28+00,4d106730-1088-4892-9045-ffeebc4d23bc,-6.977642833,107.6381262,684.2,23,1813,95,20.39216,45.09804,,,,,,,,,,,,,
672,2025-11-07 08:36:33+00,4d106730-1088-4892-9045-ffeebc4d23bc,-6.977340333,107.6381275,684.8,26,2001,95,18.82353,30.98039,,,,,,,,,,,,,
673,2025-11-07 08:36:38+00,4d106730-1088-4892-9045-ffeebc4d23bc,-6.9770485,107.6381008,683.2,16,1193,95,17.2549,23.92157,,,,,,,,,,,,,
674,2025-11-07 08:36:43+00,4d106730-1088-4892-9045-ffeebc4d23bc,-6.976902833,107.6381952,682.4,18,1379,95,20,51.76471,,,,,,,,,,,,,
675,2025-11-07 08:36:48+00,4d106730-1088-4892-9045-ffeebc4d23bc,-6.9768025,107.638422,682,23,1760,95,19.21569,36.47059,,,,,,,,,,,,,
676,2025-11-07 08:36:53+00,4d106730-1088-4892-9045-ffeebc4d23bc,-6.9766085,107.6386628,681.3,26,2004,95,17.2549,22.35294,,,,,,,,,,,,,
677,2025-11-07 08:36:58+00,4d106730-1088-4892-9045-ffeebc4d23bc,-6.976527,107.638959,680.4,22,1753,95,18.82353,33.33333,,,,,,,,,,,,,
678,2025-11-07 08:37:03+00,4d106730-1088-4892-9045-ffeebc4d23bc,-6.976576167,107.6392495,682.4,23,1797,95,19.21569,38.82353,,,,,,,,,,,,,
679,2025-11-07 08:37:08+00,4d106730-1088-4892-9045-ffeebc4d23bc,-6.976690167,107.6395587,685.4,27,2121,96,19.21569,32.15686,,,,,,,,,,,,,
680,2025-11-07 08:37:13+00,4d106730-1088-4892-9045-ffeebc4d23bc,-6.9767865,107.6399128,686.5,29,2219,95,18.82353,27.05882,,,,,,,,,,,,,
681,2025-11-07 08:37:19+00,4d106730-1088-4892-9045-ffeebc4d23bc,-6.976852833,107.640342,688,24,1860,94,19.21569,29.80392,,,,,,,,,,,,,
682,2025-11-07 08:37:23+00,4d106730-1088-4892-9045-ffeebc4d23bc,-6.976871167,107.6405842,687.8,25,1930,92,19.60784,36.86274,,,,,,,,,,,,,
683,2025-11-07 08:37:28+00,4d106730-1088-4892-9045-ffeebc4d23bc,-6.976873667,107.6409282,687.8,30,2305,92,19.60784,32.15686,,,,,,,,,,,,,
684,2025-11-07 08:37:34+00,4d106730-1088-4892-9045-ffeebc4d23bc,-6.976900167,107.6413822,687.5,30,2265,91,20,31.76471,,,,,,,,,,,,,
685,2025-11-07 08:37:39+00,4d106730-1088-4892-9045-ffeebc4d23bc,-6.9769725,107.6417487,686.9,28,2192,92,19.60784,32.94118,,,,,,,,,,,,,
686,2025-11-07 08:37:44+00,4d106730-1088-4892-9045-ffeebc4d23bc,-6.977056833,107.6421033,687.3,28,2150,92,18.03922,24.70588,,,,,,,,,,,,,
687,2025-11-07 08:37:49+00,4d106730-1088-4892-9045-ffeebc4d23bc,-6.977139833,107.6424532,688.6,28,2158,92,18.03922,23.92157,,,,,,,,,,,,,
688,2025-11-07 08:37:54+00,4d106730-1088-4892-9045-ffeebc4d23bc,-6.9772245,107.6427367,688.6,18,1440,94,18.43137,36.86274,,,,,,,,,,,,,
689,2025-11-07 08:37:59+00,4d106730-1088-4892-9045-ffeebc4d23bc,-6.9774405,107.6428403,688.5,21,1667,94,18.43137,31.76471,,,,,,,,,,,,,
690,2025-11-07 08:38:04+00,4d106730-1088-4892-9045-ffeebc4d23bc,-6.977747167,107.6428005,683.8,28,2195,92,20.39216,40.39216,,,,,,,,,,,,,
691,2025-11-07 08:38:09+00,4d106730-1088-4892-9045-ffeebc4d23bc,-6.9781375,107.6427418,679.2,34,2622,94,18.82353,25.09804,,,,,,,,,,,,,
692,2025-11-07 08:38:14+00,4d106730-1088-4892-9045-ffeebc4d23bc,-6.978509167,107.6426937,677.9,24,1847,94,17.2549,23.52941,,,,,,,,,,,,,
693,2025-11-07 08:38:19+00,4d106730-1088-4892-9045-ffeebc4d23bc,-6.978712167,107.6428538,676.3,24,1866,95,20,43.13726,,,,,,,,,,,,,
694,2025-11-07 08:38:24+00,4d106730-1088-4892-9045-ffeebc4d23bc,-6.9786945,107.6432053,676.9,31,2395,94,20.78431,38.43137,,,,,,,,,,,,,
695,2025-11-07 08:38:29+00,4d106730-1088-4892-9045-ffeebc4d23bc,-6.978712,107.6436175,677.3,33,2563,95,20.78431,36.86274,,,,,,,,,,,,,
696,2025-11-07 08:38:34+00,4d106730-1088-4892-9045-ffeebc4d23bc,-6.978852333,107.6440183,677.5,33,2578,95,19.21569,29.41176,,,,,,,,,,,,,
697,2025-11-07 08:38:39+00,4d106730-1088-4892-9045-ffeebc4d23bc,-6.979060667,107.6443917,679.4,34,2631,95,19.60784,27.84314,,,,,,,,,,,,,
698,2025-11-07 08:38:44+00,4d106730-1088-4892-9045-ffeebc4d23bc,-6.979202,107.6448075,682.3,35,2681,95,19.60784,28.23529,,,,,,,,,,,,,
699,2025-11-07 08:38:49+00,4d106730-1088-4892-9045-ffeebc4d23bc,-6.979283667,107.6452502,682,35,2705,94,20.39216,33.33333,,,,,,,,,,,,,
700,2025-11-07 08:38:54+00,4d106730-1088-4892-9045-ffeebc4d23bc,-6.979406,107.645674,681,34,2605,92,18.43137,23.52941,,,,,,,,,,,,,
701,2025-11-07 08:38:59+00,4d106730-1088-4892-9045-ffeebc4d23bc,-6.979561167,107.6460657,683,32,2511,91,18.43137,23.52941,,,,,,,,,,,,,
702,2025-11-07 08:39:04+00,4d106730-1088-4892-9045-ffeebc4d23bc,-6.979657167,107.6464583,683.9,29,2225,92,16.86275,18.03922,,,,,,,,,,,,,
703,2025-11-07 08:39:09+00,4d106730-1088-4892-9045-ffeebc4d23bc,-6.979646667,107.6467633,684.7,20,1536,92,17.2549,25.09804,,,,,,,,,,,,,
704,2025-11-07 08:39:14+00,4d106730-1088-4892-9045-ffeebc4d23bc,-6.979779833,107.6468693,685.4,16,1255,92,18.43137,39.21569,,,,,,,,,,,,,
705,2025-11-07 08:39:19+00,4d106730-1088-4892-9045-ffeebc4d23bc,-6.980006667,107.6468018,683,22,1748,92,19.60784,40.39216,,,,,,,,,,,,,
706,2025-11-07 08:39:24+00,4d106730-1088-4892-9045-ffeebc4d23bc,-6.980327167,107.6467352,681.8,29,2254,94,20.39216,46.66667,,,,,,,,,,,,,
707,2025-11-07 08:39:29+00,4d106730-1088-4892-9045-ffeebc4d23bc,-6.980694333,107.6466282,682.4,31,2372,94,19.21569,30.58824,,,,,,,,,,,,,
708,2025-11-07 08:39:34+00,4d106730-1088-4892-9045-ffeebc4d23bc,-6.981072667,107.6465705,680.3,27,2110,94,16.86275,18.43137,,,,,,,,,,,,,
709,2025-11-07 08:39:39+00,4d106730-1088-4892-9045-ffeebc4d23bc,-6.981405167,107.6465685,679.4,25,1936,94,17.2549,21.56863,,,,,,,,,,,,,
710,2025-11-07 08:39:44+00,4d106730-1088-4892-9045-ffeebc4d23bc,-6.981709667,107.6465805,677.2,22,1720,94,18.43137,25.09804,,,,,,,,,,,,,
711,2025-11-07 08:39:49+00,4d106730-1088-4892-9045-ffeebc4d23bc,-6.9819645,107.646576,677,17,1330,94,16.47059,20.78431,,,,,,,,,,,,,
712,2025-11-07 08:39:54+00,4d106730-1088-4892-9045-ffeebc4d23bc,-6.982178,107.646549,675.8,17,1329,94,16.86275,25.88235,,,,,,,,,,,,,
713,2025-11-07 08:39:59+00,4d106730-1088-4892-9045-ffeebc4d23bc,-6.982367167,107.6464508,675.7,16,1202,94,17.2549,23.92157,,,,,,,,,,,,,
714,2025-11-07 08:40:04+00,4d106730-1088-4892-9045-ffeebc4d23bc,-6.982405167,107.6462873,676.4,14,1101,95,17.64706,36.07843,,,,,,,,,,,,,
715,2025-11-07 08:40:09+00,4d106730-1088-4892-9045-ffeebc4d23bc,-6.982350333,107.646108,677,16,1240,95,16.86275,26.66667,,,,,,,,,,,,,
716,2025-11-07 08:40:14+00,4d106730-1088-4892-9045-ffeebc4d23bc,-6.9823255,107.6459065,676.8,15,1214,95,15.68627,18.82353,,,,,,,,,,,,,
717,2025-11-07 08:40:19+00,4d106730-1088-4892-9045-ffeebc4d23bc,-6.982325167,107.6457362,676.7,12,922,95,17.2549,37.2549,,,,,,,,,,,,,
718,2025-11-07 08:41:25+00,4d106730-1088-4892-9045-ffeebc4d23bc,-6.9823255,107.645599,687.9,2,780,90,17.2549,52.15686,,,,,,,,,,,,,
719,2025-11-07 08:41:30+00,4d106730-1088-4892-9045-ffeebc4d23bc,-6.982320667,107.6455765,686.8,6,1032,90,19.60784,55.29412,,,,,,,,,,,,,
720,2025-11-07 08:41:35+00,4d106730-1088-4892-9045-ffeebc4d23bc,-6.982291333,107.6454802,685.5,15,2211,90,20.78431,43.13726,,,,,,,,,,,,,
721,2025-11-07 08:41:40+00,4d106730-1088-4892-9045-ffeebc4d23bc,-6.982260167,107.6452975,684.1,24,2616,90,17.2549,18.82353,,,,,,,,,,,,,
722,2025-11-07 08:41:45+00,4d106730-1088-4892-9045-ffeebc4d23bc,-6.982227333,107.6450087,683.9,32,2450,90,21.56863,46.27451,,,,,,,,,,,,,
723,2025-11-07 08:41:50+00,4d106730-1088-4892-9045-ffeebc4d23bc,-6.982165667,107.644627,684.1,35,2687,91,20.78431,36.47059,,,,,,,,,,,,,
724,2025-11-07 08:41:55+00,4d106730-1088-4892-9045-ffeebc4d23bc,-6.982080833,107.6441955,685.2,34,2654,91,19.21569,26.27451,,,,,,,,,,,,,
725,2025-11-07 08:42:00+00,4d106730-1088-4892-9045-ffeebc4d23bc,-6.981945167,107.6437758,684.2,35,2670,92,19.21569,27.05882,,,,,,,,,,,,,
726,2025-11-07 08:42:05+00,4d106730-1088-4892-9045-ffeebc4d23bc,-6.9817825,107.6433702,683.3,35,2722,92,20.78431,35.68628,,,,,,,,,,,,,
727,2025-11-07 08:42:10+00,4d106730-1088-4892-9045-ffeebc4d23bc,-6.9816145,107.6429567,682.7,34,2625,92,20,33.33333,,,,,,,,,,,,,
728,2025-11-07 08:42:15+00,4d106730-1088-4892-9045-ffeebc4d23bc,-6.981443833,107.6425592,681.4,31,2393,92,18.43137,23.52941,,,,,,,,,,,,,
729,2025-11-07 08:42:20+00,4d106730-1088-4892-9045-ffeebc4d23bc,-6.981271,107.6421998,679.6,30,2297,92,18.43137,24.31373,,,,,,,,,,,,,
730,2025-11-07 08:42:25+00,4d106730-1088-4892-9045-ffeebc4d23bc,-6.981089167,107.6418612,678.2,29,2236,92,20,34.5098,,,,,,,,,,,,,
731,2025-11-07 08:42:30+00,4d106730-1088-4892-9045-ffeebc4d23bc,-6.980908833,107.641535,677.5,28,2191,94,18.43137,26.66667,,,,,,,,,,,,,
732,2025-11-07 08:42:35+00,4d106730-1088-4892-9045-ffeebc4d23bc,-6.980729,107.6412145,678.7,29,2267,94,19.21569,29.80392,,,,,,,,,,,,,
733,2025-11-07 08:42:40+00,4d106730-1088-4892-9045-ffeebc4d23bc,-6.9805465,107.6408912,679.9,30,2357,94,20.39216,38.03922,,,,,,,,,,,,,
734,2025-11-07 08:42:45+00,4d106730-1088-4892-9045-ffeebc4d23bc,-6.9803605,107.6405548,680.4,31,2357,94,18.82353,30.19608,,,,,,,,,,,,,
735,2025-11-07 08:42:50+00,4d106730-1088-4892-9045-ffeebc4d23bc,-6.980173667,107.6402125,681.2,31,2366,94,18.82353,26.66667,,,,,,,,,,,,,
736,2025-11-07 08:42:55+00,4d106730-1088-4892-9045-ffeebc4d23bc,-6.979979,107.6398762,681.4,31,2365,94,18.82353,26.66667,,,,,,,,,,,,,
737,2025-11-07 08:43:00+00,4d106730-1088-4892-9045-ffeebc4d23bc,-6.979737,107.6395668,682.4,29,2220,94,19.21569,30.19608,,,,,,,,,,,,,
738,2025-11-07 08:43:05+00,4d106730-1088-4892-9045-ffeebc4d23bc,-6.979460167,107.6393092,681.4,26,2048,95,17.64706,22.7451,,,,,,,,,,,,,
739,2025-11-07 08:43:10+00,4d106730-1088-4892-9045-ffeebc4d23bc,-6.979165167,107.6391428,683.7,27,2127,95,19.60784,34.11765,,,,,,,,,,,,,
740,2025-11-07 08:43:15+00,4d106730-1088-4892-9045-ffeebc4d23bc,-6.978857833,107.6389947,684,31,2429,95,21.17647,45.4902,,,,,,,,,,,,,
741,2025-11-07 08:43:20+00,4d106730-1088-4892-9045-ffeebc4d23bc,-6.978506333,107.6388213,684,34,2629,95,18.82353,35.68628,,,,,,,,,,,,,
742,2025-11-07 08:43:25+00,4d106730-1088-4892-9045-ffeebc4d23bc,-6.978144,107.6385863,683.5,31,2405,95,16.86275,18.43137,,,,,,,,,,,,,
743,2025-11-07 08:43:30+00,4d106730-1088-4892-9045-ffeebc4d23bc,-6.977859333,107.6383093,682.3,24,1871,95,18.43137,25.09804,,,,,,,,,,,,,
744,2025-11-07 08:43:35+00,4d106730-1088-4892-9045-ffeebc4d23bc,-6.9775905,107.6381403,681.6,24,1916,94,17.2549,22.7451,,,,,,,,,,,,,
745,2025-11-07 08:43:40+00,4d106730-1088-4892-9045-ffeebc4d23bc,-6.977271667,107.6381452,681.7,20,1548,94,16.07843,19.21569,,,,,,,,,,,,,
746,2025-11-07 08:43:45+00,4d106730-1088-4892-9045-ffeebc4d23bc,-6.977013333,107.6381188,684.2,13,1061,94,19.60784,56.47059,,,,,,,,,,,,,
747,2025-11-07 08:43:50+00,4d106730-1088-4892-9045-ffeebc4d23bc,-6.976876833,107.6382228,686.7,20,1523,94,18.82353,36.86274,,,,,,,,,,,,,
748,2025-11-07 08:43:55+00,4d106730-1088-4892-9045-ffeebc4d23bc,-6.976763167,107.6384392,686.2,21,1638,94,21.17647,49.80392,,,,,,,,,,,,,
749,2025-11-07 08:44:00+00,4d106730-1088-4892-9045-ffeebc4d23bc,-6.9765805,107.6386442,686,24,1875,95,18.82353,31.37255,,,,,,,,,,,,,
750,2025-11-07 08:44:05+00,4d106730-1088-4892-9045-ffeebc4d23bc,-6.9764845,107.6389475,688.7,26,2046,95,19.21569,34.5098,,,,,,,,,,,,,
751,2025-11-07 08:44:10+00,4d106730-1088-4892-9045-ffeebc4d23bc,-6.9765425,107.6392792,690.8,28,2186,95,20,37.2549,,,,,,,,,,,,,
752,2025-11-07 08:44:15+00,4d106730-1088-4892-9045-ffeebc4d23bc,-6.976668333,107.6396193,692.2,29,2207,95,18.82353,29.01961,,,,,,,,,,,,,
753,2025-11-07 08:44:20+00,4d106730-1088-4892-9045-ffeebc4d23bc,-6.9767655,107.639977,691.4,30,2319,96,19.21569,29.41176,,,,,,,,,,,,,
754,2025-11-07 08:44:25+00,4d106730-1088-4892-9045-ffeebc4d23bc,-6.976826,107.6403625,692.1,31,2426,95,19.21569,29.41176,,,,,,,,,,,,,
755,2025-11-07 08:44:30+00,4d106730-1088-4892-9045-ffeebc4d23bc,-6.976855833,107.640763,692.7,32,2485,94,20,35.68628,,,,,,,,,,,,,
756,2025-11-07 08:44:35+00,4d106730-1088-4892-9045-ffeebc4d23bc,-6.976872,107.6411768,693.4,32,2492,92,18.82353,26.66667,,,,,,,,,,,,,
757,2025-11-07 08:44:40+00,4d106730-1088-4892-9045-ffeebc4d23bc,-6.97692,107.6415813,692.9,34,2614,92,20,32.15686,,,,,,,,,,,,,
758,2025-11-07 08:44:45+00,4d106730-1088-4892-9045-ffeebc4d23bc,-6.977019833,107.6420037,693.5,34,2589,92,17.2549,19.21569,,,,,,,,,,,,,
759,2025-11-07 08:44:50+00,4d106730-1088-4892-9045-ffeebc4d23bc,-6.97712,107.6424315,694.2,23,1846,92,17.64706,25.4902,,,,,,,,,,,,,
760,2025-11-07 08:44:55+00,4d106730-1088-4892-9045-ffeebc4d23bc,-6.977208167,107.6427382,695.8,21,1621,91,17.64706,26.66667,,,,,,,,,,,,,
761,2025-11-07 08:45:00+00,4d106730-1088-4892-9045-ffeebc4d23bc,-6.977434833,107.6428523,694.7,23,1813,91,21.17647,53.33333,,,,,,,,,,,,,
762,2025-11-07 08:45:05+00,4d106730-1088-4892-9045-ffeebc4d23bc,-6.977722333,107.6428147,691.5,29,2259,92,20.39216,40.39216,,,,,,,,,,,,,
763,2025-11-07 08:45:10+00,4d106730-1088-4892-9045-ffeebc4d23bc,-6.978081833,107.6427538,690.5,28,2121,92,17.64706,28.23529,,,,,,,,,,,,,
764,2025-11-07 08:45:15+00,4d106730-1088-4892-9045-ffeebc4d23bc,-6.978431167,107.6427005,688.1,24,1850,94,17.64706,24.70588,,,,,,,,,,,,,
765,2025-11-07 08:45:20+00,4d106730-1088-4892-9045-ffeebc4d23bc,-6.978688833,107.6428108,688.5,24,1910,94,20,42.7451,,,,,,,,,,,,,
766,2025-11-07 08:45:25+00,4d106730-1088-4892-9045-ffeebc4d23bc,-6.978709667,107.6431138,689.9,29,2236,94,20.39216,38.82353,,,,,,,,,,,,,
767,2025-11-07 08:45:30+00,4d106730-1088-4892-9045-ffeebc4d23bc,-6.978706333,107.6434813,690.2,29,2282,94,18.82353,27.05882,,,,,,,,,,,,,
768,2025-11-07 08:45:35+00,4d106730-1088-4892-9045-ffeebc4d23bc,-6.978789667,107.6438498,689.8,30,2332,95,18.82353,27.05882,,,,,,,,,,,,,
769,2025-11-07 08:45:40+00,4d106730-1088-4892-9045-ffeebc4d23bc,-6.978965333,107.6441965,690.3,30,2362,95,18.43137,24.31373,,,,,,,,,,,,,
770,2025-11-07 08:45:45+00,4d106730-1088-4892-9045-ffeebc4d23bc,-6.979147667,107.6445443,690.3,30,2362,95,20,34.90196,,,,,,,,,,,,,
771,2025-11-07 08:45:50+00,4d106730-1088-4892-9045-ffeebc4d23bc,-6.979237,107.644924,691.1,30,2353,95,19.60784,30.19608,,,,,,,,,,,,,
772,2025-11-07 08:45:55+00,4d106730-1088-4892-9045-ffeebc4d23bc,-6.979311833,107.645307,691.6,32,2499,95,18.82353,26.66667,,,,,,,,,,,,,
773,2025-11-07 08:46:00+00,4d106730-1088-4892-9045-ffeebc4d23bc,-6.9794235,107.645697,692,33,2526,95,20.39216,31.76471,,,,,,,,,,,,,
774,2025-11-07 08:46:05+00,4d106730-1088-4892-9045-ffeebc4d23bc,-6.979572167,107.6460895,692.2,30,2262,96,17.2549,20.78431,,,,,,,,,,,,,
775,2025-11-07 08:46:10+00,4d106730-1088-4892-9045-ffeebc4d23bc,-6.979653,107.6464602,692.9,21,1596,96,16.07843,19.60784,,,,,,,,,,,,,
776,2025-11-07 08:46:15+00,4d106730-1088-4892-9045-ffeebc4d23bc,-6.979636667,107.6467385,692.5,16,1267,95,15.68627,23.13725,,,,,,,,,,,,,
777,2025-11-07 08:46:20+00,4d106730-1088-4892-9045-ffeebc4d23bc,-6.979745833,107.6468815,693.2,17,1342,94,19.60784,50.19608,,,,,,,,,,,,,
778,2025-11-07 08:46:25+00,4d106730-1088-4892-9045-ffeebc4d23bc,-6.97995,107.6468175,691.4,27,2142,92,21.96078,54.90196,,,,,,,,,,,,,
779,2025-11-07 08:46:30+00,4d106730-1088-4892-9045-ffeebc4d23bc,-6.980273,107.6467565,687.8,34,2605,91,19.21569,27.45098,,,,,,,,,,,,,
780,2025-11-07 08:46:35+00,4d106730-1088-4892-9045-ffeebc4d23bc,-6.980678833,107.6466472,685.8,34,2648,91,18.82353,24.70588,,,,,,,,,,,,,
781,2025-11-07 08:46:40+00,4d106730-1088-4892-9045-ffeebc4d23bc,-6.981106667,107.6465862,684,34,2626,92,17.64706,20.39216,,,,,,,,,,,,,
782,2025-11-07 08:46:45+00,4d106730-1088-4892-9045-ffeebc4d23bc,-6.981539167,107.6465858,683.9,32,2483,92,20,32.15686,,,,,,,,,,,,,
783,2025-11-07 08:46:50+00,4d106730-1088-4892-9045-ffeebc4d23bc,-6.981947333,107.6465798,681.6,24,1830,94,16.47059,18.82353,,,,,,,,,,,,,
784,2025-11-07 08:46:55+00,4d106730-1088-4892-9045-ffeebc4d23bc,-6.982256833,107.6465018,680.8,15,1173,94,15.29412,20.39216,,,,,,,,,,,,,
785,2025-11-07 08:47:00+00,4d106730-1088-4892-9045-ffeebc4d23bc,-6.982421333,107.6464,680.9,14,1118,94,18.43137,47.84314,,,,,,,,,,,,,
786,2025-11-07 08:47:05+00,4d106730-1088-4892-9045-ffeebc4d23bc,-6.982394167,107.6462363,681.1,24,1854,94,21.56863,58.43137,,,,,,,,,,,,,
787,2025-11-07 08:47:10+00,4d106730-1088-4892-9045-ffeebc4d23bc,-6.98234,107.6459583,683.2,28,2196,94,20.78431,45.09804,,,,,,,,,,,,,
788,2025-11-07 08:47:15+00,4d106730-1088-4892-9045-ffeebc4d23bc,-6.9822985,107.6455957,684.8,32,2450,95,20,32.54902,,,,,,,,,,,,,
789,2025-11-07 08:47:20+00,4d106730-1088-4892-9045-ffeebc4d23bc,-6.982257833,107.6451972,685.8,31,2377,94,18.82353,19.60784,,,,,,,,,,,,,
790,2025-11-07 08:47:25+00,4d106730-1088-4892-9045-ffeebc4d23bc,-6.982208833,107.6448023,686.6,30,2316,95,19.60784,31.76471,,,,,,,,,,,,,
791,2025-11-07 08:47:30+00,4d106730-1088-4892-9045-ffeebc4d23bc,-6.982143833,107.6444268,687.3,28,2191,95,18.82353,27.05882,,,,,,,,,,,,,
792,2025-11-07 08:47:35+00,4d106730-1088-4892-9045-ffeebc4d23bc,-6.9820545,107.6440718,687,31,2407,95,20.39216,37.2549,,,,,,,,,,,,,
793,2025-11-07 08:47:40+00,4d106730-1088-4892-9045-ffeebc4d23bc,-6.981931333,107.6436995,687.6,36,2769,95,20.78431,36.86274,,,,,,,,,,,,,
794,2025-11-07 08:47:45+00,4d106730-1088-4892-9045-ffeebc4d23bc,-6.981765667,107.6432815,688.1,38,2946,95,21.56863,41.96078,,,,,,,,,,,,,
795,2025-11-07 08:47:50+00,4d106730-1088-4892-9045-ffeebc4d23bc,-6.981587667,107.6428318,688.8,37,2865,96,19.21569,27.05882,,,,,,,,,,,,,
796,2025-11-07 08:47:55+00,4d106730-1088-4892-9045-ffeebc4d23bc,-6.981401167,107.6423918,689.5,37,2832,96,19.60784,28.23529,,,,,,,,,,,,,
797,2025-11-07 08:48:00+00,4d106730-1088-4892-9045-ffeebc4d23bc,-6.981188667,107.6419747,689,36,2780,95,19.60784,27.45098,,,,,,,,,,,,,
798,2025-11-07 08:48:05+00,4d106730-1088-4892-9045-ffeebc4d23bc,-6.980961333,107.6415785,690.1,33,2557,94,20,32.15686,,,,,,,,,,,,,
799,2025-11-07 08:48:13+00,4d106730-1088-4892-9045-ffeebc4d23bc,-6.980619167,107.640999,691.8,32,2469,91,19.21569,27.05882,,,,,,,,,,,,,
800,2025-11-07 08:48:15+00,4d106730-1088-4892-9045-ffeebc4d23bc,-6.9805385,107.6408602,693.1,32,2478,91,18.82353,27.05882,,,,,,,,,,,,,
801,2025-11-07 08:48:23+00,4d106730-1088-4892-9045-ffeebc4d23bc,-6.980218667,107.6403023,694.2,32,2450,91,18.82353,26.27451,,,,,,,,,,,,,
802,2025-11-07 08:48:28+00,4d106730-1088-4892-9045-ffeebc4d23bc,-6.980020167,107.639962,695.4,30,2320,91,18.43137,24.31373,,,,,,,,,,,,,
803,2025-11-07 08:48:33+00,4d106730-1088-4892-9045-ffeebc4d23bc,-6.979791333,107.6396602,696.6,29,2233,91,17.2549,25.88235,,,,,,,,,,,,,
804,2025-11-07 08:48:35+00,4d106730-1088-4892-9045-ffeebc4d23bc,-6.979690167,107.639561,695.9,26,2021,92,18.03922,27.05882,,,,,,,,,,,,,
805,2025-11-07 08:48:43+00,4d106730-1088-4892-9045-ffeebc4d23bc,-6.9792735,107.6392192,694.4,26,1984,92,18.82353,29.80392,,,,,,,,,,,,,
806,2025-11-07 08:48:45+00,4d106730-1088-4892-9045-ffeebc4d23bc,-6.979156667,107.6391522,691.7,31,2385,94,20.39216,36.47059,,,,,,,,,,,,,
807,2025-11-07 08:48:50+00,4d106730-1088-4892-9045-ffeebc4d23bc,-6.978813833,107.638977,689.8,34,2641,94,20.39216,36.47059,,,,,,,,,,,,,
808,2025-11-07 08:48:55+00,4d106730-1088-4892-9045-ffeebc4d23bc,-6.978426667,107.638778,688.5,33,2591,94,19.21569,26.66667,,,,,,,,,,,,,
809,2025-11-07 08:49:00+00,4d106730-1088-4892-9045-ffeebc4d23bc,-6.978074833,107.6385247,686,31,2385,94,17.64706,20.78431,,,,,,,,,,,,,
810,2025-11-07 08:49:05+00,4d106730-1088-4892-9045-ffeebc4d23bc,-6.977786333,107.638251,686.8,26,1977,95,16.47059,20,,,,,,,,,,,,,
811,2025-11-07 08:49:13+00,4d106730-1088-4892-9045-ffeebc4d23bc,-6.977281,107.6381483,685.9,25,1939,94,19.21569,34.5098,,,,,,,,,,,,,
812,2025-11-07 08:49:15+00,4d106730-1088-4892-9045-ffeebc4d23bc,-6.977155833,107.6381192,685.3,24,1893,95,20,41.56863,,,,,,,,,,,,,
813,2025-11-07 08:49:20+00,4d106730-1088-4892-9045-ffeebc4d23bc,-6.976903,107.6379352,686.8,29,2278,95,24.31373,72.54902,,,,,,,,,,,,,
814,2025-11-07 08:49:28+00,4d106730-1088-4892-9045-ffeebc4d23bc,-6.976613167,107.6373577,686.7,38,2910,95,20.39216,34.11765,,,,,,,,,,,,,
815,2025-11-07 08:49:30+00,4d106730-1088-4892-9045-ffeebc4d23bc,-6.976560333,107.6371717,687,37,2769,96,17.64706,18.82353,,,,,,,,,,,,,
816,2025-11-07 08:49:35+00,4d106730-1088-4892-9045-ffeebc4d23bc,-6.976444667,107.6367188,685.4,29,2208,95,18.03922,22.7451,,,,,,,,,,,,,
817,2025-11-07 08:49:40+00,4d106730-1088-4892-9045-ffeebc4d23bc,-6.976269333,107.6363878,687.6,28,2207,95,18.43137,25.88235,,,,,,,,,,,,,
818,2025-11-07 08:49:45+00,4d106730-1088-4892-9045-ffeebc4d23bc,-6.976034333,107.6361198,689.8,26,1979,92,16.47059,18.82353,,,,,,,,,,,,,
819,2025-11-07 08:49:50+00,4d106730-1088-4892-9045-ffeebc4d23bc,-6.975819667,107.6358518,689.8,19,758,91,16.47059,30.98039,,,,,,,,,,,,,
820,2025-11-07 08:49:55+00,4d106730-1088-4892-9045-ffeebc4d23bc,-6.975722,107.6356207,689.2,11,771,90,16.47059,38.82353,,,,,,,,,,,,,
821,2025-11-07 08:50:03+00,4d106730-1088-4892-9045-ffeebc4d23bc,-6.9756585,107.6354303,689.3,8,1183,90,19.60784,45.09804,,,,,,,,,,,,,
822,2025-11-07 08:50:08+00,4d106730-1088-4892-9045-ffeebc4d23bc,-6.9755225,107.6354127,686.4,17,2589,91,23.52941,60.78431,,,,,,,,,,,,,
823,2025-11-07 08:50:10+00,4d106730-1088-4892-9045-ffeebc4d23bc,-6.975423167,107.6354415,686.3,25,1900,91,16.47059,18.82353,,,,,,,,,,,,,
824,2025-11-07 08:50:15+00,4d106730-1088-4892-9045-ffeebc4d23bc,-6.975127333,107.635523,686.8,18,1330,92,16.86275,25.4902,,,,,,,,,,,,,
825,2025-11-07 08:50:20+00,4d106730-1088-4892-9045-ffeebc4d23bc,-6.974894833,107.6355843,686.5,15,1064,94,15.29412,20.78431,,,,,,,,,,,,,
826,2025-11-07 08:50:25+00,4d106730-1088-4892-9045-ffeebc4d23bc,-6.974703833,107.6356323,685.4,9,690,94,15.29412,27.05882,,,,,,,,,,,,,
827,2025-11-07 08:50:30+00,4d106730-1088-4892-9045-ffeebc4d23bc,-6.974579,107.6356557,684.9,6,939,94,16.86275,40.39216,,,,,,,,,,,,,
828,2025-11-07 08:50:35+00,4d106730-1088-4892-9045-ffeebc4d23bc,-6.974497167,107.635677,685.7,5,807,94,16.86275,43.13726,,,,,,,,,,,,,
829,2025-11-07 08:50:40+00,4d106730-1088-4892-9045-ffeebc4d23bc,-6.9744325,107.6357008,685,1,777,94,15.68627,31.37255,,,,,,,,,,,,,
830,2025-11-07 08:50:45+00,4d106730-1088-4892-9045-ffeebc4d23bc,-6.974403833,107.6357127,686,6,730,95,16.86275,41.96078,,,,,,,,,,,,,
831,2025-11-07 08:51:03+00,4d106730-1088-4892-9045-ffeebc4d23bc,-6.974293833,107.6357323,686.9,8,1270,95,18.43137,48.23529,,,,,,,,,,,,,
832,2025-11-07 08:51:08+00,4d106730-1088-4892-9045-ffeebc4d23bc,-6.974196167,107.6357552,686.2,5,887,94,16.07843,30.58824,,,,,,,,,,,,,
833,2025-11-07 08:51:13+00,4d106730-1088-4892-9045-ffeebc4d23bc,-6.9741555,107.6357645,685.4,4,676,92,17.64706,69.01961,,,,,,,,,,,,,
834,2025-11-07 08:51:18+00,4d106730-1088-4892-9045-ffeebc4d23bc,-6.974090167,107.6357855,685.8,5,807,92,18.03922,52.54902,,,,,,,,,,,,,
835,2025-11-07 08:51:20+00,4d106730-1088-4892-9045-ffeebc4d23bc,-6.974059833,107.6357958,686.2,5,811,94,16.07843,31.37255,,,,,,,,,,,,,
836,2025-11-07 08:51:30+00,4d106730-1088-4892-9045-ffeebc4d23bc,-6.973972,107.6358228,686.4,1,642,94,17.2549,71.37255,,,,,,,,,,,,,
837,2025-11-07 08:51:35+00,4d106730-1088-4892-9045-ffeebc4d23bc,-6.973956167,107.6358213,685.7,2,791,94,16.86275,45.88235,,,,,,,,,,,,,
838,2025-11-07 08:52:05+00,4d106730-1088-4892-9045-ffeebc4d23bc,-6.973925667,107.6358288,685.8,3,449,92,15.29412,58.03922,,,,,,,,,,,,,
839,2025-11-07 08:52:10+00,4d106730-1088-4892-9045-ffeebc4d23bc,-6.9739045,107.6358338,686,1,760,92,17.2549,47.84314,,,,,,,,,,,,,
840,2025-11-07 08:52:15+00,4d106730-1088-4892-9045-ffeebc4d23bc,-6.9738705,107.6358418,686.4,6,1113,92,17.64706,41.17647,,,,,,,,,,,,,
841,2025-11-07 08:52:20+00,4d106730-1088-4892-9045-ffeebc4d23bc,-6.973807833,107.6358643,686.6,4,831,92,17.64706,47.05882,,,,,,,,,,,,,
842,2025-11-07 08:52:25+00,4d106730-1088-4892-9045-ffeebc4d23bc,-6.973748167,107.6358832,686.5,3,1265,91,15.68627,26.66667,,,,,,,,,,,,,
843,2025-11-07 08:52:30+00,4d106730-1088-4892-9045-ffeebc4d23bc,-6.973730333,107.6359028,686.3,4,1155,91,16.47059,35.68628,,,,,,,,,,,,,
844,2025-11-07 08:52:35+00,4d106730-1088-4892-9045-ffeebc4d23bc,-6.97372,107.6359355,687.2,6,988,91,16.86275,36.47059,,,,,,,,,,,,,
845,2025-11-07 08:52:40+00,4d106730-1088-4892-9045-ffeebc4d23bc,-6.9737255,107.6359965,689.9,10,1496,91,19.21569,54.90196,,,,,,,,,,,,,
846,2025-11-07 08:52:45+00,4d106730-1088-4892-9045-ffeebc4d23bc,-6.973762333,107.6361013,694.2,12,1827,92,19.21569,36.86274,,,,,,,,,,,,,
847,2025-11-07 08:52:50+00,4d106730-1088-4892-9045-ffeebc4d23bc,-6.973797667,107.6362562,697.5,13,2015,91,20.78431,41.96078,,,,,,,,,,,,,
848,2025-11-07 08:52:55+00,4d106730-1088-4892-9045-ffeebc4d23bc,-6.973837667,107.6364312,697.2,22,2337,92,18.03922,23.92157,,,,,,,,,,,,,
849,2025-11-07 08:53:00+00,4d106730-1088-4892-9045-ffeebc4d23bc,-6.973904,107.6366895,700,29,2237,92,19.21569,32.54902,,,,,,,,,,,,,
850,2025-11-07 08:53:05+00,4d106730-1088-4892-9045-ffeebc4d23bc,-6.973961833,107.637032,700.7,32,2440,94,19.60784,30.58824,,,,,,,,,,,,,
851,2025-11-07 08:53:10+00,4d106730-1088-4892-9045-ffeebc4d23bc,-6.9740205,107.6374267,700,31,2377,94,17.2549,21.96078,,,,,,,,,,,,,
852,2025-11-07 08:53:15+00,4d106730-1088-4892-9045-ffeebc4d23bc,-6.974072667,107.6378187,699.9,21,1600,94,18.43137,33.72549,,,,,,,,,,,,,
853,2025-11-07 08:53:20+00,4d106730-1088-4892-9045-ffeebc4d23bc,-6.9740975,107.6381088,700.4,22,1694,94,16.86275,20.39216,,,,,,,,,,,,,
854,2025-11-07 08:53:25+00,4d106730-1088-4892-9045-ffeebc4d23bc,-6.9741475,107.6383848,699.5,19,1435,92,18.03922,30.19608,,,,,,,,,,,,,
855,2025-11-07 08:53:30+00,4d106730-1088-4892-9045-ffeebc4d23bc,-6.974246833,107.6386053,698.3,19,1503,94,17.64706,29.80392,,,,,,,,,,,,,
856,2025-11-07 08:53:35+00,4d106730-1088-4892-9045-ffeebc4d23bc,-6.974466,107.6386567,692.7,14,1130,94,20.78431,58.82353,,,,,,,,,,,,,
857,2025-11-07 08:53:40+00,4d106730-1088-4892-9045-ffeebc4d23bc,-6.974602333,107.6387558,688.4,20,1598,94,18.82353,34.90196,,,,,,,,,,,,,
858,2025-11-07 08:53:45+00,4d106730-1088-4892-9045-ffeebc4d23bc,-6.974665833,107.6389997,689.2,23,1814,94,17.64706,24.31373,,,,,,,,,,,,,
859,2025-11-07 08:53:50+00,4d106730-1088-4892-9045-ffeebc4d23bc,-6.974743333,107.6392878,692.4,19,1405,94,17.2549,27.84314,,,,,,,,,,,,,
860,2025-11-07 08:53:55+00,4d106730-1088-4892-9045-ffeebc4d23bc,-6.974809667,107.639546,693.3,15,1188,95,18.03922,36.47059,,,,,,,,,,,,,
861,2025-11-07 08:54:00+00,4d106730-1088-4892-9045-ffeebc4d23bc,-6.974860167,107.6397472,692.8,19,1477,95,18.82353,38.43137,,,,,,,,,,,,,
862,2025-11-07 08:54:05+00,4d106730-1088-4892-9045-ffeebc4d23bc,-6.9748995,107.6399588,693.8,26,1995,95,20,41.96078,,,,,,,,,,,,,
863,2025-11-07 08:54:10+00,4d106730-1088-4892-9045-ffeebc4d23bc,-6.974955833,107.6402558,694.1,30,2319,95,20.39216,40.78431,,,,,,,,,,,,,
864,2025-11-07 08:54:15+00,4d106730-1088-4892-9045-ffeebc4d23bc,-6.975027333,107.6406295,695.3,30,2362,95,17.2549,18.43137,,,,,,,,,,,,,
865,2025-11-07 08:54:20+00,4d106730-1088-4892-9045-ffeebc4d23bc,-6.975101167,107.641009,694.8,23,1765,95,17.64706,24.70588,,,,,,,,,,,,,
866,2025-11-07 08:55:02+00,4d106730-1088-4892-9045-ffeebc4d23bc,-6.975279667,107.642859,692.2,16,1274,92,19.21569,44.31372,,,,,,,,,,,,,
867,2025-11-07 08:55:07+00,4d106730-1088-4892-9045-ffeebc4d23bc,-6.975060333,107.6428892,691.5,16,894,94,16.86275,41.17647,,,,,,,,,,,,,
868,2025-11-07 08:55:12+00,4d106730-1088-4892-9045-ffeebc4d23bc,-6.974878333,107.6429027,693.2,17,1350,94,21.56863,70.19608,,,,,,,,,,,,,
869,2025-11-07 08:55:17+00,4d106730-1088-4892-9045-ffeebc4d23bc,-6.974603,107.642916,694,25,1935,94,17.2549,25.88235,,,,,,,,,,,,,
870,2025-11-07 08:55:22+00,4d106730-1088-4892-9045-ffeebc4d23bc,-6.9743265,107.6429217,693.9,10,731,95,15.29412,26.27451,,,,,,,,,,,,,
871,2025-11-07 08:55:27+00,4d106730-1088-4892-9045-ffeebc4d23bc,-6.974179167,107.6429317,694.5,16,1227,95,17.2549,35.29412,,,,,,,,,,,,,
872,2025-11-07 08:55:32+00,4d106730-1088-4892-9045-ffeebc4d23bc,-6.973983167,107.6429322,696.1,15,717,95,18.03922,54.11765,,,,,,,,,,,,,
873,2025-11-07 08:55:37+00,4d106730-1088-4892-9045-ffeebc4d23bc,-6.973822833,107.6428923,696.3,13,1075,95,18.82353,53.72549,,,,,,,,,,,,,
874,2025-11-07 08:55:42+00,4d106730-1088-4892-9045-ffeebc4d23bc,-6.973612167,107.6428775,696.3,19,1510,95,19.21569,45.09804,,,,,,,,,,,,,
875,2025-11-07 08:55:47+00,4d106730-1088-4892-9045-ffeebc4d23bc,-6.973357167,107.6427867,694.6,25,1939,95,19.60784,40.39216,,,,,,,,,,,,,
876,2025-11-07 08:55:52+00,4d106730-1088-4892-9045-ffeebc4d23bc,-6.973061333,107.642655,691.8,27,2061,96,19.60784,34.90196,,,,,,,,,,,,,
877,2025-11-07 08:55:57+00,4d106730-1088-4892-9045-ffeebc4d23bc,-6.972739167,107.6425368,689.7,25,1926,95,16.47059,19.60784,,,,,,,,,,,,,
878,2025-11-07 08:56:02+00,4d106730-1088-4892-9045-ffeebc4d23bc,-6.972478167,107.6425377,688.2,9,814,95,17.2549,38.82353,,,,,,,,,,,,,
879,2025-11-07 08:56:07+00,4d106730-1088-4892-9045-ffeebc4d23bc,-6.972352,107.6425588,688.9,15,1228,94,22.7451,83.52941,,,,,,,,,,,,,
880,2025-11-07 08:56:12+00,4d106730-1088-4892-9045-ffeebc4d23bc,-6.972117333,107.6426103,689.1,20,866,92,15.68627,29.41176,,,,,,,,,,,,,
881,2025-11-07 08:56:17+00,4d106730-1088-4892-9045-ffeebc4d23bc,-6.972068333,107.6426228,689,8,704,91,15.29412,27.05882,,,,,,,,,,,,,
882,2025-11-07 08:56:22+00,4d106730-1088-4892-9045-ffeebc4d23bc,-6.9717395,107.6428253,720.8,1,759,91,16.07843,32.15686,,,,,,,,,,,,,
883,2025-11-07 08:56:27+00,4d106730-1088-4892-9045-ffeebc4d23bc,-6.971735167,107.6427392,704.4,4,547,91,19.60784,72.54902,,,,,,,,,,,,,
884,2025-11-07 08:56:32+00,4d106730-1088-4892-9045-ffeebc4d23bc,-6.971807,107.6427693,698.2,7,741,91,17.2549,45.09804,,,,,,,,,,,,,
885,2025-11-07 08:56:37+00,4d106730-1088-4892-9045-ffeebc4d23bc,-6.971919667,107.6427378,690.7,8,1101,92,17.2549,29.41176,,,,,,,,,,,,,
886,2025-11-07 08:56:42+00,4d106730-1088-4892-9045-ffeebc4d23bc,-6.972016,107.6427123,687.6,5,865,92,19.21569,60,,,,,,,,,,,,,
887,2025-11-07 08:56:47+00,4d106730-1088-4892-9045-ffeebc4d23bc,-6.972163167,107.6426855,685.1,21,3190,94,17.64706,40.78431,,,,,,,,,,,,,
888,2025-11-07 08:56:53+00,4d106730-1088-4892-9045-ffeebc4d23bc,-6.9724505,107.642619,684.6,13,707,94,15.29412,26.27451,,,,,,,,,,,,,
889,2025-11-07 08:56:57+00,4d106730-1088-4892-9045-ffeebc4d23bc,-6.972561667,107.6426167,679.3,17,1330,94,20.39216,63.52941,,,,,,,,,,,,,
890,2025-11-07 08:57:03+00,4d106730-1088-4892-9045-ffeebc4d23bc,-6.972891667,107.6427193,677.9,30,2345,94,20,40,,,,,,,,,,,,,
891,2025-11-07 08:57:08+00,4d106730-1088-4892-9045-ffeebc4d23bc,-6.973250333,107.6428492,676.8,30,919,95,15.29412,29.80392,,,,,,,,,,,,,
892,2025-11-07 08:57:13+00,4d106730-1088-4892-9045-ffeebc4d23bc,-6.973463,107.6429412,671.9,13,715,95,15.29412,25.88235,,,,,,,,,,,,,
893,2025-11-07 08:57:17+00,4d106730-1088-4892-9045-ffeebc4d23bc,-6.973581167,107.6430305,670.2,15,1154,95,16.86275,26.27451,,,,,,,,,,,,,
894,2025-11-07 08:57:23+00,4d106730-1088-4892-9045-ffeebc4d23bc,-6.9737785,107.6431075,669.7,15,1132,95,20.39216,55.29412,,,,,,,,,,,,,
895,2025-11-07 08:57:28+00,4d106730-1088-4892-9045-ffeebc4d23bc,-6.973975667,107.643035,669.6,15,1197,95,21.17647,63.13726,,,,,,,,,,,,,
896,2025-11-07 08:57:33+00,4d106730-1088-4892-9045-ffeebc4d23bc,-6.974256167,107.643017,670,26,2089,96,22.35294,60,,,,,,,,,,,,,
897,2025-11-07 08:57:38+00,4d106730-1088-4892-9045-ffeebc4d23bc,-6.974672167,107.6429778,674.5,32,758,95,16.07843,31.37255,,,,,,,,,,,,,
898,2025-11-07 08:57:43+00,4d106730-1088-4892-9045-ffeebc4d23bc,-6.974976333,107.6429622,677.3,14,871,95,16.86275,40.39216,,,,,,,,,,,,,
899,2025-11-07 08:57:48+00,4d106730-1088-4892-9045-ffeebc4d23bc,-6.975082833,107.6429208,679.9,7,1868,94,16.07843,21.56863,,,,,,,,,,,,,
900,2025-11-07 08:57:53+00,4d106730-1088-4892-9045-ffeebc4d23bc,-6.975013167,107.6428843,683.6,10,1542,92,16.07843,18.82353,,,,,,,,,,,,,
901,2025-11-07 08:57:58+00,4d106730-1088-4892-9045-ffeebc4d23bc,-6.974930833,107.6428973,686.3,5,798,91,17.64706,33.72549,,,,,,,,,,,,,
902,2025-11-07 08:58:03+00,4d106730-1088-4892-9045-ffeebc4d23bc,-6.974788833,107.642901,688.1,16,2367,91,21.56863,46.27451,,,,,,,,,,,,,
903,2025-11-07 08:58:08+00,4d106730-1088-4892-9045-ffeebc4d23bc,-6.974557,107.6429037,688.3,19,2918,92,17.64706,24.70588,,,,,,,,,,,,,
904,2025-11-07 08:58:13+00,4d106730-1088-4892-9045-ffeebc4d23bc,-6.974319667,107.642907,690.6,16,725,92,15.68627,25.88235,,,,,,,,,,,,,
905,2025-11-07 08:58:18+00,4d106730-1088-4892-9045-ffeebc4d23bc,-6.974154333,107.6429242,692,15,1158,94,17.64706,37.64706,,,,,,,,,,,,,
906,2025-11-07 08:58:23+00,4d106730-1088-4892-9045-ffeebc4d23bc,-6.973976,107.642923,695.1,13,809,92,16.86275,43.52941,,,,,,,,,,,,,
907,2025-11-07 08:58:28+00,4d106730-1088-4892-9045-ffeebc4d23bc,-6.973811167,107.6428827,694.8,17,1393,94,20.78431,64.31373,,,,,,,,,,,,,
908,2025-11-07 08:58:33+00,4d106730-1088-4892-9045-ffeebc4d23bc,-6.973497667,107.6428377,690.3,29,2260,94,21.17647,46.66667,,,,,,,,,,,,,
909,2025-11-07 08:58:38+00,4d106730-1088-4892-9045-ffeebc4d23bc,-6.973112667,107.6427037,690.6,33,2505,95,20.39216,36.86274,,,,,,,,,,,,,
910,2025-11-07 08:58:43+00,4d106730-1088-4892-9045-ffeebc4d23bc,-6.972744667,107.6425628,690.5,27,851,95,15.68627,26.27451,,,,,,,,,,,,,
911,2025-11-07 08:58:48+00,4d106730-1088-4892-9045-ffeebc4d23bc,-6.9724645,107.6425407,690.7,16,828,96,16.07843,31.76471,,,,,,,,,,,,,
912,2025-11-07 08:58:53+00,4d106730-1088-4892-9045-ffeebc4d23bc,-6.9723645,107.642552,689.3,7,872,96,17.2549,44.70588,,,,,,,,,,,,,
913,2025-11-07 08:58:58+00,4d106730-1088-4892-9045-ffeebc4d23bc,-6.972261167,107.6425747,688.9,12,985,95,20.78431,78.43137,,,,,,,,,,,,,
914,2025-11-07 08:59:03+00,4d106730-1088-4892-9045-ffeebc4d23bc,-6.972052,107.6426307,691.3,19,943,94,15.68627,30.98039,,,,,,,,,,,,,
915,2025-11-07 08:59:08+00,4d106730-1088-4892-9045-ffeebc4d23bc,-6.971889,107.6426812,692.6,8,775,92,15.68627,26.66667,,,,,,,,,,,,,
916,2025-11-07 08:59:13+00,4d106730-1088-4892-9045-ffeebc4d23bc,-6.971892,107.642732,690.6,7,595,91,17.64706,68.23529,,,,,,,,,,,,,
917,2025-11-07 08:59:18+00,4d106730-1088-4892-9045-ffeebc4d23bc,-6.972004833,107.6426988,687.8,13,1127,91,16.86275,35.68628,,,,,,,,,,,,,
918,2025-11-07 08:59:23+00,4d106730-1088-4892-9045-ffeebc4d23bc,-6.972115833,107.6426823,684.3,11,889,92,21.56863,82.35294,,,,,,,,,,,,,
919,2025-11-07 08:59:28+00,4d106730-1088-4892-9045-ffeebc4d23bc,-6.972346167,107.642636,682.9,23,1742,92,16.47059,25.88235,,,,,,,,,,,,,
920,2025-11-07 08:59:33+00,4d106730-1088-4892-9045-ffeebc4d23bc,-6.972541333,107.6425962,683.7,10,801,94,19.21569,58.82353,,,,,,,,,,,,,
921,2025-11-07 08:59:38+00,4d106730-1088-4892-9045-ffeebc4d23bc,-6.972735667,107.6426417,685,23,1783,94,22.35294,67.84314,,,,,,,,,,,,,
922,2025-11-07 08:59:43+00,4d106730-1088-4892-9045-ffeebc4d23bc,-6.973063833,107.6427585,684.3,30,2344,95,20.39216,38.82353,,,,,,,,,,,,,
923,2025-11-07 08:59:48+00,4d106730-1088-4892-9045-ffeebc4d23bc,-6.973390333,107.6428828,683.3,19,694,95,15.29412,27.05882,,,,,,,,,,,,,
924,2025-11-07 08:59:53+00,4d106730-1088-4892-9045-ffeebc4d23bc,-6.9735105,107.6429248,682.7,10,814,95,20.39216,80.78432,,,,,,,,,,,,,
925,2025-11-07 08:59:58+00,4d106730-1088-4892-9045-ffeebc4d23bc,-6.973663667,107.6430512,682.7,17,1335,95,18.43137,52.54902,,,,,,,,,,,,,
926,2025-11-07 09:00:03+00,4d106730-1088-4892-9045-ffeebc4d23bc,-6.973849,107.6430368,683,15,1155,95,17.2549,29.01961,,,,,,,,,,,,,
927,2025-11-07 09:00:08+00,4d106730-1088-4892-9045-ffeebc4d23bc,-6.973835333,107.6428568,684.2,16,1269,95,18.03922,35.29412,,,,,,,,,,,,,
928,2025-11-07 09:00:13+00,4d106730-1088-4892-9045-ffeebc4d23bc,-6.9737405,107.6426557,687.1,19,1459,95,18.82353,42.35294,,,,,,,,,,,,,
929,2025-11-07 09:00:18+00,4d106730-1088-4892-9045-ffeebc4d23bc,-6.973624,107.6424947,689.5,11,753,96,16.07843,30.98039,,,,,,,,,,,,,
930,2025-11-07 09:00:23+00,4d106730-1088-4892-9045-ffeebc4d23bc,-6.973547333,107.6424077,689.3,8,772,96,16.07843,32.54902,,,,,,,,,,,,,
931,2025-11-07 09:00:28+00,4d106730-1088-4892-9045-ffeebc4d23bc,-6.973508,107.6423367,689.7,7,1037,96,18.03922,40.39216,,,,,,,,,,,,,
932,2025-11-07 09:00:33+00,4d106730-1088-4892-9045-ffeebc4d23bc,-6.973522167,107.6422632,690.3,5,722,94,17.64706,53.33333,,,,,,,,,,,,,
933,2025-11-07 09:00:38+00,4d106730-1088-4892-9045-ffeebc4d23bc,-6.9735725,107.6422303,692.9,6,936,92,15.68627,24.70588,,,,,,,,,,,,,
934,2025-11-07 09:00:43+00,4d106730-1088-4892-9045-ffeebc4d23bc,-6.973611667,107.6421875,692.8,6,1103,92,17.64706,30.19608,,,,,,,,,,,,,
935,2025-11-07 09:00:48+00,4d106730-1088-4892-9045-ffeebc4d23bc,-6.973546333,107.642133,692.2,13,1893,91,17.64706,25.09804,,,,,,,,,,,,,
936,2025-11-07 09:00:53+00,4d106730-1088-4892-9045-ffeebc4d23bc,-6.973508,107.642036,691.7,9,1428,91,18.43137,36.07843,,,,,,,,,,,,,
937,2025-11-07 09:00:58+00,4d106730-1088-4892-9045-ffeebc4d23bc,-6.973495333,107.6418725,685.9,10,1579,92,16.86275,20.78431,,,,,,,,,,,,,
938,2025-11-07 09:01:03+00,4d106730-1088-4892-9045-ffeebc4d23bc,-6.973483167,107.6417555,683.2,10,1441,92,18.43137,39.21569,,,,,,,,,,,,,
939,2025-11-07 09:01:08+00,4d106730-1088-4892-9045-ffeebc4d23bc,-6.973459667,107.6416407,683.8,10,1436,92,16.86275,27.05882,,,,,,,,,,,,,
940,2025-11-07 09:01:13+00,4d106730-1088-4892-9045-ffeebc4d23bc,-6.973412167,107.6415038,682.7,10,1506,94,17.2549,25.4902,,,,,,,,,,,,,
941,2025-11-07 09:01:18+00,4d106730-1088-4892-9045-ffeebc4d23bc,-6.973441833,107.6413878,680.1,8,748,94,17.2549,32.15686,,,,,,,,,,,,,
942,2025-11-07 09:01:23+00,4d106730-1088-4892-9045-ffeebc4d23bc,-6.973516,107.6413443,678.6,6,793,94,16.86275,42.7451,,,,,,,,,,,,,
943,2025-11-07 09:01:34+00,4d106730-1088-4892-9045-ffeebc4d23bc,-6.973536167,107.6413415,678.8,1,795,95,16.86275,40.78431,,,,,,,,,,,,,
944,2025-11-07 09:01:39+00,4d106730-1088-4892-9045-ffeebc4d23bc,-6.9735265,107.6413422,680,1,946,94,18.03922,50.19608,,,,,,,,,,,,,
945,2025-11-07 09:01:59+00,4d106730-1088-4892-9045-ffeebc4d23bc,-6.973492333,107.6413195,683.6,1,877,94,17.64706,50.58823,,,,,,,,,,,,,
946,2025-11-07 09:07:10+00,4d106730-1088-4892-9045-ffeebc4d23bc,-6.973477833,107.6413162,683.1,8,1301,88,16.07843,22.7451,,,,,,,,,,,,,
947,2025-11-07 09:07:25+00,4d106730-1088-4892-9045-ffeebc4d23bc,-6.973381833,107.6415197,689.1,7,1059,88,16.86275,24.31373,,,,,,,,,,,,,
948,2025-11-07 09:07:30+00,4d106730-1088-4892-9045-ffeebc4d23bc,-6.973382667,107.6416102,690.2,5,855,90,16.47059,23.13725,,,,,,,,,,,,,
949,2025-11-07 09:07:35+00,4d106730-1088-4892-9045-ffeebc4d23bc,-6.973356833,107.6416892,692.4,9,1400,90,18.82353,39.21569,,,,,,,,,,,,,
950,2025-11-07 09:07:40+00,4d106730-1088-4892-9045-ffeebc4d23bc,-6.9733755,107.6418157,690.8,11,1630,91,17.64706,23.52941,,,,,,,,,,,,,
951,2025-11-07 09:07:45+00,4d106730-1088-4892-9045-ffeebc4d23bc,-6.973394667,107.641947,691.6,7,773,91,15.68627,28.62745,,,,,,,,,,,,,
952,2025-11-07 09:07:50+00,4d106730-1088-4892-9045-ffeebc4d23bc,-6.973369,107.642006,693.9,5,696,91,15.68627,29.01961,,,,,,,,,,,,,
953,2025-11-07 09:07:55+00,4d106730-1088-4892-9045-ffeebc4d23bc,-6.973324167,107.642036,694,7,1090,91,16.07843,35.29412,,,,,,,,,,,,,
954,2025-11-07 09:08:00+00,4d106730-1088-4892-9045-ffeebc4d23bc,-6.973312,107.6421568,693.9,14,2160,92,21.17647,44.31372,,,,,,,,,,,,,
955,2025-11-07 09:08:06+00,4d106730-1088-4892-9045-ffeebc4d23bc,-6.9733995,107.6423945,693.5,17,1462,92,15.68627,18.43137,,,,,,,,,,,,,
956,2025-11-07 09:08:11+00,4d106730-1088-4892-9045-ffeebc4d23bc,-6.973567333,107.6425498,691.2,20,1499,92,16.07843,17.64706,,,,,,,,,,,,,
957,2025-11-07 09:08:16+00,4d106730-1088-4892-9045-ffeebc4d23bc,-6.973668833,107.6427053,690.7,7,732,92,15.68627,27.45098,,,,,,,,,,,,,
958,2025-11-07 09:08:21+00,4d106730-1088-4892-9045-ffeebc4d23bc,-6.9736805,107.6428305,690.5,13,1035,94,17.64706,37.64706,,,,,,,,,,,,,
959,2025-11-07 09:08:26+00,4d106730-1088-4892-9045-ffeebc4d23bc,-6.973650833,107.6430167,690.6,16,1263,94,18.43137,42.35294,,,,,,,,,,,,,
960,2025-11-07 09:08:31+00,4d106730-1088-4892-9045-ffeebc4d23bc,-6.973746167,107.6432063,689.4,15,696,95,15.68627,29.01961,,,,,,,,,,,,,
961,2025-11-07 09:08:36+00,4d106730-1088-4892-9045-ffeebc4d23bc,-6.973772833,107.6433108,691.5,5,512,95,18.82353,73.72549,,,,,,,,,,,,,
962,2025-11-07 09:08:41+00,4d106730-1088-4892-9045-ffeebc4d23bc,-6.9738085,107.6434712,690.5,18,1407,95,17.64706,34.5098,,,,,,,,,,,,,
963,2025-11-07 09:08:46+00,4d106730-1088-4892-9045-ffeebc4d23bc,-6.973862833,107.643703,689.4,17,697,95,15.68627,29.41176,,,,,,,,,,,,,
964,2025-11-07 09:08:51+00,4d106730-1088-4892-9045-ffeebc4d23bc,-6.973882,107.643803,689,7,691,95,21.56863,87.84314,,,,,,,,,,,,,
965,2025-11-07 09:08:56+00,4d106730-1088-4892-9045-ffeebc4d23bc,-6.973912833,107.6439605,687,18,1443,96,16.86275,28.23529,,,,,,,,,,,,,
966,2025-11-07 09:09:01+00,4d106730-1088-4892-9045-ffeebc4d23bc,-6.973934667,107.6441282,686.4,8,779,95,15.68627,29.01961,,,,,,,,,,,,,
967,2025-11-07 09:09:06+00,4d106730-1088-4892-9045-ffeebc4d23bc,-6.973949833,107.6442708,686.1,16,1234,95,18.03922,39.60784,,,,,,,,,,,,,
968,2025-11-07 09:09:11+00,4d106730-1088-4892-9045-ffeebc4d23bc,-6.974005667,107.6444703,686.1,15,827,94,17.64706,41.96078,,,,,,,,,,,,,
969,2025-11-07 09:09:16+00,4d106730-1088-4892-9045-ffeebc4d23bc,-6.9740305,107.6445812,686.8,9,754,92,19.60784,76.86275,,,,,,,,,,,,,
970,2025-11-07 09:09:21+00,4d106730-1088-4892-9045-ffeebc4d23bc,-6.974066333,107.6447583,689.2,17,1368,91,16.07843,23.92157,,,,,,,,,,,,,
971,2025-11-07 09:09:26+00,4d106730-1088-4892-9045-ffeebc4d23bc,-6.974103333,107.6449148,686,9,693,91,15.29412,25.09804,,,,,,,,,,,,,
972,2025-11-07 09:09:31+00,4d106730-1088-4892-9045-ffeebc4d23bc,-6.974137667,107.6450633,683.9,16,1263,92,20,56.86274,,,,,,,,,,,,,
973,2025-11-07 09:09:36+00,4d106730-1088-4892-9045-ffeebc4d23bc,-6.974174333,107.64529,684.9,16,793,92,15.68627,26.66667,,,,,,,,,,,,,
974,2025-11-07 09:09:41+00,4d106730-1088-4892-9045-ffeebc4d23bc,-6.974196333,107.6454197,688.3,7,583,92,17.64706,57.2549,,,,,,,,,,,,,
975,2025-11-07 09:09:46+00,4d106730-1088-4892-9045-ffeebc4d23bc,-6.974130833,107.6455262,690.4,11,898,94,17.2549,38.43137,,,,,,,,,,,,,
976,2025-11-07 09:09:51+00,4d106730-1088-4892-9045-ffeebc4d23bc,-6.973946333,107.6455458,688,17,1359,94,18.03922,32.94118,,,,,,,,,,,,,
977,2025-11-07 09:09:56+00,4d106730-1088-4892-9045-ffeebc4d23bc,-6.973757167,107.6455798,688.9,9,773,95,17.2549,43.13726,,,,,,,,,,,,,
978,2025-11-07 09:10:01+00,4d106730-1088-4892-9045-ffeebc4d23bc,-6.973648833,107.6456068,690.1,11,907,95,21.17647,79.21568,,,,,,,,,,,,,
979,2025-11-07 09:10:06+00,4d106730-1088-4892-9045-ffeebc4d23bc,-6.973435667,107.6456472,690.3,18,802,95,15.29412,23.92157,,,,,,,,,,,,,
980,2025-11-07 09:10:11+00,4d106730-1088-4892-9045-ffeebc4d23bc,-6.973283833,107.6456632,688.3,8,711,96,16.47059,36.07843,,,,,,,,,,,,,
981,2025-11-07 09:10:16+00,4d106730-1088-4892-9045-ffeebc4d23bc,-6.973129333,107.6456765,686.9,17,1316,96,20,49.80392,,,,,,,,,,,,,
982,2025-11-07 09:10:21+00,4d106730-1088-4892-9045-ffeebc4d23bc,-6.972920833,107.6456822,678.2,15,740,95,15.68627,33.33333,,,,,,,,,,,,,
983,2025-11-07 09:10:26+00,4d106730-1088-4892-9045-ffeebc4d23bc,-6.972824,107.645693,676.5,8,580,94,18.43137,71.37255,,,,,,,,,,,,,
984,2025-11-07 09:10:31+00,4d106730-1088-4892-9045-ffeebc4d23bc,-6.972779833,107.6458328,675.8,15,1202,94,18.03922,38.82353,,,,,,,,,,,,,
985,2025-11-07 09:10:36+00,4d106730-1088-4892-9045-ffeebc4d23bc,-6.972789333,107.6460002,677.2,6,747,92,15.68627,28.62745,,,,,,,,,,,,,
986,2025-11-07 09:10:41+00,4d106730-1088-4892-9045-ffeebc4d23bc,-6.972800667,107.6461237,678.4,15,1166,91,21.56863,74.90196,,,,,,,,,,,,,
987,2025-11-07 09:10:46+00,4d106730-1088-4892-9045-ffeebc4d23bc,-6.97283,107.6463702,679.4,19,697,91,15.68627,28.23529,,,,,,,,,,,,,
988,2025-11-07 09:10:51+00,4d106730-1088-4892-9045-ffeebc4d23bc,-6.9728345,107.6465475,680.3,11,728,91,15.29412,25.4902,,,,,,,,,,,,,
989,2025-11-07 09:10:56+00,4d106730-1088-4892-9045-ffeebc4d23bc,-6.9727585,107.6466407,681.4,10,840,92,18.03922,48.23529,,,,,,,,,,,,,
990,2025-11-07 09:11:01+00,4d106730-1088-4892-9045-ffeebc4d23bc,-6.972672667,107.6467717,683.4,11,882,92,15.68627,22.35294,,,,,,,,,,,,,
991,2025-11-07 09:11:06+00,4d106730-1088-4892-9045-ffeebc4d23bc,-6.9726995,107.6469142,684.5,12,963,92,18.03922,47.05882,,,,,,,,,,,,,
992,2025-11-07 09:11:11+00,4d106730-1088-4892-9045-ffeebc4d23bc,-6.972740333,107.647086,685.3,16,1246,94,15.68627,29.01961,,,,,,,,,,,,,
993,2025-11-07 09:11:16+00,4d106730-1088-4892-9045-ffeebc4d23bc,-6.972788,107.6472437,684.1,8,737,94,15.29412,25.09804,,,,,,,,,,,,,
994,2025-11-07 09:11:21+00,4d106730-1088-4892-9045-ffeebc4d23bc,-6.972853,107.6472217,683.5,7,566,94,16.07843,40,,,,,,,,,,,,,
995,2025-11-07 09:11:26+00,4d106730-1088-4892-9045-ffeebc4d23bc,-6.972843167,107.6471455,682.6,4,746,95,15.68627,30.19608,,,,,,,,,,,,,
996,2025-11-07 09:13:30+00,4d106730-1088-4892-9045-ffeebc4d23bc,-6.9728445,107.647141,688.8,1,535,91,17.64706,77.64706,,,,,29.00653,46,101,26.83104,33,115,26.97607,32,111
997,2025-11-07 09:13:35+00,4d106730-1088-4892-9045-ffeebc4d23bc,-6.972824167,107.6470972,688.2,10,1588,92,17.2549,26.27451,,,,,29.00653,46,101,26.83104,33,115,26.97607,32,111
998,2025-11-07 09:13:41+00,4d106730-1088-4892-9045-ffeebc4d23bc,-6.972761167,107.6469167,684.7,15,2112,91,20,30.19608,,,,,29.00653,46,101,26.83104,33,115,26.97607,32,111
999,2025-11-07 09:13:46+00,4d106730-1088-4892-9045-ffeebc4d23bc,-6.972714167,107.6467478,683.3,10,937,92,15.68627,25.09804,,,,,29.00653,46,101,26.83104,33,115,26.97607,32,111
1000,2025-11-07 09:13:51+00,4d106730-1088-4892-9045-ffeebc4d23bc,-6.9727485,107.6466485,682.8,8,1172,92,17.64706,32.54902,,,,,29.00653,46,101,26.83104,33,115,26.97607,32,111
1001,2025-11-07 09:13:56+00,4d106730-1088-4892-9045-ffeebc4d23bc,-6.9728615,107.6465883,682.9,9,701,92,15.68627,29.80392,,,,,29.00653,46,101,26.83104,33,115,26.97607,32,111
1002,2025-11-07 09:14:01+00,4d106730-1088-4892-9045-ffeebc4d23bc,-6.972953167,107.6465732,684.1,8,1114,92,20.39216,56.86274,,,,,29.00653,46,101,26.83104,33,115,26.97607,32,111
1003,2025-11-07 09:14:06+00,4d106730-1088-4892-9045-ffeebc4d23bc,-6.973112333,107.6465747,686.2,12,1822,94,18.43137,25.4902,,,,,29.00653,46,101,26.83104,32,115,26.97607,32,111
1004,2025-11-07 09:14:11+00,4d106730-1088-4892-9045-ffeebc4d23bc,-6.9732465,107.646533,685.5,10,1523,94,17.2549,20.39216,,,,,28.86149,45,101,26.83104,32,115,26.97607,32,111
1005,2025-11-07 09:14:16+00,4d106730-1088-4892-9045-ffeebc4d23bc,-6.973267167,107.6463978,686.8,13,1900,94,19.21569,32.15686,,,,,28.86149,45,101,26.83104,32,115,26.97607,32,111
1006,2025-11-07 09:14:21+00,4d106730-1088-4892-9045-ffeebc4d23bc,-6.973250667,107.6461978,686.3,15,1337,94,15.68627,19.60784,,,,,28.86149,45,101,26.83104,32,115,26.97607,32,111
1007,2025-11-07 09:14:26+00,4d106730-1088-4892-9045-ffeebc4d23bc,-6.973242333,107.646081,686.5,7,1188,95,20.39216,60,,,,,28.86149,45,101,26.83104,32,115,,,
1008,2025-11-07 09:14:31+00,4d106730-1088-4892-9045-ffeebc4d23bc,-6.973221833,107.6459177,685.5,15,2234,95,16.86275,19.60784,,,,,28.86149,45,101,26.83104,32,115,,,
1009,2025-11-07 09:14:36+00,4d106730-1088-4892-9045-ffeebc4d23bc,-6.973205,107.6457735,683.7,7,1044,95,15.29412,19.21569,,,,,28.86149,45,101,26.83104,32,115,26.97607,31,111
1010,2025-11-07 09:14:41+00,4d106730-1088-4892-9045-ffeebc4d23bc,-6.973159667,107.6457013,684.7,9,1439,95,17.2549,29.41176,,,,,28.86149,45,101,26.83104,32,115,26.97607,31,111
1011,2025-11-07 09:14:46+00,4d106730-1088-4892-9045-ffeebc4d23bc,-6.973034,107.6457145,685.4,12,1749,95,18.03922,31.37255,,,,,28.86149,45,101,26.83104,32,115,26.97607,31,111
1012,2025-11-07 09:14:51+00,4d106730-1088-4892-9045-ffeebc4d23bc,-6.972878,107.645739,688.1,10,868,96,16.86275,43.92157,,,,,28.86149,45,101,26.83104,32,115,26.97607,31,111
1013,2025-11-07 09:14:56+00,4d106730-1088-4892-9045-ffeebc4d23bc,-6.972800333,107.6457503,687.1,5,805,96,17.2549,28.23529,,,,,28.86149,45,101,26.83104,32,115,26.97607,31,111
1014,2025-11-07 09:15:01+00,4d106730-1088-4892-9045-ffeebc4d23bc,-6.972743,107.6458572,685.9,15,2173,96,20,35.68628,,,,,28.86149,45,101,26.83104,32,115,26.97607,31,111
1015,2025-11-07 09:15:06+00,4d106730-1088-4892-9045-ffeebc4d23bc,-6.972757,107.646025,685.8,7,765,95,16.07843,30.19608,,,,,28.86149,45,101,26.83104,32,115,26.97607,31,111
1016,2025-11-07 09:15:11+00,4d106730-1088-4892-9045-ffeebc4d23bc,-6.9727695,107.6461268,686.4,15,2279,94,21.96078,54.5098,,,,,,,,26.83104,32,115,26.97607,31,111
1017,2025-11-07 09:15:16+00,4d106730-1088-4892-9045-ffeebc4d23bc,-6.972801667,107.6463405,686.8,15,2144,92,17.64706,18.43137,,,,,,,,26.83104,32,115,26.97607,31,111
1018,2025-11-07 09:15:21+00,4d106730-1088-4892-9045-ffeebc4d23bc,-6.97282,107.6464985,687.5,9,687,91,15.29412,24.70588,,,,,,,,26.83104,32,115,26.97607,31,111
1019,2025-11-07 09:15:26+00,4d106730-1088-4892-9045-ffeebc4d23bc,-6.972805167,107.6466033,687.7,9,1393,91,18.43137,37.2549,,,,,,,,26.83104,32,115,26.97607,31,111
1020,2025-11-07 09:15:31+00,4d106730-1088-4892-9045-ffeebc4d23bc,-6.972703833,107.6466692,690,6,687,91,16.07843,29.80392,,,,,,,,26.83104,32,115,26.97607,31,111
1021,2025-11-07 09:16:34+00,4d106730-1088-4892-9045-ffeebc4d23bc,-6.9722265,107.6466743,681.7,7,1037,92,16.86275,29.80392,,,,,,,,,,,,,
1022,2025-11-07 09:16:39+00,4d106730-1088-4892-9045-ffeebc4d23bc,-6.972188333,107.6467918,684.7,11,1749,92,19.21569,35.68628,,,,,,,,,,,,,
1023,2025-11-07 09:16:44+00,4d106730-1088-4892-9045-ffeebc4d23bc,-6.972244167,107.6469763,686.2,11,1604,92,17.64706,25.4902,,,,,,,,,,,,,
1024,2025-11-07 09:16:49+00,4d106730-1088-4892-9045-ffeebc4d23bc,-6.972285667,107.6470995,684.7,6,742,94,15.68627,28.23529,,,,,,,,,,,,,
1025,2025-11-07 09:16:54+00,4d106730-1088-4892-9045-ffeebc4d23bc,-6.972301833,107.64718,684.6,7,1055,94,17.64706,32.94118,,,,,,,,,,,,,
1026,2025-11-07 09:16:59+00,4d106730-1088-4892-9045-ffeebc4d23bc,-6.972351667,107.6473055,686.3,12,1719,94,16.47059,17.64706,,,,,,,,,,,,,
1027,2025-11-07 09:17:04+00,4d106730-1088-4892-9045-ffeebc4d23bc,-6.972436,107.6474172,684,12,1644,95,16.07843,18.03922,,29.00653,42,105,,,,,,,,,
1028,2025-11-07 09:17:09+00,4d106730-1088-4892-9045-ffeebc4d23bc,-6.972549667,107.6474168,684.4,7,770,95,16.86275,41.56863,,29.00653,42,105,,,,,,,,,
1029,2025-11-07 09:18:26+00,4d106730-1088-4892-9045-ffeebc4d23bc,-6.9727735,107.6473528,680.3,8,1276,94,16.47059,23.13725,,26.54097,42,105,,,,,,,,,
1030,2025-11-07 09:18:35+00,4d106730-1088-4892-9045-ffeebc4d23bc,-6.972911167,107.6472438,686.4,11,1607,92,18.03922,29.01961,,26.54097,42,105,,,,,,,,,
1031,2025-11-07 09:18:40+00,4d106730-1088-4892-9045-ffeebc4d23bc,-6.972874333,107.647088,687.6,13,2012,92,18.43137,25.4902,,26.54097,42,105,,,,,,,,,
1032,2025-11-07 09:18:45+00,4d106730-1088-4892-9045-ffeebc4d23bc,-6.9728245,107.646919,688.4,13,1947,94,20,38.82353,,26.54097,42,105,,,,,,,,,
1033,2025-11-07 09:18:50+00,4d106730-1088-4892-9045-ffeebc4d23bc,-6.972776,107.6467863,688.5,8,1263,95,15.68627,18.43137,,26.54097,42,105,,,,,,,,,
1034,2025-11-07 09:18:55+00,4d106730-1088-4892-9045-ffeebc4d23bc,-6.972707167,107.6467128,689.1,9,1358,95,17.2549,28.23529,,26.54097,42,105,,,,,,,,,
1035,2025-11-07 09:19:00+00,4d106730-1088-4892-9045-ffeebc4d23bc,-6.972601667,107.6466888,685.8,8,1247,95,18.03922,36.07843,,26.54097,42,105,,,,,,,,,
1036,2025-11-07 09:19:05+00,4d106730-1088-4892-9045-ffeebc4d23bc,-6.972455667,107.646698,684.4,11,1673,95,16.07843,18.43137,,26.54097,42,105,,,,,,,,,
1037,2025-11-07 09:19:10+00,4d106730-1088-4892-9045-ffeebc4d23bc,-6.972346167,107.6466995,683.1,5,828,96,16.86275,40,,26.54097,42,105,,,,,,,,,
1038,2025-11-07 09:19:15+00,4d106730-1088-4892-9045-ffeebc4d23bc,-6.9722705,107.6467212,682,8,1194,96,15.68627,28.23529,,26.54097,42,105,,,,,,,,,
1039,2025-11-07 09:19:20+00,4d106730-1088-4892-9045-ffeebc4d23bc,-6.972240833,107.6468248,683.6,10,1515,96,19.21569,40,,26.54097,42,105,,,,,,,,,
1040,2025-11-07 09:19:25+00,4d106730-1088-4892-9045-ffeebc4d23bc,-6.9722825,107.6469798,683.4,13,1823,94,16.47059,18.43137,,26.54097,42,105,,,,,,,,,
1041,2025-11-07 09:19:30+00,4d106730-1088-4892-9045-ffeebc4d23bc,-6.9723135,107.6471047,682.1,7,790,94,16.86275,39.60784,,26.83104,39,105,,,,,,,,,
1042,2025-11-07 09:19:35+00,4d106730-1088-4892-9045-ffeebc4d23bc,-6.9723375,107.647193,680.6,10,1486,92,18.82353,37.64706,,26.83104,39,105,,,,,,,,,
1043,2025-11-07 09:19:40+00,4d106730-1088-4892-9045-ffeebc4d23bc,-6.9723815,107.6473333,680.1,11,1659,91,17.64706,24.70588,,26.83104,39,105,,,,,,,,,
1044,2025-11-07 09:19:45+00,4d106730-1088-4892-9045-ffeebc4d23bc,-6.972501833,107.6473977,679.8,12,1816,91,18.03922,25.09804,,26.83104,39,105,,,,,,,,,
1045,2025-11-07 09:19:50+00,4d106730-1088-4892-9045-ffeebc4d23bc,-6.972659667,107.6473603,678.8,11,795,92,16.86275,40.39216,,26.83104,39,105,,,,,,,,,
1046,2025-11-07 09:19:55+00,4d106730-1088-4892-9045-ffeebc4d23bc,-6.972747333,107.6473395,679.2,7,1350,92,18.43137,65.88235,,26.83104,39,105,,,,,,,,,
1047,2025-11-07 09:20:00+00,4d106730-1088-4892-9045-ffeebc4d23bc,-6.972856,107.6472807,680.9,8,1257,94,15.68627,19.60784,,26.83104,39,105,,,,,,,,,
1048,2025-11-07 09:20:05+00,4d106730-1088-4892-9045-ffeebc4d23bc,-6.9728655,107.6472103,681.3,5,712,94,15.68627,29.01961,,26.83104,39,105,,,,,,,,,
1049,2025-11-14 05:33:52+00,4d106730-1088-4892-9045-ffeebc4d23bc,-6.9088905,107.6577642,717.1,1,746,72,19.21569,73.72549,,27.41117,35,111,28.86149,35,110,0,35,112,24.22045,34,104
1050,2025-11-14 05:33:57+00,4d106730-1088-4892-9045-ffeebc4d23bc,-6.908889667,107.6577782,717.2,3,749,72,19.60784,60,,27.41117,35,111,28.86149,35,110,0,35,112,24.22045,34,104
1051,2025-11-14 05:34:02+00,4d106730-1088-4892-9045-ffeebc4d23bc,-6.908884667,107.657801,717.5,1,738,73,21.56863,81.56863,,27.41117,35,111,28.86149,35,110,0,35,112,24.22045,34,104
1052,2025-11-14 05:34:07+00,4d106730-1088-4892-9045-ffeebc4d23bc,-6.908887,107.6578203,718.2,1,779,73,20,62.35294,,27.41117,35,111,28.86149,35,110,0,35,112,24.22045,34,104
1053,2025-11-14 05:34:12+00,4d106730-1088-4892-9045-ffeebc4d23bc,-6.908886833,107.6578295,719.1,1,759,73,19.60784,59.60784,,27.41117,35,111,28.86149,35,110,0,35,112,24.22045,34,104
1054,2025-11-14 05:34:17+00,4d106730-1088-4892-9045-ffeebc4d23bc,-6.908890833,107.6578455,719.5,1,726,74,21.56863,84.70588,,27.41117,35,111,28.86149,35,110,0,35,112,24.22045,34,104
1055,2025-11-14 05:34:27+00,4d106730-1088-4892-9045-ffeebc4d23bc,-6.908896167,107.6578748,718.4,1,773,75,20,60.78431,,27.41117,35,111,28.86149,35,110,0,35,112,24.22045,33,104
1056,2025-11-14 05:34:55+00,4d106730-1088-4892-9045-ffeebc4d23bc,-6.908882167,107.6578925,708.6,1,757,76,21.17647,78.43137,,27.41117,35,111,28.86149,35,110,0,35,112,24.22045,33,104
1057,2025-11-14 05:35:00+00,4d106730-1088-4892-9045-ffeebc4d23bc,-6.908852,107.6578942,708.4,5,803,77,19.60784,58.82353,,27.41117,35,111,28.86149,35,110,0,35,112,24.22045,33,104
1058,2025-11-14 05:35:05+00,4d106730-1088-4892-9045-ffeebc4d23bc,-6.908824667,107.6578517,708.3,6,870,78,19.60784,53.33333,,27.41117,35,111,28.86149,35,110,0,35,112,24.22045,33,104
1059,2025-11-14 05:35:10+00,4d106730-1088-4892-9045-ffeebc4d23bc,-6.908816333,107.6577882,703.6,5,776,78,20.39216,69.01961,,27.41117,35,111,28.86149,35,110,0,35,112,24.22045,33,104
1060,2025-11-14 05:35:15+00,4d106730-1088-4892-9045-ffeebc4d23bc,-6.908829,107.6577258,704.6,5,792,78,19.60784,56.86274,,27.41117,35,111,28.86149,35,110,0,35,112,24.22045,33,104
1061,2025-11-14 05:35:47+00,4d106730-1088-4892-9045-ffeebc4d23bc,-6.908835833,107.6577008,710.5,1,761,80,19.60784,60.78431,,27.41117,35,111,28.86149,35,110,0,35,112,24.22045,33,104
1062,2025-11-14 05:35:52+00,4d106730-1088-4892-9045-ffeebc4d23bc,-6.908848333,107.6576888,711,4,778,80,20,56.86274,,27.41117,35,111,28.86149,35,110,0,35,112,24.22045,33,104
1063,2025-11-14 05:35:57+00,4d106730-1088-4892-9045-ffeebc4d23bc,-6.908902333,107.6576823,709.9,6,839,80,20.39216,62.35294,,27.41117,35,111,28.86149,35,110,0,35,112,24.22045,33,104
1064,2025-11-14 05:36:02+00,4d106730-1088-4892-9045-ffeebc4d23bc,-6.908987,107.6577015,706.3,19,1239,80,20.39216,48.62745,,27.41117,35,111,28.86149,35,110,0,35,112,24.22045,33,104
1065,2025-11-14 05:36:07+00,4d106730-1088-4892-9045-ffeebc4d23bc,-6.909152333,107.6577048,702.5,12,935,81,20.78431,55.29412,,27.41117,35,111,28.86149,35,110,0,35,112,24.22045,33,104
1066,2025-11-14 05:36:12+00,4d106730-1088-4892-9045-ffeebc4d23bc,-6.909304667,107.6576552,699.6,13,932,81,25.09804,92.54902,,27.41117,35,111,28.86149,35,110,0,35,112,24.22045,33,104
1067,2025-11-14 05:36:17+00,4d106730-1088-4892-9045-ffeebc4d23bc,-6.9094745,107.6576287,697.6,19,1204,82,20,45.09804,,27.41117,35,111,28.86149,35,110,0,35,112,24.22045,33,104
1068,2025-11-14 05:36:22+00,4d106730-1088-4892-9045-ffeebc4d23bc,-6.9097065,107.6576367,696.5,3,754,82,19.60784,55.29412,,27.41117,35,111,28.86149,35,110,0,35,112,24.22045,33,104
1069,2025-11-14 05:36:27+00,4d106730-1088-4892-9045-ffeebc4d23bc,-6.909782,107.657664,695.8,11,1501,83,21.96078,61.17647,,27.41117,35,111,28.86149,35,110,0,35,112,24.22045,33,104
1070,2025-11-14 05:36:35+00,4d106730-1088-4892-9045-ffeebc4d23bc,-6.9099535,107.6577762,691.2,12,863,83,20,59.60784,,27.41117,35,111,28.86149,35,110,0,35,112,24.22045,33,104
1071,2025-11-14 05:36:37+00,4d106730-1088-4892-9045-ffeebc4d23bc,-6.910009167,107.6578082,686.3,13,1759,83,21.17647,52.94118,,27.41117,35,111,28.86149,35,110,0,35,112,24.22045,33,104
1072,2025-11-14 05:36:45+00,4d106730-1088-4892-9045-ffeebc4d23bc,-6.910264833,107.6577563,687.1,17,1089,83,20,46.66667,,27.41117,35,111,28.86149,35,110,0,35,112,24.22045,33,104
1073,2025-11-14 05:36:47+00,4d106730-1088-4892-9045-ffeebc4d23bc,-6.910340167,107.6577333,685.7,6,835,84,20.39216,61.56863,,27.41117,35,111,28.86149,35,110,0,35,112,24.22045,33,104
1074,2025-11-14 05:36:52+00,4d106730-1088-4892-9045-ffeebc4d23bc,-6.910454,107.6577407,686.1,8,997,85,20,51.76471,,27.41117,35,111,28.86149,35,110,0,35,112,24.22045,33,104
1075,2025-11-14 05:36:57+00,4d106730-1088-4892-9045-ffeebc4d23bc,-6.9105335,107.6577775,684.9,15,978,85,19.60784,51.76471,,27.41117,35,111,28.86149,35,110,0,35,112,24.22045,33,104
1076,2025-11-14 05:37:02+00,4d106730-1088-4892-9045-ffeebc4d23bc,-6.9107105,107.6578378,685.1,17,1316,85,22.35294,62.7451,,27.41117,35,111,28.86149,35,110,0,35,112,24.22045,33,104
1077,2025-11-14 05:37:07+00,4d106730-1088-4892-9045-ffeebc4d23bc,-6.910908667,107.6579107,685.7,22,1511,85,22.7451,66.66666,,27.41117,35,111,28.86149,35,110,0,35,112,24.22045,33,104
1078,2025-11-14 05:37:12+00,4d106730-1088-4892-9045-ffeebc4d23bc,-6.911140333,107.6580402,684.9,24,1057,85,19.60784,45.88235,,27.41117,35,111,28.86149,35,110,0,35,112,24.22045,33,104
1079,2025-11-14 05:37:20+00,4d106730-1088-4892-9045-ffeebc4d23bc,-6.911586833,107.6582678,682.3,24,1052,86,19.60784,43.52941,,27.41117,35,111,28.86149,35,110,0,35,112,24.22045,33,104
1080,2025-11-14 05:37:22+00,4d106730-1088-4892-9045-ffeebc4d23bc,-6.911700167,107.6583197,683.9,23,1017,86,23.52941,49.01961,,27.41117,35,111,28.86149,35,110,0,35,112,24.22045,33,104
1081,2025-11-14 05:37:27+00,4d106730-1088-4892-9045-ffeebc4d23bc,-6.911971833,107.658457,685.3,19,878,86,19.60784,50.98039,,27.41117,35,111,28.86149,35,110,0,35,112,24.22045,33,104
1082,2025-11-14 05:37:32+00,4d106730-1088-4892-9045-ffeebc4d23bc,-6.912187,107.65859,683.5,13,778,86,19.60784,53.72549,,27.41117,35,111,28.86149,35,110,0,35,112,24.22045,33,104
1083,2025-11-14 05:37:37+00,4d106730-1088-4892-9045-ffeebc4d23bc,-6.912327,107.6587153,681.8,16,1364,86,24.31373,81.56863,,27.41117,35,111,28.86149,35,110,0,35,112,24.22045,33,104
1084,2025-11-14 05:37:42+00,4d106730-1088-4892-9045-ffeebc4d23bc,-6.912366,107.6589035,684.2,16,795,86,18.82353,58.82353,,27.41117,35,111,28.86149,35,110,0,35,112,24.22045,33,104
1085,2025-11-14 05:37:47+00,4d106730-1088-4892-9045-ffeebc4d23bc,-6.912399333,107.6591247,684.8,9,924,87,19.60784,49.01961,,27.41117,35,111,28.86149,35,110,0,35,112,24.22045,33,104
1086,2025-11-14 05:37:52+00,4d106730-1088-4892-9045-ffeebc4d23bc,-6.9124605,107.659211,685,5,807,87,19.60784,49.41177,,27.41117,35,111,28.86149,35,110,0,35,112,24.22045,33,104
1087,2025-11-14 05:37:57+00,4d106730-1088-4892-9045-ffeebc4d23bc,-6.912531333,107.6592142,686.9,7,1294,87,24.70588,85.09804,,27.41117,35,111,28.86149,35,110,0,35,112,24.22045,33,104
1088,2025-11-14 05:38:02+00,4d106730-1088-4892-9045-ffeebc4d23bc,-6.9126185,107.6592143,688.3,18,1138,87,19.60784,43.13726,,27.41117,35,111,28.86149,35,110,0,35,112,24.22045,33,104
1089,2025-11-14 05:38:07+00,4d106730-1088-4892-9045-ffeebc4d23bc,-6.912818667,107.6592618,688.3,9,878,88,19.60784,51.76471,,27.41117,35,111,28.86149,35,110,0,35,112,24.22045,33,104
1090,2025-11-14 05:38:12+00,4d106730-1088-4892-9045-ffeebc4d23bc,-6.912952167,107.6593067,688.2,21,1317,88,20.78431,53.33333,,27.41117,35,111,28.86149,35,110,0,35,112,24.22045,33,104
1091,2025-11-14 05:38:17+00,4d106730-1088-4892-9045-ffeebc4d23bc,-6.913159667,107.6593455,685,15,1036,89,19.60784,45.09804,,27.41117,35,111,28.86149,35,110,0,35,112,24.22045,33,104
1092,2025-11-14 05:38:22+00,4d106730-1088-4892-9045-ffeebc4d23bc,-6.9133575,107.6593835,684.6,6,829,89,19.60784,50.19608,,27.41117,35,111,28.86149,35,110,0,35,112,24.22045,33,104
1093,2025-11-14 05:38:27+00,4d106730-1088-4892-9045-ffeebc4d23bc,-6.913452333,107.6594123,684,12,1571,89,21.56863,53.72549,,27.41117,35,111,28.86149,35,110,0,35,112,24.22045,33,104
1094,2025-11-14 05:38:32+00,4d106730-1088-4892-9045-ffeebc4d23bc,-6.913526167,107.6595307,684.6,20,1366,89,19.60784,54.5098,,27.41117,35,111,28.86149,35,110,0,35,112,24.22045,33,104
1095,2025-11-14 05:38:37+00,4d106730-1088-4892-9045-ffeebc4d23bc,-6.913599167,107.6597563,685.7,10,828,89,19.60784,50.98039,,27.41117,35,111,28.86149,35,110,0,35,112,24.22045,33,104
1096,2025-11-14 05:38:42+00,4d106730-1088-4892-9045-ffeebc4d23bc,-6.913642833,107.6599033,687.7,5,769,90,19.21569,51.37255,,27.41117,35,111,28.86149,35,110,0,35,112,24.22045,33,104
1097,2025-11-14 05:38:47+00,4d106730-1088-4892-9045-ffeebc4d23bc,-6.913668833,107.6599895,689.3,3,738,90,20.39216,70.58823,,27.41117,35,111,28.86149,35,110,0,35,112,24.22045,33,104
1098,2025-11-14 05:38:52+00,4d106730-1088-4892-9045-ffeebc4d23bc,-6.913686833,107.6600515,691.1,2,776,90,20,60,,27.41117,35,111,28.86149,35,110,0,35,112,24.22045,33,104
1099,2025-11-14 05:38:57+00,4d106730-1088-4892-9045-ffeebc4d23bc,-6.9136955,107.6600802,691.8,5,789,90,19.60784,54.11765,,27.41117,35,111,28.86149,35,110,0,35,112,24.22045,33,104
1100,2025-11-14 05:39:17+00,4d106730-1088-4892-9045-ffeebc4d23bc,-6.91373,107.6601768,691,2,745,91,19.60784,58.03922,,27.41117,35,111,28.86149,35,110,0,35,112,24.22045,33,104
1101,2025-11-14 05:39:22+00,4d106730-1088-4892-9045-ffeebc4d23bc,-6.913743167,107.6602013,690.7,4,750,91,20.39216,71.37255,,27.41117,35,111,28.86149,35,110,0,35,112,24.22045,33,104
1102,2025-11-14 05:39:27+00,4d106730-1088-4892-9045-ffeebc4d23bc,-6.91379,107.6602387,691,12,1364,91,30.98039,95.68627,,27.41117,35,111,28.86149,35,110,0,35,112,24.22045,33,104
1103,2025-11-14 05:39:32+00,4d106730-1088-4892-9045-ffeebc4d23bc,-6.913923333,107.6602262,690.3,24,1075,91,20,46.27451,,27.41117,35,111,28.86149,35,110,0,35,112,24.22045,33,104
1104,2025-11-14 05:39:37+00,4d106730-1088-4892-9045-ffeebc4d23bc,-6.914198,107.6601512,690.9,10,866,91,22.7451,64.70588,,27.41117,35,111,28.86149,35,110,0,35,112,24.22045,33,104
1105,2025-11-14 05:39:42+00,4d106730-1088-4892-9045-ffeebc4d23bc,-6.914365167,107.6601265,691.2,19,1136,92,23.52941,63.92157,,27.41117,35,111,28.86149,35,110,0,35,112,24.22045,33,104
1106,2025-11-14 05:39:47+00,4d106730-1088-4892-9045-ffeebc4d23bc,-6.914558167,107.6602238,689.9,27,1686,93,28.23529,91.37255,,27.41117,35,111,28.86149,35,110,0,35,112,24.22045,33,104
1107,2025-11-14 05:39:52+00,4d106730-1088-4892-9045-ffeebc4d23bc,-6.914806,107.6604068,690.2,38,1571,93,20.39216,54.11765,,27.41117,35,111,28.86149,35,110,0,35,112,24.22045,33,104
1108,2025-11-14 05:39:57+00,4d106730-1088-4892-9045-ffeebc4d23bc,-6.915155833,107.6606665,688.6,33,1157,94,23.92157,67.84314,,27.41117,35,111,28.86149,35,110,0,35,112,24.22045,33,104
1109,2025-11-14 05:40:02+00,4d106730-1088-4892-9045-ffeebc4d23bc,-6.915502,107.6609293,688.3,37,1069,94,20.39216,53.72549,,27.41117,35,111,28.86149,35,110,0,35,112,24.22045,33,104
1110,2025-11-14 05:40:07+00,4d106730-1088-4892-9045-ffeebc4d23bc,-6.915869167,107.6612043,686.8,24,828,94,19.60784,49.80392,,27.41117,35,111,28.86149,35,110,0,35,112,24.22045,33,104
1111,2025-11-14 05:40:12+00,4d106730-1088-4892-9045-ffeebc4d23bc,-6.916140333,107.6614147,686.8,12,1694,94,24.31373,73.33334,,27.41117,35,111,28.86149,35,110,0,35,112,24.22045,33,104
1112,2025-11-14 05:40:17+00,4d106730-1088-4892-9045-ffeebc4d23bc,-6.916271333,107.6614983,691.1,23,1705,94,20,52.94118,,27.41117,35,111,28.86149,35,110,0,35,112,24.22045,33,104
1113,2025-11-14 05:40:22+00,4d106730-1088-4892-9045-ffeebc4d23bc,-6.916489,107.6616685,690.3,22,914,94,20,54.5098,,27.41117,35,111,28.86149,35,110,0,35,112,24.22045,33,104
1114,2025-11-14 05:40:27+00,4d106730-1088-4892-9045-ffeebc4d23bc,-6.916683333,107.6618222,688.7,15,801,94,20,52.15686,,27.41117,35,111,28.86149,35,110,0,35,112,24.22045,33,104
1115,2025-11-14 05:40:32+00,4d106730-1088-4892-9045-ffeebc4d23bc,-6.916848833,107.6619185,697.8,14,775,94,20.39216,54.90196,,27.41117,35,111,28.86149,35,110,0,35,112,24.22045,33,104
1116,2025-11-14 05:40:37+00,4d106730-1088-4892-9045-ffeebc4d23bc,-6.916979,107.6620308,695.9,17,808,94,20,63.92157,,27.41117,35,111,28.86149,35,110,29.58666,32,122,24.22045,33,104
1117,2025-11-14 05:40:42+00,4d106730-1088-4892-9045-ffeebc4d23bc,-6.917171333,107.6621745,695.7,21,1265,94,21.17647,62.35294,,27.41117,35,111,28.86149,35,110,29.58666,32,122,24.22045,33,104
1118,2025-11-14 05:40:47+00,4d106730-1088-4892-9045-ffeebc4d23bc,-6.917380833,107.6623362,697.3,24,1167,94,19.21569,48.23529,,27.41117,35,111,28.86149,35,110,29.58666,32,122,24.22045,33,104
1119,2025-11-14 05:40:52+00,4d106730-1088-4892-9045-ffeebc4d23bc,-6.91763,107.6625235,700.7,17,850,94,19.60784,49.80392,,27.41117,35,111,28.86149,35,110,29.58666,32,122,24.22045,33,104
1120,2025-11-14 05:40:57+00,4d106730-1088-4892-9045-ffeebc4d23bc,-6.917829667,107.6626788,700.2,16,788,94,20.39216,64.70588,,27.41117,35,111,28.86149,35,110,29.58666,32,122,24.22045,33,104
1121,2025-11-14 05:41:02+00,4d106730-1088-4892-9045-ffeebc4d23bc,-6.917998667,107.6628107,699.5,20,901,94,19.60784,51.76471,,27.41117,35,111,28.86149,35,110,29.58666,32,122,24.22045,33,104
1122,2025-11-14 05:41:07+00,4d106730-1088-4892-9045-ffeebc4d23bc,-6.918201167,107.662962,699.6,17,842,94,19.60784,49.01961,,27.41117,35,111,28.86149,35,110,29.58666,32,122,24.22045,33,104
1123,2025-11-14 05:41:12+00,4d106730-1088-4892-9045-ffeebc4d23bc,-6.918369,107.663086,698.4,16,823,94,19.60784,49.80392,,27.41117,35,111,28.86149,35,110,29.73169,32,122,24.22045,33,104
1124,2025-11-14 05:41:17+00,4d106730-1088-4892-9045-ffeebc4d23bc,-6.918554667,107.6630825,697.3,20,1265,94,23.92157,80,,27.41117,35,111,28.86149,35,110,29.73169,32,122,24.22045,33,104
1125,2025-11-14 05:41:22+00,4d106730-1088-4892-9045-ffeebc4d23bc,-6.918785333,107.6630752,693.1,22,1119,94,22.35294,59.21569,,27.41117,35,111,28.86149,35,110,29.73169,32,122,24.22045,33,104
1126,2025-11-14 05:41:27+00,4d106730-1088-4892-9045-ffeebc4d23bc,-6.9190645,107.6630362,693.3,21,944,94,19.60784,45.88235,,27.41117,35,111,28.86149,35,110,29.73169,32,122,24.22045,33,104
1127,2025-11-14 05:41:32+00,4d106730-1088-4892-9045-ffeebc4d23bc,-6.919334,107.6630408,694.9,11,758,94,19.21569,52.94118,,27.41117,35,111,28.86149,35,110,29.73169,32,122,24.22045,33,104
1128,2025-11-14 05:41:37+00,4d106730-1088-4892-9045-ffeebc4d23bc,-6.919505333,107.6630632,695.7,18,1400,94,19.60784,69.01961,,27.41117,35,111,28.86149,35,110,29.73169,32,122,24.22045,33,104
1129,2025-11-14 05:41:42+00,4d106730-1088-4892-9045-ffeebc4d23bc,-6.919704833,107.6630642,696.6,11,846,94,19.60784,49.41177,,27.41117,35,111,28.86149,35,110,29.73169,32,122,24.22045,33,104
1130,2025-11-14 05:41:47+00,4d106730-1088-4892-9045-ffeebc4d23bc,-6.919864,107.663071,699.2,13,1757,95,23.52941,67.84314,,27.41117,35,111,28.86149,35,110,29.73169,32,122,24.22045,33,104
1131,2025-11-14 05:41:52+00,4d106730-1088-4892-9045-ffeebc4d23bc,-6.919928167,107.66319,696.8,14,925,94,20,54.5098,,27.41117,35,111,28.86149,35,110,29.73169,32,122,24.22045,33,104
1132,2025-11-14 05:41:57+00,4d106730-1088-4892-9045-ffeebc4d23bc,-6.919989667,107.6633892,696.2,16,1355,94,22.7451,67.45098,,27.41117,35,111,28.86149,35,110,29.73169,32,122,24.22045,33,104
1133,2025-11-14 05:42:02+00,4d106730-1088-4892-9045-ffeebc4d23bc,-6.920164667,107.6633927,697.1,22,1097,94,20,50.58823,,27.41117,35,111,28.86149,35,110,29.73169,32,122,24.22045,33,104
1134,2025-11-14 05:42:07+00,4d106730-1088-4892-9045-ffeebc4d23bc,-6.920436,107.6633677,697.1,20,909,95,19.60784,46.27451,,27.41117,35,111,28.86149,35,110,29.73169,32,122,24.22045,33,104
1135,2025-11-14 05:42:12+00,4d106730-1088-4892-9045-ffeebc4d23bc,-6.9206865,107.663345,702.1,12,760,95,21.56863,73.33334,,27.41117,35,111,28.86149,35,110,29.73169,32,122,24.22045,33,104
1136,2025-11-14 05:42:17+00,4d106730-1088-4892-9045-ffeebc4d23bc,-6.9208435,107.6633332,705,19,1296,95,21.56863,61.17647,,27.41117,35,111,28.86149,35,110,29.73169,32,122,24.22045,33,104
1137,2025-11-14 05:42:22+00,4d106730-1088-4892-9045-ffeebc4d23bc,-6.921057667,107.6634025,704.6,26,1466,95,23.52941,71.37255,,27.41117,35,111,28.86149,35,110,29.73169,32,122,24.22045,33,104
1138,2025-11-14 05:42:27+00,4d106730-1088-4892-9045-ffeebc4d23bc,-6.921334667,107.6635898,703.2,28,1243,95,20.39216,44.70588,,27.41117,35,111,28.86149,35,110,29.73169,32,122,24.22045,33,104
1139,2025-11-14 05:42:32+00,4d106730-1088-4892-9045-ffeebc4d23bc,-6.921669167,107.6637637,703.4,23,970,95,20,52.15686,,27.41117,35,111,28.86149,35,110,29.73169,32,122,24.22045,33,104
1140,2025-11-14 05:42:37+00,4d106730-1088-4892-9045-ffeebc4d23bc,-6.921962,107.6639062,701.8,28,1446,95,23.13725,70.19608,,27.41117,35,111,28.86149,35,110,29.73169,32,122,24.22045,33,104
1141,2025-11-14 05:42:42+00,4d106730-1088-4892-9045-ffeebc4d23bc,-6.922223667,107.6641295,700,28,895,95,19.60784,47.45098,,27.41117,35,111,28.86149,35,110,29.73169,32,122,24.22045,33,104
1142,2025-11-14 05:42:47+00,4d106730-1088-4892-9045-ffeebc4d23bc,-6.92256,107.6642845,700.9,23,1071,95,19.60784,55.68628,,27.41117,35,111,28.86149,35,110,29.73169,32,122,24.22045,33,104
1143,2025-11-14 05:42:52+00,4d106730-1088-4892-9045-ffeebc4d23bc,-6.922857,107.6643235,702.1,23,1192,95,20.39216,61.96078,,27.41117,35,111,28.86149,35,110,29.73169,32,122,24.22045,33,104
1144,2025-11-14 05:42:57+00,4d106730-1088-4892-9045-ffeebc4d23bc,-6.923124667,107.6644095,702.3,23,1017,95,19.60784,43.52941,,27.41117,35,111,28.86149,35,110,29.73169,32,122,24.22045,33,104
1145,2025-11-14 05:43:02+00,4d106730-1088-4892-9045-ffeebc4d23bc,-6.923348,107.6645752,701.3,30,1269,95,26.66667,92.94118,,27.41117,35,111,28.86149,35,110,29.73169,32,122,24.22045,33,104
1146,2025-11-14 05:43:07+00,4d106730-1088-4892-9045-ffeebc4d23bc,-6.923636167,107.664738,699.4,32,903,95,20,55.29412,,27.41117,35,111,28.86149,35,110,29.73169,32,122,24.22045,33,104
1147,2025-11-14 05:43:12+00,4d106730-1088-4892-9045-ffeebc4d23bc,-6.9240125,107.664916,699.1,27,1027,96,20.78431,56.07843,,27.41117,35,111,28.86149,35,110,29.73169,32,122,24.22045,33,104
1148,2025-11-14 05:43:17+00,4d106730-1088-4892-9045-ffeebc4d23bc,-6.924328,107.6650615,700.5,29,925,96,19.60784,50.58823,,27.41117,35,111,28.86149,35,110,29.73169,32,122,24.22045,33,104
1149,2025-11-14 05:43:22+00,4d106730-1088-4892-9045-ffeebc4d23bc,-6.924666833,107.6651978,699.1,25,835,96,19.60784,50.19608,,27.41117,35,111,28.86149,35,110,29.73169,32,122,24.22045,33,104
1150,2025-11-14 05:43:27+00,4d106730-1088-4892-9045-ffeebc4d23bc,-6.924987,107.665316,694.2,21,890,96,20,55.29412,,27.41117,35,111,28.86149,35,110,29.73169,32,122,24.22045,33,104
1151,2025-11-14 05:43:32+00,4d106730-1088-4892-9045-ffeebc4d23bc,-6.925236833,107.6654265,693.8,19,891,96,19.60784,49.41177,,27.41117,35,111,28.86149,35,110,29.73169,32,122,24.22045,33,104
1152,2025-11-14 05:43:37+00,4d106730-1088-4892-9045-ffeebc4d23bc,-6.925478,107.665504,692.9,11,767,96,19.60784,52.15686,,27.41117,35,111,28.86149,35,110,29.73169,32,122,24.22045,33,104
1153,2025-11-14 05:43:42+00,4d106730-1088-4892-9045-ffeebc4d23bc,-6.925651167,107.6654992,688.8,21,1491,96,25.09804,83.13725,,27.41117,35,111,28.86149,35,110,29.73169,32,122,24.22045,33,104
1154,2025-11-14 05:43:47+00,4d106730-1088-4892-9045-ffeebc4d23bc,-6.925838833,107.665408,689.2,27,1101,96,19.21569,50.58823,,27.41117,35,111,28.86149,35,110,29.73169,32,122,24.22045,33,104
1155,2025-11-14 05:43:52+00,4d106730-1088-4892-9045-ffeebc4d23bc,-6.926121167,107.6653085,691,19,895,96,19.60784,46.66667,,27.41117,35,111,28.86149,35,110,29.73169,32,122,24.22045,33,104
1156,2025-11-14 05:43:57+00,4d106730-1088-4892-9045-ffeebc4d23bc,-6.926360333,107.6651997,690.4,20,943,96,19.60784,49.41177,,27.41117,35,111,28.86149,35,110,29.73169,32,122,24.22045,33,104
1157,2025-11-14 05:44:02+00,4d106730-1088-4892-9045-ffeebc4d23bc,-6.926564,107.6650638,690.4,15,778,96,20.39216,66.66666,,27.41117,35,111,28.86149,35,110,29.73169,32,122,24.22045,33,104
1158,2025-11-14 05:44:07+00,4d106730-1088-4892-9045-ffeebc4d23bc,-6.926757833,107.6649983,692.8,21,1588,96,28.23529,91.37255,,27.41117,35,111,28.86149,35,110,29.73169,32,122,24.22045,33,104
1159,2025-11-14 05:44:12+00,4d106730-1088-4892-9045-ffeebc4d23bc,-6.9269855,107.6649733,699.6,30,1263,96,19.60784,42.35294,,27.41117,35,111,28.86149,35,110,29.73169,32,122,24.22045,33,104
1160,2025-11-14 05:44:17+00,4d106730-1088-4892-9045-ffeebc4d23bc,-6.927323333,107.664956,706.8,13,767,96,20,52.54902,,27.41117,35,111,28.86149,35,110,29.73169,32,122,24.22045,33,104
1161,2025-11-14 05:44:22+00,4d106730-1088-4892-9045-ffeebc4d23bc,-6.927563833,107.6649498,707.2,7,829,96,22.35294,65.09804,,27.41117,35,111,28.86149,35,110,29.73169,32,122,24.22045,33,104
1162,2025-11-14 05:44:27+00,4d106730-1088-4892-9045-ffeebc4d23bc,-6.927633833,107.664991,709.9,22,1786,96,26.27451,85.09804,,27.41117,35,111,28.86149,35,110,29.73169,32,122,24.22045,33,104
1163,2025-11-14 05:44:32+00,4d106730-1088-4892-9045-ffeebc4d23bc,-6.927637333,107.6651885,711.2,24,1052,96,19.60784,42.7451,,27.41117,35,111,28.86149,35,110,29.73169,32,122,24.22045,33,104
1164,2025-11-14 05:44:37+00,4d106730-1088-4892-9045-ffeebc4d23bc,-6.927627,107.6654975,710.3,20,1464,96,25.4902,85.09804,,27.41117,35,111,28.86149,35,110,29.73169,32,122,24.22045,33,104
1165,2025-11-14 05:44:42+00,4d106730-1088-4892-9045-ffeebc4d23bc,-6.927615833,107.6657403,709.9,25,953,96,20,54.11765,,27.41117,35,111,28.86149,35,110,29.73169,32,122,24.22045,33,104
1166,2025-11-14 05:44:47+00,4d106730-1088-4892-9045-ffeebc4d23bc,-6.927587,107.6660407,711.2,13,780,96,19.60784,52.54902,,27.41117,35,111,28.86149,35,110,29.73169,32,122,24.22045,33,104
1167,2025-11-14 05:44:53+00,4d106730-1088-4892-9045-ffeebc4d23bc,-6.927560833,107.6662655,707.9,20,1707,96,25.88235,84.31373,,27.41117,35,111,28.86149,35,110,29.73169,32,122,24.22045,33,104
1168,2025-11-14 05:44:58+00,4d106730-1088-4892-9045-ffeebc4d23bc,-6.927518667,107.6664845,703.9,28,1232,96,19.21569,47.45098,,27.41117,35,111,28.86149,35,110,29.73169,32,122,24.22045,33,104
1169,2025-11-14 05:45:03+00,4d106730-1088-4892-9045-ffeebc4d23bc,-6.927458667,107.6668205,701.3,27,1436,96,24.31373,79.21568,,27.41117,35,111,28.86149,35,110,29.73169,32,122,24.22045,33,104
1170,2025-11-14 05:45:07+00,4d106730-1088-4892-9045-ffeebc4d23bc,-6.927407667,107.6670835,696.4,27,1156,96,19.60784,40.39216,,27.41117,35,111,28.86149,35,110,29.73169,32,122,24.22045,33,104
1171,2025-11-14 05:45:13+00,4d106730-1088-4892-9045-ffeebc4d23bc,-6.927326,107.6674863,694.6,17,844,96,19.60784,49.01961,,27.41117,35,111,28.86149,35,110,29.73169,32,122,24.22045,33,104
1172,2025-11-14 05:45:18+00,4d106730-1088-4892-9045-ffeebc4d23bc,-6.927294833,107.6677215,692.5,12,766,96,19.60784,54.5098,,27.41117,35,111,28.86149,35,110,29.73169,32,122,24.22045,33,104
1173,2025-11-14 05:45:23+00,4d106730-1088-4892-9045-ffeebc4d23bc,-6.927290167,107.6678702,692.6,5,777,97,20.78431,70.19608,,27.41117,35,111,28.86149,35,110,29.73169,32,122,24.22045,33,104
1174,2025-11-14 05:45:28+00,4d106730-1088-4892-9045-ffeebc4d23bc,-6.927315167,107.6679345,691.8,8,986,97,19.60784,46.66667,,27.41117,35,111,28.86149,35,110,29.73169,32,122,24.22045,33,104
1175,2025-11-14 05:45:33+00,4d106730-1088-4892-9045-ffeebc4d23bc,-6.9274205,107.6679375,693.4,13,1312,96,20,40.78431,,27.41117,35,111,28.86149,35,110,29.73169,32,122,24.22045,33,104
1176,2025-11-14 05:45:38+00,4d106730-1088-4892-9045-ffeebc4d23bc,-6.9275505,107.667923,693.6,16,1074,96,21.17647,59.60784,,27.41117,35,111,28.86149,35,110,29.73169,32,122,24.22045,33,104
1177,2025-11-14 05:45:43+00,4d106730-1088-4892-9045-ffeebc4d23bc,-6.927722833,107.667956,693.1,24,1565,96,19.60784,44.70588,,27.41117,35,111,28.86149,35,110,29.73169,32,122,24.22045,33,104
1178,2025-11-14 05:45:48+00,4d106730-1088-4892-9045-ffeebc4d23bc,-6.928004167,107.6679957,692,14,794,96,19.60784,51.76471,,27.41117,35,111,28.86149,35,110,29.73169,32,122,24.22045,33,104
1179,2025-11-14 05:45:53+00,4d106730-1088-4892-9045-ffeebc4d23bc,-6.928202,107.6679908,690.6,10,756,97,19.60784,53.33333,,27.41117,35,111,28.86149,35,110,29.73169,32,122,24.22045,33,104
1180,2025-11-14 05:45:58+00,4d106730-1088-4892-9045-ffeebc4d23bc,-6.928339,107.6679942,691.3,11,1351,97,21.96078,60.78431,,27.41117,35,111,28.86149,35,110,29.73169,32,122,24.22045,33,104
1181,2025-11-14 05:46:03+00,4d106730-1088-4892-9045-ffeebc4d23bc,-6.928474333,107.6680002,693.4,11,1517,96,23.13725,61.56863,,27.41117,35,111,28.86149,35,110,29.73169,32,122,24.22045,33,104
1182,2025-11-14 05:46:08+00,4d106730-1088-4892-9045-ffeebc4d23bc,-6.928608667,107.6680575,694.7,15,1111,96,23.52941,66.27451,,27.41117,35,111,28.86149,35,110,29.73169,32,122,24.22045,33,104
1183,2025-11-14 05:46:13+00,4d106730-1088-4892-9045-ffeebc4d23bc,-6.928797833,107.6681323,693.9,13,941,96,19.60784,44.70588,,27.41117,35,111,28.86149,35,110,29.73169,32,122,24.22045,33,104
1184,2025-11-14 05:46:18+00,4d106730-1088-4892-9045-ffeebc4d23bc,-6.9289665,107.6681985,692.9,11,827,96,21.56863,65.4902,,27.41117,35,111,28.86149,35,110,29.73169,32,122,24.22045,33,104
1185,2025-11-14 05:46:23+00,4d106730-1088-4892-9045-ffeebc4d23bc,-6.929119667,107.6682518,695.1,13,914,96,19.60784,47.84314,,27.41117,35,111,28.86149,35,110,29.73169,32,122,24.22045,33,104
1186,2025-11-14 05:46:28+00,4d106730-1088-4892-9045-ffeebc4d23bc,-6.929296667,107.6682897,697.9,12,894,96,19.60784,48.23529,,27.41117,35,111,28.86149,35,110,29.73169,32,122,24.22045,33,104
1187,2025-11-14 05:46:33+00,4d106730-1088-4892-9045-ffeebc4d23bc,-6.929459,107.668297,698.9,5,795,97,20,64.31373,,27.41117,35,111,28.86149,35,110,29.73169,32,122,24.22045,33,104
1188,2025-11-14 05:46:38+00,4d106730-1088-4892-9045-ffeebc4d23bc,-6.929551,107.6682943,701.9,6,830,97,19.21569,58.43137,,27.41117,35,111,28.86149,35,110,29.73169,32,122,24.22045,33,104
1189,2025-11-14 05:46:43+00,4d106730-1088-4892-9045-ffeebc4d23bc,-6.929628,107.6682922,702.1,8,1012,97,19.60784,46.66667,,27.41117,35,111,28.86149,35,110,29.73169,32,122,24.22045,33,104
1190,2025-11-14 05:46:48+00,4d106730-1088-4892-9045-ffeebc4d23bc,-6.9297395,107.6682962,702.5,23,1670,96,20.78431,52.15686,,27.41117,35,111,28.86149,35,110,29.73169,32,122,24.22045,33,104
1191,2025-11-14 05:46:53+00,4d106730-1088-4892-9045-ffeebc4d23bc,-6.9299935,107.6683188,705.2,16,782,96,20.39216,65.09804,,27.41117,35,111,28.86149,35,110,29.73169,32,122,24.22045,33,104
1192,2025-11-14 05:46:58+00,4d106730-1088-4892-9045-ffeebc4d23bc,-6.930211167,107.668351,702.9,20,1344,96,23.52941,72.15686,,27.41117,35,111,28.86149,35,110,29.73169,32,122,24.22045,33,104
1193,2025-11-14 05:47:03+00,4d106730-1088-4892-9045-ffeebc4d23bc,-6.930433333,107.6684183,700.7,27,1305,96,19.21569,48.23529,,27.41117,35,111,28.86149,35,110,29.73169,32,122,24.22045,33,104
1194,2025-11-14 05:47:08+00,4d106730-1088-4892-9045-ffeebc4d23bc,-6.930768667,107.6684157,701.6,21,958,96,19.60784,45.09804,,27.41117,35,111,28.86149,35,110,29.73169,32,122,24.22045,33,104
1195,2025-11-14 05:47:13+00,4d106730-1088-4892-9045-ffeebc4d23bc,-6.931036333,107.6684593,702.1,19,856,96,20,60.78431,,27.41117,35,111,28.86149,35,110,29.73169,32,122,24.22045,33,104
1196,2025-11-14 05:47:18+00,4d106730-1088-4892-9045-ffeebc4d23bc,-6.9312575,107.6684432,701.9,17,1127,96,21.56863,60,,27.41117,35,111,28.86149,35,110,29.73169,32,122,24.22045,33,104
1197,2025-11-14 05:47:23+00,4d106730-1088-4892-9045-ffeebc4d23bc,-6.93146,107.668387,702.5,22,1002,96,19.60784,48.23529,,27.41117,35,111,28.86149,35,110,29.73169,32,122,24.22045,33,104
1198,2025-11-14 05:47:28+00,4d106730-1088-4892-9045-ffeebc4d23bc,-6.931706167,107.6683357,701.8,20,1325,96,28.23529,93.72549,,27.41117,35,111,28.86149,35,110,29.73169,32,122,24.22045,33,104
1199,2025-11-14 05:47:33+00,4d106730-1088-4892-9045-ffeebc4d23bc,-6.931965167,107.6682983,703.9,23,1028,96,19.60784,46.66667,,27.41117,35,111,28.86149,35,110,29.73169,32,122,24.22045,33,104
1200,2025-11-14 05:47:38+00,4d106730-1088-4892-9045-ffeebc4d23bc,-6.9322385,107.6682517,707.8,17,900,96,22.35294,63.52941,,27.41117,35,111,28.86149,35,110,29.73169,32,122,24.22045,33,104
1201,2025-11-14 05:47:43+00,4d106730-1088-4892-9045-ffeebc4d23bc,-6.932426167,107.6681947,713.7,20,1166,96,24.31373,79.60784,,27.41117,35,111,28.86149,35,110,29.73169,32,122,24.22045,33,104
1202,2025-11-14 05:47:48+00,4d106730-1088-4892-9045-ffeebc4d23bc,-6.9326695,107.6681487,717.7,13,733,96,20.39216,68.23529,,27.41117,35,111,28.86149,35,110,29.73169,32,122,24.22045,33,104
1203,2025-11-14 05:47:53+00,4d106730-1088-4892-9045-ffeebc4d23bc,-6.932861333,107.6681585,716.9,6,858,97,19.60784,52.94118,,27.41117,35,111,28.86149,35,110,29.73169,32,122,24.22045,33,104
1204,2025-11-14 05:47:58+00,4d106730-1088-4892-9045-ffeebc4d23bc,-6.932961333,107.6682023,713.4,13,926,97,19.60784,51.76471,,27.41117,35,111,28.86149,35,110,29.73169,32,122,24.22045,33,104
1205,2025-11-14 05:48:03+00,4d106730-1088-4892-9045-ffeebc4d23bc,-6.933103,107.6683033,706.4,19,1439,97,22.7451,60,,27.41117,35,111,28.86149,35,110,29.73169,32,122,24.22045,33,104
1206,2025-11-14 05:48:08+00,4d106730-1088-4892-9045-ffeebc4d23bc,-6.9333545,107.668297,702.9,25,1046,96,20,55.29412,,27.41117,35,111,28.86149,35,110,29.73169,32,122,24.22045,33,104
1207,2025-11-14 05:48:13+00,4d106730-1088-4892-9045-ffeebc4d23bc,-6.933660833,107.6682873,700.8,17,858,96,23.13725,61.17647,,27.41117,35,111,28.86149,35,110,29.73169,32,122,24.22045,33,104
1208,2025-11-14 05:48:18+00,4d106730-1088-4892-9045-ffeebc4d23bc,-6.933899167,107.6682617,700.8,23,1051,96,19.60784,45.88235,,27.41117,35,111,28.86149,35,110,29.73169,32,122,24.22045,33,104
1209,2025-11-14 05:48:23+00,4d106730-1088-4892-9045-ffeebc4d23bc,-6.934178833,107.6682288,699.4,13,760,96,20.39216,68.62745,,27.41117,35,111,28.86149,35,110,29.73169,32,122,24.22045,33,104
1210,2025-11-14 05:48:28+00,4d106730-1088-4892-9045-ffeebc4d23bc,-6.934349333,107.6681937,698.3,7,895,97,19.60784,52.54902,,27.41117,35,111,28.86149,35,110,29.73169,32,122,24.22045,33,104
1211,2025-11-14 05:48:33+00,4d106730-1088-4892-9045-ffeebc4d23bc,-6.9344495,107.66818,699.3,10,1196,97,19.60784,41.56863,,27.41117,35,111,28.86149,35,110,29.73169,32,122,24.22045,33,104
1212,2025-11-14 05:48:38+00,4d106730-1088-4892-9045-ffeebc4d23bc,-6.934582833,107.6681798,700.7,13,1694,97,22.35294,56.86274,,27.41117,35,111,28.86149,35,110,29.73169,32,122,24.22045,33,104
1213,2025-11-14 05:48:43+00,4d106730-1088-4892-9045-ffeebc4d23bc,-6.934742,107.668211,699.5,22,1647,96,25.88235,81.96078,,27.41117,35,111,28.86149,35,110,29.73169,32,122,24.22045,33,104
1214,2025-11-14 05:48:48+00,4d106730-1088-4892-9045-ffeebc4d23bc,-6.935006333,107.668232,698.2,22,993,95,19.60784,46.27451,,27.41117,35,111,28.86149,35,110,29.73169,32,122,24.22045,33,104
1215,2025-11-14 05:48:53+00,4d106730-1088-4892-9045-ffeebc4d23bc,-6.935289,107.6682457,696.7,12,781,95,19.60784,51.76471,,27.41117,35,111,28.86149,35,110,29.73169,32,122,24.22045,33,104
1216,2025-11-14 05:48:58+00,4d106730-1088-4892-9045-ffeebc4d23bc,-6.935448167,107.6682937,696.8,8,1011,96,19.60784,46.27451,,27.41117,35,111,28.86149,35,110,29.73169,32,122,24.22045,33,104
1217,2025-11-14 05:49:03+00,4d106730-1088-4892-9045-ffeebc4d23bc,-6.935523,107.6683622,697.9,5,739,96,20.39216,67.84314,,27.41117,35,111,28.86149,35,110,29.73169,32,122,24.22045,33,104
1218,2025-11-14 05:49:08+00,4d106730-1088-4892-9045-ffeebc4d23bc,-6.935579667,107.6684272,695.5,2,740,97,19.60784,54.90196,,27.41117,35,111,28.86149,35,110,29.73169,32,122,24.22045,33,104
1219,2025-11-14 05:49:13+00,4d106730-1088-4892-9045-ffeebc4d23bc,-6.935608333,107.668468,691.2,12,1267,97,19.60784,41.56863,,27.41117,35,111,28.86149,35,110,29.73169,32,122,24.22045,33,104
1220,2025-11-14 05:49:18+00,4d106730-1088-4892-9045-ffeebc4d23bc,-6.9357015,107.6685783,689.8,7,941,96,20,60.78431,,27.41117,35,111,28.86149,35,110,29.73169,32,122,24.22045,33,104
1221,2025-11-14 05:49:23+00,4d106730-1088-4892-9045-ffeebc4d23bc,-6.935775833,107.668666,687,11,1541,96,23.52941,67.05882,,27.41117,35,111,28.86149,35,110,29.73169,32,122,24.22045,33,104
1222,2025-11-14 05:49:28+00,4d106730-1088-4892-9045-ffeebc4d23bc,-6.935899,107.6687758,685.8,15,1054,95,19.60784,43.92157,,27.41117,35,111,28.86149,35,110,29.73169,32,122,24.22045,33,104
1223,2025-11-14 05:49:33+00,4d106730-1088-4892-9045-ffeebc4d23bc,-6.936074667,107.668889,687.1,16,1380,95,22.7451,63.92157,,27.41117,35,111,28.86149,35,110,29.73169,32,122,24.22045,33,104
1224,2025-11-14 05:49:38+00,4d106730-1088-4892-9045-ffeebc4d23bc,-6.936236333,107.6690057,688.6,22,1634,95,20,57.64706,,27.41117,35,111,28.86149,35,110,29.73169,32,122,24.22045,33,104
1225,2025-11-14 05:49:43+00,4d106730-1088-4892-9045-ffeebc4d23bc,-6.936479,107.6691182,687.2,16,827,95,19.60784,50.58823,,27.41117,35,111,28.86149,35,110,29.73169,32,122,24.22045,33,104
1226,2025-11-14 05:49:48+00,4d106730-1088-4892-9045-ffeebc4d23bc,-6.936679667,107.6692025,684.9,26,1576,96,23.92157,74.5098,,27.41117,35,111,28.86149,35,110,29.73169,32,122,24.22045,33,104
1227,2025-11-14 05:49:53+00,4d106730-1088-4892-9045-ffeebc4d23bc,-6.936952667,107.6693273,681.9,28,1196,95,19.60784,39.21569,,27.41117,35,111,28.86149,35,110,29.73169,32,122,24.22045,33,104
1228,2025-11-14 05:49:58+00,4d106730-1088-4892-9045-ffeebc4d23bc,-6.9372805,107.6694828,680.6,21,908,95,20,54.90196,,27.41117,35,111,28.86149,35,110,29.73169,32,122,24.22045,33,104
1229,2025-11-14 05:50:03+00,4d106730-1088-4892-9045-ffeebc4d23bc,-6.937545333,107.6695805,682.1,13,786,95,19.60784,51.37255,,27.41117,35,111,28.86149,35,110,29.73169,32,122,24.22045,33,104
1230,2025-11-14 05:50:08+00,4d106730-1088-4892-9045-ffeebc4d23bc,-6.937734333,107.6696172,684.1,6,832,94,19.60784,49.01961,,27.41117,35,111,28.86149,35,110,29.73169,32,122,24.22045,33,104
1231,2025-11-14 05:50:13+00,4d106730-1088-4892-9045-ffeebc4d23bc,-6.937821,107.6696307,688.8,7,873,94,19.60784,50.58823,,27.41117,35,111,28.86149,35,110,29.73169,32,122,24.22045,33,104
1232,2025-11-14 05:50:18+00,4d106730-1088-4892-9045-ffeebc4d23bc,-6.937885333,107.6696767,690.7,13,1649,94,23.92157,68.62745,,27.41117,35,111,28.86149,35,110,29.73169,32,122,24.22045,33,104
1233,2025-11-14 05:50:23+00,4d106730-1088-4892-9045-ffeebc4d23bc,-6.937944167,107.669816,691.4,17,1113,93,19.60784,41.17647,,27.41117,35,111,28.86149,35,110,29.73169,32,122,24.22045,33,104
1234,2025-11-14 05:50:28+00,4d106730-1088-4892-9045-ffeebc4d23bc,-6.938024333,107.6700027,691.1,12,1607,93,20.78431,49.01961,,27.41117,35,111,28.86149,35,110,29.73169,32,122,24.22045,33,104
1235,2025-11-14 05:50:33+00,4d106730-1088-4892-9045-ffeebc4d23bc,-6.938086667,107.6701312,685.5,13,878,93,20,59.21569,,27.41117,35,111,28.86149,35,110,29.73169,32,122,24.22045,33,104
1236,2025-11-14 05:50:38+00,4d106730-1088-4892-9045-ffeebc4d23bc,-6.9381485,107.670277,682.8,16,1304,93,21.17647,60.39216,,27.41117,35,111,28.86149,35,110,29.73169,32,122,24.22045,33,104
1237,2025-11-14 05:50:43+00,4d106730-1088-4892-9045-ffeebc4d23bc,-6.938229333,107.6704503,682.2,14,996,93,21.56863,49.80392,,27.41117,35,111,28.86149,35,110,29.73169,32,122,24.22045,33,104
1238,2025-11-14 05:50:48+00,4d106730-1088-4892-9045-ffeebc4d23bc,-6.938347167,107.6706082,684.2,6,1089,93,19.21569,54.5098,,27.41117,35,111,28.86149,35,110,29.73169,32,122,24.22045,33,104
1239,2025-11-14 05:50:53+00,4d106730-1088-4892-9045-ffeebc4d23bc,-6.938408333,107.6706648,686.6,2,806,93,22.7451,77.25491,,27.41117,35,111,28.86149,35,110,29.73169,32,122,24.22045,33,104
1240,2025-11-14 05:50:58+00,4d106730-1088-4892-9045-ffeebc4d23bc,-6.9384275,107.6706783,689.7,11,1639,93,23.13725,67.45098,,27.41117,35,111,28.86149,35,110,29.73169,32,122,24.22045,33,104
1241,2025-11-14 05:51:03+00,4d106730-1088-4892-9045-ffeebc4d23bc,-6.938435667,107.6707975,690.2,24,1807,93,24.70588,73.33334,,27.41117,35,111,28.86149,35,110,29.73169,32,122,24.22045,33,104
1242,2025-11-14 05:51:08+00,4d106730-1088-4892-9045-ffeebc4d23bc,-6.938432833,107.671099,691.5,35,1478,92,25.4902,82.74509,,27.41117,35,111,28.86149,35,110,29.73169,32,122,24.22045,33,104
1243,2025-11-14 05:51:13+00,4d106730-1088-4892-9045-ffeebc4d23bc,-6.938417833,107.6715308,692.7,40,1062,93,20,54.11765,,27.41117,35,111,28.86149,35,110,29.73169,32,122,24.22045,33,104
1244,2025-11-14 05:51:18+00,4d106730-1088-4892-9045-ffeebc4d23bc,-6.938394333,107.6720362,691.4,33,1017,94,19.60784,43.92157,,27.41117,35,111,28.86149,35,110,29.73169,32,122,24.22045,33,104
1245,2025-11-14 05:51:23+00,4d106730-1088-4892-9045-ffeebc4d23bc,-6.938363833,107.6724615,690.3,14,804,94,19.60784,52.15686,,27.41117,35,111,28.86149,35,110,29.73169,32,122,24.22045,33,104
1246,2025-11-14 05:51:28+00,4d106730-1088-4892-9045-ffeebc4d23bc,-6.938356833,107.6726777,691.2,3,760,93,19.60784,55.68628,,27.41117,35,111,28.86149,35,110,29.73169,32,122,24.22045,33,104
1247,2025-11-14 05:51:33+00,4d106730-1088-4892-9045-ffeebc4d23bc,-6.938358333,107.672728,691.9,5,774,93,22.7451,73.33334,,27.41117,35,111,28.86149,35,110,29.73169,32,122,24.22045,33,104
1248,2025-11-14 05:51:38+00,4d106730-1088-4892-9045-ffeebc4d23bc,-6.9383695,107.6728058,691.6,19,1635,93,25.4902,82.35294,,27.41117,35,111,28.86149,35,110,29.73169,32,122,24.22045,33,104
1249,2025-11-14 05:51:43+00,4d106730-1088-4892-9045-ffeebc4d23bc,-6.938380333,107.6730258,691.3,33,1405,92,30.98039,94.5098,,27.41117,35,111,28.86149,35,110,29.73169,32,122,24.22045,33,104
1250,2025-11-14 05:51:48+00,4d106730-1088-4892-9045-ffeebc4d23bc,-6.938372,107.6734272,691.4,45,1901,93,31.37255,92.94118,,27.41117,35,111,28.86149,35,110,29.73169,32,122,24.22045,33,104
1251,2025-11-14 05:51:53+00,4d106730-1088-4892-9045-ffeebc4d23bc,-6.938346833,107.6739667,691.4,42,1087,93,20.39216,51.76471,,27.41117,35,111,28.86149,35,110,30.31182,32,114,24.22045,33,104
1252,2025-11-14 05:51:58+00,4d106730-1088-4892-9045-ffeebc4d23bc,-6.93831,107.6745158,691.4,42,1240,94,27.45098,91.37255,,27.41117,35,111,28.86149,35,110,30.31182,32,114,24.22045,33,104
1253,2025-11-14 05:52:03+00,4d106730-1088-4892-9045-ffeebc4d23bc,-6.9382765,107.6750403,691,49,1434,93,27.05882,89.41177,,27.41117,35,111,28.86149,35,110,30.31182,32,114,24.22045,33,104
1254,2025-11-14 05:52:08+00,4d106730-1088-4892-9045-ffeebc4d23bc,-6.938234,107.6756435,690.9,55,1617,93,22.35294,58.82353,,27.41117,35,111,28.86149,35,110,30.31182,32,114,24.22045,33,104
1255,2025-11-14 05:52:13+00,4d106730-1088-4892-9045-ffeebc4d23bc,-6.938187,107.6763275,691.6,52,1332,92,20.39216,44.31372,,27.41117,35,111,28.86149,35,110,30.31182,32,114,24.22045,33,104
1256,2025-11-14 05:52:18+00,4d106730-1088-4892-9045-ffeebc4d23bc,-6.938142833,107.6769847,692.9,34,1139,92,23.13725,60,,27.41117,35,111,28.86149,35,110,30.31182,32,114,24.22045,33,104
1257,2025-11-14 05:52:23+00,4d106730-1088-4892-9045-ffeebc4d23bc,-6.9381165,107.6774395,693.9,41,1300,91,29.01961,95.68627,,27.41117,35,111,28.86149,35,110,30.31182,32,114,24.22045,33,104
1258,2025-11-14 05:52:28+00,4d106730-1088-4892-9045-ffeebc4d23bc,-6.9381015,107.6779385,694,47,1385,92,30.58824,93.33334,,27.41117,35,111,28.86149,35,110,30.31182,32,114,24.22045,33,104
1259,2025-11-14 05:52:33+00,4d106730-1088-4892-9045-ffeebc4d23bc,-6.938069667,107.6785227,694.4,49,1439,92,33.33333,95.29412,,27.41117,35,111,28.86149,35,110,30.31182,32,114,24.22045,33,104
1260,2025-11-14 05:52:38+00,4d106730-1088-4892-9045-ffeebc4d23bc,-6.938023833,107.6791408,695.4,52,1518,92,32.94118,95.29412,,27.41117,35,111,28.86149,35,110,30.31182,32,114,24.22045,33,104
1261,2025-11-14 05:52:43+00,4d106730-1088-4892-9045-ffeebc4d23bc,-6.937977333,107.6797848,695.7,55,1632,92,30.58824,93.72549,,27.41117,35,111,28.86149,35,110,30.31182,32,114,24.22045,33,104
1262,2025-11-14 05:52:48+00,4d106730-1088-4892-9045-ffeebc4d23bc,-6.9379315,107.6804688,697.4,50,1403,92,19.60784,37.2549,,27.41117,35,111,28.86149,35,110,30.31182,32,114,24.22045,33,104
1263,2025-11-14 05:52:53+00,4d106730-1088-4892-9045-ffeebc4d23bc,-6.937885,107.6811163,699.3,40,1056,91,20,51.37255,,27.41117,35,111,28.86149,35,110,30.31182,32,114,24.22045,33,104
1264,2025-11-14 05:52:58+00,4d106730-1088-4892-9045-ffeebc4d23bc,-6.937849,107.6816488,699.6,44,1308,91,28.62745,92.15686,,27.41117,35,111,28.86149,35,110,30.31182,32,114,24.22045,33,104
1265,2025-11-14 05:53:03+00,4d106730-1088-4892-9045-ffeebc4d23bc,-6.937812833,107.6821922,699.5,54,1574,91,20,44.31372,,27.41117,35,111,28.86149,35,110,30.31182,32,114,24.22045,33,104
1266,2025-11-14 05:53:08+00,4d106730-1088-4892-9045-ffeebc4d23bc,-6.937771667,107.682854,697.6,53,1510,91,19.60784,34.11765,,27.41117,35,111,28.86149,35,110,30.31182,32,114,24.22045,33,104
1267,2025-11-14 05:53:13+00,4d106730-1088-4892-9045-ffeebc4d23bc,-6.937726167,107.6835283,694.8,52,1317,91,18.82353,37.64706,,27.41117,35,111,28.86149,35,110,30.31182,32,114,24.22045,33,104
1268,2025-11-14 05:53:18+00,4d106730-1088-4892-9045-ffeebc4d23bc,-6.937677167,107.6841867,692.4,48,1342,90,19.60784,34.90196,,27.41117,35,111,28.86149,35,110,30.31182,32,114,24.22045,33,104
1269,2025-11-14 05:53:23+00,4d106730-1088-4892-9045-ffeebc4d23bc,-6.937624667,107.6848002,692.6,52,1513,90,28.23529,92.15686,,27.41117,35,111,28.86149,35,110,30.31182,32,114,24.22045,33,104
1270,2025-11-14 05:53:28+00,4d106730-1088-4892-9045-ffeebc4d23bc,-6.937571167,107.68544,691.9,58,1689,90,20,48.23529,,27.41117,35,111,28.86149,35,110,30.31182,32,114,24.22045,33,104
1271,2025-11-14 05:53:33+00,4d106730-1088-4892-9045-ffeebc4d23bc,-6.937508833,107.6861488,690.8,52,1310,91,18.82353,37.64706,,27.41117,35,111,28.86149,35,110,30.31182,33,115,24.22045,33,104
1272,2025-11-14 05:53:38+00,4d106730-1088-4892-9045-ffeebc4d23bc,-6.9374515,107.686813,689.8,42,1218,90,19.60784,36.86274,,27.41117,35,111,28.86149,35,110,30.31182,33,115,24.22045,33,104
1273,2025-11-14 05:53:43+00,4d106730-1088-4892-9045-ffeebc4d23bc,-6.937413167,107.6873715,691.2,39,1165,90,19.60784,42.7451,,27.41117,35,111,28.86149,35,110,30.31182,33,115,24.22045,33,104
1274,2025-11-14 05:53:48+00,4d106730-1088-4892-9045-ffeebc4d23bc,-6.937379167,107.6878568,690.7,8,849,90,19.60784,52.94118,,27.41117,35,111,28.86149,35,110,30.31182,33,115,24.22045,33,104
1275,2025-11-14 05:53:53+00,4d106730-1088-4892-9045-ffeebc4d23bc,-6.937364,107.6880183,689,3,866,91,24.31373,80,,27.41117,35,111,28.86149,35,110,30.31182,33,115,24.22045,33,104
1276,2025-11-14 05:53:58+00,4d106730-1088-4892-9045-ffeebc4d23bc,-6.937355167,107.6880727,689.2,27,2064,91,31.37255,91.76471,,27.41117,35,111,28.86149,35,110,30.31182,33,115,24.22045,33,104
1277,2025-11-14 05:54:03+00,4d106730-1088-4892-9045-ffeebc4d23bc,-6.937328667,107.6883757,688.4,36,1060,91,20,51.76471,,27.41117,35,111,28.86149,35,110,30.31182,33,115,24.22045,33,104
1278,2025-11-14 05:54:08+00,4d106730-1088-4892-9045-ffeebc4d23bc,-6.937297333,107.688818,687.2,37,1521,92,23.92157,71.76471,,27.41117,35,111,28.86149,35,110,30.31182,33,115,24.22045,33,104
1279,2025-11-14 05:54:13+00,4d106730-1088-4892-9045-ffeebc4d23bc,-6.9372665,107.6892695,685.1,40,1196,92,23.92157,80.39216,,27.41117,35,111,28.86149,35,110,30.31182,33,115,24.22045,33,104
1280,2025-11-14 05:54:18+00,4d106730-1088-4892-9045-ffeebc4d23bc,-6.9372265,107.6897705,683,43,1269,93,20,41.56863,,27.41117,35,111,28.86149,35,110,30.31182,33,115,24.22045,33,104
1281,2025-11-14 05:54:23+00,4d106730-1088-4892-9045-ffeebc4d23bc,-6.937182333,107.6903128,681.5,36,1088,93,19.60784,40.78431,,27.41117,35,111,28.86149,35,110,30.31182,33,115,24.22045,33,104
1282,2025-11-14 05:54:28+00,4d106730-1088-4892-9045-ffeebc4d23bc,-6.937142,107.6907783,680.5,32,1023,92,22.35294,53.33333,,27.41117,35,111,28.86149,35,110,30.31182,33,115,24.22045,33,104
1283,2025-11-14 05:54:33+00,4d106730-1088-4892-9045-ffeebc4d23bc,-6.937110833,107.691195,681.2,31,974,92,19.60784,48.23529,,27.41117,35,111,28.86149,35,110,30.31182,33,115,24.22045,33,104
1284,2025-11-14 05:54:38+00,4d106730-1088-4892-9045-ffeebc4d23bc,-6.9370805,107.691594,682.2,28,900,92,19.60784,45.88235,,27.41117,35,111,28.86149,35,110,30.31182,33,115,24.22045,33,104
1285,2025-11-14 05:54:43+00,4d106730-1088-4892-9045-ffeebc4d23bc,-6.937057667,107.6919507,682.9,14,793,93,19.60784,51.76471,,27.41117,35,111,28.86149,35,110,30.60188,33,115,24.22045,33,104
1286,2025-11-14 05:54:48+00,4d106730-1088-4892-9045-ffeebc4d23bc,-6.937037,107.69216,683,2,729,93,19.21569,54.11765,,27.41117,35,111,28.86149,35,110,30.60188,33,115,24.22045,33,104
1287,2025-11-14 05:56:13+00,4d106730-1088-4892-9045-ffeebc4d23bc,-6.937018333,107.6922367,689,6,913,93,22.7451,62.35294,,27.41117,35,111,28.86149,35,110,30.60188,33,115,24.22045,33,104
1288,2025-11-14 05:56:21+00,4d106730-1088-4892-9045-ffeebc4d23bc,-6.937004833,107.6923983,690.4,10,1266,93,21.56863,49.80392,,27.41117,35,111,28.86149,35,110,30.60188,33,115,24.22045,33,104
1289,2025-11-14 05:56:26+00,4d106730-1088-4892-9045-ffeebc4d23bc,-6.937002833,107.6925738,691.5,19,1675,93,27.05882,87.45098,,27.41117,35,111,28.86149,35,110,30.60188,33,115,24.22045,33,104
1290,2025-11-14 05:56:31+00,4d106730-1088-4892-9045-ffeebc4d23bc,-6.936987833,107.6928677,691.7,27,1573,94,24.31373,72.94118,,27.41117,35,111,28.86149,35,110,30.60188,33,115,24.22045,33,104
1291,2025-11-14 05:56:36+00,4d106730-1088-4892-9045-ffeebc4d23bc,-6.936966,107.6932498,691.8,33,1307,94,21.96078,64.31373,,27.41117,35,111,28.86149,35,110,30.60188,33,115,24.22045,33,104
1292,2025-11-14 05:56:41+00,4d106730-1088-4892-9045-ffeebc4d23bc,-6.936939333,107.6936645,691.3,32,1190,94,21.56863,61.96078,,27.41117,35,111,28.86149,35,110,30.60188,33,115,24.22045,33,104
1293,2025-11-14 05:56:46+00,4d106730-1088-4892-9045-ffeebc4d23bc,-6.936910167,107.69409,691.5,38,1510,94,25.88235,86.27451,,27.41117,35,111,28.86149,35,110,30.60188,33,115,24.22045,33,104
1294,2025-11-14 05:56:51+00,4d106730-1088-4892-9045-ffeebc4d23bc,-6.936877,107.694588,692.5,42,1241,94,26.27451,86.66666,,27.41117,35,111,28.86149,35,110,30.60188,33,115,24.22045,33,104
1295,2025-11-14 05:56:56+00,4d106730-1088-4892-9045-ffeebc4d23bc,-6.936839833,107.6951397,693.6,47,1383,94,23.92157,74.11765,,27.41117,35,111,28.86149,35,110,30.60188,33,115,24.22045,33,104
1296,2025-11-14 05:57:01+00,4d106730-1088-4892-9045-ffeebc4d23bc,-6.936799167,107.695753,694.5,52,1530,94,21.56863,62.35294,,27.41117,35,111,28.86149,35,110,30.60188,33,115,24.22045,33,104
1297,2025-11-14 05:57:06+00,4d106730-1088-4892-9045-ffeebc4d23bc,-6.936744333,107.696408,694,54,1572,93,22.7451,61.17647,,27.41117,35,111,28.86149,35,110,30.60188,33,115,24.22045,33,104
1298,2025-11-14 05:57:11+00,4d106730-1088-4892-9045-ffeebc4d23bc,-6.936713167,107.6970193,695.7,25,853,93,19.60784,50.19608,,27.41117,35,111,28.86149,35,110,30.60188,33,115,24.22045,33,104
1299,2025-11-14 05:57:16+00,4d106730-1088-4892-9045-ffeebc4d23bc,-6.936686167,107.697356,695.9,33,1897,93,52.94118,97.64706,,27.41117,35,111,28.86149,35,110,30.60188,33,115,24.22045,33,104
1300,2025-11-14 05:57:21+00,4d106730-1088-4892-9045-ffeebc4d23bc,-6.936651667,107.6978262,699,42,1237,93,19.60784,41.56863,,27.41117,35,111,28.86149,35,110,30.60188,33,115,24.22045,33,104
1301,2025-11-14 05:57:26+00,4d106730-1088-4892-9045-ffeebc4d23bc,-6.9366155,107.6982675,700.2,28,835,94,20,61.17647,,27.41117,35,111,28.86149,35,110,30.60188,33,115,24.22045,33,104
1302,2025-11-14 05:57:31+00,4d106730-1088-4892-9045-ffeebc4d23bc,-6.9365895,107.6985953,702.3,23,881,95,20,53.33333,,27.41117,35,111,28.86149,35,110,30.60188,33,115,24.22045,33,104
1303,2025-11-14 05:57:36+00,4d106730-1088-4892-9045-ffeebc4d23bc,-6.936577833,107.6988787,703.1,24,1612,94,26.66667,85.88235,,27.41117,35,111,28.86149,35,110,30.60188,33,115,24.22045,33,104
1304,2025-11-14 05:57:41+00,4d106730-1088-4892-9045-ffeebc4d23bc,-6.9365575,107.6991785,702.3,24,1589,93,24.70588,76.47059,,27.41117,35,111,28.86149,35,110,30.60188,33,115,24.22045,33,104
1305,2025-11-14 05:57:46+00,4d106730-1088-4892-9045-ffeebc4d23bc,-6.936539,107.69953,701.8,28,1046,94,20,52.15686,,27.41117,35,111,28.86149,35,110,30.60188,33,115,24.22045,33,104
1306,2025-11-14 05:57:48+00,4d106730-1088-4892-9045-ffeebc4d23bc,-6.936524833,107.699668,702,25,1170,94,20.78431,49.41177,,27.41117,35,111,28.86149,35,110,30.60188,33,115,24.22045,33,104
1307,2025-11-14 05:57:53+00,4d106730-1088-4892-9045-ffeebc4d23bc,-6.936481167,107.699991,701.1,31,1341,93,27.05882,88.23529,,27.41117,35,111,28.86149,35,110,30.60188,33,115,24.22045,33,104
1308,2025-11-14 05:57:58+00,4d106730-1088-4892-9045-ffeebc4d23bc,-6.9364485,107.7003658,697.7,39,1402,94,19.60784,49.41177,,27.41117,35,111,28.86149,35,110,30.60188,33,115,24.22045,33,104
1309,2025-11-14 05:58:03+00,4d106730-1088-4892-9045-ffeebc4d23bc,-6.936413,107.7008337,695.2,19,753,94,20.78431,69.80392,,27.41117,35,111,28.86149,35,110,30.60188,33,115,24.22045,33,104
1310,2025-11-14 05:58:08+00,4d106730-1088-4892-9045-ffeebc4d23bc,-6.936382333,107.7011493,693.8,6,844,95,19.60784,50.19608,,27.41117,35,111,28.86149,35,110,30.60188,33,115,24.22045,33,104
1311,2025-11-14 05:58:13+00,4d106730-1088-4892-9045-ffeebc4d23bc,-6.936358,107.7012442,691.3,16,2173,93,28.62745,84.70588,,27.41117,35,111,28.86149,35,110,30.60188,33,115,24.22045,33,104
1312,2025-11-14 05:58:18+00,4d106730-1088-4892-9045-ffeebc4d23bc,-6.936344,107.7014048,693.5,32,1705,94,27.05882,89.80392,,27.41117,35,111,28.86149,35,110,30.60188,33,115,24.22045,33,104
1313,2025-11-14 05:58:23+00,4d106730-1088-4892-9045-ffeebc4d23bc,-6.9363185,107.7017702,694.1,38,1615,95,23.13725,71.76471,,27.41117,35,111,28.86149,35,110,30.60188,33,115,24.22045,33,104
1314,2025-11-14 05:58:28+00,4d106730-1088-4892-9045-ffeebc4d23bc,-6.9362975,107.702224,693.6,37,1117,95,19.60784,46.27451,,27.41117,35,111,28.86149,35,110,30.60188,33,115,24.22045,33,104
1315,2025-11-14 05:58:33+00,4d106730-1088-4892-9045-ffeebc4d23bc,-6.936277167,107.7026862,688.8,32,1000,95,19.60784,43.13726,,27.41117,35,111,28.86149,35,110,30.60188,33,115,24.22045,33,104
1316,2025-11-14 05:58:38+00,4d106730-1088-4892-9045-ffeebc4d23bc,-6.9362485,107.7031052,687.2,14,807,94,19.60784,51.76471,,27.41117,35,111,28.86149,35,110,30.60188,33,115,24.22045,33,104
1317,2025-11-14 05:58:43+00,4d106730-1088-4892-9045-ffeebc4d23bc,-6.936224667,107.7033515,686.6,23,1510,94,36.86274,96.86275,,27.41117,35,111,28.86149,35,110,30.60188,33,115,24.22045,33,104
1318,2025-11-14 05:58:48+00,4d106730-1088-4892-9045-ffeebc4d23bc,-6.936197333,107.7035962,688,36,1547,94,22.35294,68.23529,,27.41117,35,111,28.86149,35,110,30.60188,33,115,24.22045,33,104
1319,2025-11-14 05:58:53+00,4d106730-1088-4892-9045-ffeebc4d23bc,-6.936162667,107.7040268,688.4,37,1107,94,19.60784,43.13726,,27.41117,35,111,28.86149,35,110,30.60188,33,115,24.22045,33,104
1320,2025-11-14 05:58:58+00,4d106730-1088-4892-9045-ffeebc4d23bc,-6.9361285,107.7044993,687.5,32,991,94,20,43.52941,,27.41117,35,111,28.86149,35,110,30.60188,33,115,24.22045,33,104
1321,2025-11-14 05:59:03+00,4d106730-1088-4892-9045-ffeebc4d23bc,-6.936099667,107.7049152,687.7,34,1304,94,23.92157,75.68627,,27.41117,35,111,28.86149,35,110,30.60188,33,115,24.22045,33,104
1322,2025-11-14 05:59:08+00,4d106730-1088-4892-9045-ffeebc4d23bc,-6.936071333,107.7053307,686.8,38,1422,94,22.7451,65.88235,,27.41117,35,111,28.86149,35,110,30.60188,33,115,24.22045,33,104
1323,2025-11-14 05:59:13+00,4d106730-1088-4892-9045-ffeebc4d23bc,-6.936035667,107.7058075,686.6,40,1181,94,19.60784,42.35294,,27.41117,35,111,28.86149,35,110,30.60188,33,115,24.22045,33,104
1324,2025-11-14 05:59:18+00,4d106730-1088-4892-9045-ffeebc4d23bc,-6.935992167,107.7063127,685.9,36,1405,94,25.09804,77.64706,,27.41117,35,111,28.86149,35,110,30.60188,33,115,24.22045,33,104
1325,2025-11-14 05:59:23+00,4d106730-1088-4892-9045-ffeebc4d23bc,-6.9359595,107.706785,683.8,40,1187,93,24.70588,82.74509,,27.41117,35,111,28.86149,35,110,30.60188,33,115,24.22045,33,104
1326,2025-11-14 05:59:28+00,4d106730-1088-4892-9045-ffeebc4d23bc,-6.935924833,107.707281,684.8,43,1266,93,20,42.7451,,27.41117,35,111,28.86149,35,110,30.60188,33,115,24.22045,33,104
1327,2025-11-14 05:59:33+00,4d106730-1088-4892-9045-ffeebc4d23bc,-6.935881,107.7078237,685.4,38,1150,93,19.60784,39.60784,,27.41117,35,111,28.86149,35,110,30.60188,33,115,24.22045,33,104
1328,2025-11-14 05:59:38+00,4d106730-1088-4892-9045-ffeebc4d23bc,-6.935847333,107.7083203,684,37,1191,93,20.39216,49.41177,,27.41117,35,111,28.86149,35,110,30.60188,33,115,24.22045,33,104
1329,2025-11-14 05:59:43+00,4d106730-1088-4892-9045-ffeebc4d23bc,-6.935819833,107.7087817,683.9,38,1392,92,23.92157,72.94118,,27.41117,35,111,28.86149,35,110,30.60188,33,115,24.22045,33,104
1330,2025-11-14 05:59:48+00,4d106730-1088-4892-9045-ffeebc4d23bc,-6.935785167,107.7092662,684,41,1212,91,19.60784,41.96078,,27.41117,35,111,28.86149,35,110,30.60188,33,115,24.22045,33,104
1331,2025-11-14 05:59:53+00,4d106730-1088-4892-9045-ffeebc4d23bc,-6.935750167,107.7097765,685.4,39,1182,91,19.60784,38.03922,,27.41117,35,111,28.86149,35,110,30.60188,33,115,24.22045,33,104
1332,2025-11-14 05:59:58+00,4d106730-1088-4892-9045-ffeebc4d23bc,-6.9357035,107.7102732,686.2,37,1111,91,19.60784,39.60784,,27.41117,35,111,28.86149,35,110,30.60188,33,115,24.22045,33,104
1333,2025-11-14 06:00:03+00,4d106730-1088-4892-9045-ffeebc4d23bc,-6.935666167,107.7107547,685.3,31,914,91,20,55.29412,,27.41117,35,111,28.86149,35,110,30.60188,33,115,24.22045,33,104
1334,2025-11-14 06:00:08+00,4d106730-1088-4892-9045-ffeebc4d23bc,-6.9356365,107.7111807,684.7,29,1235,91,22.7451,67.45098,,27.41117,35,111,28.86149,35,110,30.60188,33,115,24.22045,33,104
1335,2025-11-14 06:00:13+00,4d106730-1088-4892-9045-ffeebc4d23bc,-6.935615667,107.7115385,683.3,34,1369,90,21.56863,64.31373,,27.41117,35,111,28.86149,35,110,30.60188,33,115,24.22045,33,104
1336,2025-11-14 06:00:18+00,4d106730-1088-4892-9045-ffeebc4d23bc,-6.935581333,107.7119567,683.9,38,1482,91,23.52941,68.23529,,27.41117,35,111,28.86149,35,110,30.60188,33,115,24.22045,33,104
1337,2025-11-14 06:00:23+00,4d106730-1088-4892-9045-ffeebc4d23bc,-6.9355495,107.7124278,684.9,40,1166,91,19.21569,51.76471,,27.41117,35,111,28.86149,35,110,30.60188,33,115,24.22045,33,104
1338,2025-11-14 06:00:28+00,4d106730-1088-4892-9045-ffeebc4d23bc,-6.935521167,107.7129338,685.5,31,987,91,19.60784,42.7451,,27.41117,35,111,28.86149,35,110,30.60188,33,115,24.22045,33,104
1339,2025-11-14 06:00:33+00,4d106730-1088-4892-9045-ffeebc4d23bc,-6.935491333,107.7133675,686,18,866,91,19.60784,49.41177,,27.41117,35,111,28.86149,35,110,30.60188,33,115,24.22045,33,104
1340,2025-11-14 06:00:43+00,4d106730-1088-4892-9045-ffeebc4d23bc,-6.935472167,107.7136558,687.9,1,748,91,20.78431,73.33334,,27.41117,35,111,28.86149,35,110,30.60188,33,115,24.22045,33,104
1341,2025-11-14 06:00:48+00,4d106730-1088-4892-9045-ffeebc4d23bc,-6.935470333,107.7136778,688.5,17,1995,92,26.27451,81.96078,,27.41117,35,111,28.86149,35,110,30.60188,33,115,24.22045,33,104
1342,2025-11-14 06:00:53+00,4d106730-1088-4892-9045-ffeebc4d23bc,-6.9354835,107.71384,689.7,33,2401,91,32.94118,91.76471,,27.41117,35,111,28.86149,35,110,30.60188,33,115,24.22045,33,104
1343,2025-11-14 06:00:58+00,4d106730-1088-4892-9045-ffeebc4d23bc,-6.935460333,107.714204,689.6,45,2197,93,32.15686,89.80392,,27.41117,35,111,28.86149,35,110,30.60188,33,115,24.22045,33,104
1344,2025-11-14 06:01:03+00,4d106730-1088-4892-9045-ffeebc4d23bc,-6.9354165,107.7147398,691,50,1479,94,21.56863,68.62745,,27.41117,35,111,28.86149,35,110,30.60188,33,115,24.22045,33,104
1345,2025-11-14 06:01:08+00,4d106730-1088-4892-9045-ffeebc4d23bc,-6.9353685,107.7153693,690.5,45,1289,94,19.60784,38.43137,,27.41117,35,111,28.86149,35,110,30.60188,33,115,24.22045,33,104
1346,2025-11-14 06:01:18+00,4d106730-1088-4892-9045-ffeebc4d23bc,-6.9352865,107.7164873,690.8,31,979,93,19.60784,43.92157,,27.41117,35,111,28.86149,35,110,30.60188,33,115,24.22045,33,104
1347,2025-11-14 06:01:13+00,4d106730-1088-4892-9045-ffeebc4d23bc,-6.935329333,107.7159485,689.4,42,1233,93,20,43.52941,,27.41117,35,111,28.86149,35,110,30.60188,33,115,24.22045,33,104
1348,2025-11-14 06:01:23+00,4d106730-1088-4892-9045-ffeebc4d23bc,-6.935248667,107.7169155,691.6,18,853,93,20,62.7451,,27.41117,35,111,28.86149,35,110,30.60188,33,115,24.22045,33,104
1349,2025-11-14 06:01:28+00,4d106730-1088-4892-9045-ffeebc4d23bc,-6.935164833,107.7171697,692.6,2,746,93,19.60784,54.5098,,27.41117,35,111,28.86149,35,110,30.60188,33,115,24.22045,33,104
1350,2025-11-14 06:01:33+00,4d106730-1088-4892-9045-ffeebc4d23bc,-6.935109333,107.7172372,692.8,8,1032,92,19.60784,45.88235,,27.41117,35,111,28.86149,35,110,30.60188,33,115,24.22045,33,104
1351,2025-11-14 06:01:38+00,4d106730-1088-4892-9045-ffeebc4d23bc,-6.9350505,107.717299,693.6,2,743,92,19.60784,54.5098,,27.41117,35,111,28.86149,35,110,30.60188,33,115,24.22045,33,104
1352,2025-11-14 06:01:43+00,4d106730-1088-4892-9045-ffeebc4d23bc,-6.935015833,107.7173372,693.7,9,1464,94,26.27451,83.92157,,27.41117,35,111,28.86149,35,110,30.60188,33,115,24.22045,33,104
1353,2025-11-14 06:01:48+00,4d106730-1088-4892-9045-ffeebc4d23bc,-6.934954667,107.717415,693.5,17,1135,93,19.60784,41.96078,,27.41117,35,111,28.86149,35,110,30.60188,33,115,24.22045,33,104
1354,2025-11-14 06:01:53+00,4d106730-1088-4892-9045-ffeebc4d23bc,-6.934831333,107.7175908,694.4,6,846,94,19.60784,52.54902,,27.41117,35,111,28.86149,35,110,30.60188,33,115,24.22045,33,104
1355,2025-11-14 06:01:58+00,4d106730-1088-4892-9045-ffeebc4d23bc,-6.934810333,107.7176985,695.1,13,1536,94,23.13725,64.31373,,27.41117,35,111,28.86149,35,110,30.60188,33,115,24.22045,33,104
1356,2025-11-14 06:02:03+00,4d106730-1088-4892-9045-ffeebc4d23bc,-6.934831333,107.7178457,695.7,12,879,94,19.60784,52.15686,,27.41117,35,111,28.86149,35,110,30.60188,33,115,24.22045,33,104
1357,2025-11-14 06:02:08+00,4d106730-1088-4892-9045-ffeebc4d23bc,-6.934878667,107.7179972,695.7,5,799,95,19.60784,50.58823,,27.41117,35,111,28.86149,35,110,30.60188,33,115,24.22045,33,104
1358,2025-11-14 06:02:13+00,4d106730-1088-4892-9045-ffeebc4d23bc,-6.934898667,107.7180637,696.6,11,1282,94,19.60784,38.82353,,27.41117,35,111,28.86149,35,110,30.60188,33,115,24.22045,33,104
1359,2025-11-14 06:02:18+00,4d106730-1088-4892-9045-ffeebc4d23bc,-6.934942,107.7181725,698.4,10,1455,95,24.70588,76.07843,,27.41117,35,111,28.86149,35,110,30.60188,33,115,24.22045,33,104
1360,2025-11-14 06:02:23+00,4d106730-1088-4892-9045-ffeebc4d23bc,-6.934976167,107.7182802,697.5,19,1699,95,24.70588,76.07843,,27.41117,35,111,28.86149,35,110,30.60188,33,115,24.22045,33,104
1361,2025-11-14 06:02:28+00,4d106730-1088-4892-9045-ffeebc4d23bc,-6.935039833,107.718493,696.5,25,1552,95,24.31373,73.72549,,27.41117,35,111,28.86149,35,110,30.60188,33,115,24.22045,33,104
1362,2025-11-14 06:02:33+00,4d106730-1088-4892-9045-ffeebc4d23bc,-6.935044667,107.7188015,696.3,25,1090,96,19.60784,40.78431,,27.41117,35,111,28.86149,35,110,30.60188,33,115,24.22045,33,104
1363,2025-11-14 06:02:38+00,4d106730-1088-4892-9045-ffeebc4d23bc,-6.934976667,107.7191215,698.2,22,1164,96,23.13725,72.15686,,27.41117,35,111,28.86149,35,110,30.60188,33,115,24.22045,33,104
1364,2025-11-14 06:02:43+00,4d106730-1088-4892-9045-ffeebc4d23bc,-6.934919167,107.7193918,699,20,940,96,20.78431,55.68628,,27.41117,35,111,28.86149,35,110,30.60188,33,115,24.22045,33,104
1365,2025-11-14 06:02:48+00,4d106730-1088-4892-9045-ffeebc4d23bc,-6.934863667,107.7196523,700.8,25,1610,95,26.66667,85.09804,,27.41117,35,111,28.86149,35,110,30.60188,33,115,24.22045,33,104
1366,2025-11-14 06:02:53+00,4d106730-1088-4892-9045-ffeebc4d23bc,-6.934808,107.7199542,700.5,30,1279,96,30.58824,91.76471,,27.41117,35,111,28.86149,35,110,30.60188,33,115,24.22045,33,104
1367,2025-11-14 06:02:58+00,4d106730-1088-4892-9045-ffeebc4d23bc,-6.934746333,107.7203235,703.2,30,1304,97,30.19608,90.98039,,27.41117,35,111,28.86149,35,110,30.60188,33,115,24.22045,33,104
1368,2025-11-14 06:03:03+00,4d106730-1088-4892-9045-ffeebc4d23bc,-6.934670833,107.7207138,703.8,34,1460,97,24.70588,76.07843,,27.41117,35,111,28.86149,35,110,30.60188,33,115,24.22045,33,104
1369,2025-11-14 06:03:08+00,4d106730-1088-4892-9045-ffeebc4d23bc,-6.934539833,107.7211133,704,34,1051,96,19.60784,47.05882,,27.41117,35,111,28.86149,35,110,30.60188,33,115,24.22045,33,104
1370,2025-11-14 06:03:13+00,4d106730-1088-4892-9045-ffeebc4d23bc,-6.934347167,107.7215003,705.5,26,867,96,19.60784,47.05882,,27.41117,35,111,28.86149,35,110,30.60188,33,115,24.22045,33,104
1371,2025-11-14 06:03:18+00,4d106730-1088-4892-9045-ffeebc4d23bc,-6.93419,107.721807,706,26,1094,96,22.7451,73.72549,,27.41117,35,111,28.86149,35,110,30.60188,33,115,24.22045,33,104
1372,2025-11-14 06:03:23+00,4d106730-1088-4892-9045-ffeebc4d23bc,-6.934043,107.7220947,705.5,18,873,96,19.60784,51.37255,,27.41117,35,111,28.86149,35,110,30.60188,33,115,24.22045,33,104
1373,2025-11-14 06:03:28+00,4d106730-1088-4892-9045-ffeebc4d23bc,-6.933918,107.7223388,705,4,787,96,19.60784,51.37255,,27.41117,35,111,28.86149,35,110,30.60188,33,115,24.22045,33,104
1374,2025-11-14 06:03:33+00,4d106730-1088-4892-9045-ffeebc4d23bc,-6.933876833,107.7224213,704.9,13,1645,95,21.96078,53.33333,,27.41117,35,111,28.86149,35,110,30.60188,33,115,24.22045,33,104
1375,2025-11-14 06:03:38+00,4d106730-1088-4892-9045-ffeebc4d23bc,-6.933808167,107.7225473,705.7,17,1099,96,20.39216,54.11765,,27.41117,35,111,28.86149,35,110,30.60188,33,115,24.22045,33,104
1376,2025-11-14 06:03:43+00,4d106730-1088-4892-9045-ffeebc4d23bc,-6.933717667,107.7227085,708.2,6,831,97,19.60784,51.76471,,27.41117,35,111,28.86149,35,110,30.60188,33,115,24.22045,33,104
1377,2025-11-14 06:03:48+00,4d106730-1088-4892-9045-ffeebc4d23bc,-6.933677167,107.722793,709.3,7,1006,96,21.17647,55.68628,,27.41117,35,111,28.86149,35,110,30.60188,33,115,24.22045,33,104
1378,2025-11-14 06:03:53+00,4d106730-1088-4892-9045-ffeebc4d23bc,-6.933635,107.7228658,712,17,1617,96,24.70588,76.07843,,27.41117,35,111,28.86149,35,110,30.60188,33,115,24.22045,33,104
1379,2025-11-14 06:03:58+00,4d106730-1088-4892-9045-ffeebc4d23bc,-6.9335505,107.723024,712.8,22,1622,97,24.31373,74.90196,,27.41117,35,111,28.86149,35,110,30.60188,33,115,24.22045,33,104
1380,2025-11-14 06:04:08+00,4d106730-1088-4892-9045-ffeebc4d23bc,-6.933302333,107.7235042,715.2,11,767,97,19.60784,52.15686,,27.41117,35,111,28.86149,35,110,30.60188,33,115,24.22045,33,104
1381,2025-11-14 06:04:13+00,4d106730-1088-4892-9045-ffeebc4d23bc,-6.933232667,107.723644,716.3,8,1298,97,25.09804,74.90196,,27.41117,35,111,28.86149,35,110,30.60188,33,115,24.22045,33,104
1382,2025-11-14 06:04:18+00,4d106730-1088-4892-9045-ffeebc4d23bc,-6.933173,107.7237528,716.8,19,1200,98,20.39216,51.76471,,27.41117,35,111,28.86149,35,110,30.60188,33,115,24.22045,33,104
1383,2025-11-14 06:04:23+00,4d106730-1088-4892-9045-ffeebc4d23bc,-6.9330815,107.7239552,716.4,19,1418,98,22.35294,60.78431,,27.41117,35,111,28.86149,35,110,30.60188,33,115,24.22045,33,104
1384,2025-11-14 06:04:28+00,4d106730-1088-4892-9045-ffeebc4d23bc,-6.933013333,107.724186,717.3,26,1720,97,43.52941,99.60784,,27.41117,35,111,28.86149,35,110,30.60188,33,115,24.22045,33,104
1385,2025-11-14 06:04:33+00,4d106730-1088-4892-9045-ffeebc4d23bc,-6.933038667,107.724496,717.6,35,1887,98,27.05882,83.92157,,27.41117,35,111,28.86149,35,110,30.60188,33,115,24.22045,33,104
1386,2025-11-14 06:04:38+00,4d106730-1088-4892-9045-ffeebc4d23bc,-6.933116333,107.7249087,718.6,38,1071,98,20.39216,54.11765,,27.41117,35,111,28.86149,35,110,30.60188,33,115,24.22045,33,104
1387,2025-11-14 06:04:43+00,4d106730-1088-4892-9045-ffeebc4d23bc,-6.933179167,107.7253772,717.8,22,804,99,19.60784,52.54902,,27.41117,35,111,28.86149,35,110,30.60188,33,115,24.22045,33,104
1388,2025-11-14 06:04:48+00,4d106730-1088-4892-9045-ffeebc4d23bc,-6.933119333,107.7257212,717.2,12,764,98,19.60784,52.15686,,27.41117,35,111,28.86149,35,110,30.60188,33,115,24.22045,33,104
1389,2025-11-14 06:04:53+00,4d106730-1088-4892-9045-ffeebc4d23bc,-6.933061,107.7259045,716.3,12,1467,97,21.17647,52.94118,,27.41117,35,111,28.86149,35,110,30.60188,33,115,24.22045,33,104
1390,2025-11-14 06:04:58+00,4d106730-1088-4892-9045-ffeebc4d23bc,-6.932955333,107.7259645,714.8,11,1475,98,21.56863,61.96078,,27.41117,35,111,28.86149,35,110,30.60188,33,115,24.22045,33,104
1391,2025-11-14 06:05:03+00,4d106730-1088-4892-9045-ffeebc4d23bc,-6.932808,107.7259978,714,11,1087,98,19.60784,41.56863,,27.41117,35,111,28.86149,35,110,30.60188,33,115,24.22045,33,104
1392,2025-11-14 06:05:08+00,4d106730-1088-4892-9045-ffeebc4d23bc,-6.932771167,107.726122,717,3,762,98,19.60784,54.5098,,27.41117,35,111,28.86149,35,110,30.60188,33,115,24.22045,33,104
1393,2025-11-14 06:05:17+00,4d106730-1088-4892-9045-ffeebc4d23bc,-6.932815833,107.7261738,717.1,1,753,98,19.60784,56.07843,,27.41117,35,111,28.86149,35,110,30.60188,33,115,24.22045,33,104
1394,2025-11-14 06:07:54+00,4d106730-1088-4892-9045-ffeebc4d23bc,-6.9327845,107.7262173,708.4,3,750,97,19.60784,54.5098,,27.41117,35,111,28.86149,35,110,30.60188,33,115,24.22045,33,104
1395,2025-11-14 06:07:59+00,4d106730-1088-4892-9045-ffeebc4d23bc,-6.932804,107.7262245,709.8,3,749,97,19.60784,54.5098,,27.41117,35,111,28.86149,35,110,30.60188,33,115,24.22045,33,104
1396,2025-11-14 06:09:57+00,4d106730-1088-4892-9045-ffeebc4d23bc,-6.933005833,107.7262817,0,2,733,98,20,59.60784,,,,,,,,,,,,,
1397,2025-11-14 06:10:12+00,4d106730-1088-4892-9045-ffeebc4d23bc,-6.933041167,107.726243,715.1,2,762,96,19.60784,56.86274,,,,,,,,,,,,,
1398,2025-11-14 06:10:22+00,4d106730-1088-4892-9045-ffeebc4d23bc,-6.933056,107.7262487,711.4,3,760,97,21.17647,77.25491,,,,,,,,,,,,,
1399,2025-11-14 06:10:27+00,4d106730-1088-4892-9045-ffeebc4d23bc,-6.93307,107.7262738,709.9,11,1518,98,22.35294,60,,,,,,,,,,,,,
1400,2025-11-14 06:10:32+00,4d106730-1088-4892-9045-ffeebc4d23bc,-6.9331085,107.7263898,710.1,23,1125,96,19.60784,57.64706,,,,,,,,,,,,,
1401,2025-11-14 06:10:37+00,4d106730-1088-4892-9045-ffeebc4d23bc,-6.933221,107.7266383,710.1,22,924,97,20.39216,58.43137,,,,,,,,,,,,,
1402,2025-11-14 06:10:42+00,4d106730-1088-4892-9045-ffeebc4d23bc,-6.933341833,107.726885,712.4,22,989,98,20,49.01961,,,,,,,,,,,,,
1403,2025-11-14 06:10:47+00,4d106730-1088-4892-9045-ffeebc4d23bc,-6.933477167,107.7271343,714.2,24,1351,96,22.35294,65.4902,,,,,,,,,,,,,
1404,2025-11-14 06:10:52+00,4d106730-1088-4892-9045-ffeebc4d23bc,-6.9336195,107.7274002,713.6,24,1084,97,25.09804,54.90196,,,,,,,,,,,,,
1405,2025-11-14 06:10:57+00,4d106730-1088-4892-9045-ffeebc4d23bc,-6.933787167,107.7276577,711.9,25,1070,98,20.39216,57.2549,,,,,,,,,,,,,
1406,2025-11-14 06:11:02+00,4d106730-1088-4892-9045-ffeebc4d23bc,-6.9339795,107.7278917,708.7,20,943,97,19.60784,45.4902,,,,,,,,,,,,,
1407,2025-11-14 06:11:07+00,4d106730-1088-4892-9045-ffeebc4d23bc,-6.934161833,107.7280742,706.2,10,820,96,20,52.94118,,,,,,,,,,,,,
1408,2025-11-14 06:11:22+00,4d106730-1088-4892-9045-ffeebc4d23bc,-6.934283833,107.7281417,704.5,5,825,98,19.60784,54.11765,,,,,,,,,,,,,
1409,2025-11-14 06:11:27+00,4d106730-1088-4892-9045-ffeebc4d23bc,-6.934349,107.7281655,703.3,14,1487,96,22.35294,59.21569,,,,,,,,,,,,,
1410,2025-11-14 06:11:32+00,4d106730-1088-4892-9045-ffeebc4d23bc,-6.934528833,107.7281997,702.5,27,1960,98,26.66667,78.03922,,,,,,,,,,,,,
1411,2025-11-14 06:11:37+00,4d106730-1088-4892-9045-ffeebc4d23bc,-6.934850167,107.7282307,702,37,1567,98,27.45098,85.88235,,,,,,,,,,,,,
1412,2025-11-14 06:11:42+00,4d106730-1088-4892-9045-ffeebc4d23bc,-6.935297,107.7282573,699.6,39,1155,98,20,41.96078,,,,,,,,,,,,,
1413,2025-11-14 06:11:47+00,4d106730-1088-4892-9045-ffeebc4d23bc,-6.935786833,107.728328,696,39,1100,98,20.39216,52.15686,,,,,,,,,,,,,
1414,2025-11-14 06:11:52+00,4d106730-1088-4892-9045-ffeebc4d23bc,-6.936126833,107.7286675,695.4,36,1091,97,20,44.31372,,,,,,,,,,,,,
1415,2025-11-14 06:11:57+00,4d106730-1088-4892-9045-ffeebc4d23bc,-6.936315167,107.7290872,695.9,31,971,96,19.60784,43.52941,,,,,,,,,,,,,
1416,2025-11-14 06:12:02+00,4d106730-1088-4892-9045-ffeebc4d23bc,-6.9364665,107.7294542,697,32,1834,95,41.56863,96.86275,,,,,,,,,,,,,
1417,2025-11-14 06:12:07+00,4d106730-1088-4892-9045-ffeebc4d23bc,-6.936625167,107.7298192,697.7,33,932,96,20,54.5098,,,,,,,,,,,,,
1418,2025-11-14 06:12:12+00,4d106730-1088-4892-9045-ffeebc4d23bc,-6.936790333,107.7302135,698.9,28,903,96,19.60784,50.19608,,,,,,,,,,,,,
1419,2025-11-14 06:12:17+00,4d106730-1088-4892-9045-ffeebc4d23bc,-6.9369325,107.7305395,699,23,1032,95,19.60784,46.27451,,,,,,,,,,,,,
1420,2025-11-14 06:12:22+00,4d106730-1088-4892-9045-ffeebc4d23bc,-6.937051667,107.7308085,698.9,23,1320,95,23.13725,69.41177,,,,,,,,,,,,,
1421,2025-11-14 06:12:27+00,4d106730-1088-4892-9045-ffeebc4d23bc,-6.93717,107.7310805,701.5,25,1039,95,20.39216,54.5098,,,,,,,,,,,,,
1422,2025-11-14 06:12:32+00,4d106730-1088-4892-9045-ffeebc4d23bc,-6.9372885,107.7313528,701.9,6,885,96,19.60784,49.41177,,,,,,,,,,,,,
1423,2025-11-14 06:12:42+00,4d106730-1088-4892-9045-ffeebc4d23bc,-6.937323667,107.7314533,708.6,2,788,95,20.78431,72.15686,,,,,,,,,,,,,
1424,2025-11-14 06:12:52+00,4d106730-1088-4892-9045-ffeebc4d23bc,-6.937331167,107.7314742,708,3,767,97,19.60784,55.29412,,,,,,,,,,,,,
1425,2025-11-14 06:12:57+00,4d106730-1088-4892-9045-ffeebc4d23bc,-6.937345167,107.7315062,705.5,2,752,96,19.60784,54.90196,,,,,,,,,,,,,
1426,2025-11-14 06:13:02+00,4d106730-1088-4892-9045-ffeebc4d23bc,-6.937359,107.73154,703.9,5,775,96,20.78431,69.80392,,,,,,,,,,,,,
1427,2025-11-14 06:13:07+00,4d106730-1088-4892-9045-ffeebc4d23bc,-6.937384667,107.7315978,702.9,7,924,97,20,52.94118,,,,,,,,,,,,,
1428,2025-11-14 06:13:12+00,4d106730-1088-4892-9045-ffeebc4d23bc,-6.937424833,107.7316828,703.1,9,1127,96,19.60784,41.56863,,,,,,,,,,,,,
1429,2025-11-14 06:13:17+00,4d106730-1088-4892-9045-ffeebc4d23bc,-6.937472167,107.7317895,700.7,8,994,96,20.39216,45.88235,,,,,,,,,,,,,
1430,2025-11-14 06:13:22+00,4d106730-1088-4892-9045-ffeebc4d23bc,-6.937515667,107.7318927,700.3,12,996,97,20,53.72549,,,,,,,,,,,,,
1431,2025-11-14 06:13:27+00,4d106730-1088-4892-9045-ffeebc4d23bc,-6.937575167,107.7320308,699.4,8,1037,97,19.60784,41.56863,,,,,,,,,,,,,
1432,2025-11-14 06:13:32+00,4d106730-1088-4892-9045-ffeebc4d23bc,-6.937627333,107.732144,699.8,4,755,96,19.60784,52.54902,,,,,,,,,,,,,
1433,2025-11-14 06:13:37+00,4d106730-1088-4892-9045-ffeebc4d23bc,-6.937655167,107.7322052,701.6,5,957,97,25.4902,88.23529,,,,,,,,,,,,,
1434,2025-11-14 06:13:42+00,4d106730-1088-4892-9045-ffeebc4d23bc,-6.9376875,107.7322763,701.3,13,1612,97,22.7451,56.07843,,,,,,,,,,,,,
1435,2025-11-14 06:13:47+00,4d106730-1088-4892-9045-ffeebc4d23bc,-6.937751,107.7324192,702.7,16,1077,96,19.60784,43.13726,,,,,,,,,,,,,
1436,2025-11-14 06:13:52+00,4d106730-1088-4892-9045-ffeebc4d23bc,-6.937834,107.7326033,706.8,9,1349,97,23.13725,67.45098,,,,,,,,,,,,,
1437,2025-11-14 06:13:57+00,4d106730-1088-4892-9045-ffeebc4d23bc,-6.937887333,107.7327325,707.5,19,1503,98,28.23529,87.45098,,,,,,,,,,,,,
1438,2025-11-14 06:14:02+00,4d106730-1088-4892-9045-ffeebc4d23bc,-6.937984833,107.7329468,708.3,30,2225,98,33.33333,90.19608,,,,,,,,,,,,,
1439,2025-11-14 06:14:07+00,4d106730-1088-4892-9045-ffeebc4d23bc,-6.938130667,107.7332763,709.7,32,998,98,20,48.23529,,,,,,,,,,,,,
1440,2025-11-14 06:14:12+00,4d106730-1088-4892-9045-ffeebc4d23bc,-6.938301333,107.7336468,710.1,30,964,99,19.60784,45.88235,,,,,,,,,,,,,
1441,2025-11-14 06:14:17+00,4d106730-1088-4892-9045-ffeebc4d23bc,-6.9384475,107.7340018,710,32,1257,98,23.13725,74.90196,,,,,,,,,,,,,
1442,2025-11-14 06:14:22+00,4d106730-1088-4892-9045-ffeebc4d23bc,-6.938548167,107.7343942,708.4,35,1351,98,20.78431,57.64706,,,,,,,,,,,,,
1443,2025-11-14 06:14:27+00,4d106730-1088-4892-9045-ffeebc4d23bc,-6.938607167,107.7348285,708,36,1110,98,19.60784,42.35294,,,,,,,,,,,,,
1444,2025-11-14 06:14:32+00,4d106730-1088-4892-9045-ffeebc4d23bc,-6.938660833,107.735281,707.6,33,1021,97,19.60784,41.56863,,,,,,,,,,,,,
1445,2025-11-14 06:14:37+00,4d106730-1088-4892-9045-ffeebc4d23bc,-6.938712333,107.7357058,707.1,34,1412,97,28.62745,89.80392,,,,,,,,,,,,,
1446,2025-11-14 06:14:42+00,4d106730-1088-4892-9045-ffeebc4d23bc,-6.938766167,107.7361328,707.6,37,1183,96,19.21569,49.80392,,,,,,,,,,,,,
1447,2025-11-14 06:14:47+00,4d106730-1088-4892-9045-ffeebc4d23bc,-6.938832,107.736569,709.8,6,863,96,19.60784,52.54902,,,,,,,,,,,,,
1448,2025-11-14 06:14:52+00,4d106730-1088-4892-9045-ffeebc4d23bc,-6.938855167,107.7367008,711.2,10,1599,96,23.52941,69.80392,,,,,,,,,,,,,
1449,2025-11-14 06:14:57+00,4d106730-1088-4892-9045-ffeebc4d23bc,-6.938875833,107.736808,711,19,1508,98,27.84314,87.05882,,,,,,,,,,,,,
1450,2025-11-14 06:15:02+00,4d106730-1088-4892-9045-ffeebc4d23bc,-6.938907167,107.7370372,713.6,25,1093,97,19.60784,43.52941,,,,,,,,,,,,,
1451,2025-11-14 06:15:07+00,4d106730-1088-4892-9045-ffeebc4d23bc,-6.938920333,107.737353,716,25,1100,98,19.60784,43.52941,,,,,,,,,,,,,
1452,2025-11-14 06:15:12+00,4d106730-1088-4892-9045-ffeebc4d23bc,-6.938914167,107.737667,716,22,992,98,19.60784,42.7451,,,,,,,,,,,,,
1453,2025-11-14 06:15:17+00,4d106730-1088-4892-9045-ffeebc4d23bc,-6.938960667,107.7379472,715.7,17,860,98,19.60784,52.94118,,,,,,,,,,,,,
1454,2025-11-14 06:15:22+00,4d106730-1088-4892-9045-ffeebc4d23bc,-6.939040667,107.7381617,715.5,10,763,98,19.60784,54.11765,,,,,,,,,,,,,
1455,2025-11-14 06:15:27+00,4d106730-1088-4892-9045-ffeebc4d23bc,-6.939103333,107.7382972,715.6,13,1658,96,21.17647,48.23529,,,,,,,,,,,,,
1456,2025-11-14 06:15:32+00,4d106730-1088-4892-9045-ffeebc4d23bc,-6.939176333,107.7384268,714.2,9,1001,98,20.39216,53.72549,,,,,,,,,,,,,
1457,2025-11-14 06:15:37+00,4d106730-1088-4892-9045-ffeebc4d23bc,-6.939240167,107.7385315,713.4,3,779,98,19.60784,58.03922,,,,,,,,,,,,,
1458,2025-11-14 06:15:42+00,4d106730-1088-4892-9045-ffeebc4d23bc,-6.939268333,107.7385748,712.3,2,745,99,20.39216,56.07843,,,,,,,,,,,,,
1459,2025-11-14 06:15:47+00,4d106730-1088-4892-9045-ffeebc4d23bc,-6.939287333,107.7386077,711.9,6,853,97,19.60784,52.15686,,,,,,,,,,,,,
1460,2025-11-14 06:15:52+00,4d106730-1088-4892-9045-ffeebc4d23bc,-6.9393245,107.7386705,713.2,2,799,98,22.35294,77.25491,,,,,,,,,,,,,
1461,2025-11-14 06:15:57+00,4d106730-1088-4892-9045-ffeebc4d23bc,-6.939344333,107.7387,714.2,7,907,99,20,50.98039,,,,,,,,,,,,,
1462,2025-11-14 06:16:02+00,4d106730-1088-4892-9045-ffeebc4d23bc,-6.939384667,107.738763,714.2,8,1175,98,19.60784,50.19608,,,,,,,,,,,,,
1463,2025-11-14 06:16:17+00,4d106730-1088-4892-9045-ffeebc4d23bc,-6.939446167,107.738863,713.8,12,1703,99,24.70588,72.94118,,,,,,,,,,,,,
1464,2025-11-14 06:16:22+00,4d106730-1088-4892-9045-ffeebc4d23bc,-6.939516,107.7389682,714.2,23,1806,98,26.27451,78.82353,,,,,,,,,,,,,
1465,2025-11-14 06:16:27+00,4d106730-1088-4892-9045-ffeebc4d23bc,-6.939649,107.7392032,715.6,29,1235,100,27.05882,88.23529,,,,,,,,,,,,,
1466,2025-11-14 06:16:32+00,4d106730-1088-4892-9045-ffeebc4d23bc,-6.939795833,107.7395307,714,33,1410,100,20,70.58823,,,,,,,,,,,,,
1467,2025-11-14 06:16:37+00,4d106730-1088-4892-9045-ffeebc4d23bc,-6.939904,107.7399202,716.2,34,1510,100,24.70588,76.47059,,,,,,,,,,,,,
1468,2025-11-14 06:16:42+00,4d106730-1088-4892-9045-ffeebc4d23bc,-6.939955667,107.7403455,716.6,44,1295,98,25.88235,84.70588,,,,,,,,,,,,,
1469,2025-11-14 06:16:47+00,4d106730-1088-4892-9045-ffeebc4d23bc,-6.9399825,107.7408832,714.6,40,1083,98,20,50.98039,,,,,,,,,,,,,
1470,2025-11-14 06:16:52+00,4d106730-1088-4892-9045-ffeebc4d23bc,-6.939986333,107.7414188,714.7,35,1087,96,19.60784,43.13726,,,,,,,,,,,,,
1471,2025-11-14 06:16:57+00,4d106730-1088-4892-9045-ffeebc4d23bc,-6.9399815,107.7418757,714.7,32,1413,96,23.52941,73.72549,,,,,,,,,,,,,
1472,2025-11-14 06:17:02+00,4d106730-1088-4892-9045-ffeebc4d23bc,-6.939969,107.742282,717,25,857,96,19.60784,51.76471,,,,,,,,,,,,,
1473,2025-11-14 06:17:07+00,4d106730-1088-4892-9045-ffeebc4d23bc,-6.939926167,107.7426222,718.3,25,1437,97,27.84314,87.45098,,,,,,,,,,,,,
1474,2025-11-14 06:17:12+00,4d106730-1088-4892-9045-ffeebc4d23bc,-6.939877167,107.7429217,718.9,34,1457,97,30.19608,89.80392,,,,,,,,,,,,,
1475,2025-11-14 06:17:17+00,4d106730-1088-4892-9045-ffeebc4d23bc,-6.9398095,107.7433312,718.5,43,1270,97,28.62745,90.19608,,,,,,,,,,,,,
1476,2025-11-14 06:17:22+00,4d106730-1088-4892-9045-ffeebc4d23bc,-6.939721167,107.7438538,716.8,51,1401,98,20,40,,,,,,,,,,,,,
1477,2025-11-14 06:17:27+00,4d106730-1088-4892-9045-ffeebc4d23bc,-6.9395735,107.7444653,714.9,46,1266,98,25.4902,67.05882,,,,,,,,,,,,,
1478,2025-11-14 06:17:32+00,4d106730-1088-4892-9045-ffeebc4d23bc,-6.9393985,107.7450243,715,50,1457,97,33.33333,92.15686,,,,,,,,,,,,,
1479,2025-11-14 06:17:37+00,4d106730-1088-4892-9045-ffeebc4d23bc,-6.939273833,107.745628,716.7,45,1307,97,20,41.17647,,,,,,,,,,,,,
1480,2025-11-14 06:17:42+00,4d106730-1088-4892-9045-ffeebc4d23bc,-6.939238667,107.7462245,717.8,42,1273,97,20,44.31372,,,,,,,,,,,,,
1481,2025-11-14 06:17:47+00,4d106730-1088-4892-9045-ffeebc4d23bc,-6.9392125,107.7467675,720.3,41,1207,97,32.15686,92.54902,,,,,,,,,,,,,
1482,2025-11-14 06:17:52+00,4d106730-1088-4892-9045-ffeebc4d23bc,-6.9391625,107.7472792,720.8,48,1557,96,23.92157,72.54902,,,,,,,,,,,,,
1483,2025-11-14 06:17:57+00,4d106730-1088-4892-9045-ffeebc4d23bc,-6.939054167,107.7478603,718.4,40,1184,96,19.60784,39.60784,,,,,,,,,,,,,
1484,2025-11-14 06:18:02+00,4d106730-1088-4892-9045-ffeebc4d23bc,-6.9390395,107.7483913,717.4,27,1516,96,28.62745,87.84314,,,,,,,,,,,,,
1485,2025-11-14 06:18:07+00,4d106730-1088-4892-9045-ffeebc4d23bc,-6.9391645,107.7487298,719.6,35,1499,96,33.72549,92.15686,,,,,,,,,,,,,
1486,2025-11-14 06:18:15+00,4d106730-1088-4892-9045-ffeebc4d23bc,-6.939600667,107.749302,719.1,41,1214,96,20,43.52941,,,,,,,,,,,,,
1487,2025-11-14 06:18:17+00,4d106730-1088-4892-9045-ffeebc4d23bc,-6.939725667,107.7494523,718.7,21,934,96,20,49.80392,,,,,,,,,,,,,
1488,2025-11-14 06:18:22+00,4d106730-1088-4892-9045-ffeebc4d23bc,-6.939923667,107.7496958,718.5,12,778,97,19.60784,51.37255,,,,,,,,,,,,,
1489,2025-11-14 06:18:27+00,4d106730-1088-4892-9045-ffeebc4d23bc,-6.940017667,107.7498365,720.1,8,960,97,20.39216,58.03922,,,,,,,,,,,,,
1490,2025-11-14 06:18:32+00,4d106730-1088-4892-9045-ffeebc4d23bc,-6.940061167,107.7499168,720.5,13,1646,97,21.17647,52.94118,,,,,,,,,,,,,
1491,2025-11-14 06:18:37+00,4d106730-1088-4892-9045-ffeebc4d23bc,-6.940103,107.7500525,719.8,8,1024,97,19.60784,42.35294,,,,,,,,,,,,,
1492,2025-11-14 06:18:42+00,4d106730-1088-4892-9045-ffeebc4d23bc,-6.940121833,107.7501655,721.4,10,1468,98,23.52941,71.37255,,,,,,,,,,,,,
1493,2025-11-14 06:18:47+00,4d106730-1088-4892-9045-ffeebc4d23bc,-6.9401265,107.7502817,720.8,15,1645,98,24.31373,74.5098,,,,,,,,,,,,,
1494,2025-11-14 06:18:52+00,4d106730-1088-4892-9045-ffeebc4d23bc,-6.940120333,107.7504598,720.5,20,1455,98,21.17647,54.90196,,,,,,,,,,,,,
1495,2025-11-14 06:18:57+00,4d106730-1088-4892-9045-ffeebc4d23bc,-6.9401015,107.7507113,720.7,29,1513,98,24.31373,74.11765,,,,,,,,,,,,,
1496,2025-11-14 06:19:02+00,4d106730-1088-4892-9045-ffeebc4d23bc,-6.940072833,107.7510542,719,31,965,98,20,50.98039,,,,,,,,,,,,,
1497,2025-11-14 06:19:07+00,4d106730-1088-4892-9045-ffeebc4d23bc,-6.940032167,107.75145,718.3,25,1253,99,23.13725,72.15686,,,,,,,,,,,,,
1498,2025-11-14 06:28:17+00,4d106730-1088-4892-9045-ffeebc4d23bc,-6.8938535,107.7909198,885,68,3031,91,34.90196,90.98039,,,,,,,,,,,,,
1499,2025-11-14 06:28:32+00,4d106730-1088-4892-9045-ffeebc4d23bc,-6.892474167,107.792931,895,71,3175,91,35.68628,89.80392,,,,,,,,,,,,,
1500,2025-11-14 06:28:37+00,4d106730-1088-4892-9045-ffeebc4d23bc,-6.891960667,107.7937018,897.2,75,3327,91,37.2549,90.58823,,,,,,,,,,,,,
1501,2025-11-14 06:28:42+00,4d106730-1088-4892-9045-ffeebc4d23bc,-6.891458,107.7945585,897.7,83,3640,91,28.23529,69.41177,,,,,,,,,,,,,
1502,2025-11-14 06:28:47+00,4d106730-1088-4892-9045-ffeebc4d23bc,-6.8909925,107.7955228,896.8,86,3629,91,25.09804,52.54902,,,,,,,,,,,,,
1503,2025-11-14 06:28:52+00,4d106730-1088-4892-9045-ffeebc4d23bc,-6.8906285,107.7965297,892.7,83,3399,90,23.52941,40,,,,,,,,,,,,,
1504,2025-11-14 06:28:57+00,4d106730-1088-4892-9045-ffeebc4d23bc,-6.890372167,107.797513,892.1,81,3414,89,31.76471,83.52941,,,,,,,,,,,,,
1505,2025-11-14 06:29:02+00,4d106730-1088-4892-9045-ffeebc4d23bc,-6.890218333,107.798518,895.1,81,3433,89,33.33333,85.88235,,,,,,,,,,,,,
1506,2025-11-14 06:29:07+00,4d106730-1088-4892-9045-ffeebc4d23bc,-6.890126667,107.7995562,898.5,83,3503,90,30.98039,80.78432,,,,,,,,,,,,,
1507,2025-11-14 06:29:12+00,4d106730-1088-4892-9045-ffeebc4d23bc,-6.890032167,107.8006132,902,85,3619,90,35.29412,88.23529,,,,,,,,,,,,,
1508,2025-11-14 06:29:17+00,4d106730-1088-4892-9045-ffeebc4d23bc,-6.889932167,107.8017018,905.2,88,3716,90,32.54902,80.39216,,,,,,,,,,,,,
1509,2025-11-14 06:29:22+00,4d106730-1088-4892-9045-ffeebc4d23bc,-6.889809,107.8028243,905.7,91,3837,90,32.15686,77.25491,,,,,,,,,,,,,
1510,2025-11-14 06:29:27+00,4d106730-1088-4892-9045-ffeebc4d23bc,-6.8896095,107.8039782,905.3,94,3976,90,28.62745,61.56863,,,,,,,,,,,,,
1511,2025-11-14 06:29:32+00,4d106730-1088-4892-9045-ffeebc4d23bc,-6.889354833,107.8051513,904.5,97,4080,90,29.80392,63.52941,,,,,,,,,,,,,
1512,2025-11-14 06:29:37+00,4d106730-1088-4892-9045-ffeebc4d23bc,-6.889058,107.8063423,903.5,98,4125,90,28.62745,58.03922,,,,,,,,,,,,,
1513,2025-11-14 06:29:42+00,4d106730-1088-4892-9045-ffeebc4d23bc,-6.888729,107.8075335,905.4,98,4097,90,27.45098,55.29412,,,,,,,,,,,,,
1514,2025-11-14 06:29:47+00,4d106730-1088-4892-9045-ffeebc4d23bc,-6.888408833,107.808701,904.3,97,4062,89,29.80392,63.13726,,,,,,,,,,,,,
1515,2025-11-14 06:29:52+00,4d106730-1088-4892-9045-ffeebc4d23bc,-6.888089833,107.8098978,902.8,101,4251,89,25.4902,49.41177,,,,,,,,,,,,,
1516,2025-11-14 06:30:09+00,4d106730-1088-4892-9045-ffeebc4d23bc,-6.886994,107.8139112,914.5,99,4180,90,29.41176,62.7451,,,,,,,,,,,,,
1517,2025-11-14 06:30:18+00,4d106730-1088-4892-9045-ffeebc4d23bc,-6.886373,107.8160675,914.2,102,4289,90,29.41176,62.35294,,,,,,,,,,,,,
1518,2025-11-14 06:30:23+00,4d106730-1088-4892-9045-ffeebc4d23bc,-6.8859795,107.8172988,911.1,103,4310,89,23.52941,32.15686,,,,,,,,,,,,,
1519,2025-11-14 06:30:28+00,4d106730-1088-4892-9045-ffeebc4d23bc,-6.8855525,107.8184647,909.9,91,3727,89,23.92157,39.21569,,,,,,,,,,,,,
1520,2025-11-14 06:30:33+00,4d106730-1088-4892-9045-ffeebc4d23bc,-6.885164333,107.819467,910.8,77,3175,88,23.13725,39.21569,,,,,,,,,,,,,
1521,2025-11-14 06:30:38+00,4d106730-1088-4892-9045-ffeebc4d23bc,-6.884823833,107.8203423,911.1,73,3093,87,27.45098,74.11765,,,,,,,,,,,,,
1522,2025-11-14 06:30:43+00,4d106730-1088-4892-9045-ffeebc4d23bc,-6.8844525,107.8211847,911.3,72,3048,88,25.88235,66.66666,,,,,,,,,,,,,
1523,2025-11-14 06:30:48+00,4d106730-1088-4892-9045-ffeebc4d23bc,-6.884050167,107.8219917,913.1,71,3023,89,30.98039,85.09804,,,,,,,,,,,,,
1524,2025-11-14 06:30:53+00,4d106730-1088-4892-9045-ffeebc4d23bc,-6.883620167,107.8227883,915.4,74,3140,89,32.15686,86.27451,,,,,,,,,,,,,
1525,2025-11-14 06:30:58+00,4d106730-1088-4892-9045-ffeebc4d23bc,-6.883080833,107.823567,917.6,78,3303,90,34.11765,87.84314,,,,,,,,,,,,,
1526,2025-11-14 06:31:03+00,4d106730-1088-4892-9045-ffeebc4d23bc,-6.882442833,107.8243387,919.7,82,3452,90,35.29412,89.01961,,,,,,,,,,,,,
1527,2025-11-14 06:31:08+00,4d106730-1088-4892-9045-ffeebc4d23bc,-6.881716833,107.825102,922.1,87,3654,90,36.47059,87.84314,,,,,,,,,,,,,
1528,2025-11-14 06:31:13+00,4d106730-1088-4892-9045-ffeebc4d23bc,-6.880885333,107.8258345,924.1,90,3803,90,36.07843,84.70588,,,,,,,,,,,,,
1529,2025-11-14 06:31:18+00,4d106730-1088-4892-9045-ffeebc4d23bc,-6.879957333,107.8265317,928,94,4001,90,35.68628,81.96078,,,,,,,,,,,,,
1530,2025-11-14 06:31:23+00,4d106730-1088-4892-9045-ffeebc4d23bc,-6.878924667,107.8271672,930.9,99,4157,91,32.94118,76.47059,,,,,,,,,,,,,
1531,2025-11-14 06:31:28+00,4d106730-1088-4892-9045-ffeebc4d23bc,-6.8778105,107.8277362,933.8,101,4270,91,34.5098,77.25491,,,,,,,,,,,,,
1532,2025-11-14 06:31:50+00,4d106730-1088-4892-9045-ffeebc4d23bc,-6.872870167,107.8301177,939.8,99,4157,89,25.88235,44.31372,,,,,,,,,,,,,
1533,2025-11-14 06:31:59+00,4d106730-1088-4892-9045-ffeebc4d23bc,-6.87086,107.8310072,934,92,3791,89,23.92157,38.82353,,,,,,,,,,,,,
1534,2025-11-14 06:32:04+00,4d106730-1088-4892-9045-ffeebc4d23bc,-6.8698165,107.831496,928.5,91,3861,88,23.52941,33.33333,,,,,,,,,,,,,
1535,2025-11-14 06:32:09+00,4d106730-1088-4892-9045-ffeebc4d23bc,-6.8696255,107.8316108,927.5,94,3976,87,26.27451,47.84314,,,,,,,,,,,,,
1536,2025-11-14 06:32:14+00,4d106730-1088-4892-9045-ffeebc4d23bc,-6.8696255,107.8316108,927.5,100,4222,87,27.45098,51.37255,,,,,,,,,,,,,
1537,2025-11-14 06:32:19+00,4d106730-1088-4892-9045-ffeebc4d23bc,-6.8696255,107.8316108,927.5,97,3942,87,24.31373,38.03922,,,,,,,,,,,,,
1538,2025-11-14 06:32:24+00,4d106730-1088-4892-9045-ffeebc4d23bc,-6.865471333,107.8337195,918.5,92,3881,87,25.4902,47.05882,,,,,,,,,,,,,
1539,2025-11-14 06:32:29+00,4d106730-1088-4892-9045-ffeebc4d23bc,-6.864462333,107.8342583,910,98,4107,87,26.66667,50.58823,,,,,,,,,,,,,
1540,2025-11-14 06:32:48+00,4d106730-1088-4892-9045-ffeebc4d23bc,-6.8603535,107.8362197,870,94,3976,88,26.66667,50.98039,,,,,,,,,,,,,
1541,2025-11-14 06:32:57+00,4d106730-1088-4892-9045-ffeebc4d23bc,-6.858408,107.8371588,875.3,96,4044,88,29.41176,63.52941,,,,,,,,,,,,,
1542,2025-11-14 06:33:02+00,4d106730-1088-4892-9045-ffeebc4d23bc,-6.857300333,107.8376973,876.8,99,4175,89,29.01961,59.60784,,,,,,,,,,,,,
1543,2025-11-14 06:33:07+00,4d106730-1088-4892-9045-ffeebc4d23bc,-6.856172167,107.8382462,876.3,100,4213,89,23.13725,30.98039,,,,,,,,,,,,,
1544,2025-11-14 06:33:12+00,4d106730-1088-4892-9045-ffeebc4d23bc,-6.855081,107.8387712,874.1,90,3731,88,23.92157,39.60784,,,,,,,,,,,,,
1545,2025-11-14 06:33:41+00,4d106730-1088-4892-9045-ffeebc4d23bc,-6.8493935,107.8416733,822.5,100,4199,88,25.09804,40.39216,,,,,,,,,,,,,
1546,2025-11-14 06:33:59+00,4d106730-1088-4892-9045-ffeebc4d23bc,-6.846620667,107.8451377,819.6,100,4236,88,25.4902,40,,,,,,,,,,,,,
1547,2025-11-14 06:34:04+00,4d106730-1088-4892-9045-ffeebc4d23bc,-6.846171833,107.8463198,814.9,101,4241,88,25.09804,37.64706,,,,,,,,,,,,,
1548,2025-11-14 06:34:09+00,4d106730-1088-4892-9045-ffeebc4d23bc,-6.8458935,107.847545,811.7,98,4053,88,23.13725,30.58824,,,,,,,,,,,,,
1549,2025-11-14 06:34:14+00,4d106730-1088-4892-9045-ffeebc4d23bc,-6.845789833,107.8487393,808,93,3921,88,23.92157,35.29412,,,,,,,,,,,,,
1550,2025-11-14 06:34:32+00,4d106730-1088-4892-9045-ffeebc4d23bc,-6.846595,107.8527278,804.1,84,3560,90,25.88235,58.03922,,,,,,,,,,,,,
1551,2025-11-14 06:34:41+00,4d106730-1088-4892-9045-ffeebc4d23bc,-6.847494667,107.8544212,803.3,84,3550,91,26.27451,61.56863,,,,,,,,,,,,,
1552,2025-11-14 06:34:46+00,4d106730-1088-4892-9045-ffeebc4d23bc,-6.848019333,107.8553525,804,86,3647,91,30.19608,76.86275,,,,,,,,,,,,,
1553,2025-11-14 06:34:51+00,4d106730-1088-4892-9045-ffeebc4d23bc,-6.848564667,107.8563198,804.7,91,3846,91,34.90196,82.35294,,,,,,,,,,,,,
1554,2025-11-14 06:34:56+00,4d106730-1088-4892-9045-ffeebc4d23bc,-6.849145833,107.8573518,805.4,98,4107,91,35.29412,81.56863,,,,,,,,,,,,,
1555,2025-11-14 06:35:13+00,4d106730-1088-4892-9045-ffeebc4d23bc,-6.851232167,107.8610788,785.5,101,4265,88,24.31373,36.07843,,,,,,,,,,,,,
1556,2025-11-14 06:35:22+00,4d106730-1088-4892-9045-ffeebc4d23bc,-6.852364333,107.8630687,777.7,101,4251,88,24.31373,35.29412,,,,,,,,,,,,,
1557,2025-11-14 06:35:27+00,4d106730-1088-4892-9045-ffeebc4d23bc,-6.852987833,107.8641758,772.8,101,4285,88,24.70588,36.47059,,,,,,,,,,,,,
1558,2025-11-14 06:35:32+00,4d106730-1088-4892-9045-ffeebc4d23bc,-6.853619,107.8652958,767.4,103,4354,88,24.70588,37.2549,,,,,,,,,,,,,
1559,2025-11-14 06:35:37+00,4d106730-1088-4892-9045-ffeebc4d23bc,-6.854257667,107.8664335,762,104,4396,88,24.70588,37.2549,,,,,,,,,,,,,
1560,2025-11-14 06:35:46+00,4d106730-1088-4892-9045-ffeebc4d23bc,-6.855385333,107.8684293,0,88,3636,88,23.92157,40.78431,,,,,,,,,,,,,
1561,2025-11-14 06:36:03+00,4d106730-1088-4892-9045-ffeebc4d23bc,-6.856086667,107.8724007,749.9,83,3478,87,25.09804,50.98039,,,,,,,,,,,,,
1562,2025-11-14 06:36:08+00,4d106730-1088-4892-9045-ffeebc4d23bc,-6.855852833,107.8734458,743.2,91,3857,89,26.66667,54.5098,,,,,,,,,,,,,
1563,2025-11-14 06:36:13+00,4d106730-1088-4892-9045-ffeebc4d23bc,-6.855391,107.8745213,736.4,96,4035,90,24.70588,38.82353,,,,,,,,,,,,,
1564,2025-11-14 06:36:18+00,4d106730-1088-4892-9045-ffeebc4d23bc,-6.854718833,107.8755173,729.6,95,3893,88,24.31373,39.21569,,,,,,,,,,,,,
1565,2025-11-14 06:36:27+00,4d106730-1088-4892-9045-ffeebc4d23bc,-6.853114333,107.876932,709.8,77,3182,88,23.13725,40.78431,,,,,,,,,,,,,
1566,2025-11-14 06:36:44+00,4d106730-1088-4892-9045-ffeebc4d23bc,-6.849623333,107.8778522,694.6,76,3202,89,23.52941,47.45098,,,,,,,,,,,,,
1567,2025-11-14 06:36:50+00,4d106730-1088-4892-9045-ffeebc4d23bc,-6.848489,107.8777268,691,74,3135,89,22.35294,35.29412,,,,,,,,,,,,,
1568,2025-11-14 06:36:55+00,4d106730-1088-4892-9045-ffeebc4d23bc,-6.847575667,107.8775597,688.8,74,3135,90,21.96078,34.5098,,,,,,,,,,,,,
1569,2025-11-14 06:37:11+00,4d106730-1088-4892-9045-ffeebc4d23bc,-6.8450215,107.8773592,675.1,50,2139,90,22.35294,41.96078,,,,,,,,,,,,,
1570,2025-11-14 06:37:20+00,4d106730-1088-4892-9045-ffeebc4d23bc,-6.843899,107.8776893,670.5,59,2528,91,21.56863,36.47059,,,,,,,,,,,,,
1571,2025-11-14 06:37:25+00,4d106730-1088-4892-9045-ffeebc4d23bc,-6.843212167,107.8780763,665.5,66,2808,91,21.96078,38.43137,,,,,,,,,,,,,
1572,2025-11-14 06:37:30+00,4d106730-1088-4892-9045-ffeebc4d23bc,-6.8425705,107.8786607,660.6,73,3081,91,22.35294,37.2549,,,,,,,,,,,,,
1573,2025-11-14 06:37:35+00,4d106730-1088-4892-9045-ffeebc4d23bc,-6.8420345,107.8794385,655.5,77,3254,91,22.7451,36.86274,,,,,,,,,,,,,
1574,2025-11-14 06:38:01+00,4d106730-1088-4892-9045-ffeebc4d23bc,-6.841504333,107.8844748,626.2,74,3083,90,22.35294,36.86274,,,,,,,,,,,,,
1575,2025-11-14 06:38:06+00,4d106730-1088-4892-9045-ffeebc4d23bc,-6.8415805,107.8854038,623,76,3213,91,23.92157,52.15686,,,,,,,,,,,,,
1576,2025-11-14 06:38:11+00,4d106730-1088-4892-9045-ffeebc4d23bc,-6.841616333,107.8863728,618.7,79,3246,91,21.56863,31.76471,,,,,,,,,,,,,
1577,2025-11-14 06:38:16+00,4d106730-1088-4892-9045-ffeebc4d23bc,-6.841428833,107.8873383,612.6,78,3199,91,23.13725,40,,,,,,,,,,,,,
1578,2025-11-14 06:38:33+00,4d106730-1088-4892-9045-ffeebc4d23bc,-6.839327667,107.889763,588.1,76,3137,89,23.13725,41.17647,,,,,,,,,,,,,
1579,2025-11-14 06:38:42+00,4d106730-1088-4892-9045-ffeebc4d23bc,-6.8377145,107.8903857,576.3,76,3063,88,22.7451,40.78431,,,,,,,,,,,,,
1580,2025-11-14 06:38:47+00,4d106730-1088-4892-9045-ffeebc4d23bc,-6.8367785,107.8905595,567.6,77,3235,88,22.35294,35.29412,,,,,,,,,,,,,
1581,2025-11-14 06:38:52+00,4d106730-1088-4892-9045-ffeebc4d23bc,-6.8358095,107.890725,561.5,80,3368,89,22.7451,38.03922,,,,,,,,,,,,,
1582,2025-11-14 06:38:57+00,4d106730-1088-4892-9045-ffeebc4d23bc,-6.834802333,107.8908905,555.9,83,3488,90,26.27451,63.13726,,,,,,,,,,,,,
1583,2025-11-14 06:39:14+00,4d106730-1088-4892-9045-ffeebc4d23bc,-6.8312145,107.8914915,559,90,3795,93,28.23529,67.05882,,,,,,,,,,,,,
1584,2025-11-14 06:39:23+00,4d106730-1088-4892-9045-ffeebc4d23bc,-6.829231667,107.8918243,557.7,79,3266,93,23.13725,39.21569,,,,,,,,,,,,,
1585,2025-11-14 06:39:28+00,4d106730-1088-4892-9045-ffeebc4d23bc,-6.828296,107.8920268,560.4,69,2922,92,24.31373,51.76471,,,,,,,,,,,,,
1586,2025-11-14 06:39:33+00,4d106730-1088-4892-9045-ffeebc4d23bc,-6.827488667,107.8923142,562.1,68,2886,93,29.01961,83.52941,,,,,,,,,,,,,
1587,2025-11-14 06:39:38+00,4d106730-1088-4892-9045-ffeebc4d23bc,-6.826710333,107.8927037,562.7,71,3002,94,31.76471,88.62745,,,,,,,,,,,,,
1588,2025-11-14 06:39:57+00,4d106730-1088-4892-9045-ffeebc4d23bc,-6.824187667,107.8952407,571.5,72,3048,93,21.56863,34.11765,,,,,,,,,,,,,
1589,2025-11-14 06:40:06+00,4d106730-1088-4892-9045-ffeebc4d23bc,-6.8235615,107.8967652,566.1,74,3091,91,21.56863,33.72549,,,,,,,,,,,,,
1590,2025-11-14 06:40:11+00,4d106730-1088-4892-9045-ffeebc4d23bc,-6.823391167,107.897683,561.4,75,3150,91,21.56863,34.11765,,,,,,,,,,,,,
1591,2025-11-14 06:40:16+00,4d106730-1088-4892-9045-ffeebc4d23bc,-6.823332,107.8986272,556.6,76,3171,91,21.96078,34.11765,,,,,,,,,,,,,
1592,2025-11-14 06:40:21+00,4d106730-1088-4892-9045-ffeebc4d23bc,-6.823404167,107.8995655,552.7,74,3127,91,21.96078,34.5098,,,,,,,,,,,,,
1593,2025-11-14 06:40:36+00,4d106730-1088-4892-9045-ffeebc4d23bc,-6.824352,107.9021798,544.8,74,3114,93,32.54902,89.01961,,,,,,,,,,,,,
1594,2025-11-14 06:40:45+00,4d106730-1088-4892-9045-ffeebc4d23bc,-6.8252445,107.9035852,552.7,73,3096,94,32.54902,88.62745,,,,,,,,,,,,,
1595,2025-11-14 06:40:50+00,4d106730-1088-4892-9045-ffeebc4d23bc,-6.825759667,107.9043777,553.8,78,3283,94,32.94118,87.84314,,,,,,,,,,,,,
1596,2025-11-14 06:40:55+00,4d106730-1088-4892-9045-ffeebc4d23bc,-6.826309833,107.9052218,552.6,82,3452,94,24.31373,49.01961,,,,,,,,,,,,,
1597,2025-11-14 06:41:00+00,4d106730-1088-4892-9045-ffeebc4d23bc,-6.826866333,107.906082,548.8,81,3421,93,22.35294,34.5098,,,,,,,,,,,,,
1598,2025-11-14 06:41:17+00,4d106730-1088-4892-9045-ffeebc4d23bc,-6.828486167,107.9089297,534.7,68,2742,90,21.96078,39.60784,,,,,,,,,,,,,
1599,2025-11-14 06:41:26+00,4d106730-1088-4892-9045-ffeebc4d23bc,-6.8288715,107.9104047,529.4,64,2705,90,21.56863,37.2549,,,,,,,,,,,,,
1600,2025-11-14 06:41:31+00,4d106730-1088-4892-9045-ffeebc4d23bc,-6.8289585,107.9112078,526,63,2695,90,21.96078,39.21569,,,,,,,,,,,,,
1601,2025-11-14 06:41:36+00,4d106730-1088-4892-9045-ffeebc4d23bc,-6.828975,107.9120138,522.9,65,2746,90,23.13725,51.37255,,,,,,,,,,,,,
1602,2025-11-14 06:41:41+00,4d106730-1088-4892-9045-ffeebc4d23bc,-6.828893833,107.9128407,518.8,67,2823,91,20.39216,32.94118,,,,,,,,,,,,,
1603,2025-11-14 06:41:46+00,4d106730-1088-4892-9045-ffeebc4d23bc,-6.828722167,107.913649,515.2,63,2533,91,21.56863,38.82353,,,,,,,,,,,,,
1604,2025-11-14 06:42:03+00,4d106730-1088-4892-9045-ffeebc4d23bc,-6.827681333,107.9156078,510.4,44,1312,91,25.09804,92.15686,,,,,,,,,,,,,
1605,2025-11-14 06:42:12+00,4d106730-1088-4892-9045-ffeebc4d23bc,-6.826708,107.9158542,509.1,46,1350,91,25.09804,89.41177,,,,,,,,,,,,,
1606,2025-11-14 06:42:17+00,4d106730-1088-4892-9045-ffeebc4d23bc,-6.826220667,107.9160795,509.8,39,1185,93,22.35294,63.13726,,,,,,,,,,,,,
1607,2025-11-14 06:42:22+00,4d106730-1088-4892-9045-ffeebc4d23bc,-6.826115333,107.9165238,510,37,1625,93,25.88235,87.84314,,,,,,,,,,,,,
1608,2025-11-14 06:42:27+00,4d106730-1088-4892-9045-ffeebc4d23bc,-6.826388333,107.916888,511,39,1739,94,29.41176,94.5098,,,,,,,,,,,,,
1609,2025-11-14 06:42:32+00,4d106730-1088-4892-9045-ffeebc4d23bc,-6.826875833,107.9170565,511.5,45,1881,95,44.31372,100,,,,,,,,,,,,,
1610,2025-11-14 06:42:58+00,4d106730-1088-4892-9045-ffeebc4d23bc,-6.8297875,107.9164302,497.3,50,1483,95,20.78431,54.11765,,,,,,,,,,,,,
1611,2025-11-14 06:43:03+00,4d106730-1088-4892-9045-ffeebc4d23bc,-6.8301265,107.9158865,495.9,48,1257,95,20,45.88235,,,,,,,,,,,,,
1612,2025-11-14 06:43:08+00,4d106730-1088-4892-9045-ffeebc4d23bc,-6.8303755,107.9154763,496.8,16,780,95,19.21569,53.72549,,,,,,,,,,,,,
1613,2025-11-14 06:43:13+00,4d106730-1088-4892-9045-ffeebc4d23bc,-6.830423333,107.9154005,496.6,1,699,95,19.21569,57.2549,,,,,,,,,,,,,
1614,2025-11-14 06:43:39+00,4d106730-1088-4892-9045-ffeebc4d23bc,-6.830736333,107.9150038,500.4,18,1171,96,19.60784,43.52941,,,,,,,,,,,,,
1615,2025-11-14 06:43:44+00,4d106730-1088-4892-9045-ffeebc4d23bc,-6.830891667,107.9148372,499.9,18,1122,96,19.60784,42.35294,,,,,,,,,,,,,
1616,2025-11-14 06:43:49+00,4d106730-1088-4892-9045-ffeebc4d23bc,-6.831016,107.9146448,502.9,16,1039,96,19.60784,42.7451,,,,,,,,,,,,,
1617,2025-11-14 06:43:54+00,4d106730-1088-4892-9045-ffeebc4d23bc,-6.831144333,107.914491,502.7,16,1296,96,22.35294,76.86275,,,,,,,,,,,,,
1618,2025-11-14 06:43:59+00,4d106730-1088-4892-9045-ffeebc4d23bc,-6.831360167,107.9143607,503.3,23,1694,96,21.96078,62.35294,,,,,,,,,,,,,
1619,2025-11-14 06:44:27+00,4d106730-1088-4892-9045-ffeebc4d23bc,-6.832906833,107.915508,501.1,17,831,96,19.60784,53.33333,,,,,,,,,,,,,
1620,2025-11-14 06:44:57+00,4d106730-1088-4892-9045-ffeebc4d23bc,-6.832942,107.9155962,505.9,1,742,98,19.60784,59.60784,,,,,,,,,,,,,
1621,2025-11-14 06:45:02+00,4d106730-1088-4892-9045-ffeebc4d23bc,-6.832974,107.9156765,505.3,15,1970,98,26.66667,88.23529,,,,,,,,,,,,,
1622,2025-11-14 06:45:07+00,4d106730-1088-4892-9045-ffeebc4d23bc,-6.833076333,107.9159433,505.1,31,2291,97,31.37255,92.94118,,,,,,,,,,,,,
1623,2025-11-14 06:45:12+00,4d106730-1088-4892-9045-ffeebc4d23bc,-6.833215,107.9163985,504.3,40,1136,96,19.60784,49.41177,,,,,,,,,,,,,
1624,2025-11-14 06:45:17+00,4d106730-1088-4892-9045-ffeebc4d23bc,-6.833336,107.9168423,503.8,31,964,97,19.60784,46.27451,,,,,,,,,,,,,
1625,2025-11-14 06:45:22+00,4d106730-1088-4892-9045-ffeebc4d23bc,-6.8332555,107.9171197,502.3,23,1003,98,20,51.37255,,,,,,,,,,,,,
1626,2025-11-14 06:45:27+00,4d106730-1088-4892-9045-ffeebc4d23bc,-6.832957667,107.9172162,501.8,30,1704,98,27.84314,92.54902,,,,,,,,,,,,,
1627,2025-11-14 06:45:32+00,4d106730-1088-4892-9045-ffeebc4d23bc,-6.832621667,107.9173577,501.6,25,840,97,19.60784,54.11765,,,,,,,,,,,,,
1628,2025-11-14 06:45:37+00,4d106730-1088-4892-9045-ffeebc4d23bc,-6.832364,107.9174753,500.8,21,1247,98,21.96078,70.58823,,,,,,,,29.00653,23,114,,,
1629,2025-11-14 06:45:42+00,4d106730-1088-4892-9045-ffeebc4d23bc,-6.832112667,107.9176027,501.1,25,1256,98,21.17647,65.09804,,,,,,,,29.00653,23,114,,,
1630,2025-11-14 06:45:47+00,4d106730-1088-4892-9045-ffeebc4d23bc,-6.831824167,107.9177467,500.7,27,1336,98,22.35294,66.66666,,,,,,,,29.00653,23,114,,,
1631,2025-11-14 06:45:52+00,4d106730-1088-4892-9045-ffeebc4d23bc,-6.831518167,107.9179033,500.4,29,1210,98,20.78431,68.62745,,,,,,,,29.00653,23,114,,,
1632,2025-11-14 06:45:57+00,4d106730-1088-4892-9045-ffeebc4d23bc,-6.831194,107.9180663,501,27,1253,97,20.78431,49.41177,,,,,,,,29.00653,23,114,,,
1633,2025-11-14 06:46:02+00,4d106730-1088-4892-9045-ffeebc4d23bc,-6.83089,107.9182092,501.4,26,1322,97,21.17647,63.92157,,,,,,,,29.00653,23,114,,,
1634,2025-11-14 06:46:07+00,4d106730-1088-4892-9045-ffeebc4d23bc,-6.830582333,107.9183397,501.2,28,1241,97,22.35294,76.07843,,,,,,,,29.00653,23,114,,,
1635,2025-11-14 06:46:12+00,4d106730-1088-4892-9045-ffeebc4d23bc,-6.830233667,107.9184828,501.3,30,914,97,20,60,,,,,,,,29.00653,23,114,,,
1636,2025-11-14 06:46:17+00,4d106730-1088-4892-9045-ffeebc4d23bc,-6.8298875,107.9186,501,28,1228,97,21.56863,70.19608,,,,,,,,29.00653,23,114,,,
1637,2025-11-14 06:46:22+00,4d106730-1088-4892-9045-ffeebc4d23bc,-6.829535833,107.9187125,500.1,31,1293,97,21.96078,71.37255,,,,,,,,29.00653,23,114,,,
1638,2025-11-14 06:46:27+00,4d106730-1088-4892-9045-ffeebc4d23bc,-6.829160667,107.9188267,500.2,31,1331,97,22.35294,72.54902,,,,,,,,29.00653,23,114,,,
1639,2025-11-14 06:46:45+00,4d106730-1088-4892-9045-ffeebc4d23bc,-6.828141333,107.9192502,516.8,16,814,98,19.60784,53.33333,,,,,,,,,,,,,
1640,2025-11-14 06:46:54+00,4d106730-1088-4892-9045-ffeebc4d23bc,-6.827845667,107.9194075,508.6,9,784,98,19.60784,56.47059,,,,,,,,28.86149,23,114,,,
1641,2025-11-14 06:47:10+00,4d106730-1088-4892-9045-ffeebc4d23bc,-6.827803667,107.9194343,505.8,5,1229,98,21.96078,72.94118,,,,,,,,28.86149,23,114,,,
1642,2025-11-14 06:47:15+00,4d106730-1088-4892-9045-ffeebc4d23bc,-6.827751667,107.9194583,504.5,16,1178,98,19.21569,52.15686,,,,,,,,28.86149,23,114,,,
1643,2025-11-14 06:47:20+00,4d106730-1088-4892-9045-ffeebc4d23bc,-6.8275885,107.9195488,504,17,1225,97,21.56863,50.98039,,,,,,,,28.86149,23,114,,,
1644,2025-11-14 06:47:25+00,4d106730-1088-4892-9045-ffeebc4d23bc,-6.827422,107.9196892,503.6,23,1663,97,20.78431,58.43137,,,,,,,,29.00653,23,114,,,
1645,2025-11-14 06:47:30+00,4d106730-1088-4892-9045-ffeebc4d23bc,-6.8272135,107.9198772,502.8,26,1242,97,20.39216,55.68628,,,,,,,,29.00653,23,114,,,
1646,2025-11-14 06:47:35+00,4d106730-1088-4892-9045-ffeebc4d23bc,-6.826976833,107.920103,502,28,1207,97,20.39216,54.90196,,,,,,,,29.00653,23,114,,,
1647,2025-11-14 06:47:40+00,4d106730-1088-4892-9045-ffeebc4d23bc,-6.826732667,107.9203442,503.7,29,1221,96,20,47.84314,,,,,,,,29.00653,23,114,,,
1648,2025-11-14 06:47:45+00,4d106730-1088-4892-9045-ffeebc4d23bc,-6.8264815,107.9205963,505.7,27,1003,96,20,52.94118,,,,,,,,29.00653,23,114,,,
1649,2025-11-14 06:47:50+00,4d106730-1088-4892-9045-ffeebc4d23bc,-6.826242833,107.9208588,503.1,25,1216,96,20.78431,58.43137,,,,,,,,29.00653,23,114,,,
1650,2025-11-14 06:48:04+00,4d106730-1088-4892-9045-ffeebc4d23bc,-6.826068167,107.9216138,0,21,994,96,21.17647,54.11765,,,,,,,,,,,,,
1651,2025-11-14 06:48:21+00,4d106730-1088-4892-9045-ffeebc4d23bc,-6.826634667,107.9224828,520.2,27,1369,96,20,63.92157,,,,,,,,,,,,,
1652,2025-11-14 06:48:26+00,4d106730-1088-4892-9045-ffeebc4d23bc,-6.826886333,107.9227305,518.7,29,1204,96,19.60784,41.56863,,,,,,,,,,,,,
1653,2025-11-14 06:48:31+00,4d106730-1088-4892-9045-ffeebc4d23bc,-6.827158667,107.9229835,517.5,30,1228,96,20,40,,,,,,,,,,,,,
1654,2025-11-14 06:48:36+00,4d106730-1088-4892-9045-ffeebc4d23bc,-6.8274395,107.9232412,516.3,32,1104,96,22.35294,78.82353,,,,,,,,,,,,,
1655,2025-11-14 06:48:41+00,4d106730-1088-4892-9045-ffeebc4d23bc,-6.827776167,107.9234848,516,35,1050,96,19.60784,48.23529,,,,,,,,,,,,,
1656,2025-11-14 06:48:46+00,4d106730-1088-4892-9045-ffeebc4d23bc,-6.828127333,107.9237015,513.3,31,964,96,19.60784,45.4902,,,,,,,,,,,,,
1657,2025-11-14 06:48:51+00,4d106730-1088-4892-9045-ffeebc4d23bc,-6.828408333,107.9239153,513.7,27,883,96,20.39216,50.58823,,,,,,,,,,,,,
1658,2025-11-14 06:48:56+00,4d106730-1088-4892-9045-ffeebc4d23bc,-6.8286515,107.9241563,511.8,28,1087,96,20.78431,60.78431,,,,,,,,,,,,,
1659,2025-11-14 06:49:01+00,4d106730-1088-4892-9045-ffeebc4d23bc,-6.828937667,107.9243817,509.7,27,854,96,20,61.56863,,,,,,,,,,,,,
1660,2025-11-14 06:49:06+00,4d106730-1088-4892-9045-ffeebc4d23bc,-6.829249667,107.9245922,506,31,964,97,19.60784,46.66667,,,,,,,,,,,,,
1661,2025-11-14 06:49:11+00,4d106730-1088-4892-9045-ffeebc4d23bc,-6.829582333,107.9248247,503.5,32,980,97,19.60784,45.88235,,,,,,,,,,,,,
1662,2025-11-14 06:49:16+00,4d106730-1088-4892-9045-ffeebc4d23bc,-6.829921667,107.9250512,503.4,31,964,96,19.60784,46.27451,,,,,,,,,,,,,
1663,2025-11-14 06:49:21+00,4d106730-1088-4892-9045-ffeebc4d23bc,-6.830226833,107.9252737,501.9,27,871,96,19.60784,49.01961,,,,,,,,,,,,,
1664,2025-11-14 06:49:26+00,4d106730-1088-4892-9045-ffeebc4d23bc,-6.830493,107.9254615,498.8,23,998,96,19.60784,52.15686,,,,,,,,,,,,,
1665,2025-11-14 06:49:31+00,4d106730-1088-4892-9045-ffeebc4d23bc,-6.830738833,107.9256152,499.2,23,1007,96,19.60784,47.05882,,,,,,,,,,,,,
1666,2025-11-14 06:49:36+00,4d106730-1088-4892-9045-ffeebc4d23bc,-6.830978833,107.925719,500.6,21,1235,96,21.56863,69.80392,,,,,,,,,,,,,
1667,2025-11-14 06:49:53+00,4d106730-1088-4892-9045-ffeebc4d23bc,-6.8318525,107.926097,498.7,21,944,96,20,56.07843,,,,,,,,,,,,,
1668,2025-11-14 06:50:02+00,4d106730-1088-4892-9045-ffeebc4d23bc,-6.8321515,107.9264052,500.4,21,1189,97,21.17647,66.27451,,,,,,,,,,,,,
1669,2025-11-14 06:50:07+00,4d106730-1088-4892-9045-ffeebc4d23bc,-6.832329,107.92663,501.3,24,1037,97,19.60784,47.05882,,,,,,,,,,,,,
1670,2025-11-14 06:50:12+00,4d106730-1088-4892-9045-ffeebc4d23bc,-6.832524833,107.9268622,501.3,26,1057,97,20.39216,57.2549,,,,,,,,,,,,,
1671,2025-11-14 06:50:17+00,4d106730-1088-4892-9045-ffeebc4d23bc,-6.832730833,107.9271243,501.4,28,1271,97,21.17647,53.72549,,,,,,,,,,,,,
1672,2025-11-14 06:50:22+00,4d106730-1088-4892-9045-ffeebc4d23bc,-6.832948833,107.9274022,501,27,1260,97,20.39216,49.41177,,,,,,,,,,,,,
1673,2025-11-14 06:50:27+00,4d106730-1088-4892-9045-ffeebc4d23bc,-6.8331545,107.9276442,502,24,1063,97,19.60784,45.09804,,,,,,,,,,,,,
1674,2025-11-14 06:50:32+00,4d106730-1088-4892-9045-ffeebc4d23bc,-6.8333445,107.9278865,502.2,24,1022,97,20.78431,45.09804,,,,,,,,,,,,,
1675,2025-11-14 06:50:37+00,4d106730-1088-4892-9045-ffeebc4d23bc,-6.833495333,107.928087,502.3,21,1410,97,23.52941,80,,,,,,,,,,,,,
1676,2025-11-14 06:50:42+00,4d106730-1088-4892-9045-ffeebc4d23bc,-6.833688667,107.928352,503.4,28,1182,97,19.60784,45.4902,,,,,,,,,,,,,
1677,2025-11-14 06:50:47+00,4d106730-1088-4892-9045-ffeebc4d23bc,-6.833875333,107.9286485,504.6,29,1193,97,19.60784,42.35294,,,,,,,,,,,,,
1678,2025-11-14 06:50:52+00,4d106730-1088-4892-9045-ffeebc4d23bc,-6.8340725,107.9289462,504.6,28,1183,97,19.60784,40,,,,,,,,,,,,,
1679,2025-11-14 06:50:57+00,4d106730-1088-4892-9045-ffeebc4d23bc,-6.834267,107.9291863,503.8,22,948,97,20,56.07843,,,,,,,,,,,,,
1680,2025-11-14 06:51:02+00,4d106730-1088-4892-9045-ffeebc4d23bc,-6.834445833,107.929381,504.4,20,977,97,20.78431,54.90196,,,,,,,,,,,,,
1681,2025-11-14 06:51:07+00,4d106730-1088-4892-9045-ffeebc4d23bc,-6.834636667,107.9296118,503.9,25,1059,96,19.60784,46.27451,,,,,,,,,,,,,
1682,2025-11-14 06:51:12+00,4d106730-1088-4892-9045-ffeebc4d23bc,-6.834821167,107.9298053,503.2,16,819,97,19.60784,51.76471,,,,,,,,,,,,,
1683,2025-11-14 06:51:17+00,4d106730-1088-4892-9045-ffeebc4d23bc,-6.834956167,107.9299603,501.6,17,816,97,19.60784,54.11765,,,,,,,,,,,,,
1684,2025-11-14 06:51:22+00,4d106730-1088-4892-9045-ffeebc4d23bc,-6.835066167,107.9301202,501.6,9,750,97,21.17647,76.07843,,,,,,,,,,,,,
1685,2025-11-14 06:51:27+00,4d106730-1088-4892-9045-ffeebc4d23bc,-6.835102167,107.930189,501.8,6,836,98,19.60784,54.90196,,,,,,,,,,,,,
1686,2025-11-14 06:51:32+00,4d106730-1088-4892-9045-ffeebc4d23bc,-6.835133167,107.9302558,501.5,4,769,98,19.60784,56.47059,,,,,,,,,,,,,
1687,2025-11-14 06:51:50+00,4d106730-1088-4892-9045-ffeebc4d23bc,-6.835375167,107.9303147,499.9,9,1282,98,23.13725,69.41177,,,,,,,,,,,,,
1688,2025-11-14 06:51:59+00,4d106730-1088-4892-9045-ffeebc4d23bc,-6.835492833,107.930109,499.6,15,1189,97,21.56863,63.92157,,,,,,,,,,,,,
1689,2025-11-14 06:52:04+00,4d106730-1088-4892-9045-ffeebc4d23bc,-6.8356365,107.9299482,499.2,18,1350,97,20.78431,60.78431,,,,,,,,,,,,,
1690,2025-11-14 06:52:09+00,4d106730-1088-4892-9045-ffeebc4d23bc,-6.835804167,107.9297755,496.8,18,1261,97,21.56863,67.05882,,,,,,,,,,,,,
1691,2025-11-14 06:52:14+00,4d106730-1088-4892-9045-ffeebc4d23bc,-6.83595,107.9296308,492.5,11,844,97,19.60784,51.37255,,,,,,,,,,,,,
1692,2025-11-14 06:52:19+00,4d106730-1088-4892-9045-ffeebc4d23bc,-6.8360365,107.9295668,488.3,5,771,98,19.60784,54.90196,,,,,,,,,,,,,
1693,2025-11-14 06:52:24+00,4d106730-1088-4892-9045-ffeebc4d23bc,-6.836071667,107.929518,490.4,7,1334,98,21.56863,71.76471,,,,,,,,,,,,,
1694,2025-11-14 06:52:29+00,4d106730-1088-4892-9045-ffeebc4d23bc,-6.836053667,107.9294083,494.5,8,1468,98,24.31373,81.96078,,,,,,,,,,,,,
1695,2025-11-14 06:52:34+00,4d106730-1088-4892-9045-ffeebc4d23bc,-6.836001333,107.9293355,497.8,7,1464,97,30.98039,99.21568,,,,,,,,,,,,,
1696,2025-11-14 06:52:39+00,4d106730-1088-4892-9045-ffeebc4d23bc,-6.835929833,107.9293182,504,10,1117,97,20,49.80392,,,,,,,,,,,,,
1697,2025-11-14 06:52:44+00,4d106730-1088-4892-9045-ffeebc4d23bc,-6.835838167,107.9293007,507.9,8,1021,97,20.78431,47.45098,,,,,,,,,,,,,
1698,2025-11-14 06:52:49+00,4d106730-1088-4892-9045-ffeebc4d23bc,-6.835761833,107.929275,515.2,13,1729,97,21.96078,65.09804,,,,,,,,,,,,,
1699,2025-11-14 06:52:54+00,4d106730-1088-4892-9045-ffeebc4d23bc,-6.8356455,107.9291577,519.3,14,1271,96,19.60784,57.64706,,,,,,,,,,,,,
1700,2025-11-14 06:52:59+00,4d106730-1088-4892-9045-ffeebc4d23bc,-6.835553667,107.929056,522.4,2,750,96,19.21569,67.84314,,,,,,,,,,,,,
1701,2025-11-14 06:53:17+00,4d106730-1088-4892-9045-ffeebc4d23bc,-6.8355095,107.928873,0,5,788,97,20.78431,73.72549,,,,,,,,,,,,,
1702,2025-11-14 06:53:26+00,4d106730-1088-4892-9045-ffeebc4d23bc,-6.835444833,107.9288142,498.1,7,895,98,19.60784,54.11765,,,,,,,,,,,,,
1703,2025-11-14 06:53:31+00,4d106730-1088-4892-9045-ffeebc4d23bc,-6.835408333,107.928743,496,6,1288,97,22.7451,76.47059,,,,,,,,,,,,,
1704,2025-11-14 06:53:36+00,4d106730-1088-4892-9045-ffeebc4d23bc,-6.8353405,107.9286487,495.3,14,1697,95,21.17647,52.54902,,,,,,,,,,,,,
1705,2025-11-14 06:53:41+00,4d106730-1088-4892-9045-ffeebc4d23bc,-6.835269167,107.928529,493.2,9,983,93,23.13725,68.23529,,,,,,,,,,,,,
1706,2025-11-14 06:53:46+00,4d106730-1088-4892-9045-ffeebc4d23bc,-6.835237,107.9284452,488.4,10,953,93,20.78431,59.60784,,,,,,,,,,,,,
1707,2025-11-14 06:53:51+00,4d106730-1088-4892-9045-ffeebc4d23bc,-6.835082333,107.9284903,507.7,12,1146,93,19.60784,42.7451,,,,,,,,,,,,,
1708,2025-11-14 06:53:56+00,4d106730-1088-4892-9045-ffeebc4d23bc,-6.8349815,107.9285698,522.9,7,883,93,20,49.80392,,,,,,,,,,,,,
1709,2025-11-14 06:54:01+00,4d106730-1088-4892-9045-ffeebc4d23bc,-6.834943167,107.9285858,530,7,907,93,19.60784,49.80392,,,,,,,,,,,,,
1710,2025-11-14 06:54:06+00,4d106730-1088-4892-9045-ffeebc4d23bc,-6.834916833,107.9285952,531.3,5,782,93,20.39216,70.58823,,,,,,,,,,,,,
1711,2025-11-14 06:54:11+00,4d106730-1088-4892-9045-ffeebc4d23bc,-6.834909833,107.9285768,532.4,7,896,93,19.60784,54.11765,,,,,,,,,,,,,
1712,2025-11-14 06:54:16+00,4d106730-1088-4892-9045-ffeebc4d23bc,-6.834907833,107.9285743,533,10,1328,93,20.78431,57.2549,,,,,,,,,,,,,
1713,2025-11-14 06:54:21+00,4d106730-1088-4892-9045-ffeebc4d23bc,-6.834907833,107.9285743,533,12,1142,91,19.60784,42.7451,,,,,,,,,,,,,
1714,2025-11-14 06:54:26+00,4d106730-1088-4892-9045-ffeebc4d23bc,-6.834907833,107.9285743,533,7,936,91,19.60784,47.84314,,,,,,,,,,,,,
1715,2025-11-14 06:54:31+00,4d106730-1088-4892-9045-ffeebc4d23bc,-6.834907833,107.9285743,533,4,757,93,20.78431,72.54902,,,,,,,,,,,,,
1716,2025-11-14 06:54:36+00,4d106730-1088-4892-9045-ffeebc4d23bc,-6.834299833,107.9280117,529.8,6,818,93,19.60784,56.47059,,,,,,,,,,,,,
1717,2025-11-14 06:54:41+00,4d106730-1088-4892-9045-ffeebc4d23bc,-6.834199,107.927962,528.7,6,902,93,19.60784,57.64706,,,,,,,,,,,,,
1718,2025-11-14 06:54:46+00,4d106730-1088-4892-9045-ffeebc4d23bc,-6.834116667,107.9280425,527.7,6,859,92,19.60784,51.76471,,,,,,,,,,,,,
1719,2025-11-14 06:54:51+00,4d106730-1088-4892-9045-ffeebc4d23bc,-6.8341165,107.9282222,521.2,3,764,92,19.60784,57.2549,,,,,,,,,,,,,
1720,2025-11-14 06:55:19+00,4d106730-1088-4892-9045-ffeebc4d23bc,0,0,0,1,755,94,20,63.13726,,,,,,,,,,,,,
1721,2025-11-14 09:04:27+00,4d106730-1088-4892-9045-ffeebc4d23bc,0,0,0,5,810,85,19.60784,58.82353,,26.39594,26,111,27.41117,26,110,28.4264,23,118,23.06019,23,106
1722,2025-11-14 09:04:32+00,4d106730-1088-4892-9045-ffeebc4d23bc,0,0,0,6,851,85,19.60784,53.72549,,26.39594,26,111,27.41117,26,110,28.4264,23,118,23.06019,23,106
1723,2025-11-14 09:04:37+00,4d106730-1088-4892-9045-ffeebc4d23bc,0,0,0,3,777,85,19.60784,56.47059,,26.39594,26,111,27.41117,26,110,28.4264,23,118,23.06019,23,106
1724,2025-11-14 09:04:42+00,4d106730-1088-4892-9045-ffeebc4d23bc,0,0,0,6,846,85,20.78431,68.62745,,26.39594,26,111,27.41117,26,110,28.4264,23,118,23.06019,23,106
1725,2025-11-14 09:04:47+00,4d106730-1088-4892-9045-ffeebc4d23bc,0,0,0,7,902,86,20,56.47059,,26.39594,26,111,27.41117,26,110,28.4264,23,118,23.06019,23,106
1726,2025-11-14 09:04:52+00,4d106730-1088-4892-9045-ffeebc4d23bc,0,0,0,2,757,86,19.60784,58.82353,,26.39594,26,111,27.41117,26,110,28.4264,23,118,23.06019,23,106
1727,2025-11-14 09:04:57+00,4d106730-1088-4892-9045-ffeebc4d23bc,0,0,0,3,762,86,19.60784,60,,26.39594,26,111,27.41117,26,110,28.4264,23,118,23.06019,23,106
1728,2025-11-14 09:05:02+00,4d106730-1088-4892-9045-ffeebc4d23bc,0,0,0,6,1074,86,22.7451,71.37255,,26.39594,26,111,27.41117,26,110,28.4264,23,118,23.06019,23,106
1729,2025-11-14 09:05:07+00,4d106730-1088-4892-9045-ffeebc4d23bc,0,0,0,15,1502,86,23.92157,83.13725,,26.39594,26,111,27.41117,26,110,28.4264,23,118,23.06019,23,106
1730,2025-11-14 09:05:12+00,4d106730-1088-4892-9045-ffeebc4d23bc,0,0,0,21,1684,87,24.31373,78.43137,,26.39594,26,111,27.41117,26,110,28.4264,23,118,23.06019,23,106
1731,2025-11-14 09:05:17+00,4d106730-1088-4892-9045-ffeebc4d23bc,0,0,0,24,1035,87,20,49.41177,,26.39594,26,111,27.41117,26,110,28.4264,23,118,23.06019,23,106
1732,2025-11-14 09:05:22+00,4d106730-1088-4892-9045-ffeebc4d23bc,0,0,0,15,814,88,19.60784,54.5098,,26.39594,26,111,27.41117,26,110,28.4264,23,118,23.06019,23,106
1733,2025-11-14 09:05:27+00,4d106730-1088-4892-9045-ffeebc4d23bc,0,0,0,12,762,88,20.78431,74.5098,,26.39594,26,111,27.41117,26,110,28.4264,23,118,23.06019,23,106
1734,2025-11-14 09:05:32+00,4d106730-1088-4892-9045-ffeebc4d23bc,0,0,0,12,782,88,19.60784,59.21569,,26.39594,26,111,27.41117,26,110,28.4264,23,118,23.06019,23,106
1735,2025-11-14 09:05:37+00,4d106730-1088-4892-9045-ffeebc4d23bc,0,0,0,11,925,89,19.60784,52.94118,,26.39594,26,111,27.41117,26,110,28.4264,23,118,23.06019,23,106
1736,2025-11-14 09:05:40+00,4d106730-1088-4892-9045-ffeebc4d23bc,0,0,0,16,1105,89,20,51.37255,,26.39594,26,111,27.41117,26,110,28.4264,23,118,23.06019,23,106
1737,2025-11-14 09:05:46+00,4d106730-1088-4892-9045-ffeebc4d23bc,0,0,0,12,850,89,20,63.52941,,26.39594,26,111,27.41117,26,110,28.4264,23,118,23.06019,23,106
1738,2025-11-14 09:05:51+00,4d106730-1088-4892-9045-ffeebc4d23bc,0,0,0,1,754,89,19.60784,58.03922,,26.39594,26,111,27.41117,26,110,28.4264,23,118,23.06019,23,106
1739,2025-11-14 09:05:56+00,4d106730-1088-4892-9045-ffeebc4d23bc,0,0,0,1,744,90,19.60784,59.21569,,26.39594,26,111,27.41117,26,110,28.4264,23,118,23.06019,23,106
1740,2025-11-14 09:06:06+00,4d106730-1088-4892-9045-ffeebc4d23bc,0,0,0,1,763,90,20.39216,76.47059,,26.39594,26,111,27.41117,26,110,28.4264,23,118,23.06019,23,106
1741,2025-11-14 09:06:10+00,4d106730-1088-4892-9045-ffeebc4d23bc,0,0,0,2,762,90,19.60784,62.35294,,26.39594,26,111,27.41117,26,110,28.4264,23,118,23.06019,23,106
1742,2025-11-14 09:06:10+00,4d106730-1088-4892-9045-ffeebc4d23bc,0,0,0,11,1455,90,21.96078,62.35294,,26.39594,26,111,27.41117,26,110,28.4264,23,118,23.06019,23,106
1743,2025-11-14 09:06:21+00,4d106730-1088-4892-9045-ffeebc4d23bc,0,0,0,22,1689,90,24.31373,79.60784,,26.39594,26,111,27.41117,26,110,28.4264,23,118,23.06019,23,106
1744,2025-11-14 09:06:26+00,4d106730-1088-4892-9045-ffeebc4d23bc,0,0,0,28,1346,91,21.56863,63.13726,,26.39594,26,111,27.41117,26,110,28.4264,23,118,23.06019,23,106
1745,2025-11-14 09:06:31+00,4d106730-1088-4892-9045-ffeebc4d23bc,0,0,0,29,1114,91,20.78431,53.72549,,26.39594,26,111,27.41117,26,110,28.4264,23,118,23.06019,23,106
1746,2025-11-14 09:06:36+00,4d106730-1088-4892-9045-ffeebc4d23bc,0,0,0,34,1254,91,21.17647,64.31373,,26.39594,26,111,27.41117,26,110,28.4264,23,118,23.06019,23,106
1747,2025-11-14 09:06:41+00,4d106730-1088-4892-9045-ffeebc4d23bc,0,0,0,37,1367,92,22.35294,67.45098,,26.39594,26,111,27.41117,26,110,28.4264,23,118,23.06019,23,106
1748,2025-11-14 09:06:46+00,4d106730-1088-4892-9045-ffeebc4d23bc,0,0,0,36,1116,92,20,48.62745,,26.39594,26,111,27.41117,26,110,28.4264,23,118,23.06019,23,106
1749,2025-11-14 09:06:51+00,4d106730-1088-4892-9045-ffeebc4d23bc,0,0,0,30,1471,93,31.76471,99.21568,,26.39594,26,111,27.41117,26,110,28.4264,23,118,23.06019,23,106
1750,2025-11-14 09:06:56+00,4d106730-1088-4892-9045-ffeebc4d23bc,0,0,0,35,1726,93,32.54902,98.82353,,26.39594,26,111,27.41117,26,110,28.4264,23,118,23.06019,23,106
1751,2025-11-14 09:06:56+00,4d106730-1088-4892-9045-ffeebc4d23bc,0,0,0,40,1792,93,31.76471,97.25491,,26.39594,26,111,27.41117,26,110,28.4264,23,118,23.06019,23,106
1752,2025-11-14 09:07:06+00,4d106730-1088-4892-9045-ffeebc4d23bc,0,0,0,38,1128,94,20.39216,45.4902,,26.39594,26,111,27.41117,26,110,28.4264,23,118,23.06019,23,106
1753,2025-11-14 09:07:11+00,4d106730-1088-4892-9045-ffeebc4d23bc,0,0,0,34,1005,95,20.39216,57.64706,,26.39594,26,111,27.41117,26,110,28.4264,23,118,23.06019,23,106
1754,2027-05-21 09:07:16+00,4d106730-1088-4892-9045-ffeebc4d23bc,0,0,0,34,1640,95,27.05882,90.98039,,26.39594,26,111,27.41117,26,110,28.4264,23,118,23.06019,23,106
1755,2025-11-14 09:07:21+00,4d106730-1088-4892-9045-ffeebc4d23bc,0,0,0,32,987,94,19.60784,47.45098,,26.39594,26,111,27.41117,26,110,28.4264,23,118,23.06019,23,106
1756,2025-11-14 09:07:26+00,4d106730-1088-4892-9045-ffeebc4d23bc,0,0,0,30,1447,95,23.92157,81.96078,,26.39594,26,111,27.41117,26,110,28.4264,23,118,23.06019,23,106
1757,2025-11-14 09:07:31+00,4d106730-1088-4892-9045-ffeebc4d23bc,-6.832006333,107.9356095,489.6,34,1460,95,24.31373,81.56863,,26.39594,26,111,27.41117,26,110,28.4264,23,118,23.06019,23,106
1758,2025-11-14 09:07:36+00,4d106730-1088-4892-9045-ffeebc4d23bc,-6.831730167,107.935901,479.4,33,1500,95,27.45098,92.15686,,26.39594,26,111,27.41117,26,110,28.4264,23,118,23.06019,23,106
1759,2025-11-14 09:07:41+00,4d106730-1088-4892-9045-ffeebc4d23bc,-6.831468167,107.9362538,482,35,1646,95,26.66667,89.80392,,26.39594,26,111,27.41117,26,110,28.4264,23,118,23.06019,23,106
1760,2025-11-14 09:07:46+00,4d106730-1088-4892-9045-ffeebc4d23bc,-6.831193167,107.9366062,484.8,36,1074,95,19.60784,45.88235,,26.39594,26,111,27.41117,26,110,28.4264,23,118,23.06019,23,106
1761,2025-11-14 09:07:51+00,4d106730-1088-4892-9045-ffeebc4d23bc,-6.830904,107.9369638,486.2,37,1107,96,19.60784,43.52941,,26.39594,26,111,27.41117,26,110,28.4264,23,118,23.06019,23,106
1762,2025-11-14 09:07:56+00,4d106730-1088-4892-9045-ffeebc4d23bc,-6.830632333,107.937332,485.1,41,1556,95,24.31373,78.03922,,26.39594,26,111,27.41117,26,110,28.4264,23,118,23.06019,23,106
1763,2025-11-14 09:08:01+00,4d106730-1088-4892-9045-ffeebc4d23bc,-6.830336333,107.93776,485.1,44,1667,95,25.09804,82.74509,,26.39594,26,111,27.41117,26,110,28.4264,23,118,23.06019,23,106
1764,2025-11-14 09:08:06+00,4d106730-1088-4892-9045-ffeebc4d23bc,-6.830033,107.9382143,480.3,42,1228,95,20,59.21569,,26.39594,26,111,27.41117,26,110,28.4264,23,118,23.06019,23,106
1765,2025-11-14 09:08:11+00,4d106730-1088-4892-9045-ffeebc4d23bc,-6.829715333,107.9386453,482.9,26,853,96,19.60784,49.80392,,26.39594,26,111,27.41117,26,110,28.4264,23,118,23.06019,23,106
1766,2025-11-14 09:08:16+00,4d106730-1088-4892-9045-ffeebc4d23bc,-6.8294975,107.9389328,484.3,23,1451,96,26.27451,91.37255,,26.39594,26,111,27.41117,26,110,28.4264,23,118,23.06019,23,106
1767,2025-11-14 09:08:21+00,4d106730-1088-4892-9045-ffeebc4d23bc,-6.829306167,107.9391678,490.6,33,1379,95,21.17647,70.58823,,26.39594,26,111,27.41117,26,110,28.4264,23,118,23.06019,23,106
1768,2025-11-14 09:08:26+00,4d106730-1088-4892-9045-ffeebc4d23bc,-6.829074167,107.9394727,489.3,33,1335,96,23.52941,74.90196,,26.39594,26,111,27.41117,26,110,28.4264,23,118,23.06019,23,106
1769,2025-11-14 09:08:31+00,4d106730-1088-4892-9045-ffeebc4d23bc,-6.8288215,107.9398022,489.1,33,1305,95,23.92157,78.43137,,26.39594,26,111,27.41117,26,110,28.4264,23,118,23.06019,23,106
1770,2025-11-14 09:08:36+00,4d106730-1088-4892-9045-ffeebc4d23bc,-6.828573167,107.9401012,485.9,30,1360,96,26.27451,92.15686,,26.39594,26,111,27.41117,26,110,28.4264,23,118,23.06019,23,106
1771,2025-11-14 09:08:41+00,4d106730-1088-4892-9045-ffeebc4d23bc,-6.8283135,107.9403833,489.3,30,1558,96,25.88235,88.62745,,26.39594,26,111,27.41117,26,110,28.4264,23,118,23.06019,23,106
1772,2025-11-14 09:08:46+00,4d106730-1088-4892-9045-ffeebc4d23bc,-6.828041667,107.9406528,489.8,33,1172,96,19.21569,53.72549,,26.39594,26,111,27.41117,26,110,28.4264,23,118,23.06019,23,106
1773,2025-11-14 09:08:51+00,4d106730-1088-4892-9045-ffeebc4d23bc,-6.827768667,107.940972,491.5,24,1611,96,27.84314,91.37255,,26.39594,26,111,27.41117,26,110,28.4264,23,118,23.06019,23,106
1774,2025-11-14 09:08:56+00,4d106730-1088-4892-9045-ffeebc4d23bc,-6.8275605,107.9412333,493.4,23,1034,96,19.60784,44.31372,,26.39594,26,111,27.41117,26,110,28.4264,23,118,23.06019,23,106
1775,2025-11-14 09:09:01+00,4d106730-1088-4892-9045-ffeebc4d23bc,-6.827371667,107.9414708,494.3,16,1277,96,20,66.27451,,26.39594,26,111,27.41117,26,110,28.4264,23,118,23.06019,23,106
1776,2025-11-14 09:09:06+00,4d106730-1088-4892-9045-ffeebc4d23bc,-6.827236167,107.9416147,495,1,750,96,19.60784,58.82353,,26.39594,26,111,27.41117,26,110,28.4264,23,118,23.06019,23,106
1777,2025-11-14 09:09:16+00,4d106730-1088-4892-9045-ffeebc4d23bc,-6.827205333,107.9416542,496,2,861,97,20.39216,63.52941,,26.39594,26,111,27.41117,26,110,28.4264,23,118,23.06019,23,106
1778,2025-11-14 09:09:21+00,4d106730-1088-4892-9045-ffeebc4d23bc,-6.8271845,107.9416895,498,8,960,96,20.39216,61.96078,,26.39594,26,111,27.41117,26,110,28.4264,23,118,23.06019,23,106
1779,2025-11-14 09:09:26+00,4d106730-1088-4892-9045-ffeebc4d23bc,-6.8271075,107.9417617,500.2,5,810,96,19.60784,54.11765,,26.39594,26,111,27.41117,26,110,28.4264,23,118,23.06019,23,106
1780,2025-11-14 09:09:31+00,4d106730-1088-4892-9045-ffeebc4d23bc,-6.827052667,107.9418142,501.5,2,746,96,19.60784,56.07843,,26.39594,26,111,27.41117,26,110,28.4264,23,118,23.06019,23,106
1781,2025-11-14 09:09:36+00,4d106730-1088-4892-9045-ffeebc4d23bc,-6.827031167,107.9418375,501.4,8,1437,97,23.92157,78.82353,,26.39594,26,111,27.41117,26,110,28.4264,23,118,23.06019,23,106
1782,2025-11-14 09:09:41+00,4d106730-1088-4892-9045-ffeebc4d23bc,-6.8269645,107.9418922,501.5,21,1602,96,26.27451,89.01961,,26.39594,26,111,27.41117,26,110,28.4264,23,118,23.06019,23,106
1783,2025-11-14 09:09:46+00,4d106730-1088-4892-9045-ffeebc4d23bc,-6.826774333,107.9420512,502.2,28,1653,96,26.27451,88.23529,,26.39594,26,111,27.41117,26,110,28.4264,23,118,23.06019,23,106
1784,2025-11-14 09:09:51+00,4d106730-1088-4892-9045-ffeebc4d23bc,-6.82647,107.9422135,503.9,33,1392,96,28.62745,94.90196,,26.39594,26,111,27.41117,26,110,28.4264,23,118,23.06019,23,106
1785,2025-11-14 09:09:56+00,4d106730-1088-4892-9045-ffeebc4d23bc,-6.826085167,107.9423448,505.8,37,1568,97,28.23529,92.15686,,26.39594,26,111,27.41117,26,110,28.4264,23,118,23.06019,23,106
1786,2025-11-14 09:10:01+00,4d106730-1088-4892-9045-ffeebc4d23bc,-6.8256425,107.9424723,508.1,38,1757,97,30.98039,94.90196,,26.39594,26,111,27.41117,26,110,28.4264,23,118,23.06019,23,106
1787,2025-11-14 09:10:06+00,4d106730-1088-4892-9045-ffeebc4d23bc,-6.825167,107.9425662,512,35,1832,97,35.68628,97.64706,,26.39594,26,111,27.41117,26,110,28.4264,23,118,23.06019,23,106
1788,2025-11-14 09:10:11+00,4d106730-1088-4892-9045-ffeebc4d23bc,-6.8247255,107.9426508,516.2,23,1033,98,19.60784,46.27451,,26.39594,26,111,27.41117,26,110,28.4264,23,118,23.06019,23,106
1789,2025-11-14 09:10:16+00,4d106730-1088-4892-9045-ffeebc4d23bc,-6.8244195,107.9427212,516.7,28,1697,98,27.84314,92.15686,,26.39594,26,111,27.41117,26,110,28.4264,23,118,23.06019,23,106
1790,2025-11-14 09:10:21+00,4d106730-1088-4892-9045-ffeebc4d23bc,-6.824090167,107.94281,517.8,33,1149,98,20,47.05882,,26.39594,26,111,27.41117,26,110,28.4264,23,118,23.06019,23,106
1791,2025-11-14 09:10:26+00,4d106730-1088-4892-9045-ffeebc4d23bc,-6.823721167,107.9429152,518,21,1585,98,29.01961,94.11765,,26.39594,26,111,27.41117,26,110,28.4264,23,118,23.06019,23,106
1792,2025-11-14 09:10:31+00,4d106730-1088-4892-9045-ffeebc4d23bc,-6.8234735,107.9429878,516.7,30,1824,98,36.47059,98.82353,,26.39594,26,111,27.41117,26,110,28.4264,23,118,23.06019,23,106
1793,2025-11-14 09:10:36+00,4d106730-1088-4892-9045-ffeebc4d23bc,-6.823114167,107.9430922,517.3,37,1977,98,34.5098,98.03922,,26.39594,26,111,27.41117,26,110,28.4264,23,118,23.06019,23,106
1794,2025-11-14 09:10:41+00,4d106730-1088-4892-9045-ffeebc4d23bc,-6.822667833,107.943218,518.6,45,1901,98,25.09804,77.25491,,26.39594,26,111,27.41117,26,110,28.4264,23,118,23.06019,23,106
1795,2025-11-14 09:10:46+00,4d106730-1088-4892-9045-ffeebc4d23bc,-6.822128667,107.9433237,519.8,48,1342,97,20,42.7451,,26.39594,26,111,27.41117,26,110,28.4264,23,118,23.06019,23,106
1796,2025-11-14 09:10:51+00,4d106730-1088-4892-9045-ffeebc4d23bc,-6.821542333,107.9433715,520.3,36,947,98,20.39216,54.5098,,26.39594,26,111,27.41117,26,110,28.4264,23,118,23.06019,23,106
1797,2025-11-14 09:10:56+00,4d106730-1088-4892-9045-ffeebc4d23bc,-6.821088167,107.9434848,521.9,31,952,98,19.60784,47.84314,,26.39594,26,111,27.41117,26,110,28.4264,23,118,23.06019,23,106
1798,2025-11-14 09:11:01+00,4d106730-1088-4892-9045-ffeebc4d23bc,-6.820747333,107.9436898,522.9,23,789,98,19.60784,51.76471,,26.39594,26,111,27.41117,26,110,28.4264,23,118,23.06019,23,106
1799,2025-11-14 09:11:06+00,4d106730-1088-4892-9045-ffeebc4d23bc,-6.820528667,107.9438867,523,5,799,98,19.60784,55.29412,,26.39594,26,111,27.41117,26,110,28.4264,23,118,23.06019,23,106
1800,2025-11-14 09:11:11+00,4d106730-1088-4892-9045-ffeebc4d23bc,-6.8204305,107.943926,523.4,8,1000,98,20,49.41177,,26.39594,26,111,27.41117,26,110,28.4264,23,118,23.06019,23,106
1801,2025-11-14 09:11:16+00,4d106730-1088-4892-9045-ffeebc4d23bc,-6.820352333,107.9438705,523.9,10,1268,98,21.96078,68.62745,,26.39594,26,111,27.41117,26,110,28.4264,23,118,23.06019,23,106
1802,2025-11-14 09:11:21+00,4d106730-1088-4892-9045-ffeebc4d23bc,-6.820241833,107.9438268,527.6,11,1421,97,19.60784,46.27451,,26.39594,26,111,27.41117,26,110,28.4264,23,118,23.06019,23,106
1803,2025-11-14 09:11:26+00,4d106730-1088-4892-9045-ffeebc4d23bc,-6.820132333,107.9439135,527.3,12,1499,97,19.60784,46.27451,,26.39594,26,111,27.41117,26,110,28.4264,23,118,23.06019,23,106
1804,2025-11-14 09:11:31+00,4d106730-1088-4892-9045-ffeebc4d23bc,-6.820185,107.9440445,527.7,4,790,96,20,54.11765,,26.39594,26,111,27.41117,26,110,28.4264,23,118,23.06019,23,106
1805,2025-11-14 09:11:41+00,4d106730-1088-4892-9045-ffeebc4d23bc,-6.82025,107.9440995,526.5,1,746,97,19.60784,61.56863,,26.39594,26,111,27.41117,26,110,28.4264,23,118,23.06019,23,106
1806,2025-11-14 09:12:04+00,4d106730-1088-4892-9045-ffeebc4d23bc,-6.820276167,107.9441157,527.5,1,763,98,19.21569,65.88235,,26.39594,26,111,27.41117,26,110,28.4264,23,118,23.06019,23,106
1807,2025-11-14 09:12:09+00,4d106730-1088-4892-9045-ffeebc4d23bc,-6.820313,107.9441257,526.5,5,1102,98,20,58.03922,,26.39594,26,111,27.41117,26,110,28.4264,23,118,23.06019,23,106
1808,2025-11-14 09:12:15+00,4d106730-1088-4892-9045-ffeebc4d23bc,-6.820402833,107.9440585,526.2,11,1468,98,21.56863,59.60784,,26.39594,26,111,27.41117,26,110,28.4264,23,118,23.06019,23,106
1809,2025-11-14 09:12:20+00,4d106730-1088-4892-9045-ffeebc4d23bc,-6.820523667,107.943928,526.6,15,1043,97,20,49.01961,,26.39594,26,111,27.41117,26,110,28.4264,23,118,23.06019,23,106
1810,2025-11-14 09:12:25+00,4d106730-1088-4892-9045-ffeebc4d23bc,-6.8206555,107.943798,525.8,18,1460,97,24.70588,83.52941,,26.39594,26,111,27.41117,26,110,28.4264,23,118,23.06019,23,106
1811,2025-11-14 09:12:30+00,4d106730-1088-4892-9045-ffeebc4d23bc,-6.820883833,107.943618,524.7,28,1521,97,23.52941,74.90196,,26.39594,26,111,27.41117,26,110,28.4264,23,118,23.06019,23,106
1812,2025-11-14 09:12:35+00,4d106730-1088-4892-9045-ffeebc4d23bc,-6.821210833,107.943473,524.8,23,1022,97,19.60784,45.88235,,26.39594,26,111,27.41117,26,110,28.4264,23,118,23.06019,23,106
1813,2025-11-14 09:12:40+00,4d106730-1088-4892-9045-ffeebc4d23bc,-6.821452833,107.9434242,524.2,20,1268,97,24.70588,81.17647,,26.39594,26,111,27.41117,26,110,28.4264,23,118,23.06019,23,106
1814,2025-11-14 09:12:45+00,4d106730-1088-4892-9045-ffeebc4d23bc,-6.8217805,107.9433855,524.2,33,1419,97,29.01961,95.68627,,26.39594,26,111,27.41117,26,110,28.4264,23,118,23.06019,23,106
1815,2025-11-14 09:12:50+00,4d106730-1088-4892-9045-ffeebc4d23bc,-6.82224,107.9433482,524.4,40,1617,97,28.23529,93.72549,,26.39594,26,111,27.41117,26,110,28.4264,23,118,23.06019,23,106
1816,2025-11-14 09:12:55+00,4d106730-1088-4892-9045-ffeebc4d23bc,-6.82277,107.9432242,523.5,44,1263,98,20,42.35294,,26.39594,26,111,27.41117,26,110,28.4264,23,118,23.06019,23,106
1817,2025-11-14 09:13:00+00,4d106730-1088-4892-9045-ffeebc4d23bc,-6.823274833,107.9430805,521.4,38,1139,98,19.60784,41.56863,,26.39594,26,111,27.41117,26,110,28.4264,23,118,23.06019,23,106
1818,2025-11-14 09:13:05+00,4d106730-1088-4892-9045-ffeebc4d23bc,-6.823709333,107.942959,519.6,33,1026,98,19.60784,43.92157,,26.39594,26,111,27.41117,26,110,28.4264,23,118,23.06019,23,106
1819,2025-11-14 09:13:10+00,4d106730-1088-4892-9045-ffeebc4d23bc,-6.824115167,107.9428457,519,36,1451,97,23.13725,74.5098,,26.39594,26,111,27.41117,26,110,28.4264,23,118,23.06019,23,106
1820,2025-11-14 09:13:15+00,4d106730-1088-4892-9045-ffeebc4d23bc,-6.8245545,107.9427398,517.7,35,1047,97,20,47.05882,,26.39594,26,111,27.41117,26,110,28.4264,23,118,23.06019,23,106
1821,2025-11-14 09:13:20+00,4d106730-1088-4892-9045-ffeebc4d23bc,-6.825005333,107.9426728,513.2,40,1187,97,19.60784,41.17647,,26.39594,26,111,27.41117,26,110,28.4264,23,118,23.06019,23,106
1822,2025-11-14 09:13:25+00,4d106730-1088-4892-9045-ffeebc4d23bc,-6.825481667,107.9425825,509.5,37,1125,97,19.60784,41.56863,,26.39594,26,111,27.41117,26,110,28.4264,23,118,23.06019,23,106
1823,2025-11-14 09:13:30+00,4d106730-1088-4892-9045-ffeebc4d23bc,-6.825955833,107.9424478,507.7,41,1225,96,24.31373,84.31373,,26.39594,26,111,27.41117,26,110,28.4264,23,118,23.06019,23,106
1824,2025-11-14 09:13:35+00,4d106730-1088-4892-9045-ffeebc4d23bc,-6.826481333,107.9422693,506,43,1224,96,20.39216,49.80392,,26.39594,26,111,27.41117,26,110,28.4264,23,118,23.06019,23,106
1825,2025-11-14 09:13:40+00,4d106730-1088-4892-9045-ffeebc4d23bc,-6.8269055,107.9420025,505.2,32,1002,96,19.60784,44.31372,,26.39594,26,111,27.41117,26,110,28.4264,23,118,23.06019,23,106
1826,2025-11-14 09:13:45+00,4d106730-1088-4892-9045-ffeebc4d23bc,-6.827120167,107.9418118,505.4,16,823,96,19.60784,51.76471,,26.39594,26,111,27.41117,26,110,28.4264,23,118,23.06019,23,106
1827,2025-11-14 09:13:50+00,4d106730-1088-4892-9045-ffeebc4d23bc,-6.827284,107.9416407,506,24,1317,96,22.35294,67.05882,,26.39594,26,111,27.41117,26,110,28.4264,23,118,23.06019,23,106
1828,2025-11-14 09:13:55+00,4d106730-1088-4892-9045-ffeebc4d23bc,-6.827519667,107.9413507,504.7,33,1289,96,21.96078,69.01961,,26.39594,26,111,27.41117,26,110,28.4264,23,118,23.06019,23,106
1829,2025-11-14 09:14:00+00,4d106730-1088-4892-9045-ffeebc4d23bc,-6.827780833,107.9410098,503.9,35,963,96,20,57.2549,,26.39594,26,111,27.41117,26,110,28.4264,23,118,23.06019,23,106
1830,2025-11-14 09:14:05+00,4d106730-1088-4892-9045-ffeebc4d23bc,-6.828078,107.9406892,503.3,35,1289,96,21.96078,66.27451,,26.39594,26,111,27.41117,26,110,28.4264,23,118,23.06019,23,106
1831,2025-11-14 09:14:10+00,4d106730-1088-4892-9045-ffeebc4d23bc,-6.828407167,107.940343,501.6,42,1227,96,20,43.52941,,26.39594,26,111,27.41117,26,110,28.4264,23,118,23.06019,23,106
1832,2025-11-14 09:14:15+00,4d106730-1088-4892-9045-ffeebc4d23bc,-6.8287365,107.9399378,497.5,44,1459,96,33.33333,100,,26.39594,26,111,27.41117,26,110,28.4264,23,118,23.06019,23,106
1833,2025-11-14 09:14:20+00,4d106730-1088-4892-9045-ffeebc4d23bc,-6.8290875,107.9394687,498.3,48,1335,96,20,40.39216,,26.39594,26,111,27.41117,26,110,28.4264,23,118,23.06019,23,106
1834,2025-11-14 09:14:25+00,4d106730-1088-4892-9045-ffeebc4d23bc,-6.829437167,107.9390527,497.9,35,999,96,19.21569,49.01961,,26.39594,26,111,27.41117,26,110,28.4264,23,118,23.06019,23,106
1835,2025-11-14 09:14:30+00,4d106730-1088-4892-9045-ffeebc4d23bc,-6.829681333,107.9387372,497.8,31,975,96,20.39216,47.05882,,26.39594,26,111,27.41117,26,110,28.4264,23,118,23.06019,23,106
1836,2025-11-14 09:14:35+00,4d106730-1088-4892-9045-ffeebc4d23bc,-6.8299425,107.938379,494.8,39,1155,96,19.60784,43.13726,,26.39594,26,111,27.41117,26,110,28.4264,23,118,23.06019,23,106
1837,2025-11-14 09:14:40+00,4d106730-1088-4892-9045-ffeebc4d23bc,-6.8302015,107.938033,492.6,31,991,96,19.60784,43.92157,,26.39594,26,111,27.41117,26,110,28.4264,23,118,23.06019,23,106
1838,2025-11-14 09:14:45+00,4d106730-1088-4892-9045-ffeebc4d23bc,-6.830412833,107.9377278,494.3,26,909,96,20.39216,62.7451,,26.39594,26,111,27.41117,26,110,28.4264,23,118,23.06019,23,106
1839,2025-11-14 09:14:50+00,4d106730-1088-4892-9045-ffeebc4d23bc,-6.8305675,107.9375022,496.6,16,828,96,19.60784,54.5098,,26.39594,26,111,27.41117,26,110,28.4264,23,118,23.06019,23,106
1840,2025-11-14 09:14:55+00,4d106730-1088-4892-9045-ffeebc4d23bc,-6.830702667,107.9373163,498.7,23,1682,96,29.01961,93.72549,,26.39594,26,111,27.41117,26,110,28.4264,23,118,23.06019,23,106
1841,2025-11-14 09:15:00+00,4d106730-1088-4892-9045-ffeebc4d23bc,-6.830884667,107.9370558,500.2,23,1164,96,21.17647,56.07843,,26.39594,26,111,27.41117,26,110,28.4264,23,118,23.06019,23,106
1842,2025-11-14 09:15:05+00,4d106730-1088-4892-9045-ffeebc4d23bc,-6.831058333,107.9368258,500.1,24,1423,96,23.13725,74.90196,,26.39594,26,111,27.41117,26,110,28.4264,23,118,23.06019,23,106
1843,2025-11-14 09:15:10+00,4d106730-1088-4892-9045-ffeebc4d23bc,-6.831271333,107.9365665,498.1,29,1035,96,20,53.33333,,26.39594,26,111,27.41117,26,110,28.4264,23,118,23.06019,23,106
1844,2025-11-14 09:15:15+00,4d106730-1088-4892-9045-ffeebc4d23bc,-6.831504833,107.9362697,495.8,33,1030,97,19.60784,48.23529,,26.39594,26,111,27.41117,26,110,28.4264,23,118,23.06019,23,106
1845,2025-11-14 09:15:20+00,4d106730-1088-4892-9045-ffeebc4d23bc,-6.831758,107.9359398,494.9,29,939,97,19.60784,46.27451,,26.39594,26,111,27.41117,26,110,28.4264,23,118,23.06019,23,106
1846,2025-11-14 09:15:25+00,4d106730-1088-4892-9045-ffeebc4d23bc,-6.831978,107.9357042,495.9,27,1231,98,27.05882,89.41177,,26.39594,26,111,27.41117,26,110,28.4264,23,118,23.06019,23,106
1847,2025-11-14 09:15:30+00,4d106730-1088-4892-9045-ffeebc4d23bc,-6.832323333,107.935559,493.1,30,1160,97,22.35294,66.27451,,26.39594,26,111,27.41117,26,110,28.4264,23,118,23.06019,23,106
1848,2025-11-14 09:15:35+00,4d106730-1088-4892-9045-ffeebc4d23bc,-6.832705,107.9354633,492.1,32,971,97,20.39216,59.60784,,26.39594,26,111,27.41117,26,110,28.4264,23,118,23.06019,23,106
1849,2025-11-14 09:15:40+00,4d106730-1088-4892-9045-ffeebc4d23bc,-6.833095667,107.9353113,491.5,33,1025,98,19.60784,47.45098,,26.39594,26,111,27.41117,26,110,28.4264,23,118,23.06019,23,106
1850,2025-11-14 09:15:45+00,4d106730-1088-4892-9045-ffeebc4d23bc,-6.833398833,107.9350925,491.9,27,1396,98,20,71.37255,,26.39594,26,111,27.41117,26,110,28.4264,23,118,23.06019,23,106
1851,2025-11-14 09:15:50+00,4d106730-1088-4892-9045-ffeebc4d23bc,-6.833586167,107.934825,493.9,27,1094,98,21.56863,61.56863,,26.39594,26,111,27.41117,26,110,28.4264,23,118,23.06019,23,106
1852,2025-11-14 09:15:55+00,4d106730-1088-4892-9045-ffeebc4d23bc,-6.833694167,107.9344708,493.3,33,1217,98,20,57.2549,,26.39594,26,111,27.41117,26,110,28.4264,23,118,23.06019,23,106
1853,2025-11-14 09:16:00+00,4d106730-1088-4892-9045-ffeebc4d23bc,-6.8337915,107.9340677,491.8,30,915,98,19.60784,49.01961,,26.39594,26,111,27.41117,26,110,28.4264,23,118,23.06019,23,106
1854,2025-11-14 09:16:05+00,4d106730-1088-4892-9045-ffeebc4d23bc,-6.833875167,107.9337115,491.5,26,882,98,19.60784,48.23529,,26.39594,26,111,27.41117,26,110,28.4264,23,118,23.06019,23,106
1855,2025-11-14 09:16:10+00,4d106730-1088-4892-9045-ffeebc4d23bc,-6.8339595,107.9333898,490.8,26,1116,98,19.60784,45.4902,,26.39594,26,111,27.41117,26,110,28.4264,23,118,23.06019,23,106
1856,2025-11-14 09:16:15+00,4d106730-1088-4892-9045-ffeebc4d23bc,-6.834037667,107.9330608,490.1,25,1103,97,19.60784,41.56863,,26.39594,26,111,27.41117,26,110,28.4264,23,118,23.06019,23,106
1857,2025-11-14 09:16:20+00,4d106730-1088-4892-9045-ffeebc4d23bc,-6.834104833,107.932766,490.8,22,983,97,19.60784,43.92157,,26.39594,26,111,27.41117,26,110,28.4264,23,118,23.06019,23,106
1858,2025-11-14 09:16:25+00,4d106730-1088-4892-9045-ffeebc4d23bc,-6.834157167,107.9325695,490.7,6,850,97,19.60784,55.29412,,26.39594,26,111,27.41117,26,110,28.4264,23,118,23.06019,23,106
1859,2025-11-14 09:16:30+00,4d106730-1088-4892-9045-ffeebc4d23bc,-6.834166167,107.9325362,490.6,1,759,97,19.60784,54.90196,,26.39594,26,111,27.41117,26,110,28.4264,23,118,23.06019,23,106
1860,2025-11-14 09:16:35+00,4d106730-1088-4892-9045-ffeebc4d23bc,-6.834174333,107.932509,490.1,2,748,98,19.60784,57.2549,,26.39594,26,111,27.41117,26,110,28.4264,23,118,23.06019,23,106
1861,2025-11-14 09:16:40+00,4d106730-1088-4892-9045-ffeebc4d23bc,-6.834193,107.9324388,490.1,10,1224,98,20,46.66667,,26.39594,26,111,27.41117,26,110,28.4264,23,118,23.06019,23,106
1862,2025-11-14 09:16:45+00,4d106730-1088-4892-9045-ffeebc4d23bc,-6.834222167,107.9323258,490.5,7,892,97,20,60,,26.39594,26,111,27.41117,26,110,28.4264,23,118,23.06019,23,106
1863,2025-11-14 09:16:50+00,4d106730-1088-4892-9045-ffeebc4d23bc,-6.834252333,107.9322222,490.8,12,1285,97,20,44.31372,,26.39594,26,111,27.41117,26,110,28.4264,23,118,23.06019,23,106
1864,2025-11-14 09:16:55+00,4d106730-1088-4892-9045-ffeebc4d23bc,-6.834284833,107.9320975,491.9,10,1405,97,22.7451,67.05882,,26.39594,26,111,27.41117,26,110,28.4264,23,118,23.06019,23,106
1865,2025-11-14 09:17:00+00,4d106730-1088-4892-9045-ffeebc4d23bc,-6.834333333,107.9319323,493,17,1346,97,20.78431,63.13726,,26.39594,26,111,27.41117,26,110,28.4264,23,118,23.06019,23,106
1866,2025-11-14 09:17:05+00,4d106730-1088-4892-9045-ffeebc4d23bc,-6.8343845,107.9317577,492.9,10,890,97,20,52.15686,,26.39594,26,111,27.41117,26,110,28.4264,23,118,23.06019,23,106
1867,2025-11-14 09:17:10+00,4d106730-1088-4892-9045-ffeebc4d23bc,-6.834409,107.9316763,494.1,4,846,97,25.09804,89.01961,,26.39594,26,111,27.41117,26,110,28.4264,23,118,23.06019,23,106
1868,2025-11-14 09:17:15+00,4d106730-1088-4892-9045-ffeebc4d23bc,-6.834444167,107.9315483,495.1,15,973,98,19.60784,54.90196,,26.39594,26,111,27.41117,26,110,28.4264,23,118,23.06019,23,106
1869,2025-11-14 09:17:20+00,4d106730-1088-4892-9045-ffeebc4d23bc,-6.834497333,107.931378,495.5,13,913,98,19.60784,50.98039,,26.39594,26,111,27.41117,26,110,28.4264,23,118,23.06019,23,106
1870,2025-11-14 09:17:25+00,4d106730-1088-4892-9045-ffeebc4d23bc,-6.834544667,107.9312515,496,8,994,98,19.60784,47.05882,,26.39594,26,111,27.41117,26,110,28.4264,23,118,23.06019,23,106
1871,2025-11-14 09:17:30+00,4d106730-1088-4892-9045-ffeebc4d23bc,-6.8345875,107.9311518,495.1,10,1287,98,20,50.58823,,26.39594,26,111,27.41117,26,110,28.4264,23,118,23.06019,23,106
1872,2025-11-14 09:17:35+00,4d106730-1088-4892-9045-ffeebc4d23bc,-6.8346455,107.9310357,494.3,10,871,98,20,59.60784,,26.39594,26,111,27.41117,26,110,28.4264,23,118,23.06019,23,106
1873,2025-11-14 09:17:40+00,4d106730-1088-4892-9045-ffeebc4d23bc,-6.834710333,107.9309307,493.3,8,1034,98,19.60784,45.88235,,26.39594,26,111,27.41117,26,110,28.4264,23,118,23.06019,23,106
1874,2025-11-14 09:17:45+00,4d106730-1088-4892-9045-ffeebc4d23bc,-6.8347795,107.9308425,492.5,9,1260,98,21.17647,54.90196,,26.39594,26,111,27.41117,26,110,28.4264,23,118,23.06019,23,106
1875,2025-11-14 09:17:50+00,4d106730-1088-4892-9045-ffeebc4d23bc,-6.834864167,107.9307497,488.5,10,1362,97,22.7451,62.35294,,26.39594,26,111,27.41117,26,110,28.4264,23,118,23.06019,23,106
1876,2025-11-14 09:17:55+00,4d106730-1088-4892-9045-ffeebc4d23bc,-6.834984667,107.93062,487.3,16,1210,96,21.17647,56.86274,,26.39594,26,111,27.41117,26,110,28.4264,23,118,23.06019,23,106
1877,2025-11-14 09:18:00+00,4d106730-1088-4892-9045-ffeebc4d23bc,-6.835148667,107.9304838,487.3,16,1128,96,20.78431,60.39216,,26.39594,26,111,27.41117,26,110,28.4264,23,118,23.06019,23,106
1878,2025-11-14 09:18:05+00,4d106730-1088-4892-9045-ffeebc4d23bc,-6.835306333,107.9303825,487.4,13,932,96,19.60784,45.88235,,26.39594,26,111,27.41117,26,110,28.4264,23,118,23.06019,23,106
1879,2025-11-14 09:18:10+00,4d106730-1088-4892-9045-ffeebc4d23bc,-6.835402167,107.9302483,487.5,13,1042,97,20.78431,56.07843,,26.39594,26,111,27.41117,26,110,28.4264,23,118,23.06019,23,106
1880,2025-11-14 09:18:15+00,4d106730-1088-4892-9045-ffeebc4d23bc,-6.835496667,107.9300917,488.8,16,1215,96,20.39216,54.90196,,26.39594,26,111,27.41117,26,110,28.4264,23,118,23.06019,23,106
1881,2025-11-14 09:18:20+00,4d106730-1088-4892-9045-ffeebc4d23bc,-6.8356395,107.9299393,487.7,15,1039,96,19.60784,45.4902,,26.39594,26,111,27.41117,26,110,28.4264,23,118,23.06019,23,106
1882,2025-11-14 09:18:25+00,4d106730-1088-4892-9045-ffeebc4d23bc,-6.835736833,107.9298355,485.9,8,1060,96,23.52941,74.11765,,26.39594,26,111,27.41117,26,110,28.4264,23,118,23.06019,23,106
1883,2025-11-14 09:18:30+00,4d106730-1088-4892-9045-ffeebc4d23bc,-6.835832333,107.9297492,484,11,1145,96,20.39216,46.27451,,26.39594,26,111,27.41117,26,110,28.4264,23,118,23.06019,23,106
1884,2025-11-14 09:18:35+00,4d106730-1088-4892-9045-ffeebc4d23bc,-6.835938667,107.9296465,484.1,11,1218,96,20.39216,45.09804,,26.39594,26,111,27.41117,26,110,28.4264,23,118,23.06019,23,106
1885,2025-11-14 09:18:40+00,4d106730-1088-4892-9045-ffeebc4d23bc,-6.836044667,107.929542,484.7,11,1211,96,19.60784,41.17647,,26.39594,26,111,27.41117,26,110,28.4264,23,118,23.06019,23,106
1886,2025-11-14 09:18:45+00,4d106730-1088-4892-9045-ffeebc4d23bc,-6.836132833,107.9294572,484.7,8,1095,95,20.39216,50.98039,,26.39594,26,111,27.41117,26,110,28.4264,23,118,23.06019,23,106
1887,2025-11-14 09:18:50+00,4d106730-1088-4892-9045-ffeebc4d23bc,-6.836197667,107.9293957,484,6,830,95,20.39216,65.4902,,26.39594,26,111,27.41117,26,110,28.4264,23,118,23.06019,23,106
1888,2025-11-14 09:18:55+00,4d106730-1088-4892-9045-ffeebc4d23bc,-6.836259167,107.9293322,484.5,9,1283,96,20.78431,54.90196,,26.39594,26,111,27.41117,26,110,28.4264,23,118,23.06019,23,106
1889,2025-11-14 09:19:00+00,4d106730-1088-4892-9045-ffeebc4d23bc,-6.8363675,107.9292335,484.8,14,1674,96,20.78431,45.09804,,26.39594,26,111,27.41117,26,110,28.4264,23,118,23.06019,23,106
1890,2025-11-14 09:19:05+00,4d106730-1088-4892-9045-ffeebc4d23bc,-6.836490667,107.9291152,484.6,10,981,95,20.39216,50.98039,,26.39594,26,111,27.41117,26,110,28.4264,23,118,23.06019,23,106
1891,2025-11-14 09:19:10+00,4d106730-1088-4892-9045-ffeebc4d23bc,-6.836608,107.9289997,484.7,18,1406,94,23.13725,66.66666,,26.39594,26,111,27.41117,26,110,28.4264,23,118,23.06019,23,106
1892,2025-11-14 09:19:15+00,4d106730-1088-4892-9045-ffeebc4d23bc,-6.836790333,107.9288318,483.3,23,1653,94,21.96078,60,,26.39594,26,111,27.41117,26,110,28.4264,23,118,23.06019,23,106
1893,2025-11-14 09:19:20+00,4d106730-1088-4892-9045-ffeebc4d23bc,-6.837001333,107.9286382,479.9,22,1005,93,19.60784,46.27451,,26.39594,26,111,27.41117,26,110,28.4264,23,118,23.06019,23,106
1894,2025-11-14 09:19:25+00,4d106730-1088-4892-9045-ffeebc4d23bc,-6.8371815,107.9284728,479.2,16,829,94,19.60784,49.80392,,26.39594,26,111,27.41117,26,110,28.4264,23,118,23.06019,23,106
1895,2025-11-14 09:19:30+00,4d106730-1088-4892-9045-ffeebc4d23bc,-6.837336667,107.9283357,478.2,18,1157,94,21.17647,61.17647,,26.39594,26,111,27.41117,26,110,28.4264,23,118,23.06019,23,106
1896,2025-11-14 09:19:35+00,4d106730-1088-4892-9045-ffeebc4d23bc,-6.837516,107.9281642,477.2,21,1075,94,21.56863,67.84314,,26.39594,26,111,27.41117,26,110,28.4264,23,118,23.06019,23,106
1897,2025-11-14 09:19:40+00,4d106730-1088-4892-9045-ffeebc4d23bc,-6.837715167,107.9279765,476.7,23,1225,93,21.17647,61.17647,,26.39594,26,111,27.41117,26,110,28.4264,23,118,23.06019,23,106
1898,2025-11-14 09:19:45+00,4d106730-1088-4892-9045-ffeebc4d23bc,-6.837951,107.9277768,477.7,25,1103,93,20.39216,50.19608,,26.39594,26,111,27.41117,26,110,28.4264,23,118,23.06019,23,106
1899,2025-11-14 09:19:50+00,4d106730-1088-4892-9045-ffeebc4d23bc,-6.838199667,107.9275572,479.7,27,1271,92,20,52.54902,,26.39594,26,111,27.41117,26,110,28.4264,23,118,23.06019,23,106
1900,2025-11-14 09:19:55+00,4d106730-1088-4892-9045-ffeebc4d23bc,-6.838457167,107.9273393,480.3,25,1098,92,19.60784,43.92157,,26.39594,26,111,27.41117,26,110,28.4264,23,118,23.06019,23,106
1901,2025-11-14 09:20:00+00,4d106730-1088-4892-9045-ffeebc4d23bc,-6.838674333,107.9271623,481.4,14,811,92,20.39216,66.66666,,26.39594,26,111,27.41117,26,110,28.4264,23,118,23.06019,23,106
1902,2025-11-14 09:20:05+00,4d106730-1088-4892-9045-ffeebc4d23bc,-6.838757333,107.9270983,480.9,3,760,92,19.60784,55.68628,,26.39594,26,111,27.41117,26,110,28.4264,23,118,23.06019,23,106
1903,2025-11-14 09:20:10+00,4d106730-1088-4892-9045-ffeebc4d23bc,-6.838829,107.9270428,481,12,1574,93,20.78431,46.66667,,26.39594,26,111,27.41117,26,110,28.4264,23,118,23.06019,23,106
1904,2025-11-14 09:20:15+00,4d106730-1088-4892-9045-ffeebc4d23bc,-6.8389805,107.9269465,481.3,14,969,93,19.60784,49.41177,,26.39594,26,111,27.41117,26,110,28.4264,23,118,23.06019,23,106
1905,2025-11-14 09:20:20+00,4d106730-1088-4892-9045-ffeebc4d23bc,-6.839134333,107.9268345,481.7,17,1133,93,20,45.88235,,26.39594,26,111,27.41117,26,110,28.4264,23,118,23.06019,23,106
1906,2025-11-14 09:20:25+00,4d106730-1088-4892-9045-ffeebc4d23bc,-6.839314167,107.9267185,481.7,16,975,93,20,53.72549,,26.39594,26,111,27.41117,26,110,28.4264,23,118,23.06019,23,106
1907,2025-11-14 09:20:30+00,4d106730-1088-4892-9045-ffeebc4d23bc,-6.839494333,107.9265997,482,19,1398,93,21.17647,57.2549,,26.39594,26,111,27.41117,26,110,28.4264,23,118,23.06019,23,106
1908,2025-11-14 09:20:35+00,4d106730-1088-4892-9045-ffeebc4d23bc,-6.839729667,107.9264657,480.3,22,980,93,19.60784,49.41177,,26.39594,26,111,27.41117,26,110,28.4264,23,118,23.06019,23,106
1909,2025-11-14 09:20:40+00,4d106730-1088-4892-9045-ffeebc4d23bc,-6.839966167,107.9263207,480.3,20,937,93,19.60784,46.66667,,26.39594,26,111,27.41117,26,110,28.4264,23,118,23.06019,23,106
1910,2025-11-14 09:20:45+00,4d106730-1088-4892-9045-ffeebc4d23bc,-6.840143667,107.926206,478.8,15,814,93,19.60784,51.76471,,26.39594,26,111,27.41117,26,110,28.4264,23,118,23.06019,23,106
1911,2025-11-14 09:20:50+00,4d106730-1088-4892-9045-ffeebc4d23bc,-6.840312667,107.926101,479.3,16,1032,94,22.35294,72.54902,,26.39594,26,111,27.41117,26,110,28.4264,23,118,23.06019,23,106
1912,2025-11-14 09:20:55+00,4d106730-1088-4892-9045-ffeebc4d23bc,-6.840520667,107.9259983,480.2,19,892,94,19.60784,53.33333,,26.39594,26,111,27.41117,26,110,28.4264,23,118,23.06019,23,106
1913,2025-11-14 09:21:00+00,4d106730-1088-4892-9045-ffeebc4d23bc,-6.840737833,107.9258902,481.5,18,862,94,19.60784,52.15686,,26.39594,26,111,27.41117,26,110,28.4264,23,118,23.06019,23,106
1914,2025-11-14 09:21:05+00,4d106730-1088-4892-9045-ffeebc4d23bc,-6.840926333,107.9258273,481.1,15,838,94,19.60784,54.90196,,26.39594,26,111,27.41117,26,110,28.4264,23,118,23.06019,23,106
1915,2025-11-14 09:21:10+00,4d106730-1088-4892-9045-ffeebc4d23bc,-6.841098167,107.9258157,480.2,15,821,95,19.60784,52.15686,,26.39594,26,111,27.41117,26,110,28.4264,23,118,23.06019,23,106
1916,2025-11-14 09:21:15+00,4d106730-1088-4892-9045-ffeebc4d23bc,-6.841219833,107.9259797,481.8,20,1252,95,23.52941,79.21568,,26.39594,26,111,27.41117,26,110,28.4264,23,118,23.06019,23,106
1917,2025-11-14 09:21:20+00,4d106730-1088-4892-9045-ffeebc4d23bc,-6.841351833,107.9262343,483.3,26,1115,95,20,47.05882,,26.39594,26,111,27.41117,26,110,28.4264,23,118,23.06019,23,106
1918,2025-11-14 09:21:25+00,4d106730-1088-4892-9045-ffeebc4d23bc,-6.841560333,107.9263787,483.6,17,852,95,19.60784,50.19608,,26.39594,26,111,27.41117,26,110,28.4264,23,118,23.06019,23,106
1919,2025-11-14 09:21:30+00,4d106730-1088-4892-9045-ffeebc4d23bc,-6.841778833,107.9263275,484.3,16,839,95,19.60784,50.98039,,26.39594,26,111,27.41117,26,110,28.4264,23,118,23.06019,23,106
1920,2025-11-14 09:21:35+00,4d106730-1088-4892-9045-ffeebc4d23bc,-6.841990833,107.9262698,485,18,874,95,19.60784,50.98039,,26.39594,26,111,27.41117,26,110,28.4264,23,118,23.06019,23,106
1921,2025-11-14 09:21:40+00,4d106730-1088-4892-9045-ffeebc4d23bc,-6.842216833,107.9261982,484.7,19,882,96,20.39216,63.13726,,26.39594,26,111,27.41117,26,110,28.4264,23,118,23.06019,23,106
1922,2025-11-14 09:21:45+00,4d106730-1088-4892-9045-ffeebc4d23bc,-6.842463333,107.9261227,484.6,21,961,96,19.60784,48.62745,,26.39594,26,111,27.41117,26,110,28.4264,23,118,23.06019,23,106
1923,2025-11-14 09:21:50+00,4d106730-1088-4892-9045-ffeebc4d23bc,-6.842740167,107.9260408,484.2,24,1070,96,19.60784,45.88235,,26.39594,26,111,27.41117,26,110,28.4264,23,118,23.06019,23,106
1924,2025-11-14 09:21:55+00,4d106730-1088-4892-9045-ffeebc4d23bc,-6.843043,107.9259483,484.3,24,1062,96,19.60784,41.56863,,26.39594,26,111,27.41117,26,110,28.4264,23,118,23.06019,23,106
1925,2025-11-14 09:22:00+00,4d106730-1088-4892-9045-ffeebc4d23bc,-6.8433305,107.925854,483.5,24,1064,96,19.60784,42.35294,,26.39594,26,111,27.41117,26,110,28.4264,23,118,23.06019,23,106
1926,2025-11-14 09:22:05+00,4d106730-1088-4892-9045-ffeebc4d23bc,-6.843614333,107.9257678,483.7,20,913,95,20,56.47059,,26.39594,26,111,27.41117,26,110,28.4264,23,118,23.06019,23,106
1927,2025-11-14 09:22:10+00,4d106730-1088-4892-9045-ffeebc4d23bc,-6.843848333,107.9257082,482.5,18,890,95,19.60784,49.01961,,26.39594,26,111,27.41117,26,110,28.4264,23,118,23.06019,23,106
1928,2025-11-14 09:22:15+00,4d106730-1088-4892-9045-ffeebc4d23bc,-6.844089667,107.925635,482.1,21,964,96,19.60784,48.62745,,26.39594,26,111,27.41117,26,110,28.4264,23,118,23.06019,23,106
1929,2025-11-14 09:22:20+00,4d106730-1088-4892-9045-ffeebc4d23bc,-6.844361833,107.9255535,481.8,24,1045,96,19.60784,44.70588,,26.39594,26,111,27.41117,26,110,28.4264,23,118,23.06019,23,106
1930,2025-11-14 09:22:25+00,4d106730-1088-4892-9045-ffeebc4d23bc,-6.8446565,107.9254647,481.8,23,1025,96,19.60784,42.7451,,26.39594,26,111,27.41117,26,110,28.4264,23,118,23.06019,23,106
1931,2025-11-14 09:22:30+00,4d106730-1088-4892-9045-ffeebc4d23bc,-6.844934833,107.9253822,482.1,22,937,96,20,55.68628,,26.39594,26,111,27.41117,26,110,28.4264,23,118,23.06019,23,106
1932,2025-11-14 09:22:35+00,4d106730-1088-4892-9045-ffeebc4d23bc,-6.845206667,107.9253085,481,22,993,96,19.60784,47.05882,,26.39594,26,111,27.41117,26,110,28.4264,23,118,23.06019,23,106
1933,2025-11-14 09:22:40+00,4d106730-1088-4892-9045-ffeebc4d23bc,-6.845467167,107.9252165,480.4,21,977,96,19.60784,45.4902,,26.39594,26,111,27.41117,26,110,28.4264,23,118,23.06019,23,106
1934,2025-11-14 09:22:45+00,4d106730-1088-4892-9045-ffeebc4d23bc,-6.845721667,107.925123,480.9,20,942,96,19.60784,45.88235,,26.39594,26,111,27.41117,26,110,28.4264,23,118,23.06019,23,106
1935,2025-11-14 09:22:50+00,4d106730-1088-4892-9045-ffeebc4d23bc,-6.845974,107.9250415,480.3,20,932,96,19.60784,46.66667,,26.39594,26,111,27.41117,26,110,28.4264,23,118,23.06019,23,106
1936,2025-11-14 09:22:55+00,4d106730-1088-4892-9045-ffeebc4d23bc,-6.846202333,107.924951,480.6,16,814,96,19.21569,55.68628,,26.39594,26,111,27.41117,26,110,28.4264,23,118,23.06019,23,106
1937,2025-11-14 09:23:00+00,4d106730-1088-4892-9045-ffeebc4d23bc,-6.846371,107.924886,481.2,14,802,96,19.60784,53.72549,,26.39594,26,111,27.41117,26,110,28.4264,23,118,23.06019,23,106
1938,2025-11-14 09:23:05+00,4d106730-1088-4892-9045-ffeebc4d23bc,-6.846555,107.9248213,480.5,19,1232,96,21.56863,65.09804,,26.39594,26,111,27.41117,26,110,28.4264,23,118,23.06019,23,106
1939,2025-11-14 09:23:10+00,4d106730-1088-4892-9045-ffeebc4d23bc,-6.846808667,107.9247175,480,22,1006,96,19.60784,47.84314,,26.39594,26,111,27.41117,26,110,28.4264,23,118,23.06019,23,106
1940,2025-11-14 09:23:15+00,4d106730-1088-4892-9045-ffeebc4d23bc,-6.8470075,107.9246352,479.8,10,935,96,20,54.5098,,26.39594,26,111,27.41117,26,110,28.4264,23,118,23.06019,23,106
1941,2025-11-14 09:23:20+00,4d106730-1088-4892-9045-ffeebc4d23bc,-6.8471175,107.9245855,478.9,13,1794,96,23.52941,67.84314,,26.39594,26,111,27.41117,26,110,28.4264,23,118,23.06019,23,106
1942,2025-11-14 09:23:25+00,4d106730-1088-4892-9045-ffeebc4d23bc,-6.847315333,107.9244957,477.8,19,1213,96,19.60784,41.56863,,26.39594,26,111,27.41117,26,110,28.4264,23,118,23.06019,23,106
1943,2025-11-14 09:23:30+00,4d106730-1088-4892-9045-ffeebc4d23bc,-6.847506,107.9244282,479,12,879,96,19.60784,49.01961,,26.39594,26,111,27.41117,26,110,28.4264,23,118,23.06019,23,106
1944,2025-11-14 09:23:35+00,4d106730-1088-4892-9045-ffeebc4d23bc,-6.847629,107.9243795,479.1,9,1044,96,19.60784,45.88235,,26.39594,26,111,27.41117,26,110,28.4264,23,118,23.06019,23,106
1945,2025-11-14 09:23:40+00,4d106730-1088-4892-9045-ffeebc4d23bc,-6.847692667,107.9242782,480,10,1177,96,19.60784,41.56863,,26.39594,26,111,27.41117,26,110,28.4264,23,118,23.06019,23,106
1946,2025-11-14 09:23:45+00,4d106730-1088-4892-9045-ffeebc4d23bc,-6.847674333,107.9241478,482,11,1366,96,21.17647,56.07843,,26.39594,26,111,27.41117,26,110,28.4264,23,118,23.06019,23,106
1947,2025-11-14 09:23:50+00,4d106730-1088-4892-9045-ffeebc4d23bc,-6.847651,107.9240033,482.7,12,1092,96,19.60784,41.96078,,26.39594,26,111,27.41117,26,110,28.4264,23,118,23.06019,23,106
1948,2025-11-14 09:23:56+00,4d106730-1088-4892-9045-ffeebc4d23bc,-6.847764,107.9238827,482.5,11,1470,96,21.17647,52.94118,,26.39594,26,111,27.41117,26,110,28.4264,23,118,23.06019,23,106
1949,2025-11-14 09:24:01+00,4d106730-1088-4892-9045-ffeebc4d23bc,-6.847936,107.9238338,482,15,1205,95,20.78431,56.86274,,26.39594,26,111,27.41117,26,110,28.4264,23,118,23.06019,23,106
1950,2025-11-14 09:24:06+00,4d106730-1088-4892-9045-ffeebc4d23bc,-6.848157333,107.923773,480.7,19,1243,95,20,41.56863,,26.39594,26,111,27.41117,26,110,28.4264,23,118,23.06019,23,106
1951,2025-11-14 09:24:11+00,4d106730-1088-4892-9045-ffeebc4d23bc,-6.848367167,107.9237258,478.9,13,917,95,19.60784,49.41177,,26.39594,26,111,27.41117,26,110,28.4264,23,118,23.06019,23,106
1952,2025-11-14 09:24:16+00,4d106730-1088-4892-9045-ffeebc4d23bc,-6.848448833,107.9237018,478.4,1,768,95,19.60784,56.86274,,26.39594,26,111,27.41117,26,110,28.4264,23,118,23.06019,23,106
1953,2025-11-14 09:25:11+00,4d106730-1088-4892-9045-ffeebc4d23bc,-6.848485667,107.9236833,479.3,5,817,98,20,58.43137,,26.39594,26,111,27.41117,26,110,28.4264,23,118,23.06019,23,106
1954,2025-11-14 09:25:16+00,4d106730-1088-4892-9045-ffeebc4d23bc,-6.848529,107.9236642,479.5,14,1639,98,20.78431,54.5098,,26.39594,26,111,27.41117,26,110,28.4264,23,118,23.06019,23,106
1955,2025-11-14 09:25:21+00,4d106730-1088-4892-9045-ffeebc4d23bc,-6.848671833,107.9236203,478.1,22,1539,95,21.17647,54.5098,,26.39594,26,111,27.41117,26,110,28.4264,23,118,23.06019,23,106
1956,2025-11-14 09:25:26+00,4d106730-1088-4892-9045-ffeebc4d23bc,-6.848905667,107.9235422,477.9,23,1005,94,19.60784,50.19608,,26.39594,26,111,27.41117,26,110,28.4264,23,118,23.06019,23,106
1957,2025-11-14 09:25:31+00,4d106730-1088-4892-9045-ffeebc4d23bc,-6.849184833,107.9234605,477.5,17,866,94,19.60784,50.19608,,26.39594,26,111,27.41117,26,110,28.4264,23,118,23.06019,23,106
1958,2025-11-14 09:25:36+00,4d106730-1088-4892-9045-ffeebc4d23bc,-6.849415,107.9233968,477,15,1160,94,21.17647,63.92157,,26.39594,26,111,27.41117,26,110,28.4264,23,118,23.06019,23,106
1959,2025-11-14 09:25:41+00,4d106730-1088-4892-9045-ffeebc4d23bc,-6.849605833,107.9233365,477.8,6,848,94,20.78431,70.19608,,26.39594,26,111,27.41117,26,110,28.4264,23,118,23.06019,23,106
1960,2025-11-14 09:26:05+00,4d106730-1088-4892-9045-ffeebc4d23bc,-6.850327,107.9231562,0,15,1254,94,22.35294,71.76471,,,,,,,,,,,,,
1961,2025-11-14 09:26:14+00,4d106730-1088-4892-9045-ffeebc4d23bc,-6.8507015,107.9230612,481,19,1257,93,20,43.92157,,,,,,,,,,,,,
1962,2025-11-14 09:26:19+00,4d106730-1088-4892-9045-ffeebc4d23bc,-6.8509495,107.9229968,482.3,22,1496,92,20.78431,48.23529,,,,,,,,,,,,,
1963,2025-11-14 09:26:24+00,4d106730-1088-4892-9045-ffeebc4d23bc,-6.851236667,107.9229235,483.7,25,1264,92,21.17647,57.64706,,,,,,,,,,,,,
1964,2025-11-14 09:26:29+00,4d106730-1088-4892-9045-ffeebc4d23bc,-6.851572833,107.9228467,483.4,27,1172,93,20,43.13726,,,,,,,,,,,,,
1965,2025-11-14 09:26:34+00,4d106730-1088-4892-9045-ffeebc4d23bc,-6.8518975,107.9227815,481.9,25,1059,93,19.21569,49.01961,,,,,,,,,,,,,
1966,2025-11-14 09:26:39+00,4d106730-1088-4892-9045-ffeebc4d23bc,-6.852169167,107.9227302,481,13,779,92,19.60784,52.15686,,,,,,,,,,,,,
1967,2025-11-14 09:26:44+00,4d106730-1088-4892-9045-ffeebc4d23bc,-6.852257833,107.9227122,480.8,9,1257,91,21.17647,58.82353,,,,,,,,,,,,,
1968,2025-11-14 09:26:49+00,4d106730-1088-4892-9045-ffeebc4d23bc,-6.852417667,107.922676,480.3,15,1203,91,20.78431,55.68628,,,,,,,,,,,,,
1969,2025-11-14 09:26:54+00,4d106730-1088-4892-9045-ffeebc4d23bc,-6.852617833,107.9226265,477.7,17,1056,92,20.39216,54.90196,,,,,,,,,,,,,
1970,2025-11-14 09:26:59+00,4d106730-1088-4892-9045-ffeebc4d23bc,-6.852776667,107.9225998,477.1,6,858,93,19.60784,53.33333,,,,,,,,,,,,,
1971,2025-11-14 09:27:04+00,4d106730-1088-4892-9045-ffeebc4d23bc,-6.852852,107.9225878,476.7,7,950,93,20,50.58823,,,,,,,,,,,,,
1972,2025-11-14 09:27:09+00,4d106730-1088-4892-9045-ffeebc4d23bc,-6.853000167,107.9225593,477,17,1358,91,22.35294,64.70588,,,,,,,,,,,,,
1973,2025-11-14 09:27:14+00,4d106730-1088-4892-9045-ffeebc4d23bc,-6.853255833,107.9225143,476.6,20,1308,92,20.39216,41.56863,,,,,,,,,,,,,
1974,2025-11-14 09:27:19+00,4d106730-1088-4892-9045-ffeebc4d23bc,-6.853517,107.922456,476.3,20,897,92,20,59.60784,,,,,,,,,,,,,
1975,2025-11-14 09:27:24+00,4d106730-1088-4892-9045-ffeebc4d23bc,-6.853754667,107.9224117,475.6,17,865,93,19.60784,51.76471,,,,,,,,,,,,,
1976,2025-11-14 09:27:29+00,4d106730-1088-4892-9045-ffeebc4d23bc,-6.8539615,107.9223798,475.1,15,828,93,19.60784,51.37255,,,,,,,,,,,,,
1977,2025-11-14 09:27:38+00,4d106730-1088-4892-9045-ffeebc4d23bc,-6.854047333,107.9223587,475.1,1,757,91,19.60784,56.47059,,,,,,,,,,,,,
1978,2025-11-14 09:27:43+00,4d106730-1088-4892-9045-ffeebc4d23bc,-6.854095833,107.922349,474.6,7,857,92,20.39216,65.4902,,,,,,,,,,,,,
1979,2025-11-14 09:27:48+00,4d106730-1088-4892-9045-ffeebc4d23bc,-6.8541935,107.922321,473.8,14,1807,93,21.96078,52.94118,,,,,,,,,,,,,
1980,2025-11-14 09:28:15+00,4d106730-1088-4892-9045-ffeebc4d23bc,-6.855549,107.9220448,478.4,20,1149,93,20.78431,58.03922,,,,,,,,,,,,,
1981,2025-11-14 09:28:20+00,4d106730-1088-4892-9045-ffeebc4d23bc,-6.855806333,107.9219968,479.7,20,950,91,19.60784,48.23529,,,,,,,,,,,,,
1982,2025-11-14 09:28:25+00,4d106730-1088-4892-9045-ffeebc4d23bc,-6.856021667,107.9219602,478.8,15,835,91,19.60784,50.58823,,,,,,,,,,,,,
1983,2025-11-14 09:28:30+00,4d106730-1088-4892-9045-ffeebc4d23bc,-6.856198833,107.9219328,478.4,12,810,91,19.60784,53.33333,,,,,,,,,,,,,
1984,2025-11-14 09:28:35+00,4d106730-1088-4892-9045-ffeebc4d23bc,-6.8563135,107.9219068,478.1,6,875,92,19.21569,58.43137,,,,,,,,,,,,,
1985,2025-11-14 09:28:40+00,4d106730-1088-4892-9045-ffeebc4d23bc,-6.856398167,107.9218878,478.5,7,929,93,19.60784,50.98039,,,,,,,,,,,,,
1986,2025-11-14 09:28:45+00,4d106730-1088-4892-9045-ffeebc4d23bc,-6.856501667,107.9218647,479,9,1117,91,20,44.31372,,,,,,,,,,,,,
1987,2025-11-14 09:28:50+00,4d106730-1088-4892-9045-ffeebc4d23bc,-6.856583833,107.9218505,478.9,3,743,91,19.60784,54.11765,,,,,,,,,,,,,
1988,2025-11-14 09:28:55+00,4d106730-1088-4892-9045-ffeebc4d23bc,-6.856637,107.9218422,478.6,6,861,93,20.39216,66.66666,,,,,,,,,,,,,
1989,2025-11-14 09:29:00+00,4d106730-1088-4892-9045-ffeebc4d23bc,-6.856723167,107.9218233,478.6,7,967,93,20.39216,57.2549,,,,,,,,,,,,,
1990,2025-11-14 09:29:05+00,4d106730-1088-4892-9045-ffeebc4d23bc,-6.8568055,107.9218053,477.8,3,774,94,19.60784,55.68628,,,,,,,,,,,,,
1991,2025-11-14 09:29:19+00,4d106730-1088-4892-9045-ffeebc4d23bc,-6.856816167,107.9217978,479,1,731,93,20.78431,73.72549,,,,,,,,,,,,,
1992,2025-11-14 09:29:24+00,4d106730-1088-4892-9045-ffeebc4d23bc,-6.856854333,107.9217902,478.9,4,793,94,19.60784,58.43137,,,,,,,,,,,,,
1993,2025-11-14 09:29:29+00,4d106730-1088-4892-9045-ffeebc4d23bc,-6.856921,107.9217797,478.5,6,887,95,19.60784,52.54902,,,,,,,,,,,,,
1994,2025-11-14 09:29:34+00,4d106730-1088-4892-9045-ffeebc4d23bc,-6.857018333,107.9217667,477.7,10,1378,93,21.17647,55.29412,,,,,,,,,,,,,
1995,2025-11-14 09:29:39+00,4d106730-1088-4892-9045-ffeebc4d23bc,-6.857189167,107.9217408,477.6,16,1232,93,20.78431,54.90196,,,,,,,,,,,,,
1996,2025-11-14 09:29:44+00,4d106730-1088-4892-9045-ffeebc4d23bc,-6.857417833,107.9216957,477.8,17,1008,94,20,54.5098,,,,,,,,,,,,,
1997,2025-11-14 09:29:49+00,4d106730-1088-4892-9045-ffeebc4d23bc,-6.8575655,107.9216685,477.8,7,905,94,19.60784,50.19608,,,,,,,,,,,,,
1998,2025-11-14 09:29:54+00,4d106730-1088-4892-9045-ffeebc4d23bc,-6.857650667,107.921653,477.8,7,911,94,19.60784,49.41177,,,,,,,,,,,,,
1999,2025-11-14 09:29:59+00,4d106730-1088-4892-9045-ffeebc4d23bc,-6.857742167,107.921636,477.5,6,877,93,19.60784,49.01961,,,,,,,,,,,,,
2000,2025-11-14 09:30:04+00,4d106730-1088-4892-9045-ffeebc4d23bc,-6.857821,107.921625,477.1,7,933,94,20,51.37255,,,,,,,,,,,,,
2001,2025-11-14 09:30:09+00,4d106730-1088-4892-9045-ffeebc4d23bc,-6.857907667,107.9216123,476.7,7,882,95,20.39216,63.52941,,,,,,,,,,,,,
2002,2025-11-14 09:30:14+00,4d106730-1088-4892-9045-ffeebc4d23bc,-6.858001,107.9215953,476.3,7,910,95,19.60784,50.19608,,,,,,,,,,,,,
2003,2025-11-14 09:30:19+00,4d106730-1088-4892-9045-ffeebc4d23bc,-6.858044333,107.9215898,476.1,4,785,94,19.60784,55.29412,,,,,,,,,,,,,
2004,2025-11-14 09:30:24+00,4d106730-1088-4892-9045-ffeebc4d23bc,-6.858114833,107.9215827,475.6,6,870,94,19.60784,52.94118,,,,,,,,,,,,,
2005,2025-11-14 09:30:29+00,4d106730-1088-4892-9045-ffeebc4d23bc,-6.858188167,107.9215768,474.6,7,911,95,20,50.98039,,,,,,,,,,,,,
2006,2025-11-14 09:30:34+00,4d106730-1088-4892-9045-ffeebc4d23bc,-6.858292333,107.9215582,475.1,9,1232,95,21.96078,66.66666,,,,,,,,,,,,,
2007,2025-11-14 09:30:39+00,4d106730-1088-4892-9045-ffeebc4d23bc,-6.8584095,107.9215405,476,9,1164,95,20.78431,47.45098,,,,,,,,,,,,,
2008,2025-11-14 09:30:54+00,4d106730-1088-4892-9045-ffeebc4d23bc,-6.859036833,107.9214562,480.4,18,1390,95,23.52941,74.11765,,,,,,,,,,,,,
2009,2025-11-14 09:31:03+00,4d106730-1088-4892-9045-ffeebc4d23bc,-6.859434167,107.9214223,478.7,20,1325,94,19.60784,39.21569,,,,,,,,,,,,,
2010,2025-11-14 09:31:08+00,4d106730-1088-4892-9045-ffeebc4d23bc,-6.85969,107.9214092,478.1,21,1490,94,20.39216,50.58823,,,,,,,,,,,,,
2011,2025-11-14 09:31:13+00,4d106730-1088-4892-9045-ffeebc4d23bc,-6.85996,107.9213985,477.7,20,942,94,19.60784,49.80392,,,,,,,,,,,,,
2012,2025-11-14 09:31:18+00,4d106730-1088-4892-9045-ffeebc4d23bc,-6.860184833,107.9213415,477,17,875,94,19.60784,49.01961,,,,,,,,,,,,,
2013,2025-11-14 09:31:23+00,4d106730-1088-4892-9045-ffeebc4d23bc,-6.8603035,107.921167,477.5,17,968,94,20.78431,66.27451,,,,,,,,,,,,,
2014,2025-11-14 09:31:28+00,4d106730-1088-4892-9045-ffeebc4d23bc,-6.86032,107.920947,478.1,15,830,94,19.60784,51.76471,,,,,,,,,,,,,
2015,2025-11-14 09:31:33+00,4d106730-1088-4892-9045-ffeebc4d23bc,-6.860335667,107.9208043,477.8,7,896,93,19.60784,51.37255,,,,,,,,,,,,,
2016,2025-11-14 09:31:38+00,4d106730-1088-4892-9045-ffeebc4d23bc,-6.860403167,107.9207607,477.7,6,879,92,19.60784,50.98039,,,,,,,,,,,,,
2017,2025-11-14 09:31:43+00,4d106730-1088-4892-9045-ffeebc4d23bc,-6.860481,107.9207277,476.9,7,947,93,19.60784,49.01961,,,,,,,,,,,,,
2018,2025-11-14 09:31:48+00,4d106730-1088-4892-9045-ffeebc4d23bc,-6.860500833,107.9206557,478.1,4,761,94,20.78431,71.37255,,,,,,,,,,,,,
2019,2025-11-14 10:04:24+00,4d106730-1088-4892-9045-ffeebc4d23bc,-6.860493833,107.9206102,477.6,1,765,99,20,59.21569,,,,,,,,,,,,,
2020,2025-11-14 10:04:29+00,4d106730-1088-4892-9045-ffeebc4d23bc,-6.8604875,107.9206315,478.1,1,736,100,21.56863,77.25491,,,,,,,,,,,,,
2021,2025-11-14 10:04:36+00,4d106730-1088-4892-9045-ffeebc4d23bc,-6.860484667,107.9206408,478.1,3,777,100,20,60.39216,,,,,,,,,,,,,
2022,2025-11-14 10:04:41+00,4d106730-1088-4892-9045-ffeebc4d23bc,-6.860457333,107.9206307,477.5,6,836,99,19.60784,54.5098,,,,,,,,,,,,,
2023,2025-11-14 10:04:46+00,4d106730-1088-4892-9045-ffeebc4d23bc,-6.860388833,107.9206237,477.2,1,772,98,21.17647,76.07843,,,,,,,,,,,,,
2024,2025-11-14 10:04:51+00,4d106730-1088-4892-9045-ffeebc4d23bc,-6.860355667,107.9206142,476.6,4,801,97,20,58.82353,,,,,,,,,,,,,
2025,2025-11-14 10:04:56+00,4d106730-1088-4892-9045-ffeebc4d23bc,-6.860329833,107.920572,475.9,6,885,96,20,52.15686,,,,,,,,,,,,,
2026,2025-11-14 10:05:01+00,4d106730-1088-4892-9045-ffeebc4d23bc,-6.860327667,107.9204943,475.9,8,994,96,20,45.88235,,,,,,,,,,,,,
2027,2025-11-14 10:05:06+00,4d106730-1088-4892-9045-ffeebc4d23bc,-6.860325833,107.9203968,476.1,9,1187,96,21.56863,62.35294,,,,,,,,,,,,,
2028,2025-11-14 10:05:11+00,4d106730-1088-4892-9045-ffeebc4d23bc,-6.860333333,107.9202828,475.8,12,1403,96,20.39216,41.17647,,,,,,,,,,,,,
2029,2025-11-14 10:05:16+00,4d106730-1088-4892-9045-ffeebc4d23bc,-6.860336,107.9201438,474.3,12,1557,96,21.56863,49.01961,,,,,,,,,,,,,
2030,2025-11-14 10:05:21+00,4d106730-1088-4892-9045-ffeebc4d23bc,-6.860348667,107.9199962,472.8,17,1292,96,21.17647,59.21569,,,,,,,,,,,,,
2031,2025-11-14 10:05:26+00,4d106730-1088-4892-9045-ffeebc4d23bc,-6.8603625,107.9198017,470.5,18,1051,96,20.39216,54.11765,,,,,,,,,,,,,
2032,2025-11-14 10:05:31+00,4d106730-1088-4892-9045-ffeebc4d23bc,-6.860367333,107.9195725,469.8,14,1017,96,20,45.88235,,,,,,,,,,,,,
2033,2025-11-14 10:05:39+00,4d106730-1088-4892-9045-ffeebc4d23bc,-6.860370333,107.91927,470.2,14,982,96,19.60784,45.4902,,,,,,,,,,,,,
2034,2025-11-14 10:05:41+00,4d106730-1088-4892-9045-ffeebc4d23bc,-6.860373833,107.9192032,471.5,15,1250,95,21.96078,64.31373,,,,,,,,,,,,,
2035,2025-11-14 10:05:49+00,4d106730-1088-4892-9045-ffeebc4d23bc,-6.860384833,107.9188825,471.8,19,1307,95,20.39216,47.45098,,,,,,,,,,,,,
2036,2025-11-14 10:05:51+00,4d106730-1088-4892-9045-ffeebc4d23bc,-6.860385667,107.9187865,473.1,17,1218,96,21.56863,64.70588,,,,,,,,,,,,,
2037,2025-11-14 10:05:59+00,4d106730-1088-4892-9045-ffeebc4d23bc,-6.8603965,107.9184253,473.4,18,1157,95,20,43.13726,,,,,,,,,,,,,
2038,2025-11-14 10:06:04+00,4d106730-1088-4892-9045-ffeebc4d23bc,-6.860410333,107.9182222,474.3,14,1007,95,19.60784,44.31372,,,,,,,,,,,,,
2039,2025-11-14 10:06:09+00,4d106730-1088-4892-9045-ffeebc4d23bc,-6.860418333,107.9180452,473.6,13,1013,95,20.78431,55.29412,,,,,,,,,,,,,
2040,2025-11-14 10:06:11+00,4d106730-1088-4892-9045-ffeebc4d23bc,-6.860423167,107.9179772,473.4,16,1019,95,20.39216,58.43137,,,,,,,,,,,,,
2041,2025-11-14 10:06:19+00,4d106730-1088-4892-9045-ffeebc4d23bc,-6.860441,107.917684,473.2,12,1051,96,22.7451,67.05882,,,,,,,,,,,,,
2042,2025-11-14 10:06:21+00,4d106730-1088-4892-9045-ffeebc4d23bc,-6.8604435,107.9176162,473.7,18,1360,94,22.35294,63.13726,,,,,,,,,,,,,
2043,2025-11-14 10:06:29+00,4d106730-1088-4892-9045-ffeebc4d23bc,-6.860448333,107.917254,472.8,22,1559,94,22.35294,61.96078,,,,,,,,,,,,,
2044,2025-11-14 10:06:34+00,4d106730-1088-4892-9045-ffeebc4d23bc,-6.860464833,107.9169765,472.3,20,912,95,20.39216,58.82353,,,,,,,,,,,,,
2045,2025-11-14 10:06:36+00,4d106730-1088-4892-9045-ffeebc4d23bc,-6.8604765,107.9168798,472.4,14,824,95,19.60784,54.11765,,,,,,,,,,,,,
2046,2025-11-14 10:06:41+00,4d106730-1088-4892-9045-ffeebc4d23bc,-6.860508167,107.9166855,473.3,8,1129,95,20.39216,56.07843,,,,,,,,,,,,,
2047,2025-11-14 10:06:46+00,4d106730-1088-4892-9045-ffeebc4d23bc,-6.8605345,107.9165723,474.7,7,956,93,19.60784,46.27451,,,,,,,,,,,,,
2048,2025-11-14 10:06:51+00,4d106730-1088-4892-9045-ffeebc4d23bc,-6.860564667,107.9164743,475.1,10,1406,94,22.7451,65.88235,,,,,,,,,,,,,
2049,2025-11-14 10:06:56+00,4d106730-1088-4892-9045-ffeebc4d23bc,-6.860573333,107.9163558,475.4,16,1342,95,24.31373,80.39216,,,,,,,,,,,,,
2050,2025-11-14 10:07:01+00,4d106730-1088-4892-9045-ffeebc4d23bc,-6.860545833,107.9161582,474.9,19,1267,95,20,40,,,,,,,,,,,,,
2051,2025-11-14 10:07:06+00,4d106730-1088-4892-9045-ffeebc4d23bc,-6.860557833,107.9159127,474.1,22,1606,95,22.35294,61.56863,,,,,,,,,,,,,
2052,2025-11-14 10:07:11+00,4d106730-1088-4892-9045-ffeebc4d23bc,-6.860592833,107.9156417,475,23,1229,95,21.56863,61.17647,,,,,,,,,,,,,
2053,2025-11-14 10:07:16+00,4d106730-1088-4892-9045-ffeebc4d23bc,-6.860644833,107.9153507,474.6,26,1131,95,20.78431,60.39216,,,,,,,,,,,,,
2054,2025-11-14 10:07:21+00,4d106730-1088-4892-9045-ffeebc4d23bc,-6.860705667,107.9150312,474,25,1089,95,20,43.13726,,,,,,,,,,,,,
2055,2025-11-14 10:07:26+00,4d106730-1088-4892-9045-ffeebc4d23bc,-6.860774667,107.914719,473.5,22,994,94,19.60784,43.13726,,,,,,,,,,,,,
2056,2025-11-14 10:07:31+00,4d106730-1088-4892-9045-ffeebc4d23bc,-6.860831833,107.9144318,473.6,19,888,94,21.17647,50.19608,,,,,,,,,,,,,
2057,2025-11-14 10:07:36+00,4d106730-1088-4892-9045-ffeebc4d23bc,-6.8608905,107.9141972,473.3,22,1015,94,20,46.66667,,,,,,,,,,,,,
2058,2025-11-14 10:07:41+00,4d106730-1088-4892-9045-ffeebc4d23bc,-6.8609575,107.9139205,474,21,922,94,20,57.2549,,,,,,,,,,,,,
2059,2025-11-14 10:07:46+00,4d106730-1088-4892-9045-ffeebc4d23bc,-6.861025667,107.9136578,474.4,19,907,94,19.60784,47.84314,,,,,,,,,,,,,
2060,2025-11-14 10:07:51+00,4d106730-1088-4892-9045-ffeebc4d23bc,-6.861096333,107.9134163,475.7,18,905,93,19.60784,48.23529,,,,,,,,,,,,,
2061,2025-11-14 10:07:59+00,4d106730-1088-4892-9045-ffeebc4d23bc,-6.861242667,107.913067,476.8,17,854,93,19.60784,49.41177,,,,,,,,,,,,,
2062,2025-11-14 10:08:01+00,4d106730-1088-4892-9045-ffeebc4d23bc,-6.8612815,107.912988,476.9,16,825,93,20.78431,66.27451,,,,,,,,,,,,,
2063,2025-11-14 10:08:09+00,4d106730-1088-4892-9045-ffeebc4d23bc,-6.861428,107.9126862,477.2,17,970,94,20,52.15686,,,,,,,,,,,,,
2064,2025-11-14 10:08:14+00,4d106730-1088-4892-9045-ffeebc4d23bc,-6.8615265,107.912493,477.9,16,861,93,20,57.2549,,,,,,,,,,,,,
2065,2025-11-14 10:08:19+00,4d106730-1088-4892-9045-ffeebc4d23bc,-6.861610833,107.9123292,478.4,10,835,93,20,54.90196,,,,,,,,,,,,,
2066,2025-11-14 10:08:21+00,4d106730-1088-4892-9045-ffeebc4d23bc,-6.861632667,107.912289,478.5,4,802,93,19.60784,52.54902,,,,,,,,,,,,,
2067,2025-11-14 10:08:29+00,4d106730-1088-4892-9045-ffeebc4d23bc,-6.861682833,107.9122157,479.1,2,762,94,20.78431,73.33334,,,,,,,,,,,,,
2068,2025-11-14 10:10:16+00,4d106730-1088-4892-9045-ffeebc4d23bc,-6.861698167,107.9121913,482.1,1,764,100,19.60784,58.43137,,,,,,,,,,,,,
2069,2025-11-14 10:10:21+00,4d106730-1088-4892-9045-ffeebc4d23bc,-6.8617035,107.9121792,482.2,5,803,99,19.60784,56.47059,,,,,,,,,,,,,
2070,2025-11-14 10:10:26+00,4d106730-1088-4892-9045-ffeebc4d23bc,-6.861718667,107.9121282,482.6,16,1530,98,21.96078,69.01961,,,,,,,,,,,,,
2071,2025-11-14 10:10:31+00,4d106730-1088-4892-9045-ffeebc4d23bc,-6.861794,107.9119712,482.3,19,1382,99,23.52941,72.54902,,,,,,,,,,,,,
2072,2025-11-14 10:10:36+00,4d106730-1088-4892-9045-ffeebc4d23bc,-6.861903333,107.911759,482,28,1948,99,23.92157,63.92157,,,,,,,,,,,,,
2073,2025-11-14 10:10:41+00,4d106730-1088-4892-9045-ffeebc4d23bc,-6.862036167,107.9114682,481.7,32,1012,98,20.39216,52.54902,,,,,,,,,,,,,
2074,2025-11-14 10:10:46+00,4d106730-1088-4892-9045-ffeebc4d23bc,-6.8621605,107.9110812,481.7,31,972,98,19.60784,45.4902,,,,,,,,,,,,,
2075,2025-11-14 10:10:51+00,4d106730-1088-4892-9045-ffeebc4d23bc,-6.862273333,107.910707,481.6,31,1337,98,23.13725,71.76471,,,,,,,,,,,,,
2076,2025-11-14 10:10:56+00,4d106730-1088-4892-9045-ffeebc4d23bc,-6.862385167,107.9103375,481.9,32,1239,98,22.35294,74.5098,,,,,,,,,,,,,
2077,2025-11-14 10:11:01+00,4d106730-1088-4892-9045-ffeebc4d23bc,-6.862495167,107.9099502,482.4,29,924,96,19.60784,47.84314,,,,,,,,,,,,,
2078,2025-11-14 10:11:06+00,4d106730-1088-4892-9045-ffeebc4d23bc,-6.862605833,107.909588,482.7,25,1152,96,21.56863,64.31373,,,,,,,,,,,,,
2079,2025-11-14 10:11:11+00,4d106730-1088-4892-9045-ffeebc4d23bc,-6.8626925,107.9092805,483.4,24,1350,96,22.35294,67.45098,,,,,,,,,,,,,
2080,2025-11-14 10:11:16+00,4d106730-1088-4892-9045-ffeebc4d23bc,-6.862784833,107.908995,481.8,24,1181,96,22.7451,72.94118,,,,,,,,,,,,,
2081,2025-11-14 10:11:21+00,4d106730-1088-4892-9045-ffeebc4d23bc,-6.8628845,107.9087065,482.4,29,1220,96,20.78431,60.78431,,,,,,,,,,,,,
2082,2025-11-14 10:11:26+00,4d106730-1088-4892-9045-ffeebc4d23bc,-6.862981333,107.9083895,483.4,28,1191,95,19.60784,38.82353,,,,,,,,,,,,,
2083,2025-11-14 10:11:31+00,4d106730-1088-4892-9045-ffeebc4d23bc,-6.863097333,107.908055,481.9,24,1040,95,19.60784,41.96078,,,,,,,,,,,,,
2084,2025-11-14 10:11:36+00,4d106730-1088-4892-9045-ffeebc4d23bc,-6.863189333,107.9077735,481,22,1212,95,21.56863,62.7451,,,,,,,,,,,,,
2085,2025-11-14 10:11:41+00,4d106730-1088-4892-9045-ffeebc4d23bc,-6.863268833,107.9075267,480.8,23,1517,94,45.88235,98.03922,,,,,,,,,,,,,
2086,2025-11-14 10:11:46+00,4d106730-1088-4892-9045-ffeebc4d23bc,-6.863349167,107.907249,481.5,32,1853,94,25.4902,81.56863,,,,,,,,,,,,,
2087,2025-11-14 10:11:51+00,4d106730-1088-4892-9045-ffeebc4d23bc,-6.8634355,107.9068787,483.7,36,1953,94,36.07843,96.86275,,,,,,,,,,,,,
2088,2025-11-14 10:11:56+00,4d106730-1088-4892-9045-ffeebc4d23bc,-6.8634665,107.9064402,486.1,39,2025,94,36.47059,96.07843,,,,,,,,,,,,,
2089,2025-11-14 10:12:01+00,4d106730-1088-4892-9045-ffeebc4d23bc,-6.863476333,107.9059533,488.9,43,2031,95,30.19608,89.41177,,,,,,,,,,,,,
2090,2025-11-14 10:12:06+00,4d106730-1088-4892-9045-ffeebc4d23bc,-6.863400833,107.905416,492.3,43,1835,95,29.01961,88.62745,,,,,,,,,,,,,
2091,2025-11-14 10:12:11+00,4d106730-1088-4892-9045-ffeebc4d23bc,-6.863302,107.9048762,495.7,45,1903,95,32.54902,94.11765,,,,,,,,,,,,,
2092,2025-11-14 10:12:16+00,4d106730-1088-4892-9045-ffeebc4d23bc,-6.8631965,107.9043273,499.6,44,1856,95,23.13725,60.78431,,,,,,,,,,,,,
2093,2025-11-14 10:12:21+00,4d106730-1088-4892-9045-ffeebc4d23bc,-6.863085667,107.9037748,501.2,41,1735,94,23.13725,63.52941,,,,,,,,,,,,,
2094,2025-11-14 10:12:26+00,4d106730-1088-4892-9045-ffeebc4d23bc,-6.862984667,107.9032527,502.9,39,1521,94,20,36.86274,,,,,,,,,,,,,
2095,2025-11-14 10:12:31+00,4d106730-1088-4892-9045-ffeebc4d23bc,-6.862891167,107.9027648,503.5,31,1317,93,19.60784,35.68628,,,,,,,,,,,,,
2096,2025-11-14 10:12:36+00,4d106730-1088-4892-9045-ffeebc4d23bc,-6.862800167,107.9023527,503.5,26,1109,93,20,41.56863,,,,,,,,,,,,,
2097,2025-11-14 10:12:41+00,4d106730-1088-4892-9045-ffeebc4d23bc,-6.862646167,107.9020533,504.2,32,1353,92,29.01961,91.76471,,,,,,,,,,,,,
2098,2025-11-14 10:12:46+00,4d106730-1088-4892-9045-ffeebc4d23bc,-6.862414333,107.901751,505.7,39,1657,93,30.19608,92.94118,,,,,,,,,,,,,
2099,2025-11-14 10:12:51+00,4d106730-1088-4892-9045-ffeebc4d23bc,-6.862118333,107.9013818,506.6,43,1575,93,19.60784,34.90196,,,,,,,,,,,,,
2100,2025-11-14 10:12:56+00,4d106730-1088-4892-9045-ffeebc4d23bc,-6.861777833,107.9009712,506.6,34,1420,92,19.60784,34.90196,,,,,,,,,,,,,
2101,2025-11-14 10:13:01+00,4d106730-1088-4892-9045-ffeebc4d23bc,-6.861637833,107.9005477,505.8,40,1707,91,24.70588,73.72549,,,,,,,,,,,,,
2102,2025-11-14 10:13:06+00,4d106730-1088-4892-9045-ffeebc4d23bc,-6.861755667,107.9000838,504.7,36,1427,91,20,37.64706,,,,,,,,,,,,,
2103,2025-11-14 10:13:11+00,4d106730-1088-4892-9045-ffeebc4d23bc,-6.862023333,107.8996802,503.8,41,1692,91,20,45.88235,,,,,,,,,,,,,
2104,2025-11-14 10:13:16+00,4d106730-1088-4892-9045-ffeebc4d23bc,-6.862394833,107.8993563,502.1,32,1363,91,19.60784,34.5098,,,,,,,,,,,,,
2105,2025-11-14 10:13:21+00,4d106730-1088-4892-9045-ffeebc4d23bc,-6.8626725,107.899033,501.1,37,1284,90,19.60784,39.60784,,,,,,,,,,,,,
2106,2025-11-14 10:13:26+00,4d106730-1088-4892-9045-ffeebc4d23bc,-6.862869833,107.898629,499.9,36,1528,90,22.35294,61.96078,,,,,,,,,,,,,
2107,2025-11-14 10:13:31+00,4d106730-1088-4892-9045-ffeebc4d23bc,-6.863053,107.8982222,498.3,39,1651,90,21.96078,56.07843,,,,,,,,,,,,,
2108,2025-11-14 10:13:36+00,4d106730-1088-4892-9045-ffeebc4d23bc,-6.8632345,107.897773,498.4,39,1638,90,22.7451,60.78431,,,,,,,,,,,,,
2109,2025-11-14 10:13:41+00,4d106730-1088-4892-9045-ffeebc4d23bc,-6.863427833,107.8973168,499.8,39,1663,89,23.92157,69.80392,,,,,,,,,,,,,
2110,2025-11-14 10:13:46+00,4d106730-1088-4892-9045-ffeebc4d23bc,-6.863630833,107.8968625,500.5,41,1728,89,23.92157,68.62745,,,,,,,,,,,,,
2111,2025-11-14 10:13:51+00,4d106730-1088-4892-9045-ffeebc4d23bc,-6.863827667,107.8963867,501.7,42,1794,90,23.52941,65.09804,,,,,,,,,,,,,
2112,2025-11-14 10:13:56+00,4d106730-1088-4892-9045-ffeebc4d23bc,-6.8640405,107.8959003,502.1,38,1607,90,22.35294,59.60784,,,,,,,,,,,,,
2113,2025-11-14 10:14:01+00,4d106730-1088-4892-9045-ffeebc4d23bc,-6.864247667,107.8954435,504.2,36,1543,90,24.31373,74.11765,,,,,,,,,,,,,
2114,2025-11-14 10:14:06+00,4d106730-1088-4892-9045-ffeebc4d23bc,-6.8644335,107.8950213,506.1,38,1589,90,28.62745,90.58823,,,,,,,,,,,,,
2115,2025-11-14 10:14:11+00,4d106730-1088-4892-9045-ffeebc4d23bc,-6.8646785,107.8946178,509.4,38,1637,90,27.84314,88.23529,,,,,,,,,,,,,
2116,2025-11-14 10:14:16+00,4d106730-1088-4892-9045-ffeebc4d23bc,-6.864982833,107.8942405,512.3,42,2020,91,28.62745,89.41177,,,,,,,,,,,,,
2117,2025-11-14 10:14:21+00,4d106730-1088-4892-9045-ffeebc4d23bc,-6.8653175,107.8938475,515.5,38,1607,91,26.66667,85.88235,,,,,,,,,,,,,
2118,2025-11-14 10:14:26+00,4d106730-1088-4892-9045-ffeebc4d23bc,-6.865612167,107.8934573,518.4,42,1768,92,20,61.96078,,,,,,,,,,,,,
2119,2025-11-14 10:14:31+00,4d106730-1088-4892-9045-ffeebc4d23bc,-6.865811,107.8929982,519.9,36,1587,91,27.45098,89.80392,,,,,,,,,,,,,
2120,2025-11-14 10:14:36+00,4d106730-1088-4892-9045-ffeebc4d23bc,-6.865975,107.8925537,521.2,39,1346,91,19.60784,36.07843,,,,,,,,,,,,,
2121,2025-11-14 10:14:41+00,4d106730-1088-4892-9045-ffeebc4d23bc,-6.866119167,107.8920915,523.5,36,1558,91,25.4902,82.35294,,,,,,,,,,,,,
2122,2025-11-14 10:14:46+00,4d106730-1088-4892-9045-ffeebc4d23bc,-6.866243667,107.8916797,522.3,40,1713,91,27.45098,88.62745,,,,,,,,,,,,,
2123,2025-11-14 10:14:51+00,4d106730-1088-4892-9045-ffeebc4d23bc,-6.866376667,107.8911862,524.6,41,1735,92,26.66667,85.09804,,,,,,,,,,,,,
2124,2025-11-14 10:14:56+00,4d106730-1088-4892-9045-ffeebc4d23bc,-6.866489333,107.8906902,526,40,1663,92,22.7451,60,,,,,,,,,,,,,
2125,2025-11-14 10:15:01+00,4d106730-1088-4892-9045-ffeebc4d23bc,-6.866579833,107.890175,529,37,1257,92,19.60784,39.21569,,,,,,,,,,,,,
2126,2025-11-14 10:15:06+00,4d106730-1088-4892-9045-ffeebc4d23bc,-6.866653167,107.8897072,529.2,37,1569,92,25.09804,79.60784,,,,,,,,,,,,,
2127,2025-11-14 10:15:11+00,4d106730-1088-4892-9045-ffeebc4d23bc,-6.866719333,107.8892548,528.3,36,1210,92,20,43.52941,,,,,,,,,,,,,
2128,2025-11-14 10:15:16+00,4d106730-1088-4892-9045-ffeebc4d23bc,-6.866822667,107.8887915,529,30,1237,93,19.60784,37.2549,,,,,,,,,,,,,
2129,2025-11-14 10:15:21+00,4d106730-1088-4892-9045-ffeebc4d23bc,-6.867003,107.8884485,527,26,1176,91,21.56863,54.90196,,,,,,,,,,,,,
2130,2025-11-14 10:15:26+00,4d106730-1088-4892-9045-ffeebc4d23bc,-6.867155167,107.8881337,527.9,27,1459,91,23.92157,71.37255,,,,,,,,,,,,,
2131,2025-11-14 10:15:31+00,4d106730-1088-4892-9045-ffeebc4d23bc,-6.867264,107.8878028,529.3,28,1181,91,19.60784,40.78431,,,,,,,,,,,,,
2132,2025-11-14 10:15:36+00,4d106730-1088-4892-9045-ffeebc4d23bc,-6.8672995,107.8874447,531.8,26,1160,91,21.56863,58.03922,,,,,,,,,,,,,
2133,2025-11-14 10:15:41+00,4d106730-1088-4892-9045-ffeebc4d23bc,-6.867288667,107.8871072,533.4,21,950,91,19.60784,45.88235,,,,,,,,,,,,,
2134,2025-11-14 10:15:46+00,4d106730-1088-4892-9045-ffeebc4d23bc,-6.867248333,107.8868265,535.3,14,828,91,20.39216,56.86274,,,,,,,,,,,,,
2135,2025-11-14 10:15:51+00,4d106730-1088-4892-9045-ffeebc4d23bc,-6.867181333,107.8866392,537.3,16,1466,91,26.66667,86.27451,,,,,,,,,,,,,
2136,2025-11-14 10:15:56+00,4d106730-1088-4892-9045-ffeebc4d23bc,-6.8670915,107.8864747,540.3,14,829,93,23.13725,66.27451,,,,,,,,,,,,,
2137,2025-11-14 10:16:01+00,4d106730-1088-4892-9045-ffeebc4d23bc,-6.866992833,107.8862997,543.9,14,1514,94,37.2549,97.64706,,,,,,,,,,,,,
2138,2025-11-14 10:16:06+00,4d106730-1088-4892-9045-ffeebc4d23bc,-6.8669275,107.8861503,544.3,24,1844,94,22.35294,65.4902,,,,,,,,,,,,,
2139,2025-11-14 10:16:11+00,4d106730-1088-4892-9045-ffeebc4d23bc,-6.8668225,107.885943,542.4,19,899,94,19.60784,46.66667,,,,,,,,,,,,,
2140,2025-11-14 10:16:16+00,4d106730-1088-4892-9045-ffeebc4d23bc,-6.866647333,107.885748,539.8,12,1593,95,20,47.84314,,,,,,,,,,,,,
2141,2025-11-14 10:16:21+00,4d106730-1088-4892-9045-ffeebc4d23bc,-6.866537833,107.8856418,541.3,16,1225,95,21.56863,60.78431,,,,,,,,,,,,,
2142,2025-11-14 10:16:26+00,4d106730-1088-4892-9045-ffeebc4d23bc,-6.866401833,107.8855178,541.7,20,1503,95,23.13725,69.41177,,,,,,,,,,,,,
2143,2025-11-14 10:16:31+00,4d106730-1088-4892-9045-ffeebc4d23bc,-6.866239,107.8853398,541.5,22,969,95,19.60784,47.05882,,,,,,,,,,,,,
2144,2025-11-14 10:16:36+00,4d106730-1088-4892-9045-ffeebc4d23bc,-6.866053167,107.885115,541.9,23,1192,95,20.39216,57.2549,,,,,,,,,,,,,
2145,2025-11-14 10:16:46+00,4d106730-1088-4892-9045-ffeebc4d23bc,-6.865761667,107.8846677,538.3,23,1510,95,24.70588,76.47059,,,,,,,,,,,,,
2146,2025-11-14 10:16:51+00,4d106730-1088-4892-9045-ffeebc4d23bc,-6.865663333,107.8844677,535.7,21,898,96,18.82353,53.33333,,,,,,,,,,,,,
2147,2025-11-14 10:16:56+00,4d106730-1088-4892-9045-ffeebc4d23bc,-6.8655825,107.8842252,537.2,18,1203,96,21.96078,65.88235,,,,,,,,,,,,,
2148,2025-11-14 10:17:01+00,4d106730-1088-4892-9045-ffeebc4d23bc,-6.865559,107.8839832,541.9,16,832,94,19.60784,48.62745,,,,,,,,,,,,,
2149,2025-11-14 10:17:06+00,4d106730-1088-4892-9045-ffeebc4d23bc,-6.8655405,107.8837328,543.3,12,782,95,19.60784,52.15686,,,,,,,,,,,,,
2150,2025-11-14 10:17:11+00,4d106730-1088-4892-9045-ffeebc4d23bc,-6.865535,107.8835527,544.5,10,821,95,24.70588,61.17647,,,,,,,,,,,,,
2151,2025-11-14 10:17:17+00,4d106730-1088-4892-9045-ffeebc4d23bc,-6.865543333,107.8833622,545.8,13,1712,95,23.13725,62.35294,,,,,,,,,,,,,
2152,2025-11-14 10:17:22+00,4d106730-1088-4892-9045-ffeebc4d23bc,-6.865563,107.8831938,546.6,18,1642,95,19.60784,65.4902,,,,,,,,,,,,,
2153,2025-11-14 10:17:27+00,4d106730-1088-4892-9045-ffeebc4d23bc,-6.8655905,107.8829775,547.9,12,1394,95,22.7451,69.01961,,,,,,,,,,,,,
2154,2025-11-14 10:17:32+00,4d106730-1088-4892-9045-ffeebc4d23bc,-6.865608167,107.8828202,550.2,13,1810,96,25.09804,76.47059,,,,,,,,,,,,,
2155,2025-11-14 10:17:36+00,4d106730-1088-4892-9045-ffeebc4d23bc,-6.8656265,107.8827028,551.2,15,975,97,20,58.43137,,,,,,,,,,,,,
2156,2025-11-14 10:17:42+00,4d106730-1088-4892-9045-ffeebc4d23bc,-6.865676333,107.8824778,552.9,11,928,98,22.7451,64.31373,,,,,,,,,,,,,
2157,2025-11-14 10:17:47+00,4d106730-1088-4892-9045-ffeebc4d23bc,-6.8657005,107.8823265,555.1,8,1457,96,24.31373,74.11765,,,,,,,,,,,,,
2158,2025-11-14 10:17:52+00,4d106730-1088-4892-9045-ffeebc4d23bc,-6.8657215,107.8822072,555.8,15,1424,97,23.92157,72.54902,,,,,,,,,,,,,
2159,2025-11-14 10:17:57+00,4d106730-1088-4892-9045-ffeebc4d23bc,-6.865755333,107.8820213,556.7,17,1160,98,19.60784,41.56863,,,,,,,,,,,,,
2160,2025-11-14 10:18:02+00,4d106730-1088-4892-9045-ffeebc4d23bc,-6.865792333,107.8818125,558.3,8,1353,99,24.70588,78.03922,,,,,,,,,,,,,
2161,2025-11-14 10:18:07+00,4d106730-1088-4892-9045-ffeebc4d23bc,-6.8658105,107.8816965,558.2,16,1396,98,20.78431,64.70588,,,,,,,,,,,,,
2162,2025-11-14 10:18:12+00,4d106730-1088-4892-9045-ffeebc4d23bc,-6.865855167,107.881512,557.9,18,1216,98,19.21569,47.45098,,,,,,,,,,,,,
2163,2025-11-14 10:18:17+00,4d106730-1088-4892-9045-ffeebc4d23bc,-6.865902333,107.8813083,558,17,1453,99,23.52941,69.41177,,,,,,,,,,,,,
2164,2025-11-14 10:18:22+00,4d106730-1088-4892-9045-ffeebc4d23bc,-6.865959167,107.8811028,559,24,1720,100,23.52941,67.45098,,,,,,,,,,,,,
2165,2025-11-14 10:18:27+00,4d106730-1088-4892-9045-ffeebc4d23bc,-6.8660945,107.8808377,559.5,29,1242,100,23.13725,72.54902,,,,,,,,,,,,,
2166,2025-11-14 10:18:32+00,4d106730-1088-4892-9045-ffeebc4d23bc,-6.8662935,107.8805253,558.8,31,1312,99,23.52941,71.76471,,,,,,,,,,,,,
2167,2025-11-14 10:18:37+00,4d106730-1088-4892-9045-ffeebc4d23bc,-6.866510167,107.880195,559.3,33,1418,98,19.21569,55.68628,,,,,,,,,,,,,
2168,2025-11-14 10:18:42+00,4d106730-1088-4892-9045-ffeebc4d23bc,-6.866733333,107.8798485,560.4,23,1037,98,19.60784,41.17647,,,,,,,,,,,,,
2169,2025-11-14 10:18:47+00,4d106730-1088-4892-9045-ffeebc4d23bc,-6.866898333,107.8795753,560.9,19,1112,98,22.7451,66.27451,,,,,,,,,,,,,
2170,2025-11-14 10:18:52+00,4d106730-1088-4892-9045-ffeebc4d23bc,-6.86702,107.8793458,561.8,20,1477,99,25.4902,81.17647,,,,,,,,,,,,,
2171,2025-11-14 10:18:57+00,4d106730-1088-4892-9045-ffeebc4d23bc,-6.867123333,107.8791102,562.7,21,958,98,19.60784,46.66667,,,,,,,,,,,,,
2172,2025-11-14 10:19:02+00,4d106730-1088-4892-9045-ffeebc4d23bc,-6.867225833,107.8788577,563.3,17,847,98,19.60784,52.94118,,,,,,,,,,,,,
2173,2025-11-14 10:19:07+00,4d106730-1088-4892-9045-ffeebc4d23bc,-6.86731,107.8786595,563.3,13,771,98,19.60784,52.15686,,,,,,,,,,,,,
2174,2025-11-14 10:19:12+00,4d106730-1088-4892-9045-ffeebc4d23bc,-6.867439333,107.8786007,561.9,8,1155,99,21.17647,63.13726,,,,,,,,,,,,,
2175,2025-11-14 10:19:17+00,4d106730-1088-4892-9045-ffeebc4d23bc,-6.867534167,107.8786095,562.4,6,828,99,19.60784,53.33333,,,,,,,,,,,,,
2176,2025-11-14 10:23:52+00,4d106730-1088-4892-9045-ffeebc4d23bc,-6.867601667,107.8785357,567.6,3,769,100,19.60784,54.5098,,,,,,,,,,,,,
2177,2025-11-14 10:23:57+00,4d106730-1088-4892-9045-ffeebc4d23bc,-6.8675995,107.8785002,568.1,5,950,98,20,57.2549,,,,,,,,,,,,,
2178,2025-11-14 10:24:02+00,4d106730-1088-4892-9045-ffeebc4d23bc,-6.867549833,107.8784468,568.4,3,752,98,19.60784,54.5098,,,,,,,,,,,,,
2179,2025-11-14 10:24:22+00,4d106730-1088-4892-9045-ffeebc4d23bc,-6.8674735,107.8783965,569.5,3,775,98,19.60784,54.5098,,,,,,,,,,,,,
2180,2025-11-14 10:24:27+00,4d106730-1088-4892-9045-ffeebc4d23bc,-6.867455,107.8783765,569.9,8,1195,99,24.31373,77.25491,,,,,,,,,,,,,
2181,2025-11-14 10:24:32+00,4d106730-1088-4892-9045-ffeebc4d23bc,-6.867443167,107.8782908,569.6,23,1851,99,34.5098,96.47059,,,,,,,,,,,,,
2182,2025-11-14 10:24:37+00,4d106730-1088-4892-9045-ffeebc4d23bc,-6.867506667,107.8780638,569.7,33,2300,99,28.62745,88.62745,,,,,,,,,,,,,
2183,2025-11-14 10:24:42+00,4d106730-1088-4892-9045-ffeebc4d23bc,-6.867633667,107.8776902,571.5,32,1428,100,25.4902,81.17647,,,,,,,,,,,,,
2184,2025-11-14 10:24:47+00,4d106730-1088-4892-9045-ffeebc4d23bc,-6.867788333,107.8773002,573.7,32,1444,100,25.88235,85.09804,,,,,,,,,,,,,
2185,2025-11-14 10:24:52+00,4d106730-1088-4892-9045-ffeebc4d23bc,-6.8679495,107.876926,575.1,32,1573,100,25.88235,83.13725,,,,,,,,,,,,,
2186,2025-11-14 10:24:57+00,4d106730-1088-4892-9045-ffeebc4d23bc,-6.868129833,107.8765652,575,37,1435,99,20.78431,61.56863,,,,,,,,,,,,,
2187,2025-11-14 10:25:02+00,4d106730-1088-4892-9045-ffeebc4d23bc,-6.868347833,107.8761687,575.4,29,902,98,19.60784,48.23529,,,,,,,,,,,,,
2188,2025-11-14 10:25:07+00,4d106730-1088-4892-9045-ffeebc4d23bc,-6.868539833,107.8758217,576.6,24,1018,98,20,48.62745,,,,,,,,,,,,,
2189,2025-11-14 10:25:12+00,4d106730-1088-4892-9045-ffeebc4d23bc,-6.868692333,107.8755425,575.9,26,1334,95,23.52941,75.29412,,,,,,,,,,,,,
2190,2025-11-14 10:25:17+00,4d106730-1088-4892-9045-ffeebc4d23bc,-6.868841667,107.8752577,575.9,27,1367,95,21.96078,61.96078,,,,,,,,,,,,,
2191,2025-11-14 10:25:22+00,4d106730-1088-4892-9045-ffeebc4d23bc,-6.868998,107.874949,575.6,30,1280,94,22.35294,66.66666,,,,,,,,,,,,,
2192,2025-11-14 10:25:27+00,4d106730-1088-4892-9045-ffeebc4d23bc,-6.869156333,107.8746118,575.4,30,946,95,19.60784,45.88235,,,,,,,,,,,,,
2193,2025-11-14 10:25:32+00,4d106730-1088-4892-9045-ffeebc4d23bc,-6.869363167,107.8742888,574.1,25,857,95,19.60784,47.05882,,,,,,,,,,,,,
2194,2025-11-14 10:25:37+00,4d106730-1088-4892-9045-ffeebc4d23bc,-6.869594,107.8740495,574.8,24,1468,95,28.62745,89.80392,,,,,,,,,,,,,
2195,2025-11-14 10:25:42+00,4d106730-1088-4892-9045-ffeebc4d23bc,-6.8697335,107.8737815,575.8,28,1730,94,28.23529,87.84314,,,,,,,,,,,,,
2196,2025-11-14 10:25:47+00,4d106730-1088-4892-9045-ffeebc4d23bc,-6.8698235,107.8734582,577.2,31,1324,95,25.88235,84.70588,,,,,,,,,,,,,
2197,2025-11-14 10:25:52+00,4d106730-1088-4892-9045-ffeebc4d23bc,-6.8699245,107.873087,579.6,29,917,95,19.60784,49.01961,,,,,,,,,,,,,
2198,2025-11-14 10:25:57+00,4d106730-1088-4892-9045-ffeebc4d23bc,-6.869930333,107.8727078,581.7,15,822,95,19.21569,48.23529,,,,,,,,,,,,,
2199,2025-11-14 10:26:02+00,4d106730-1088-4892-9045-ffeebc4d23bc,-6.869981,107.8724792,582.7,5,789,95,19.21569,59.21569,,,,,,,,,,,,,
2200,2025-11-14 10:26:38+00,4d106730-1088-4892-9045-ffeebc4d23bc,-6.870502,107.8717058,590.6,12,1336,96,23.92157,75.29412,,,,,,,,,,,,,
2201,2025-11-14 10:26:43+00,4d106730-1088-4892-9045-ffeebc4d23bc,-6.870606167,107.8718275,592.8,15,1445,97,23.52941,73.33334,,,,,,,,,,,,,
2202,2025-11-14 10:26:48+00,4d106730-1088-4892-9045-ffeebc4d23bc,-6.870738667,107.8719557,593.7,12,877,98,19.60784,46.66667,,,,,,,,,,,,,
2203,2025-11-14 10:26:53+00,4d106730-1088-4892-9045-ffeebc4d23bc,-6.870865333,107.8719908,593.7,11,1504,98,23.52941,72.15686,,,,,,,,,,,,,
2204,2025-11-14 10:26:58+00,4d106730-1088-4892-9045-ffeebc4d23bc,-6.871041667,107.8720202,594.2,18,1553,97,24.31373,74.11765,,,,,,,,,,,,,
2205,2025-11-14 10:27:03+00,4d106730-1088-4892-9045-ffeebc4d23bc,-6.871268333,107.8719927,594.3,15,1382,98,23.13725,70.98039,,,,,,,,,,,,,
2206,2025-11-14 10:27:08+00,4d106730-1088-4892-9045-ffeebc4d23bc,-6.871474667,107.8719478,595.8,17,1402,98,23.52941,69.01961,,,,,,,,,,,,,
2207,2025-11-14 10:27:13+00,4d106730-1088-4892-9045-ffeebc4d23bc,-6.871675333,107.8720445,596.7,21,1702,98,26.66667,81.56863,,,,,,,,,,,,,
2208,2025-11-14 10:27:18+00,4d106730-1088-4892-9045-ffeebc4d23bc,-6.871913833,107.8721553,597.7,22,1525,99,20,46.27451,,,,,,,,,,,,,
2209,2025-11-14 10:27:23+00,4d106730-1088-4892-9045-ffeebc4d23bc,-6.87211,107.8721022,599.7,11,1547,99,21.17647,58.03922,,,,,,,,,,,,,
2210,2025-11-14 10:27:28+00,4d106730-1088-4892-9045-ffeebc4d23bc,-6.872218833,107.8720515,600.9,10,1467,98,22.35294,63.92157,,,,,,,,,,,,,
2211,2025-11-14 10:27:33+00,4d106730-1088-4892-9045-ffeebc4d23bc,-6.872339833,107.87203,598.4,11,1406,100,21.17647,57.2549,,,,,,,,,,,,,
2212,2025-11-14 10:27:38+00,4d106730-1088-4892-9045-ffeebc4d23bc,-6.872461667,107.872074,600.1,9,1432,100,24.31373,76.07843,,,,,,,,,,,,,
2213,2025-11-14 10:27:43+00,4d106730-1088-4892-9045-ffeebc4d23bc,-6.872601333,107.8721077,602.8,15,1106,100,20.39216,54.90196,,,,,,,,,,,,,
2214,2025-11-14 10:27:48+00,4d106730-1088-4892-9045-ffeebc4d23bc,-6.872775333,107.8720353,603,16,1442,100,23.13725,70.58823,,,,,,,,,,,,,
2215,2025-11-14 10:27:53+00,4d106730-1088-4892-9045-ffeebc4d23bc,-6.872949667,107.871914,604.4,15,1347,98,22.7451,67.84314,,,,,,,,,,,,,
2216,2025-11-14 10:27:58+00,4d106730-1088-4892-9045-ffeebc4d23bc,-6.873120167,107.871869,604.6,12,884,97,19.60784,47.84314,,,,,,,,,,,,,
2217,2025-11-14 10:28:03+00,4d106730-1088-4892-9045-ffeebc4d23bc,-6.873275833,107.87186,605.5,15,1303,97,25.4902,82.74509,,,,,,,,,,,,,
2218,2025-11-14 10:28:13+00,4d106730-1088-4892-9045-ffeebc4d23bc,-6.8736215,107.8715922,0,19,1502,98,26.66667,84.31373,,,,,,,,,,,,,
2219,2025-11-14 10:28:29+00,4d106730-1088-4892-9045-ffeebc4d23bc,-6.874101167,107.8714383,616.9,22,1442,98,30.19608,90.19608,,,,,,,,,,,,,
2220,2025-11-14 10:28:35+00,4d106730-1088-4892-9045-ffeebc4d23bc,-6.874177667,107.8717478,617.1,22,1357,99,21.96078,65.88235,,,,,,,,,,,,,
2221,2025-11-14 10:28:39+00,4d106730-1088-4892-9045-ffeebc4d23bc,-6.874340833,107.8719012,618.7,23,1389,98,21.56863,65.09804,,,,,,,,,,,,,
2222,2025-11-14 10:28:45+00,4d106730-1088-4892-9045-ffeebc4d23bc,-6.874643667,107.8719418,619.4,13,786,98,19.21569,51.76471,,,,,,,,,,,,,
2223,2025-11-14 10:28:50+00,4d106730-1088-4892-9045-ffeebc4d23bc,-6.874782,107.871906,620.4,13,1688,99,23.13725,64.31373,,,,,,,,,,,,,
2224,2025-11-14 10:28:55+00,4d106730-1088-4892-9045-ffeebc4d23bc,-6.874959167,107.8718838,620.4,14,1328,100,25.4902,83.13725,,,,,,,,,,,,,
2225,2025-11-14 10:28:59+00,4d106730-1088-4892-9045-ffeebc4d23bc,-6.875083333,107.8718778,624.9,8,1192,101,22.7451,65.09804,,,,,,,,,,,,,
2226,2025-11-14 10:29:05+00,4d106730-1088-4892-9045-ffeebc4d23bc,-6.875225,107.8718513,624.9,12,1720,98,25.09804,74.90196,,,,,,,,,,,,,
2227,2025-11-14 10:29:09+00,4d106730-1088-4892-9045-ffeebc4d23bc,-6.875343667,107.871787,626.6,14,1359,98,23.13725,69.01961,,,,,,,,,,,,,
2228,2025-11-14 10:29:15+00,4d106730-1088-4892-9045-ffeebc4d23bc,-6.875510833,107.871675,627.7,12,1387,97,24.70588,78.03922,,,,,,,,,,,,,
2229,2025-11-14 10:29:20+00,4d106730-1088-4892-9045-ffeebc4d23bc,-6.875677833,107.8716148,628.1,14,1382,98,27.45098,87.84314,,,,,,,,,,,,,
2230,2025-11-14 10:29:25+00,4d106730-1088-4892-9045-ffeebc4d23bc,-6.875851667,107.8715865,628.5,11,851,98,21.17647,56.86274,,,,,,,,,,,,,
2231,2025-11-14 10:29:30+00,4d106730-1088-4892-9045-ffeebc4d23bc,-6.875986667,107.8716107,629.5,12,1631,98,24.31373,70.98039,,,,,,,,,,,,,
2232,2025-11-14 10:29:35+00,4d106730-1088-4892-9045-ffeebc4d23bc,-6.876142833,107.8716497,631.6,15,1997,98,27.05882,82.74509,,,,,,,,,,,,,
2233,2025-11-14 10:29:40+00,4d106730-1088-4892-9045-ffeebc4d23bc,-6.8763355,107.8715503,633.2,21,1780,100,27.45098,85.88235,,,,,,,,,,,,,
2234,2025-11-14 10:29:45+00,4d106730-1088-4892-9045-ffeebc4d23bc,-6.876363,107.8712868,634,19,933,101,23.92157,75.68627,,,,,,,,,,,,,
2235,2025-11-14 10:29:50+00,4d106730-1088-4892-9045-ffeebc4d23bc,-6.876382333,107.8710938,636,13,1139,100,24.31373,76.07843,,,,,,,,,,,,,
2236,2025-11-14 10:29:55+00,4d106730-1088-4892-9045-ffeebc4d23bc,-6.8763825,107.8709468,637.7,15,1193,98,19.60784,57.64706,,,,,,,,,,,,,
2237,2025-11-14 10:30:00+00,4d106730-1088-4892-9045-ffeebc4d23bc,-6.876317,107.8708378,634.1,15,1295,98,23.92157,76.47059,,,,,,,,,,,,,
2238,2025-11-14 10:30:05+00,4d106730-1088-4892-9045-ffeebc4d23bc,-6.876246,107.870713,632.2,16,842,96,19.60784,53.33333,,,,,,,,,,,,,
2239,2025-11-14 10:30:10+00,4d106730-1088-4892-9045-ffeebc4d23bc,-6.876271167,107.870554,632.3,11,1596,96,27.84314,87.05882,,,,,,,,,,,,,
2240,2025-11-14 10:30:15+00,4d106730-1088-4892-9045-ffeebc4d23bc,-6.876410333,107.8703768,634.2,21,1767,96,25.4902,78.43137,,,,,,,,,,,,,
2241,2025-11-14 10:30:20+00,4d106730-1088-4892-9045-ffeebc4d23bc,-6.876730833,107.8703573,637.5,29,1215,96,24.31373,83.52941,,,,,,,,,,,,,
2242,2025-11-14 10:30:25+00,4d106730-1088-4892-9045-ffeebc4d23bc,-6.877042,107.8704187,640.1,29,1443,97,22.7451,64.70588,,,,,,,,,,,,,
2243,2025-11-14 10:30:30+00,4d106730-1088-4892-9045-ffeebc4d23bc,-6.877376667,107.8702367,642.8,30,1420,97,19.21569,50.19608,,,,,,,,,,,,,
2244,2025-11-14 10:30:35+00,4d106730-1088-4892-9045-ffeebc4d23bc,-6.877644667,107.8700257,645.8,24,1317,97,22.35294,65.4902,,,,,,,,,,,,,
2245,2025-11-14 10:30:51+00,4d106730-1088-4892-9045-ffeebc4d23bc,-6.877795667,107.8691265,660.3,12,1692,98,24.70588,73.72549,,,,,,,,,,,,,
2246,2025-11-14 10:31:00+00,4d106730-1088-4892-9045-ffeebc4d23bc,-6.877741667,107.8688285,658.5,17,1171,99,21.96078,48.62745,,,,,,,,,,,,,
2247,2025-11-14 10:31:05+00,4d106730-1088-4892-9045-ffeebc4d23bc,-6.877699,107.8685912,658.3,22,1701,100,25.4902,78.03922,,,,,,,,,,,,,
2248,2025-11-14 10:31:10+00,4d106730-1088-4892-9045-ffeebc4d23bc,-6.877804667,107.868334,658,22,1560,100,27.05882,84.70588,,,,,,,,,,,,,
2249,2025-11-14 10:31:15+00,4d106730-1088-4892-9045-ffeebc4d23bc,-6.877945,107.8680668,659.5,27,1725,98,29.41176,90.19608,,,,,,,,,,,,,
2250,2025-11-14 10:31:20+00,4d106730-1088-4892-9045-ffeebc4d23bc,-6.877955833,107.867685,660.9,34,1582,97,19.21569,50.19608,,,,,,,,,,,,,
2251,2025-11-14 10:31:25+00,4d106730-1088-4892-9045-ffeebc4d23bc,-6.877955167,107.867307,662.9,24,832,98,19.60784,50.19608,,,,,,,,,,,,,
2252,2025-11-14 10:31:30+00,4d106730-1088-4892-9045-ffeebc4d23bc,-6.877966333,107.8670655,664.7,15,750,98,20.39216,67.84314,,,,,,,,,,,,,
2253,2025-11-14 10:31:35+00,4d106730-1088-4892-9045-ffeebc4d23bc,-6.8780075,107.866896,665.4,16,1525,98,28.62745,89.01961,,,,,,,,,,,,,
2254,2025-11-14 10:31:40+00,4d106730-1088-4892-9045-ffeebc4d23bc,-6.878096167,107.8666698,667.7,20,932,96,20,54.90196,,,,,,,,,,,,,
2255,2025-11-14 10:31:45+00,4d106730-1088-4892-9045-ffeebc4d23bc,-6.8782595,107.8665072,669.2,18,1149,98,19.21569,54.5098,,,,,,,,,,,,,
2256,2025-11-14 10:31:50+00,4d106730-1088-4892-9045-ffeebc4d23bc,-6.878404333,107.8664148,669.2,6,823,98,19.60784,52.94118,,,,,,,,,,,,,
2257,2025-11-14 10:31:55+00,4d106730-1088-4892-9045-ffeebc4d23bc,-6.878491333,107.86634,669.4,13,1746,98,22.35294,57.64706,,,,,,,,,,,,,
2258,2025-11-14 10:32:00+00,4d106730-1088-4892-9045-ffeebc4d23bc,-6.8785785,107.8662082,670.4,11,1597,98,24.31373,72.15686,,,,,,,,,,,,,
2259,2025-11-14 10:32:20+00,4d106730-1088-4892-9045-ffeebc4d23bc,-6.878972333,107.8654447,678,22,1360,99,22.35294,70.19608,,,,,,,,,,,,,
2260,2025-11-14 10:32:29+00,4d106730-1088-4892-9045-ffeebc4d23bc,-6.879284167,107.8650927,679,18,1396,98,24.31373,74.90196,,,,,,,,,,,,,
2261,2025-11-14 10:32:34+00,4d106730-1088-4892-9045-ffeebc4d23bc,-6.879480167,107.864954,679.4,21,1103,97,19.21569,49.41177,,,,,,,,,,,,,
2262,2025-11-14 10:32:39+00,4d106730-1088-4892-9045-ffeebc4d23bc,-6.879604333,107.864736,679.5,18,864,97,19.60784,47.45098,,,,,,,,,,,,,
2263,2025-11-14 10:32:44+00,4d106730-1088-4892-9045-ffeebc4d23bc,-6.879676833,107.8645482,680.7,17,1258,97,26.66667,86.66666,,,,,,,,,,,,,
2264,2025-11-14 10:32:49+00,4d106730-1088-4892-9045-ffeebc4d23bc,-6.879772333,107.8643445,681.9,16,824,98,20,54.5098,,,,,,,,,,,,,
2265,2025-11-14 10:32:54+00,4d106730-1088-4892-9045-ffeebc4d23bc,-6.879885833,107.8642013,682.5,16,1475,97,25.09804,80.39216,,,,,,,,,,,,,
2266,2025-11-14 10:32:59+00,4d106730-1088-4892-9045-ffeebc4d23bc,-6.8800085,107.864098,683.3,10,1424,98,20.78431,59.60784,,,,,,,,,,,,,
2267,2025-11-14 10:33:04+00,4d106730-1088-4892-9045-ffeebc4d23bc,-6.8801105,107.8640227,685.2,10,1251,99,19.60784,42.7451,,,,,,,,,,,,,
2268,2025-11-14 10:33:09+00,4d106730-1088-4892-9045-ffeebc4d23bc,-6.880209667,107.8639715,684.8,11,1528,100,25.09804,76.47059,,,,,,,,,,,,,
2269,2025-11-14 10:33:14+00,4d106730-1088-4892-9045-ffeebc4d23bc,-6.8803945,107.8639262,685.9,18,1653,100,25.88235,80.78432,,,,,,,,,,,,,
2270,2025-11-14 10:33:19+00,4d106730-1088-4892-9045-ffeebc4d23bc,-6.880606833,107.8638472,688.3,19,1446,100,20,51.37255,,,,,,,,,,,,,
2271,2025-11-14 10:33:24+00,4d106730-1088-4892-9045-ffeebc4d23bc,-6.880665667,107.8636355,690.1,19,1703,98,26.66667,83.52941,,,,,,,,,,,,,
2272,2025-11-14 10:33:29+00,4d106730-1088-4892-9045-ffeebc4d23bc,-6.880622333,107.8633752,690.9,21,1446,98,23.92157,72.94118,,,,,,,,,,,,,
2273,2025-11-14 10:33:43+00,4d106730-1088-4892-9045-ffeebc4d23bc,-6.880719667,107.8627122,0,15,1312,98,23.92157,74.5098,,,,,,,,,,,,,
2274,2025-11-14 10:33:57+00,4d106730-1088-4892-9045-ffeebc4d23bc,-6.880959833,107.8621057,702.1,18,1410,98,24.70588,77.64706,,,,,,,,,,,,,
2275,2025-11-14 10:34:02+00,4d106730-1088-4892-9045-ffeebc4d23bc,-6.8811205,107.8619548,703.6,17,1292,100,25.4902,83.52941,,,,,,,,,,,,,
2276,2025-11-14 10:34:07+00,4d106730-1088-4892-9045-ffeebc4d23bc,-6.881271167,107.8618328,704.6,13,1277,100,23.92157,76.86275,,,,,,,,,,,,,
2277,2025-11-14 10:34:12+00,4d106730-1088-4892-9045-ffeebc4d23bc,-6.881392833,107.8616963,705.5,8,922,99,20,52.15686,,,,,,,,,,,,,
2278,2025-11-14 10:34:17+00,4d106730-1088-4892-9045-ffeebc4d23bc,-6.881502167,107.8616488,707.3,13,1850,100,25.09804,71.76471,,,,,,,,,,,,,
2279,2025-11-14 10:34:22+00,4d106730-1088-4892-9045-ffeebc4d23bc,-6.881685167,107.8616493,707.8,13,1087,101,23.52941,69.80392,,,,,,,,,,,,,
2280,2025-11-14 10:34:27+00,4d106730-1088-4892-9045-ffeebc4d23bc,-6.881842667,107.8616313,708,12,1250,101,24.31373,78.03922,,,,,,,,,,,,,
2281,2025-11-14 10:34:32+00,4d106730-1088-4892-9045-ffeebc4d23bc,-6.882006667,107.8615633,708.1,18,1566,99,24.31373,72.15686,,,,,,,,,,,,,
2282,2025-11-14 10:34:37+00,4d106730-1088-4892-9045-ffeebc4d23bc,-6.882215833,107.8614595,708.5,13,900,98,19.60784,45.4902,,,,,,,,,,,,,
2283,2025-11-14 10:34:42+00,4d106730-1088-4892-9045-ffeebc4d23bc,-6.882337167,107.861392,708.3,12,1695,98,23.92157,67.45098,,,,,,,,,,,,,
2284,2025-11-14 10:34:47+00,4d106730-1088-4892-9045-ffeebc4d23bc,-6.882487333,107.8612815,708.9,19,1619,96,24.70588,74.11765,,,,,,,,,,,,,
2285,2025-11-14 10:34:52+00,4d106730-1088-4892-9045-ffeebc4d23bc,-6.882590833,107.86106,710.6,19,1531,96,25.4902,79.60784,,,,,,,,,,,,,
2286,2025-11-14 10:35:11+00,4d106730-1088-4892-9045-ffeebc4d23bc,-6.882453333,107.8604185,722.3,10,1420,98,25.88235,81.96078,,,,,,,,,,,,,
2287,2025-11-14 10:35:20+00,4d106730-1088-4892-9045-ffeebc4d23bc,-6.882440333,107.860198,721.9,10,1204,99,21.17647,45.09804,,,,,,,,,,,,,
2288,2025-11-14 10:35:25+00,4d106730-1088-4892-9045-ffeebc4d23bc,-6.882444,107.8600513,720.9,14,1760,98,22.35294,56.86274,,,,,,,,,,,,,
2289,2025-11-14 10:35:30+00,4d106730-1088-4892-9045-ffeebc4d23bc,-6.882482833,107.8598818,721.4,9,896,100,19.60784,49.41177,,,,,,,,,,,,,
2290,2025-11-14 10:35:35+00,4d106730-1088-4892-9045-ffeebc4d23bc,-6.882525333,107.8597712,721.7,13,1815,100,25.09804,72.54902,,,,,,,,,,,,,
2291,2025-11-14 10:35:40+00,4d106730-1088-4892-9045-ffeebc4d23bc,-6.882587167,107.8595653,723.3,18,1200,101,19.60784,40,,,,,,,,,,,,,
2292,2025-11-14 10:35:45+00,4d106730-1088-4892-9045-ffeebc4d23bc,-6.882583833,107.8593795,723,15,1625,101,29.80392,89.41177,,,,,,,,,,,,,
2293,2025-11-14 10:35:50+00,4d106730-1088-4892-9045-ffeebc4d23bc,-6.882552833,107.8591233,721.6,28,2110,99,42.7451,94.90196,,,,,,,,,,,,,
2294,2025-11-14 10:36:15+00,4d106730-1088-4892-9045-ffeebc4d23bc,-6.882893333,107.8574748,732.8,19,1549,97,27.05882,85.4902,,,,,,,,,,,,,
2295,2025-11-14 10:36:20+00,4d106730-1088-4892-9045-ffeebc4d23bc,-6.882941,107.8572145,734.9,25,1666,98,27.84314,87.05882,,,,,,,,,,,,,
2296,2025-11-14 10:36:25+00,4d106730-1088-4892-9045-ffeebc4d23bc,-6.8828445,107.8568868,737.3,31,2332,98,82.35294,98.43137,,,,,,,,,,,,,
2297,2025-11-14 10:36:30+00,4d106730-1088-4892-9045-ffeebc4d23bc,-6.882667667,107.8565067,737.2,34,1426,100,21.56863,42.35294,,,,,,,,,,,,,
2298,2025-11-14 10:36:35+00,4d106730-1088-4892-9045-ffeebc4d23bc,-6.882638,107.8561242,735.7,30,1295,100,31.37255,91.37255,,,,,,,,,,,,,
2299,2025-11-14 10:36:40+00,4d106730-1088-4892-9045-ffeebc4d23bc,-6.882757667,107.8557525,741.1,28,1708,100,28.23529,87.84314,,,,,,,,,,,,,
2300,2025-11-14 10:36:45+00,4d106730-1088-4892-9045-ffeebc4d23bc,-6.8829635,107.855454,742,24,1128,98,24.31373,63.52941,,,,,,,,,,,,,
2301,2025-11-14 10:36:50+00,4d106730-1088-4892-9045-ffeebc4d23bc,-6.883257167,107.8552982,744.9,30,1814,96,39.60784,96.07843,,,,,,,,,,,,,
2302,2025-11-14 10:36:55+00,4d106730-1088-4892-9045-ffeebc4d23bc,-6.883645,107.855262,748.2,27,1116,98,22.7451,63.13726,,,,,,,,,,,,,
2303,2025-11-14 10:37:00+00,4d106730-1088-4892-9045-ffeebc4d23bc,-6.883915667,107.8551235,749.7,26,1729,98,23.13725,80,,,,,,,,,,,,,
2304,2025-11-14 10:37:23+00,4d106730-1088-4892-9045-ffeebc4d23bc,-6.884402667,107.8536037,762.3,25,1722,98,32.94118,94.5098,,,,,,,,,,,,,
2305,2025-11-14 10:37:32+00,4d106730-1088-4892-9045-ffeebc4d23bc,-6.884008833,107.8532315,764.7,30,1250,98,21.17647,55.68628,,,,,,,,,,,,,
2306,2025-11-14 10:37:37+00,4d106730-1088-4892-9045-ffeebc4d23bc,-6.883777,107.8530178,766.3,23,1592,98,25.88235,81.56863,,,,,,,,,,,,,
2307,2025-11-14 10:37:42+00,4d106730-1088-4892-9045-ffeebc4d23bc,-6.883677,107.8527403,767.1,25,1129,98,20.39216,48.23529,,,,,,,,,,,,,
2308,2025-11-14 10:37:47+00,4d106730-1088-4892-9045-ffeebc4d23bc,-6.883684333,107.852362,765.2,35,1178,98,20.39216,45.88235,,,,,,,,,,,,,
2309,2025-11-14 10:37:52+00,4d106730-1088-4892-9045-ffeebc4d23bc,-6.883801833,107.8519758,763.2,30,1252,98,19.60784,38.82353,,,,,,,,,,,,,
2310,2025-11-14 10:37:57+00,4d106730-1088-4892-9045-ffeebc4d23bc,-6.884145333,107.8518263,763.2,31,1358,96,19.60784,46.27451,,,,,,,,,,,,,
2311,2025-11-14 10:38:02+00,4d106730-1088-4892-9045-ffeebc4d23bc,-6.8844505,107.8516953,763.8,24,1548,96,25.09804,77.25491,,,,,,,,,,,,,
2312,2025-11-14 10:38:07+00,4d106730-1088-4892-9045-ffeebc4d23bc,-6.8846975,107.8514658,762.8,31,1822,97,32.54902,92.94118,,,,,,,,,,,,,
2313,2025-11-14 10:38:12+00,4d106730-1088-4892-9045-ffeebc4d23bc,-6.884886333,107.8510805,765.5,33,1108,98,20.39216,50.98039,,,,,,,,,,,,,
2314,2025-11-14 10:38:17+00,4d106730-1088-4892-9045-ffeebc4d23bc,-6.885168333,107.8508282,767.1,32,1344,98,30.19608,90.19608,,,,,,,,,,,,,
2315,2025-11-14 10:38:22+00,4d106730-1088-4892-9045-ffeebc4d23bc,-6.885578167,107.8508387,768.1,32,1314,97,19.60784,36.47059,,,,,,,,,,,,,
2316,2025-11-14 10:38:27+00,4d106730-1088-4892-9045-ffeebc4d23bc,-6.885939667,107.850877,769.5,24,1044,97,19.60784,40.39216,,,,,,,,,,,,,
2317,2025-11-14 10:38:32+00,4d106730-1088-4892-9045-ffeebc4d23bc,-6.886091667,107.8507365,768.9,12,871,97,22.35294,65.88235,,,,,,,,,,,,,
2318,2025-11-14 10:38:37+00,4d106730-1088-4892-9045-ffeebc4d23bc,-6.886107833,107.8505612,767.8,17,1514,97,27.45098,87.05882,,,,,,,,,,,,,
2319,2025-11-14 10:38:42+00,4d106730-1088-4892-9045-ffeebc4d23bc,-6.886121,107.8502947,766.8,26,1725,98,29.41176,90.58823,,,,,,,,,,,,,
2320,2025-11-14 10:38:47+00,4d106730-1088-4892-9045-ffeebc4d23bc,-6.886128667,107.8499123,767.3,32,1378,97,24.31373,78.03922,,,,,,,,,,,,,
2321,2025-11-14 10:38:52+00,4d106730-1088-4892-9045-ffeebc4d23bc,-6.886001333,107.8495348,769.8,32,1361,97,22.7451,70.19608,,,,,,,,,,,,,
2322,2025-11-14 10:38:57+00,4d106730-1088-4892-9045-ffeebc4d23bc,-6.885729167,107.8492777,769.5,31,1345,96,23.52941,72.94118,,,,,,,,,,,,,
2323,2025-11-14 10:39:02+00,4d106730-1088-4892-9045-ffeebc4d23bc,-6.885396833,107.849042,769,35,1481,96,19.60784,41.17647,,,,,,,,,,,,,
2324,2025-11-14 10:39:07+00,4d106730-1088-4892-9045-ffeebc4d23bc,-6.885277667,107.8486597,764.5,34,1327,96,19.60784,36.86274,,,,,,,,,,,,,
2325,2025-11-14 10:39:12+00,4d106730-1088-4892-9045-ffeebc4d23bc,-6.885488667,107.848291,765.1,33,1364,95,19.60784,33.33333,,,,,,,,,,,,,
2326,2025-11-14 10:39:17+00,4d106730-1088-4892-9045-ffeebc4d23bc,-6.885658,107.8479195,767.3,28,1185,94,19.60784,38.03922,,,,,,,,,,,,,
2327,2025-11-14 10:39:22+00,4d106730-1088-4892-9045-ffeebc4d23bc,-6.8856515,107.8476125,769.3,21,975,94,22.7451,54.5098,,,,,,,,,,,,,
2328,2025-11-14 10:39:27+00,4d106730-1088-4892-9045-ffeebc4d23bc,-6.885394,107.8474657,771.1,29,1762,94,25.09804,79.60784,,,,,,,,,,,,,
2329,2025-11-14 10:39:32+00,4d106730-1088-4892-9045-ffeebc4d23bc,-6.885059833,107.8473032,773.3,31,1307,94,27.84314,88.62745,,,,,,,,,,,,,
2330,2025-11-14 10:39:37+00,4d106730-1088-4892-9045-ffeebc4d23bc,-6.884817667,107.846983,775.3,33,1400,94,22.35294,62.7451,,,,,,,,,,,,,
2331,2025-11-14 10:39:42+00,4d106730-1088-4892-9045-ffeebc4d23bc,-6.884605833,107.8465867,773.2,34,1396,94,19.60784,34.90196,,,,,,,,,,,,,
2332,2025-11-14 10:39:47+00,4d106730-1088-4892-9045-ffeebc4d23bc,-6.884603833,107.8461582,774,37,1591,93,26.66667,84.70588,,,,,,,,,,,,,
2333,2025-11-14 10:39:52+00,4d106730-1088-4892-9045-ffeebc4d23bc,-6.884718167,107.8457098,776,32,1316,93,20.39216,38.03922,,,,,,,,,,,,,
2334,2025-11-14 10:39:57+00,4d106730-1088-4892-9045-ffeebc4d23bc,-6.884795,107.845299,776.7,36,1536,93,28.23529,89.01961,,,,,,,,,,,,,
2335,2025-11-14 10:40:02+00,4d106730-1088-4892-9045-ffeebc4d23bc,-6.8848795,107.8448157,778.4,42,1762,93,27.84314,86.66666,,,,,,,,,,,,,
2336,2025-11-14 10:40:07+00,4d106730-1088-4892-9045-ffeebc4d23bc,-6.8849275,107.8442717,781.2,44,1901,93,20.39216,42.7451,,,,,,,,,,,,,
2337,2025-11-14 10:40:12+00,4d106730-1088-4892-9045-ffeebc4d23bc,-6.8849975,107.8437807,781.2,35,1514,92,24.70588,78.03922,,,,,,,,,,,,,
2338,2025-11-14 10:40:17+00,4d106730-1088-4892-9045-ffeebc4d23bc,-6.885132,107.843365,781.4,31,1285,92,19.60784,35.68628,,,,,,,,,,,,,
2339,2025-11-14 10:40:22+00,4d106730-1088-4892-9045-ffeebc4d23bc,-6.885352833,107.8430928,781.7,24,1534,91,42.35294,97.64706,,,,,,,,,,,,,
2340,2025-11-14 10:40:27+00,4d106730-1088-4892-9045-ffeebc4d23bc,-6.885592333,107.8428845,784.9,29,2199,91,37.2549,93.72549,,,,,,,,,,,,,
2341,2025-11-14 10:40:32+00,4d106730-1088-4892-9045-ffeebc4d23bc,-6.8859825,107.842817,786.3,36,1521,91,25.88235,83.52941,,,,,,,,,,,,,
2342,2025-11-14 10:40:37+00,4d106730-1088-4892-9045-ffeebc4d23bc,-6.8863985,107.8430122,787.8,42,1784,92,20,57.2549,,,,,,,,,,,,,
2343,2025-11-14 10:40:42+00,4d106730-1088-4892-9045-ffeebc4d23bc,-6.886781,107.8433258,788.7,33,1385,92,19.21569,34.90196,,,,,,,,,,,,,
2344,2025-11-14 10:40:47+00,4d106730-1088-4892-9045-ffeebc4d23bc,-6.887087833,107.8434885,790.7,23,1017,91,19.60784,41.56863,,,,,,,,,,,,,
2345,2025-11-14 10:40:52+00,4d106730-1088-4892-9045-ffeebc4d23bc,-6.887241333,107.8432907,792,25,1701,92,30.98039,92.94118,,,,,,,,,,,,,
2346,2025-11-14 10:40:57+00,4d106730-1088-4892-9045-ffeebc4d23bc,-6.8871585,107.8429297,792.5,32,1303,91,19.60784,41.17647,,,,,,,,,,,,,
2347,2025-11-14 10:41:02+00,4d106730-1088-4892-9045-ffeebc4d23bc,-6.887069667,107.8425813,793,20,932,92,19.60784,44.31372,,,,,,,,,,,,,
2348,2025-11-14 10:41:07+00,4d106730-1088-4892-9045-ffeebc4d23bc,-6.887060333,107.8424243,792.1,5,782,92,19.60784,52.54902,,,,,,,,,,,,,
2349,2025-11-14 10:41:12+00,4d106730-1088-4892-9045-ffeebc4d23bc,-6.887055,107.8423655,792.4,3,743,93,19.21569,53.72549,,,,,,,,,,,,,
2350,2025-11-14 10:41:17+00,4d106730-1088-4892-9045-ffeebc4d23bc,-6.887043833,107.8423112,791.8,4,750,93,20.39216,69.80392,,,,,,,,,,,,,
2351,2025-11-14 10:43:39+00,4d106730-1088-4892-9045-ffeebc4d23bc,-6.887055,107.8422908,794,5,842,99,21.17647,58.82353,,27.84627,31,111,28.4264,28,110,29.44162,27,116,23.64032,24,109
2352,2025-11-14 10:43:44+00,4d106730-1088-4892-9045-ffeebc4d23bc,-6.887039667,107.8422388,793.1,13,1698,97,23.52941,58.82353,,27.84627,31,111,28.4264,28,110,29.44162,27,116,23.64032,24,109
2353,2025-11-14 10:43:49+00,4d106730-1088-4892-9045-ffeebc4d23bc,-6.8870005,107.8420827,792.9,20,1284,98,20,40.39216,,27.84627,31,111,28.4264,28,110,29.44162,27,116,23.64032,24,109
2354,2025-11-14 10:43:54+00,4d106730-1088-4892-9045-ffeebc4d23bc,-6.886984833,107.841841,793.2,18,1051,98,20.78431,54.90196,,27.84627,31,111,28.4264,28,110,29.44162,27,116,23.64032,24,109
2355,2025-11-14 10:43:59+00,4d106730-1088-4892-9045-ffeebc4d23bc,-6.887078667,107.841645,793.7,23,1834,98,27.45098,85.09804,,27.84627,31,111,28.4264,28,110,29.44162,27,116,24.07542,24,109
2356,2025-11-14 10:44:04+00,4d106730-1088-4892-9045-ffeebc4d23bc,-6.887346167,107.8415833,794.2,29,1253,96,28.23529,90.19608,,27.84627,31,111,28.4264,28,110,29.44162,27,116,24.07542,24,109
2357,2025-11-14 10:44:09+00,4d106730-1088-4892-9045-ffeebc4d23bc,-6.887705667,107.8416272,796.1,31,982,97,20,49.41177,,27.84627,31,111,28.4264,28,110,29.44162,27,116,24.07542,24,109
2358,2025-11-14 10:44:17+00,4d106730-1088-4892-9045-ffeebc4d23bc,-6.888267833,107.8416407,796.4,22,972,98,23.92157,59.60784,,27.84627,31,111,28.4264,28,110,29.44162,27,116,24.07542,24,109
2359,2025-11-14 10:44:19+00,4d106730-1088-4892-9045-ffeebc4d23bc,-6.8883435,107.841569,796.2,18,1436,97,25.09804,78.03922,,27.84627,31,111,28.4264,27,110,29.44162,27,116,24.07542,24,109
2360,2025-11-14 10:44:24+00,4d106730-1088-4892-9045-ffeebc4d23bc,-6.888439167,107.8413647,796.3,29,1654,95,26.27451,83.92157,,27.84627,31,111,28.4264,27,110,29.44162,27,116,24.07542,24,109
2361,2025-11-14 10:44:29+00,4d106730-1088-4892-9045-ffeebc4d23bc,-6.888556,107.8410437,796.7,34,1494,95,19.21569,50.58823,,27.84627,31,111,28.4264,27,110,29.44162,27,116,24.07542,24,109
2362,2025-11-14 10:44:34+00,4d106730-1088-4892-9045-ffeebc4d23bc,-6.888698667,107.8406502,798.1,26,885,95,20.39216,51.76471,,27.84627,31,111,28.4264,27,110,29.44162,27,116,24.07542,24,109
2363,2025-11-14 10:44:39+00,4d106730-1088-4892-9045-ffeebc4d23bc,-6.888823,107.8403228,798.9,21,885,95,20,58.43137,,27.84627,31,111,28.4264,27,110,29.44162,27,116,24.07542,24,109
2364,2025-11-14 10:44:44+00,4d106730-1088-4892-9045-ffeebc4d23bc,-6.8889345,107.840069,799.8,19,1496,95,25.4902,80.39216,,27.84627,31,111,28.4264,27,110,29.44162,27,116,24.07542,24,109
2365,2025-11-14 10:44:49+00,4d106730-1088-4892-9045-ffeebc4d23bc,-6.8890255,107.839849,800.2,26,1621,94,25.88235,80.39216,,27.84627,31,111,28.4264,27,110,29.44162,27,116,24.07542,24,109
2366,2025-11-14 10:44:54+00,4d106730-1088-4892-9045-ffeebc4d23bc,-6.8891535,107.8395622,801.6,29,1224,94,25.09804,80.39216,,27.84627,31,111,28.4264,27,110,29.44162,27,116,24.07542,24,109
2367,2025-11-14 10:44:59+00,4d106730-1088-4892-9045-ffeebc4d23bc,-6.889239667,107.8392198,802.2,25,1182,95,22.35294,55.68628,,27.84627,31,111,28.4264,27,110,29.44162,27,116,24.07542,24,109
2368,2025-11-14 10:45:04+00,4d106730-1088-4892-9045-ffeebc4d23bc,-6.889182667,107.838899,800.8,20,1375,95,29.01961,89.41177,,27.84627,31,111,28.4264,27,110,29.44162,27,116,24.07542,24,109
2369,2025-11-14 10:45:09+00,4d106730-1088-4892-9045-ffeebc4d23bc,-6.889096,107.8386495,798.7,27,1710,94,27.84314,87.05882,,27.84627,31,111,28.4264,27,110,29.44162,26,116,24.07542,24,109
2370,2025-11-14 10:45:14+00,4d106730-1088-4892-9045-ffeebc4d23bc,-6.889007,107.8383587,795,25,1407,95,21.96078,63.13726,,27.84627,31,111,28.4264,27,110,29.44162,26,116,24.07542,24,109
2371,2025-11-14 10:45:19+00,4d106730-1088-4892-9045-ffeebc4d23bc,-6.8889985,107.8380387,795.4,19,903,95,19.60784,46.27451,,27.84627,31,111,28.4264,27,110,29.44162,26,116,24.07542,24,109
2372,2025-11-14 10:45:24+00,4d106730-1088-4892-9045-ffeebc4d23bc,-6.889091833,107.8377708,799.1,20,1469,95,24.70588,76.47059,,27.84627,31,111,28.4264,27,110,29.44162,26,116,24.07542,24,109
2373,2025-11-14 10:45:29+00,4d106730-1088-4892-9045-ffeebc4d23bc,-6.889222833,107.8375425,802.4,23,1017,95,20,47.45098,,27.84627,31,111,28.4264,27,110,29.44162,26,116,24.07542,24,109
2374,2025-11-14 10:45:34+00,4d106730-1088-4892-9045-ffeebc4d23bc,-6.889369333,107.8372817,804.5,24,1067,95,19.60784,45.4902,,27.84627,31,111,28.4264,27,110,29.44162,26,116,24.07542,24,109
2375,2025-11-14 10:45:39+00,4d106730-1088-4892-9045-ffeebc4d23bc,-6.889492167,107.8370062,804.9,24,1051,95,19.60784,41.96078,,27.84627,31,111,28.4264,27,110,29.44162,26,116,24.07542,24,109
2376,2025-11-14 10:45:44+00,4d106730-1088-4892-9045-ffeebc4d23bc,-6.889579167,107.8367085,804.1,24,1064,94,19.60784,40.78431,,27.84627,31,111,28.4264,27,110,29.44162,26,116,24.07542,24,109
2377,2025-11-14 10:45:49+00,4d106730-1088-4892-9045-ffeebc4d23bc,-6.8896515,107.8364127,804.7,25,1085,94,19.60784,40.78431,,27.84627,31,111,28.4264,27,110,29.44162,26,116,24.07542,24,109
2378,2025-11-14 10:45:54+00,4d106730-1088-4892-9045-ffeebc4d23bc,-6.889807667,107.8361455,804.8,26,1500,94,23.52941,66.66666,,27.84627,31,111,28.4264,27,110,29.44162,26,116,24.07542,24,109
2379,2025-11-14 10:45:59+00,4d106730-1088-4892-9045-ffeebc4d23bc,-6.890087,107.8359695,803.9,25,1105,94,20,41.17647,,27.84627,31,111,28.4264,27,110,29.44162,26,116,24.07542,24,109
2380,2025-11-14 10:46:04+00,4d106730-1088-4892-9045-ffeebc4d23bc,-6.890397667,107.8358577,802.3,30,1298,93,24.70588,82.74509,,27.84627,31,111,28.4264,27,110,29.44162,26,116,24.07542,24,109
2381,2025-11-14 10:46:09+00,4d106730-1088-4892-9045-ffeebc4d23bc,-6.890730667,107.835757,801.9,26,1663,94,22.7451,74.5098,,27.84627,31,111,28.4264,27,110,29.44162,26,116,24.07542,24,109
2382,2025-11-14 10:46:14+00,4d106730-1088-4892-9045-ffeebc4d23bc,-6.891055167,107.8356385,804.6,24,1305,94,25.09804,80.39216,,27.84627,31,111,28.4264,27,110,29.44162,26,116,24.07542,24,109
2383,2025-11-14 10:46:19+00,4d106730-1088-4892-9045-ffeebc4d23bc,-6.891345667,107.8355252,806.7,21,1553,95,21.17647,70.98039,,27.84627,31,111,28.4264,27,110,29.44162,26,116,24.07542,24,109
2384,2025-11-14 10:46:24+00,4d106730-1088-4892-9045-ffeebc4d23bc,-6.891593833,107.835422,808.4,21,1206,94,20.39216,57.2549,,27.84627,31,111,28.4264,27,110,29.44162,26,116,24.07542,24,109
2385,2025-11-14 10:46:29+00,4d106730-1088-4892-9045-ffeebc4d23bc,-6.891821167,107.8353038,809.6,25,1287,95,19.21569,52.54902,,27.84627,31,111,28.4264,27,110,29.44162,26,116,24.07542,24,109
2386,2025-11-14 10:46:34+00,4d106730-1088-4892-9045-ffeebc4d23bc,-6.892036333,107.8350977,810.2,27,1517,95,19.60784,63.13726,,27.84627,31,111,28.4264,27,110,29.44162,26,116,24.07542,24,109
2387,2025-11-14 10:46:39+00,4d106730-1088-4892-9045-ffeebc4d23bc,-6.892266833,107.8348553,810.5,25,1359,95,28.23529,89.01961,,27.84627,31,111,28.4264,27,110,29.44162,26,116,24.07542,24,109
2388,2025-11-14 10:46:44+00,4d106730-1088-4892-9045-ffeebc4d23bc,-6.8925175,107.8346372,811.4,30,1789,95,29.80392,90.58823,,27.84627,31,111,28.4264,27,110,29.44162,26,116,24.07542,24,109
2389,2025-11-14 10:46:49+00,4d106730-1088-4892-9045-ffeebc4d23bc,-6.892807667,107.8344128,813.6,31,1396,95,25.09804,78.03922,,27.84627,31,111,28.4264,27,110,29.44162,26,116,24.07542,24,109
2390,2025-11-14 10:46:54+00,4d106730-1088-4892-9045-ffeebc4d23bc,-6.893083333,107.8341238,815.4,34,1286,95,19.60784,57.2549,,27.84627,31,111,28.4264,27,110,29.44162,26,116,24.07542,24,109
2391,2025-11-14 10:46:59+00,4d106730-1088-4892-9045-ffeebc4d23bc,-6.893320833,107.8337732,815.8,34,1039,96,19.60784,43.52941,,27.84627,31,111,28.4264,27,110,29.44162,26,116,24.07542,24,109
2392,2025-11-14 10:47:04+00,4d106730-1088-4892-9045-ffeebc4d23bc,-6.893579,107.833423,816.1,27,1146,95,21.56863,59.60784,,27.84627,31,111,28.4264,27,110,29.44162,26,116,24.07542,24,109
2393,2025-11-14 10:47:09+00,4d106730-1088-4892-9045-ffeebc4d23bc,-6.893824,107.8331655,816.6,26,1459,95,25.09804,78.82353,,27.84627,31,111,28.4264,27,110,29.44162,26,116,24.07542,24,109
2394,2025-11-14 10:47:14+00,4d106730-1088-4892-9045-ffeebc4d23bc,-6.894063667,107.8329292,818.2,21,961,94,19.60784,49.80392,,27.84627,31,111,28.4264,27,110,29.44162,26,116,24.07542,24,109
2395,2025-11-14 10:47:19+00,4d106730-1088-4892-9045-ffeebc4d23bc,-6.8942805,107.8327282,819.3,17,1335,95,23.52941,71.76471,,27.84627,31,111,28.4264,27,110,29.44162,26,116,24.07542,24,109
2396,2025-11-14 10:47:24+00,4d106730-1088-4892-9045-ffeebc4d23bc,-6.894431833,107.8325773,820.2,14,1437,95,25.88235,81.56863,,27.84627,31,111,28.4264,27,110,29.44162,26,116,24.07542,24,109
2397,2025-11-14 10:47:29+00,4d106730-1088-4892-9045-ffeebc4d23bc,-6.894568167,107.8324418,821.2,22,1657,95,30.58824,92.54902,,27.84627,31,111,28.4264,27,110,29.44162,26,116,24.07542,24,109
2398,2025-11-14 10:47:34+00,4d106730-1088-4892-9045-ffeebc4d23bc,-6.894750167,107.8322633,822.7,24,1658,96,30.19608,90.58823,,27.84627,31,111,28.4264,27,110,29.44162,26,116,24.07542,24,109
2399,2025-11-14 10:47:39+00,4d106730-1088-4892-9045-ffeebc4d23bc,-6.894963,107.8320498,824.4,20,1388,96,23.92157,74.11765,,27.84627,31,111,28.4264,27,110,29.44162,26,116,24.07542,24,109
2400,2025-11-14 10:47:44+00,4d106730-1088-4892-9045-ffeebc4d23bc,-6.895161333,107.8318573,826,24,1192,96,19.21569,50.98039,,27.84627,31,111,28.4264,27,110,29.44162,26,116,24.07542,24,109
2401,2025-11-14 10:47:49+00,4d106730-1088-4892-9045-ffeebc4d23bc,-6.895351833,107.8316443,826,26,1132,96,19.60784,41.17647,,27.84627,31,111,28.4264,27,110,29.44162,26,116,24.07542,24,109
2402,2025-11-14 10:47:54+00,4d106730-1088-4892-9045-ffeebc4d23bc,-6.895513833,107.8313667,825.3,25,1084,96,19.60784,40.78431,,27.84627,31,111,28.4264,27,110,29.44162,26,116,24.07542,24,109
2403,2025-11-14 10:47:59+00,4d106730-1088-4892-9045-ffeebc4d23bc,-6.895672667,107.8310832,825.2,18,1331,96,29.41176,90.19608,,27.84627,31,111,28.4264,27,110,29.44162,26,116,24.07542,24,109
2404,2025-11-14 10:48:04+00,4d106730-1088-4892-9045-ffeebc4d23bc,-6.895820167,107.8308872,826.9,26,1631,95,25.88235,81.56863,,27.84627,31,111,28.4264,27,110,29.44162,26,116,24.07542,24,109
2405,2025-11-14 10:48:09+00,4d106730-1088-4892-9045-ffeebc4d23bc,-6.896007167,107.8306432,827.5,29,935,96,19.60784,45.88235,,27.84627,31,111,28.4264,27,110,29.44162,26,116,24.07542,24,109
2406,2025-11-14 10:48:14+00,4d106730-1088-4892-9045-ffeebc4d23bc,-6.896242833,107.8303525,827.3,24,1507,96,24.70588,76.07843,,27.84627,31,111,28.4264,27,110,29.44162,26,116,24.07542,24,109
2407,2025-11-14 10:48:19+00,4d106730-1088-4892-9045-ffeebc4d23bc,-6.896509833,107.8301798,828.1,26,1652,95,26.66667,85.09804,,27.84627,31,111,28.4264,27,110,29.44162,26,116,24.07542,24,109
2408,2025-11-14 10:48:24+00,4d106730-1088-4892-9045-ffeebc4d23bc,-6.896801333,107.830033,830,23,1435,96,30.58824,91.76471,,27.84627,31,111,28.4264,27,110,29.44162,26,116,24.07542,24,109
2409,2025-11-14 10:48:29+00,4d106730-1088-4892-9045-ffeebc4d23bc,-6.897069167,107.8298893,831.9,23,1675,96,29.41176,90.58823,,27.84627,31,111,28.4264,27,110,29.44162,26,116,24.07542,24,109
2410,2025-11-14 10:48:34+00,4d106730-1088-4892-9045-ffeebc4d23bc,-6.8972315,107.8296613,833.8,9,801,97,19.60784,52.94118,,27.84627,31,111,28.4264,27,110,29.44162,26,116,24.07542,24,109
2411,2025-11-14 10:48:39+00,4d106730-1088-4892-9045-ffeebc4d23bc,-6.897253,107.8294693,834,12,1239,97,19.60784,38.82353,,27.84627,31,111,28.4264,27,110,29.44162,26,116,24.07542,24,109
2412,2025-11-14 10:48:44+00,4d106730-1088-4892-9045-ffeebc4d23bc,-6.897263167,107.8293342,834.1,9,1207,98,20.78431,48.23529,,27.84627,31,111,28.4264,27,110,29.44162,26,116,24.07542,24,109
2413,2025-11-14 10:48:49+00,4d106730-1088-4892-9045-ffeebc4d23bc,-6.897282,107.8292018,834.5,8,1133,98,23.52941,70.98039,,27.84627,31,111,28.4264,27,110,29.44162,26,116,24.07542,24,109
2414,2025-11-14 10:48:54+00,4d106730-1088-4892-9045-ffeebc4d23bc,-6.897321333,107.8290938,834.9,10,1410,99,22.7451,62.35294,,27.84627,31,111,28.4264,27,110,29.44162,26,116,24.07542,24,109
2415,2025-11-14 10:48:59+00,4d106730-1088-4892-9045-ffeebc4d23bc,-6.897387833,107.8289862,836.4,10,1413,98,20,53.72549,,27.84627,31,111,28.4264,27,110,29.44162,26,116,24.07542,24,109
2416,2025-11-14 10:49:04+00,4d106730-1088-4892-9045-ffeebc4d23bc,-6.8974655,107.8288798,838.4,9,1411,99,23.52941,68.23529,,27.84627,31,111,28.4264,27,110,29.44162,26,116,24.07542,24,109
2417,2025-11-14 10:49:09+00,4d106730-1088-4892-9045-ffeebc4d23bc,-6.89752,107.828794,839.7,11,1547,99,22.7451,60.78431,,27.84627,31,111,28.4264,27,110,29.44162,26,116,24.07542,24,109
2418,2025-11-14 10:49:14+00,4d106730-1088-4892-9045-ffeebc4d23bc,-6.897572,107.8286602,841.4,10,1410,100,24.31373,74.5098,,27.84627,31,111,28.4264,27,110,29.44162,26,116,24.07542,24,109
2419,2025-11-14 10:49:19+00,4d106730-1088-4892-9045-ffeebc4d23bc,-6.897591167,107.8285223,842.3,13,1701,100,23.92157,65.09804,,27.84627,31,111,28.4264,27,110,29.44162,26,116,24.07542,24,109
2420,2025-11-14 10:49:24+00,4d106730-1088-4892-9045-ffeebc4d23bc,-6.897574667,107.8283722,844,15,1402,99,19.60784,59.21569,,27.84627,31,111,28.4264,27,110,29.44162,26,116,24.07542,24,109
2421,2025-11-14 10:49:29+00,4d106730-1088-4892-9045-ffeebc4d23bc,-6.8975155,107.8281962,845.8,13,1285,98,21.96078,65.09804,,27.84627,31,111,28.4264,27,110,29.44162,26,116,24.07542,24,109
2422,2025-11-14 10:49:34+00,4d106730-1088-4892-9045-ffeebc4d23bc,-6.897424833,107.828061,846.5,14,1326,96,22.7451,66.27451,,27.84627,31,111,28.4264,27,110,29.44162,26,116,24.07542,24,109
2423,2025-11-14 10:49:39+00,4d106730-1088-4892-9045-ffeebc4d23bc,-6.8972905,107.8279455,847.9,16,1135,96,23.13725,70.19608,,27.84627,31,111,28.4264,27,110,29.44162,26,116,24.07542,24,109
2424,2025-11-14 10:49:44+00,4d106730-1088-4892-9045-ffeebc4d23bc,-6.897122167,107.8278333,849,16,1475,96,22.35294,63.92157,,27.84627,31,111,28.4264,27,110,29.44162,26,116,24.07542,24,109
2425,2025-11-14 10:49:49+00,4d106730-1088-4892-9045-ffeebc4d23bc,-6.8969535,107.8277288,850.2,18,1386,96,21.17647,58.82353,,27.84627,31,111,28.4264,27,110,29.44162,26,116,24.07542,24,109
2426,2025-11-14 10:49:54+00,4d106730-1088-4892-9045-ffeebc4d23bc,-6.896784833,107.8275972,850.7,21,1456,96,20.78431,50.58823,,27.84627,31,111,28.4264,27,110,29.44162,26,116,24.07542,24,109
2427,2025-11-14 10:49:59+00,4d106730-1088-4892-9045-ffeebc4d23bc,-6.896642167,107.827393,850.3,23,1149,96,20.39216,54.5098,,27.84627,31,111,28.4264,27,110,29.44162,26,116,24.07542,24,109
2428,2025-11-14 10:50:04+00,4d106730-1088-4892-9045-ffeebc4d23bc,-6.896605667,107.8271103,851.1,24,1346,96,20,58.03922,,27.84627,31,111,28.4264,27,110,29.44162,26,116,24.07542,24,109
2429,2025-11-14 10:50:09+00,4d106730-1088-4892-9045-ffeebc4d23bc,-6.896589,107.826815,851.2,22,1120,97,21.17647,60.39216,,27.84627,31,111,28.4264,27,110,29.44162,26,116,24.07542,24,109
2430,2025-11-14 10:50:14+00,4d106730-1088-4892-9045-ffeebc4d23bc,-6.896598833,107.8265237,851.9,26,1636,96,25.88235,80.78432,,27.84627,31,111,28.4264,27,110,29.44162,26,116,24.07542,24,109
2431,2025-11-14 10:50:19+00,4d106730-1088-4892-9045-ffeebc4d23bc,-6.896650833,107.8262203,852.9,30,1292,95,25.4902,81.17647,,27.84627,31,111,28.4264,27,110,29.44162,26,116,24.07542,24,109
2432,2025-11-14 10:50:24+00,4d106730-1088-4892-9045-ffeebc4d23bc,-6.8967355,107.8258557,854.3,28,1181,96,20.78431,55.68628,,27.84627,31,111,28.4264,27,110,29.44162,26,116,24.07542,24,109
2433,2025-11-14 10:50:29+00,4d106730-1088-4892-9045-ffeebc4d23bc,-6.896749,107.8254848,855.1,28,1322,96,20.78431,52.15686,,27.84627,31,111,28.4264,27,110,29.44162,26,116,24.07542,24,109
2434,2025-11-14 10:50:34+00,4d106730-1088-4892-9045-ffeebc4d23bc,-6.896674167,107.8251388,856.2,30,1325,96,19.21569,46.66667,,27.84627,31,111,28.4264,27,110,29.44162,26,116,24.07542,24,109
2435,2025-11-14 10:50:39+00,4d106730-1088-4892-9045-ffeebc4d23bc,-6.8965855,107.8247787,856.1,29,1217,95,19.60784,42.35294,,27.84627,31,111,28.4264,27,110,29.44162,26,116,24.07542,24,109
2436,2025-11-14 10:50:44+00,4d106730-1088-4892-9045-ffeebc4d23bc,-6.8964885,107.8244283,856.8,28,1500,95,23.92157,69.80392,,27.84627,31,111,28.4264,27,110,29.44162,26,116,24.07542,24,109
2437,2025-11-14 10:50:49+00,4d106730-1088-4892-9045-ffeebc4d23bc,-6.896404333,107.8240932,858.4,28,1216,95,22.7451,68.62745,,27.84627,31,111,28.4264,27,110,29.44162,26,116,24.07542,24,109
2438,2025-11-14 10:50:54+00,4d106730-1088-4892-9045-ffeebc4d23bc,-6.896354,107.8237327,860,31,1316,95,19.60784,37.64706,,27.84627,31,111,28.4264,27,110,29.44162,26,116,24.07542,24,109
2439,2025-11-14 10:50:59+00,4d106730-1088-4892-9045-ffeebc4d23bc,-6.8963675,107.8233412,860.8,16,793,95,20,63.13726,,27.84627,31,111,28.4264,27,110,29.44162,26,116,24.07542,24,109
2440,2025-11-14 10:51:04+00,4d106730-1088-4892-9045-ffeebc4d23bc,-6.8964045,107.8230778,861.7,20,1584,95,28.23529,88.62745,,27.84627,31,111,28.4264,27,110,29.44162,26,116,24.07542,24,109
2441,2025-11-14 10:51:09+00,4d106730-1088-4892-9045-ffeebc4d23bc,-6.896425333,107.8228502,862.3,32,1350,95,28.23529,88.23529,,27.84627,31,111,28.4264,27,110,29.44162,26,116,24.07542,24,109
2442,2025-11-14 10:51:14+00,4d106730-1088-4892-9045-ffeebc4d23bc,-6.8964825,107.8224892,862.5,37,1588,95,28.23529,87.05882,,27.84627,31,111,28.4264,27,110,29.44162,26,116,24.07542,24,109
2443,2025-11-14 10:51:19+00,4d106730-1088-4892-9045-ffeebc4d23bc,-6.896555,107.8220373,863.8,40,1702,96,27.45098,85.09804,,27.84627,31,111,28.4264,27,110,29.44162,26,116,24.07542,24,109
2444,2025-11-14 10:51:24+00,4d106730-1088-4892-9045-ffeebc4d23bc,-6.896640667,107.821546,866.1,42,1658,96,20.39216,40,,27.84627,31,111,28.4264,27,110,29.44162,26,116,24.07542,24,109
2445,2025-11-14 10:51:29+00,4d106730-1088-4892-9045-ffeebc4d23bc,-6.896733167,107.8210367,866.4,41,1714,95,20.78431,39.21569,,27.84627,31,111,28.4264,27,110,29.44162,26,116,24.07542,24,109
2446,2025-11-14 10:51:34+00,4d106730-1088-4892-9045-ffeebc4d23bc,-6.8968315,107.8205323,865.5,38,1245,94,19.60784,37.2549,,27.84627,31,111,28.4264,27,110,29.44162,26,116,24.07542,24,109
2447,2025-11-14 10:51:34+00,4d106730-1088-4892-9045-ffeebc4d23bc,-6.8968315,107.8205323,865.5,20,940,94,19.60784,45.09804,,27.84627,31,111,28.4264,27,110,29.44162,26,116,24.07542,24,109
2448,2025-11-14 10:51:44+00,4d106730-1088-4892-9045-ffeebc4d23bc,-6.897002833,107.8197263,865,13,790,94,19.60784,51.76471,,27.84627,31,111,28.4264,27,110,29.44162,26,116,24.07542,24,109
2449,2025-11-14 10:52:09+00,4d106730-1088-4892-9045-ffeebc4d23bc,-6.89706,107.8194973,865.4,3,751,95,20.39216,55.29412,,27.84627,31,111,28.4264,27,110,29.44162,26,116,24.07542,24,109
2450,2025-11-14 10:52:14+00,4d106730-1088-4892-9045-ffeebc4d23bc,-6.897065667,107.819473,865.3,19,1494,95,26.27451,83.92157,,27.84627,31,111,28.4264,27,110,29.44162,26,116,24.07542,24,109
2451,2025-11-14 10:52:14+00,4d106730-1088-4892-9045-ffeebc4d23bc,-6.897065667,107.819473,865.3,30,1786,96,29.01961,89.01961,,27.84627,31,111,28.4264,27,110,29.44162,26,116,24.07542,24,109
2452,2025-11-14 10:52:24+00,4d106730-1088-4892-9045-ffeebc4d23bc,-6.897153667,107.8189458,865.3,40,1694,96,27.84314,86.66666,,27.84627,31,111,28.4264,27,110,29.44162,26,116,24.07542,24,109
2453,2025-11-14 10:52:29+00,4d106730-1088-4892-9045-ffeebc4d23bc,-6.897192333,107.8184762,865.7,43,1827,96,21.17647,44.31372,,27.84627,31,111,28.4264,27,110,29.44162,26,116,24.07542,24,109
2454,2025-11-14 10:52:34+00,4d106730-1088-4892-9045-ffeebc4d23bc,-6.897204333,107.8179342,867.7,36,1525,95,20.39216,49.41177,,27.84627,31,111,28.4264,27,110,29.44162,26,116,24.07542,24,109
2455,2025-11-14 10:52:39+00,4d106730-1088-4892-9045-ffeebc4d23bc,-6.897206667,107.817453,870.5,29,1232,95,23.13725,71.37255,,27.84627,31,111,28.4264,27,110,29.44162,26,116,24.07542,24,109
2456,2025-11-14 10:52:44+00,4d106730-1088-4892-9045-ffeebc4d23bc,-6.897204333,107.8170637,873,28,1657,96,25.4902,77.64706,,27.84627,31,111,28.4264,27,110,29.44162,26,116,24.07542,24,109
2457,2025-11-14 10:52:49+00,4d106730-1088-4892-9045-ffeebc4d23bc,-6.897205833,107.8167103,874.7,33,1421,95,25.4902,79.21568,,27.84627,31,111,28.4264,27,110,29.44162,26,116,24.07542,24,109
2458,2025-11-14 10:52:54+00,4d106730-1088-4892-9045-ffeebc4d23bc,-6.8971915,107.816307,876,32,1360,95,23.52941,69.41177,,27.84627,31,111,28.4264,27,110,29.44162,26,116,24.07542,24,109
2459,2025-11-14 10:52:59+00,4d106730-1088-4892-9045-ffeebc4d23bc,-6.897154167,107.815885,877.1,33,1407,95,26.27451,83.13725,,27.84627,31,111,28.4264,27,110,29.44162,26,116,24.07542,24,109
2460,2025-11-14 10:53:04+00,4d106730-1088-4892-9045-ffeebc4d23bc,-6.897111167,107.815473,878.1,35,1479,95,29.01961,89.41177,,27.84627,31,111,28.4264,27,110,29.44162,26,116,24.07542,24,109
2461,2025-11-14 10:53:09+00,4d106730-1088-4892-9045-ffeebc4d23bc,-6.8970645,107.815042,878.5,32,1418,95,29.80392,92.54902,,27.84627,31,111,28.4264,27,110,29.44162,26,116,24.07542,24,109
2462,2025-11-14 10:53:14+00,4d106730-1088-4892-9045-ffeebc4d23bc,-6.8970025,107.8146142,880.6,39,2792,94,82.35294,98.43137,,27.84627,31,111,28.4264,27,110,29.44162,26,116,24.07542,24,109
2463,2025-11-14 10:53:19+00,4d106730-1088-4892-9045-ffeebc4d23bc,-6.896935667,107.8141725,882.8,45,1815,94,20,34.11765,,27.84627,31,111,28.4264,27,110,29.44162,26,116,24.07542,24,109
2464,2025-11-14 10:53:24+00,4d106730-1088-4892-9045-ffeebc4d23bc,-6.896880833,107.8136028,884.7,35,1377,95,19.60784,34.90196,,27.84627,31,111,28.4264,27,110,29.44162,26,116,24.07542,24,109
2465,2025-11-14 10:53:29+00,4d106730-1088-4892-9045-ffeebc4d23bc,-6.896841833,107.813129,885.9,33,1391,94,19.60784,47.05882,,27.84627,31,111,28.4264,27,110,29.44162,26,116,24.07542,24,109
2466,2025-11-14 10:53:34+00,4d106730-1088-4892-9045-ffeebc4d23bc,-6.8968185,107.812716,886.9,34,1457,94,25.09804,78.43137,,27.84627,31,111,28.4264,27,110,29.44162,26,116,24.07542,24,109
2467,2025-11-14 10:53:39+00,4d106730-1088-4892-9045-ffeebc4d23bc,-6.896780833,107.8122978,886.9,40,1718,94,22.35294,60.78431,,27.84627,31,111,28.4264,27,110,29.44162,26,116,24.07542,24,109
2468,2025-11-14 10:53:44+00,4d106730-1088-4892-9045-ffeebc4d23bc,-6.8967415,107.8118142,886.8,43,1828,93,24.31373,69.01961,,27.84627,31,111,28.4264,27,110,29.44162,26,116,24.07542,24,109
2469,2025-11-14 10:53:49+00,4d106730-1088-4892-9045-ffeebc4d23bc,-6.896702333,107.8112887,886.6,49,2071,93,23.92157,60.78431,,27.84627,31,111,28.4264,27,110,29.44162,26,116,24.07542,24,109
2470,2025-11-14 10:53:54+00,4d106730-1088-4892-9045-ffeebc4d23bc,-6.896675833,107.8106928,885.7,46,1677,92,20.78431,38.43137,,27.84627,31,111,28.4264,27,110,29.44162,26,116,24.07542,24,109
2471,2025-11-14 10:53:54+00,4d106730-1088-4892-9045-ffeebc4d23bc,-6.896675833,107.8106928,885.7,43,1825,91,23.13725,58.03922,,27.84627,31,111,28.4264,27,110,29.44162,26,116,24.07542,24,109
2472,2025-11-14 10:54:05+00,4d106730-1088-4892-9045-ffeebc4d23bc,-6.896569,107.8094242,885.7,34,1368,91,19.60784,34.11765,,27.84627,31,111,28.4264,27,110,29.44162,26,116,24.07542,24,109
2473,2025-11-14 10:54:09+00,4d106730-1088-4892-9045-ffeebc4d23bc,-6.896538,107.8090602,887.6,5,799,91,19.60784,58.03922,,27.84627,31,111,28.4264,27,110,29.44162,26,116,24.07542,24,109
2474,2025-11-14 10:54:15+00,4d106730-1088-4892-9045-ffeebc4d23bc,-6.896523,107.8088792,887.6,14,1850,91,24.70588,70.58823,,27.84627,31,111,28.4264,27,110,29.44162,26,116,24.07542,24,109
2475,2025-11-14 10:54:19+00,4d106730-1088-4892-9045-ffeebc4d23bc,-6.8965185,107.8087712,888.5,24,1605,92,25.4902,80.78432,,27.84627,31,111,28.4264,27,110,29.44162,26,116,24.07542,24,109
2476,2025-11-14 10:54:25+00,4d106730-1088-4892-9045-ffeebc4d23bc,-6.896488,107.8084353,888.5,31,1310,93,27.05882,86.66666,,27.84627,31,111,28.4264,27,110,29.44162,26,116,24.07542,24,109
2477,2025-11-14 10:54:30+00,4d106730-1088-4892-9045-ffeebc4d23bc,-6.896462167,107.8080543,888.5,34,1480,93,29.01961,89.41177,,27.84627,31,111,28.4264,27,110,29.44162,26,116,24.07542,24,109
2478,2025-11-14 10:54:34+00,4d106730-1088-4892-9045-ffeebc4d23bc,-6.8964415,107.8077128,891.1,40,1713,92,27.84314,86.66666,,27.84627,31,111,28.4264,27,110,29.44162,26,116,24.07542,24,109
2479,2025-11-14 10:54:40+00,4d106730-1088-4892-9045-ffeebc4d23bc,-6.896406,107.807121,892.3,38,1225,92,19.60784,38.82353,,27.84627,31,111,28.4264,27,110,29.44162,26,116,24.07542,24,109
2480,2025-11-14 10:54:45+00,4d106730-1088-4892-9045-ffeebc4d23bc,0.183333333,0.283333333,224,31,1254,91,19.60784,36.47059,,27.84627,31,111,28.4264,27,110,29.44162,26,116,24.07542,24,109
2481,2025-11-14 10:54:50+00,4d106730-1088-4892-9045-ffeebc4d23bc,-6.896378833,107.8062453,224,22,952,91,19.60784,45.4902,,27.84627,31,111,28.4264,27,110,29.44162,26,116,24.07542,24,109
2482,2025-11-14 10:54:55+00,4d106730-1088-4892-9045-ffeebc4d23bc,-6.896391,107.8059565,894.2,20,865,91,20,58.82353,,27.84627,31,111,28.4264,27,110,29.44162,26,116,24.07542,24,109
2483,2025-11-14 10:55:00+00,4d106730-1088-4892-9045-ffeebc4d23bc,-6.896417833,107.8056968,894.4,23,978,91,19.60784,49.41177,,27.84627,31,111,28.4264,27,110,29.44162,26,116,24.07542,24,109
2484,2025-11-14 10:55:05+00,4d106730-1088-4892-9045-ffeebc4d23bc,-6.896454333,107.805414,894.4,24,1285,91,21.56863,61.56863,,27.84627,31,111,28.4264,27,110,29.44162,26,116,24.07542,24,109
2485,2025-11-14 10:55:10+00,4d106730-1088-4892-9045-ffeebc4d23bc,-6.896530333,107.8051208,894.4,22,1151,91,20.78431,56.86274,,27.84627,31,111,28.4264,27,110,29.44162,26,116,24.07542,24,109
2486,2025-11-14 10:55:15+00,4d106730-1088-4892-9045-ffeebc4d23bc,-6.8966415,107.8048555,895.5,21,944,91,19.60784,48.23529,,27.84627,31,111,28.4264,27,110,29.44162,26,116,24.07542,24,109
2487,2025-11-14 10:55:20+00,4d106730-1088-4892-9045-ffeebc4d23bc,-6.896766167,107.8046132,895.9,24,944,91,20,54.90196,,27.84627,31,111,28.4264,27,110,29.44162,26,116,24.07542,24,109
2488,2025-11-14 10:55:25+00,4d106730-1088-4892-9045-ffeebc4d23bc,-6.896937667,107.8043622,893.2,24,1029,92,19.60784,45.88235,,27.84627,31,111,28.4264,27,110,29.44162,26,116,24.07542,24,109
2489,2025-11-14 10:55:30+00,4d106730-1088-4892-9045-ffeebc4d23bc,-6.897122667,107.8041222,891.9,23,1175,91,21.17647,56.86274,,27.84627,31,111,28.4264,27,110,29.44162,26,116,24.07542,24,109
2490,2025-11-14 10:55:35+00,4d106730-1088-4892-9045-ffeebc4d23bc,-6.897309,107.803889,890.7,30,1227,90,20,41.96078,,27.84627,31,111,28.4264,27,110,29.44162,26,116,24.07542,24,109
2491,2025-11-14 10:55:40+00,4d106730-1088-4892-9045-ffeebc4d23bc,-6.8975315,107.8035825,888.3,33,1442,90,20.78431,43.92157,,27.84627,31,111,28.4264,27,110,29.44162,26,116,24.07542,24,109
2492,2025-11-14 10:55:45+00,4d106730-1088-4892-9045-ffeebc4d23bc,-6.897767667,107.8032378,887.2,33,1113,90,20.39216,48.62745,,27.84627,31,111,28.4264,27,110,29.44162,26,116,24.07542,24,109
2493,2025-11-14 10:55:50+00,4d106730-1088-4892-9045-ffeebc4d23bc,-6.898018833,107.802899,886.5,33,1483,90,20.39216,45.4902,,27.84627,31,111,28.4264,27,110,29.44162,26,116,24.07542,24,109
2494,2025-11-14 10:55:55+00,4d106730-1088-4892-9045-ffeebc4d23bc,-6.898336,107.8026272,885.5,32,1268,89,19.60784,36.07843,,27.84627,31,111,28.4264,27,110,29.44162,26,116,24.07542,24,109
2495,2025-11-14 10:56:00+00,4d106730-1088-4892-9045-ffeebc4d23bc,-6.898688,107.802438,884.7,25,1061,89,19.60784,40.78431,,27.84627,31,111,28.4264,27,110,29.44162,26,116,24.07542,24,109
2496,2025-11-14 10:56:05+00,4d106730-1088-4892-9045-ffeebc4d23bc,-6.8989875,107.8023098,883.7,26,1257,89,20.78431,54.5098,,27.84627,31,111,28.4264,27,110,29.44162,26,116,24.07542,24,109
2497,2025-11-14 10:56:10+00,4d106730-1088-4892-9045-ffeebc4d23bc,-6.899286833,107.8021915,882.3,31,1221,89,20,43.13726,,27.84627,31,111,28.4264,27,110,29.44162,26,116,24.07542,24,109
2498,2025-11-14 10:56:15+00,4d106730-1088-4892-9045-ffeebc4d23bc,-6.89965,107.8020758,880.4,33,1410,89,20,40.78431,,27.84627,31,111,28.4264,27,110,29.44162,26,116,24.07542,24,109
2499,2025-11-14 10:56:20+00,4d106730-1088-4892-9045-ffeebc4d23bc,-6.900052333,107.8019595,878.1,34,1361,89,19.60784,35.68628,,27.84627,31,111,28.4264,27,110,29.44162,26,116,24.07542,24,109
2500,2025-11-14 10:56:25+00,4d106730-1088-4892-9045-ffeebc4d23bc,-6.900475333,107.8018432,876.1,33,1365,89,20,36.47059,,27.84627,31,111,28.4264,27,110,29.44162,26,116,24.07542,24,109
2501,2025-11-14 10:56:30+00,4d106730-1088-4892-9045-ffeebc4d23bc,-6.900884667,107.8017257,875,33,1441,89,20.78431,44.31372,,27.84627,31,111,28.4264,27,110,29.44162,26,116,24.07542,24,109
2502,2025-11-14 10:56:35+00,4d106730-1088-4892-9045-ffeebc4d23bc,-6.901289333,107.8016165,874.6,33,1308,89,19.60784,37.2549,,27.84627,31,111,28.4264,27,110,29.44162,26,116,24.07542,24,109
2503,2025-11-14 10:56:40+00,4d106730-1088-4892-9045-ffeebc4d23bc,-6.901693667,107.8015105,874.5,27,990,89,20,50.98039,,27.84627,31,111,28.4264,27,110,29.44162,26,116,24.07542,24,109
2504,2025-11-14 10:56:45+00,4d106730-1088-4892-9045-ffeebc4d23bc,-6.902033167,107.8014228,874.4,23,1135,90,20.78431,52.94118,,27.84627,31,111,28.4264,27,110,29.44162,26,116,24.07542,24,109
2505,2025-11-14 10:56:50+00,4d106730-1088-4892-9045-ffeebc4d23bc,-6.902323333,107.8013445,873.7,22,996,90,19.60784,44.31372,,27.84627,31,111,28.4264,27,110,29.44162,26,116,24.07542,24,109
2506,2025-11-14 10:56:55+00,4d106730-1088-4892-9045-ffeebc4d23bc,-6.902601333,107.801267,872.8,20,915,91,19.60784,46.66667,,27.84627,31,111,28.4264,27,110,29.44162,26,116,24.07542,24,109
2507,2025-11-14 10:57:00+00,4d106730-1088-4892-9045-ffeebc4d23bc,-6.902854833,107.8011982,872.7,19,885,91,19.60784,47.45098,,27.84627,31,111,28.4264,27,110,29.44162,26,116,24.07542,24,109
2508,2025-11-14 10:57:05+00,4d106730-1088-4892-9045-ffeebc4d23bc,-6.903095,107.8011312,872,14,747,91,20.78431,68.62745,,27.84627,31,111,28.4264,27,110,29.44162,26,116,24.07542,24,109
2509,2025-11-14 10:57:10+00,4d106730-1088-4892-9045-ffeebc4d23bc,-6.903271667,107.8010797,872.5,6,861,92,19.60784,52.54902,,27.84627,31,111,28.4264,27,110,29.44162,26,116,24.07542,24,109
2510,2025-11-14 10:57:15+00,4d106730-1088-4892-9045-ffeebc4d23bc,-6.903367333,107.8010513,872.8,5,797,93,19.60784,55.68628,,27.84627,31,111,28.4264,27,110,29.44162,26,116,24.07542,24,109
2511,2025-11-14 10:57:20+00,4d106730-1088-4892-9045-ffeebc4d23bc,-6.9034225,107.8010223,873.1,4,784,94,19.60784,56.47059,,27.84627,31,111,28.4264,27,110,29.44162,26,116,24.07542,24,109
2512,2025-11-14 10:57:25+00,4d106730-1088-4892-9045-ffeebc4d23bc,-6.9034465,107.8009692,873.9,4,1087,94,20.39216,58.03922,,27.84627,31,111,28.4264,27,110,29.44162,26,116,24.07542,24,109
2513,2025-11-14 10:57:30+00,4d106730-1088-4892-9045-ffeebc4d23bc,-6.903450333,107.8009178,875.4,6,830,95,20.39216,63.92157,,27.84627,31,111,28.4264,27,110,29.44162,26,116,24.07542,24,109
2514,2025-11-14 10:57:35+00,4d106730-1088-4892-9045-ffeebc4d23bc,-6.9034745,107.8008558,875.5,5,788,95,20,58.03922,,27.84627,31,111,28.4264,27,110,29.44162,26,116,24.07542,24,109
2515,2025-11-14 11:40:04+00,4d106730-1088-4892-9045-ffeebc4d23bc,-6.903525667,107.8008277,884.5,1,716,79,20.78431,69.41177,,26.83104,29,111,,,,,,,23.06019,23,110
2516,2025-11-14 11:40:09+00,4d106730-1088-4892-9045-ffeebc4d23bc,-6.9035305,107.8008422,883.6,1,771,79,20.39216,65.88235,,26.83104,29,111,,,,,,,23.06019,23,110
2517,2025-11-14 11:40:18+00,4d106730-1088-4892-9045-ffeebc4d23bc,-6.903502333,107.8008398,874.9,2,777,80,21.96078,76.86275,,26.83104,29,111,,,,,,,23.06019,23,110
2518,2025-11-14 11:40:23+00,4d106730-1088-4892-9045-ffeebc4d23bc,-6.903452,107.8008588,873.2,6,821,81,19.21569,67.05882,,26.83104,29,111,,,,,,,23.06019,23,110
2519,2025-11-14 11:40:29+00,4d106730-1088-4892-9045-ffeebc4d23bc,-6.903453833,107.8009258,872.1,3,772,82,20,60.78431,,26.83104,29,111,,,,,,,23.06019,23,110
2520,2025-11-14 11:40:34+00,4d106730-1088-4892-9045-ffeebc4d23bc,-6.903463,107.8009443,871.6,2,757,83,20,61.17647,,26.83104,29,111,,,,,,,23.06019,23,110
2521,2025-11-14 11:40:39+00,4d106730-1088-4892-9045-ffeebc4d23bc,-6.903485,107.8009722,871.3,3,808,83,25.4902,69.80392,,26.83104,29,111,,,,,,,23.06019,23,110
2522,2025-11-14 11:40:44+00,4d106730-1088-4892-9045-ffeebc4d23bc,-6.903570167,107.8009635,871.1,10,1463,84,25.09804,80.78432,,26.83104,29,111,,,,,,,23.06019,23,110
2523,2025-11-14 11:40:49+00,4d106730-1088-4892-9045-ffeebc4d23bc,-6.903778333,107.8009023,871.8,21,1643,85,24.31373,74.5098,,26.83104,29,111,,,,,,,23.06019,23,110
2524,2025-11-14 11:40:53+00,4d106730-1088-4892-9045-ffeebc4d23bc,-6.9039745,107.8008453,873.1,20,1536,86,23.92157,74.90196,,26.83104,29,111,,,,,,,23.06019,23,110
2525,2025-11-14 11:40:59+00,4d106730-1088-4892-9045-ffeebc4d23bc,-6.904323833,107.8007503,873.8,28,1346,88,22.7451,75.68627,,26.83104,29,111,,,,,,,23.06019,23,110
2526,2025-11-14 11:41:04+00,4d106730-1088-4892-9045-ffeebc4d23bc,-6.9046235,107.8006652,874.5,20,912,89,20,53.72549,,26.83104,29,111,,,,,,,23.06019,23,110
2527,2025-11-14 11:41:09+00,4d106730-1088-4892-9045-ffeebc4d23bc,-6.904812,107.8006035,875.6,11,764,89,20,61.17647,,26.83104,29,111,,,,,,,23.06019,23,110
2528,2025-11-14 11:41:14+00,4d106730-1088-4892-9045-ffeebc4d23bc,-6.904897833,107.8005617,876,10,1562,90,24.31373,75.29412,,26.83104,29,111,,,,,,,23.06019,23,110
2529,2025-11-14 11:41:19+00,4d106730-1088-4892-9045-ffeebc4d23bc,-6.905036,107.8004253,876.4,19,1507,91,28.23529,91.37255,,26.83104,29,111,,,,,,,23.06019,23,110
2530,2025-11-14 11:41:24+00,4d106730-1088-4892-9045-ffeebc4d23bc,-6.9051095,107.8001605,877.7,26,2001,91,34.11765,93.72549,,26.83104,29,111,,,,,,,23.06019,23,110
2531,2025-11-14 11:41:29+00,4d106730-1088-4892-9045-ffeebc4d23bc,-6.905094167,107.7997943,879,25,847,93,20,54.90196,,26.83104,29,111,,,,,,,23.06019,23,110
2532,2025-11-14 11:41:34+00,4d106730-1088-4892-9045-ffeebc4d23bc,-6.905042,107.7994513,880.7,33,1859,93,41.96078,95.68627,,26.83104,29,111,,,,,,,23.06019,23,110
2533,2025-11-14 11:41:38+00,4d106730-1088-4892-9045-ffeebc4d23bc,-6.904984,107.7990733,882.2,39,1000,94,20.78431,55.68628,,26.83104,29,111,,,,,,,23.06019,23,110
2534,2025-11-14 11:41:44+00,4d106730-1088-4892-9045-ffeebc4d23bc,-6.905017833,107.7985217,880.5,35,1010,95,20,48.62745,,26.83104,29,111,,,,28.86149,23,119,23.06019,23,110
2535,2025-11-14 11:41:48+00,4d106730-1088-4892-9045-ffeebc4d23bc,-6.9051635,107.7982115,878.3,32,956,95,19.60784,46.66667,,26.83104,29,111,,,,28.86149,23,119,23.06019,23,110
2536,2025-11-14 11:41:54+00,4d106730-1088-4892-9045-ffeebc4d23bc,-6.905494333,107.7978965,877.7,27,874,95,19.60784,49.80392,,26.83104,29,111,,,,28.86149,23,119,23.06019,23,110
2537,2025-11-14 11:41:59+00,4d106730-1088-4892-9045-ffeebc4d23bc,-6.905740333,107.7977053,877.1,21,946,95,25.09804,59.21569,,26.83104,29,111,,,,28.86149,23,119,23.06019,23,110
2538,2025-11-14 11:42:04+00,4d106730-1088-4892-9045-ffeebc4d23bc,-6.9059245,107.7975638,876.5,17,1214,95,24.31373,74.90196,,26.83104,29,111,,,,28.86149,23,119,23.06019,23,110
2539,2025-11-14 11:42:09+00,4d106730-1088-4892-9045-ffeebc4d23bc,-6.906121833,107.7974153,876.1,20,1260,95,24.31373,73.72549,,26.83104,29,111,,,,28.86149,23,119,23.06019,23,110
2540,2025-11-14 11:42:14+00,4d106730-1088-4892-9045-ffeebc4d23bc,-6.906388,107.7972153,876,31,1321,94,24.31373,76.47059,,26.83104,29,111,,,,28.86149,23,119,23.06019,23,110
2541,2025-11-14 11:42:19+00,4d106730-1088-4892-9045-ffeebc4d23bc,-6.9067175,107.7969525,876.7,32,969,95,20,50.98039,,26.83104,29,111,,,,28.86149,23,119,23.06019,23,110
2542,2025-11-14 11:42:24+00,4d106730-1088-4892-9045-ffeebc4d23bc,-6.906981667,107.7967283,875.7,23,938,95,20.78431,64.31373,,26.83104,29,111,,,,28.86149,23,119,23.06019,23,110
2543,2025-11-14 11:42:29+00,4d106730-1088-4892-9045-ffeebc4d23bc,-6.907204667,107.7965502,875.3,22,945,95,19.60784,49.80392,,26.83104,29,111,,,,28.86149,23,119,23.06019,23,110
2544,2025-11-14 11:42:34+00,4d106730-1088-4892-9045-ffeebc4d23bc,-6.907405667,107.7963893,875.6,20,895,95,19.60784,49.01961,,26.83104,29,111,,,,28.86149,23,119,23.06019,23,110
2545,2025-11-14 11:42:39+00,4d106730-1088-4892-9045-ffeebc4d23bc,-6.9075875,107.796249,875.9,16,818,95,19.60784,52.94118,,26.83104,29,111,,,,28.86149,23,119,23.06019,23,110
2546,2025-11-14 11:42:44+00,4d106730-1088-4892-9045-ffeebc4d23bc,-6.907732333,107.7961392,876,10,728,95,21.17647,74.11765,,26.83104,29,111,,,,28.86149,23,119,23.06019,23,110
2547,2025-11-14 11:42:49+00,4d106730-1088-4892-9045-ffeebc4d23bc,-6.907773,107.7961077,876.1,1,760,95,20,62.35294,,26.83104,29,111,,,,28.86149,23,119,23.06019,23,110
2548,2025-11-14 11:42:54+00,4d106730-1088-4892-9045-ffeebc4d23bc,-6.9077825,107.7961003,876,1,747,95,20,60.39216,,26.83104,29,111,,,,28.86149,23,119,23.06019,23,110
2549,2025-11-14 11:42:59+00,4d106730-1088-4892-9045-ffeebc4d23bc,-6.9078105,107.7960785,875.2,4,778,95,20,60.39216,,26.83104,29,111,,,,28.86149,23,119,23.06019,23,110
2550,2025-11-14 11:43:04+00,4d106730-1088-4892-9045-ffeebc4d23bc,-6.907881167,107.7960253,874.6,9,1001,95,19.60784,60.39216,,26.83104,29,111,,,,28.86149,23,119,23.06019,23,110
2551,2025-11-14 11:43:09+00,4d106730-1088-4892-9045-ffeebc4d23bc,-6.907981167,107.7959515,874.3,11,1075,95,20,49.41177,,26.83104,29,111,,,,28.86149,23,119,23.06019,23,110
2552,2025-11-14 11:43:14+00,4d106730-1088-4892-9045-ffeebc4d23bc,-6.908077333,107.7958772,874.7,10,1381,95,22.7451,58.82353,,26.83104,29,111,,,,28.86149,23,119,23.06019,23,110
2553,2025-11-14 11:43:19+00,4d106730-1088-4892-9045-ffeebc4d23bc,-6.9082565,107.7957478,873.8,24,1662,95,22.7451,57.2549,,26.83104,29,111,,,,28.86149,23,119,23.06019,23,110
2554,2025-11-14 11:43:24+00,4d106730-1088-4892-9045-ffeebc4d23bc,-6.9085595,107.7955245,871.8,34,1039,95,20,50.58823,,26.83104,29,111,,,,28.86149,23,119,23.06019,23,110
2555,2025-11-14 11:43:29+00,4d106730-1088-4892-9045-ffeebc4d23bc,-6.908940167,107.7952802,868.7,37,970,95,20,54.11765,,26.83104,29,111,,,,28.86149,23,119,23.06019,23,110
2556,2025-11-14 11:43:34+00,4d106730-1088-4892-9045-ffeebc4d23bc,-6.909378167,107.7951247,866.5,36,1036,95,19.60784,44.31372,,26.83104,29,111,,,,28.57143,23,119,23.06019,23,110
2557,2025-11-14 11:43:39+00,4d106730-1088-4892-9045-ffeebc4d23bc,-6.909818,107.7951042,864.4,32,972,95,19.60784,43.52941,,26.83104,29,111,,,,28.57143,23,119,23.06019,23,110
2558,2025-11-14 11:43:44+00,4d106730-1088-4892-9045-ffeebc4d23bc,-6.910177667,107.7951543,861.4,26,863,95,19.60784,50.58823,,26.83104,29,111,,,,28.57143,23,119,23.06019,23,110
2559,2025-11-14 11:43:49+00,4d106730-1088-4892-9045-ffeebc4d23bc,-6.910497167,107.7952158,858.6,27,873,95,19.60784,52.54902,,26.83104,29,111,,,,28.57143,23,119,23.06019,23,110
2560,2025-11-14 11:43:54+00,4d106730-1088-4892-9045-ffeebc4d23bc,-6.910828167,107.7952895,856.2,27,864,95,20,55.29412,,26.83104,29,111,,,,28.57143,23,119,23.06019,23,110
2561,2025-11-14 11:43:59+00,4d106730-1088-4892-9045-ffeebc4d23bc,-6.911164333,107.7953257,854.7,27,863,95,19.60784,53.33333,,26.83104,29,111,,,,28.57143,23,119,23.06019,23,110
2562,2025-11-14 11:44:04+00,4d106730-1088-4892-9045-ffeebc4d23bc,-6.911503,107.7952247,850.8,29,895,95,19.60784,50.98039,,26.83104,29,111,,,,28.57143,23,119,23.06019,23,110
2563,2025-11-14 11:44:09+00,4d106730-1088-4892-9045-ffeebc4d23bc,-6.911869833,107.7950887,849.9,33,971,95,19.60784,47.45098,,26.83104,29,111,,,,28.57143,23,119,23.06019,23,110
2564,2025-11-14 11:44:14+00,4d106730-1088-4892-9045-ffeebc4d23bc,-6.912263833,107.7949585,846.2,36,982,95,20.39216,55.29412,,26.83104,29,111,,,,28.57143,23,119,23.06019,23,110
2565,2025-11-14 11:44:19+00,4d106730-1088-4892-9045-ffeebc4d23bc,-6.9127125,107.7947848,842.6,39,1094,95,19.60784,41.56863,,26.83104,29,111,,,,28.57143,23,119,23.06019,23,110
2566,2025-11-14 11:44:24+00,4d106730-1088-4892-9045-ffeebc4d23bc,-6.913157667,107.7945278,840.1,38,1096,95,19.60784,38.82353,,26.83104,29,111,,,,28.57143,23,119,23.06019,23,110
2567,2025-11-14 11:44:29+00,4d106730-1088-4892-9045-ffeebc4d23bc,-6.913563,107.7943442,837.3,33,990,95,19.60784,43.92157,,26.83104,29,111,,,,28.57143,23,119,23.06019,23,110
2568,2025-11-14 11:44:34+00,4d106730-1088-4892-9045-ffeebc4d23bc,-6.9138335,107.7941,836.9,28,899,95,25.09804,61.96078,,26.83104,29,111,,,,28.57143,23,119,23.06019,23,110
2569,2025-11-14 11:44:39+00,4d106730-1088-4892-9045-ffeebc4d23bc,-6.913876833,107.7937652,835.8,28,894,95,20,53.33333,,26.83104,29,111,,,,28.57143,23,119,23.06019,23,110
2570,2025-11-14 11:44:44+00,4d106730-1088-4892-9045-ffeebc4d23bc,-6.913661,107.7934868,835.4,29,895,95,19.60784,50.98039,,26.83104,29,111,,,,28.57143,23,119,23.06019,23,110
2571,2025-11-14 11:44:49+00,4d106730-1088-4892-9045-ffeebc4d23bc,-6.913405,107.7932807,835.8,25,844,95,20.39216,51.37255,,26.83104,29,111,,,,28.57143,23,119,23.06019,23,110
2572,2025-11-14 11:44:54+00,4d106730-1088-4892-9045-ffeebc4d23bc,-6.913208833,107.7931208,833.3,18,863,95,19.60784,50.58823,,26.83104,29,111,,,,28.57143,23,119,23.06019,23,110
2573,2025-11-14 11:44:59+00,4d106730-1088-4892-9045-ffeebc4d23bc,-6.913148833,107.792913,830.1,21,904,95,20.39216,58.03922,,26.83104,29,111,,,,28.57143,23,119,23.06019,23,110
2574,2025-11-14 11:45:04+00,4d106730-1088-4892-9045-ffeebc4d23bc,-6.9133715,107.7928415,828.6,22,965,95,20,51.37255,,26.83104,29,111,,,,28.57143,23,119,23.06019,23,110
2575,2025-11-14 11:45:09+00,4d106730-1088-4892-9045-ffeebc4d23bc,-6.913688333,107.7930142,826.2,36,1082,95,20.39216,54.5098,,26.83104,29,111,,,,28.57143,23,119,23.06019,23,110
2576,2025-11-14 11:45:14+00,4d106730-1088-4892-9045-ffeebc4d23bc,-6.914071,107.7931155,823,27,867,95,19.60784,51.37255,,26.83104,29,111,,,,29.00653,24,113,23.06019,23,110
2577,2025-11-14 11:45:19+00,4d106730-1088-4892-9045-ffeebc4d23bc,-6.9143525,107.7931702,822.1,20,906,95,19.60784,50.19608,,26.83104,29,111,,,,29.00653,24,113,23.06019,23,110
2578,2025-11-14 11:45:24+00,4d106730-1088-4892-9045-ffeebc4d23bc,-6.914618833,107.7932217,820.4,23,947,95,20.39216,56.47059,,26.83104,29,111,,,,29.00653,24,113,23.06019,23,110
2579,2025-11-14 11:45:29+00,4d106730-1088-4892-9045-ffeebc4d23bc,-6.914897833,107.7932863,818.1,23,1000,96,19.60784,46.27451,,26.83104,29,111,,,,29.00653,24,113,23.06019,23,110
2580,2025-11-14 11:45:34+00,4d106730-1088-4892-9045-ffeebc4d23bc,-6.915171333,107.7934125,814.4,25,1052,96,19.60784,42.35294,,26.83104,29,111,,,,29.00653,24,113,23.06019,23,110
2581,2025-11-14 11:45:39+00,4d106730-1088-4892-9045-ffeebc4d23bc,-6.915335833,107.7936882,813.8,25,1050,95,19.60784,40.78431,,26.83104,29,111,,,,29.00653,24,113,23.06019,23,110
2582,2025-11-14 11:45:44+00,4d106730-1088-4892-9045-ffeebc4d23bc,-6.915466333,107.7939625,814.7,22,935,95,20,56.07843,,26.83104,29,111,,,,29.00653,24,113,23.06019,23,110
2583,2025-11-14 11:45:49+00,4d106730-1088-4892-9045-ffeebc4d23bc,-6.915727333,107.7940583,812.9,24,1200,95,19.60784,51.76471,,26.83104,29,111,,,,29.00653,24,113,23.06019,23,110
2584,2025-11-14 11:45:54+00,4d106730-1088-4892-9045-ffeebc4d23bc,-6.915999333,107.7939597,813.2,20,910,95,19.60784,48.62745,,26.83104,29,111,,,,29.00653,24,113,23.06019,23,110
2585,2025-11-14 11:45:59+00,4d106730-1088-4892-9045-ffeebc4d23bc,-6.916194,107.7938682,814,14,802,95,19.60784,54.11765,,26.83104,29,111,,,,29.00653,24,113,23.06019,23,110
2586,2025-11-14 11:46:04+00,4d106730-1088-4892-9045-ffeebc4d23bc,-6.9163155,107.793808,813.6,5,799,95,20,55.29412,,26.83104,29,111,,,,28.86149,24,113,23.06019,23,110
2587,2025-11-14 11:46:09+00,4d106730-1088-4892-9045-ffeebc4d23bc,-6.916356667,107.7937892,814.2,1,746,96,21.17647,72.94118,,26.83104,29,111,,,,28.86149,24,113,23.06019,23,110
2588,2025-11-14 11:46:14+00,4d106730-1088-4892-9045-ffeebc4d23bc,-6.9164015,107.7937663,814.9,9,1235,96,21.17647,56.86274,,26.83104,29,111,,,,28.86149,24,113,23.06019,23,110
2589,2025-11-14 11:46:19+00,4d106730-1088-4892-9045-ffeebc4d23bc,-6.916522333,107.7936988,814.4,10,977,95,20,48.62745,,26.83104,29,111,,,,28.86149,24,113,23.06019,23,110
2590,2025-11-14 11:46:24+00,4d106730-1088-4892-9045-ffeebc4d23bc,-6.916596667,107.7936635,814.8,1,766,96,19.60784,57.2549,,26.83104,29,111,,,,28.86149,24,113,23.06019,23,110
2591,2025-11-14 11:46:30+00,4d106730-1088-4892-9045-ffeebc4d23bc,-6.916597833,107.7936618,814.4,2,726,96,21.17647,74.11765,,26.83104,29,111,,,,28.86149,24,113,23.06019,23,110
2592,2025-11-14 11:46:35+00,4d106730-1088-4892-9045-ffeebc4d23bc,-6.916616167,107.7936532,815,12,1627,96,22.7451,62.35294,,26.83104,29,111,,,,28.86149,24,113,23.06019,23,110
2593,2025-11-14 11:46:40+00,4d106730-1088-4892-9045-ffeebc4d23bc,-6.916739833,107.7935977,815.5,19,1479,96,23.52941,70.58823,,26.83104,29,111,,,,28.86149,24,113,23.06019,23,110
2594,2025-11-14 11:46:45+00,4d106730-1088-4892-9045-ffeebc4d23bc,-6.916948,107.7934943,817,24,1371,96,23.13725,70.98039,,26.83104,29,111,,,,28.86149,24,113,23.06019,23,110
2595,2025-11-14 11:46:50+00,4d106730-1088-4892-9045-ffeebc4d23bc,-6.917213667,107.793362,818.3,27,1315,96,21.96078,58.43137,,26.83104,29,111,,,,28.86149,24,113,23.06019,23,110
2596,2025-11-14 11:46:55+00,4d106730-1088-4892-9045-ffeebc4d23bc,-6.9175205,107.7932127,819,33,1185,96,21.96078,67.45098,,26.83104,29,111,,,,28.86149,24,113,23.06019,23,110
2597,2025-11-14 11:47:00+00,4d106730-1088-4892-9045-ffeebc4d23bc,-6.9178915,107.7930287,816.8,33,992,96,19.60784,47.45098,,26.83104,29,111,,,,28.86149,24,113,23.06019,23,110
2598,2025-11-14 11:47:05+00,4d106730-1088-4892-9045-ffeebc4d23bc,-6.9182665,107.7928308,814.8,30,939,97,19.60784,47.45098,,26.83104,29,111,,,,28.86149,24,113,23.06019,23,110
2599,2025-11-14 11:47:10+00,4d106730-1088-4892-9045-ffeebc4d23bc,-6.9185875,107.792613,813.4,31,956,97,19.60784,47.05882,,26.83104,29,111,,,,28.86149,24,113,23.06019,23,110
2600,2025-11-14 11:47:15+00,4d106730-1088-4892-9045-ffeebc4d23bc,-6.918860333,107.7923313,810.6,32,970,97,19.60784,46.27451,,26.83104,29,111,,,,28.86149,24,113,23.06019,23,110
2601,2025-11-14 11:47:20+00,4d106730-1088-4892-9045-ffeebc4d23bc,-6.919149,107.7920725,808.5,25,980,96,19.21569,52.94118,,26.83104,29,111,,,,28.86149,24,113,23.06019,23,110
2602,2025-11-14 11:47:25+00,4d106730-1088-4892-9045-ffeebc4d23bc,-6.919403,107.7918793,806,30,1293,96,21.96078,58.82353,,26.83104,29,111,,,,28.86149,24,113,23.06019,23,110
2603,2025-11-14 11:47:30+00,4d106730-1088-4892-9045-ffeebc4d23bc,-6.919613167,107.7915722,802,30,914,96,19.60784,48.23529,,26.83104,29,111,,,,28.86149,24,113,23.06019,23,110
2604,2025-11-14 11:47:35+00,4d106730-1088-4892-9045-ffeebc4d23bc,-6.919820167,107.7912607,801.4,19,878,96,19.60784,50.58823,,26.83104,29,111,,,,28.86149,24,113,23.06019,23,110
2605,2025-11-14 11:47:40+00,4d106730-1088-4892-9045-ffeebc4d23bc,-6.9199705,107.79105,801.6,24,1461,96,23.92157,74.90196,,26.83104,29,111,,,,28.86149,24,113,23.06019,23,110
2606,2025-11-14 11:47:45+00,4d106730-1088-4892-9045-ffeebc4d23bc,-6.920148667,107.7908167,799.7,27,1103,96,19.60784,43.52941,,26.83104,29,111,,,,28.86149,24,113,23.06019,23,110
2607,2025-11-14 11:47:50+00,4d106730-1088-4892-9045-ffeebc4d23bc,-6.9203555,107.7905585,796.4,24,1053,96,19.60784,41.56863,,26.83104,29,111,,,,28.86149,24,113,23.06019,23,110
2608,2025-11-14 11:47:55+00,4d106730-1088-4892-9045-ffeebc4d23bc,-6.920544333,107.7903047,793,16,833,96,19.60784,52.15686,,26.83104,29,111,,,,28.86149,24,113,23.06019,23,110
2609,2025-11-14 11:48:00+00,4d106730-1088-4892-9045-ffeebc4d23bc,-6.920735,107.790192,789.9,16,810,96,19.60784,54.11765,,26.83104,29,111,,,,28.86149,24,113,23.06019,23,110
2610,2025-11-14 11:48:05+00,4d106730-1088-4892-9045-ffeebc4d23bc,-6.920917167,107.7903015,789,16,807,96,20.78431,67.84314,,26.83104,29,111,,,,28.86149,24,113,23.06019,23,110
2611,2025-11-14 11:48:10+00,4d106730-1088-4892-9045-ffeebc4d23bc,-6.921027833,107.7904752,789.6,19,861,96,20,55.29412,,26.83104,29,111,,,,28.86149,24,113,23.06019,23,110
2612,2025-11-14 11:48:15+00,4d106730-1088-4892-9045-ffeebc4d23bc,-6.921237833,107.7905208,787.3,16,817,96,19.60784,54.11765,,26.83104,29,111,,,,28.86149,24,113,23.06019,23,110
2613,2025-11-14 11:48:20+00,4d106730-1088-4892-9045-ffeebc4d23bc,-6.9213805,107.7903703,787.9,28,1243,96,19.60784,49.01961,,26.83104,29,111,,,,28.86149,24,113,23.06019,23,110
2614,2025-11-14 11:48:25+00,4d106730-1088-4892-9045-ffeebc4d23bc,-6.921480167,107.7900658,786.1,23,1004,96,19.60784,44.70588,,26.83104,29,111,,,,28.86149,24,113,23.06019,23,110
2615,2025-11-14 11:48:30+00,4d106730-1088-4892-9045-ffeebc4d23bc,-6.9215785,107.7897762,784.7,23,916,96,20,55.68628,,26.83104,29,111,,,,28.86149,24,113,23.35025,23,109
2616,2025-11-14 11:48:35+00,4d106730-1088-4892-9045-ffeebc4d23bc,-6.9217275,107.7895272,783.3,22,948,96,19.60784,49.80392,,26.83104,29,111,,,,28.86149,24,113,23.35025,23,109
2617,2025-11-14 11:48:40+00,4d106730-1088-4892-9045-ffeebc4d23bc,-6.9218705,107.789296,783,25,1057,96,19.60784,43.13726,,26.83104,29,111,,,,28.86149,24,113,23.35025,23,109
2618,2025-11-14 11:48:45+00,4d106730-1088-4892-9045-ffeebc4d23bc,-6.922005167,107.7890165,781.9,22,973,96,19.60784,43.52941,,26.83104,29,111,,,,28.86149,24,113,23.35025,23,109
2619,2025-11-14 11:48:50+00,4d106730-1088-4892-9045-ffeebc4d23bc,-6.922133833,107.788766,781,23,993,96,19.60784,44.31372,,26.83104,29,111,,,,28.86149,24,113,23.35025,23,109
2620,2025-11-14 11:48:55+00,4d106730-1088-4892-9045-ffeebc4d23bc,-6.922239667,107.7885012,779.3,21,907,96,20,56.86274,,26.83104,29,111,,,,28.86149,24,113,23.35025,23,109
2621,2025-11-14 11:49:00+00,4d106730-1088-4892-9045-ffeebc4d23bc,-6.922314167,107.788243,778.7,18,1223,96,23.52941,70.98039,,26.83104,29,111,,,,28.86149,24,113,23.35025,23,109
2622,2025-11-14 11:49:05+00,4d106730-1088-4892-9045-ffeebc4d23bc,-6.922364167,107.788024,777.6,19,885,96,19.60784,51.37255,,26.83104,29,111,,,,28.86149,24,113,23.35025,23,109
2623,2025-11-14 11:49:10+00,4d106730-1088-4892-9045-ffeebc4d23bc,-6.922446,107.7877875,778.7,25,1389,96,20.78431,59.60784,,26.83104,29,111,,,,28.86149,24,113,23.35025,23,109
2624,2025-11-14 11:49:15+00,4d106730-1088-4892-9045-ffeebc4d23bc,-6.922585333,107.7875212,778,25,1066,96,19.60784,43.52941,,26.83104,29,111,,,,28.86149,24,113,23.35025,23,109
2625,2025-11-14 11:49:20+00,4d106730-1088-4892-9045-ffeebc4d23bc,-6.922745167,107.7872507,776.2,18,827,96,20.39216,61.56863,,26.83104,29,111,,,,28.86149,24,113,23.35025,23,109
2626,2025-11-14 11:49:25+00,4d106730-1088-4892-9045-ffeebc4d23bc,-6.922868167,107.787034,776,16,805,97,19.60784,54.90196,,26.83104,29,111,,,,28.86149,24,113,23.35025,23,109
2627,2025-11-14 11:49:30+00,4d106730-1088-4892-9045-ffeebc4d23bc,-6.9229665,107.7868593,776.4,16,821,97,19.60784,54.11765,,26.83104,29,111,,,,28.86149,24,113,23.35025,23,109
2628,2025-11-14 11:49:35+00,4d106730-1088-4892-9045-ffeebc4d23bc,-6.9230695,107.7866795,777.3,17,835,97,21.96078,57.64706,,26.83104,29,111,,,,28.86149,24,113,23.35025,23,109
2629,2025-11-14 11:49:40+00,4d106730-1088-4892-9045-ffeebc4d23bc,-6.9231755,107.7864773,778.7,27,1245,97,19.21569,49.80392,,26.83104,29,111,,,,28.86149,24,113,23.35025,23,109
2630,2025-11-14 11:49:45+00,4d106730-1088-4892-9045-ffeebc4d23bc,-6.923335,107.7862017,779.6,19,860,97,19.21569,55.68628,,26.83104,29,111,,,,28.86149,24,113,23.35025,23,109
2631,2025-11-14 11:49:50+00,4d106730-1088-4892-9045-ffeebc4d23bc,-6.923498333,107.7860037,780.2,19,1268,98,22.7451,69.01961,,26.83104,29,111,,,,28.86149,24,113,23.35025,23,109
2632,2025-11-14 11:49:55+00,4d106730-1088-4892-9045-ffeebc4d23bc,-6.9236915,107.7858638,781,20,889,97,20.39216,52.15686,,26.83104,29,111,,,,28.86149,24,113,23.35025,23,109
2633,2025-11-14 11:50:00+00,4d106730-1088-4892-9045-ffeebc4d23bc,-6.923911833,107.7857247,781,25,1090,98,20,49.01961,,26.83104,29,111,,,,28.86149,24,113,23.35025,23,109
2634,2025-11-14 11:50:05+00,4d106730-1088-4892-9045-ffeebc4d23bc,-6.924128333,107.7855147,780.6,18,874,98,20,65.09804,,26.83104,29,111,,,,28.86149,24,113,23.35025,23,109
2635,2025-11-14 11:50:10+00,4d106730-1088-4892-9045-ffeebc4d23bc,-6.924285333,107.7853278,780,15,806,98,19.60784,57.64706,,26.83104,29,111,,,,28.86149,24,113,23.35025,23,109
2636,2025-11-14 11:50:15+00,4d106730-1088-4892-9045-ffeebc4d23bc,-6.924404167,107.7851763,779.7,19,888,98,19.60784,53.33333,,26.83104,29,111,,,,28.86149,24,113,23.35025,23,109
2637,2025-11-14 11:50:20+00,4d106730-1088-4892-9045-ffeebc4d23bc,-6.924547833,107.7849838,778.7,24,1053,98,20,50.19608,,26.83104,29,111,,,,28.86149,24,113,23.35025,23,109
2638,2025-11-14 11:50:25+00,4d106730-1088-4892-9045-ffeebc4d23bc,-6.9247005,107.7847515,776.4,19,887,98,19.60784,50.19608,,26.83104,29,111,,,,28.86149,24,113,23.35025,23,109
2639,2025-11-14 11:50:30+00,4d106730-1088-4892-9045-ffeebc4d23bc,-6.924792833,107.784521,775.1,16,804,98,20.39216,67.05882,,26.83104,29,111,,,,28.86149,24,113,23.35025,23,109
2640,2025-11-14 11:50:35+00,4d106730-1088-4892-9045-ffeebc4d23bc,-6.924864333,107.7843307,773.7,14,779,98,19.60784,58.43137,,26.83104,29,111,,,,28.86149,24,113,23.35025,23,109
2641,2025-11-14 11:50:40+00,4d106730-1088-4892-9045-ffeebc4d23bc,-6.924940333,107.7841798,772.4,18,834,98,19.60784,55.29412,,26.83104,29,111,,,,28.86149,24,113,23.35025,23,109
2642,2025-11-14 11:50:45+00,4d106730-1088-4892-9045-ffeebc4d23bc,-6.9251,107.784035,770.9,15,805,98,19.60784,54.5098,,26.83104,29,111,,,,28.86149,24,113,23.35025,23,109
2643,2025-11-14 11:50:50+00,4d106730-1088-4892-9045-ffeebc4d23bc,-6.925288,107.7839607,769.9,14,800,98,19.60784,55.68628,,26.83104,29,111,,,,28.86149,24,113,23.35025,23,109
2644,2025-11-14 11:50:55+00,4d106730-1088-4892-9045-ffeebc4d23bc,-6.925471,107.783933,769.4,18,825,98,20.39216,65.88235,,26.83104,29,111,,,,28.86149,24,113,23.35025,23,109
2645,2025-11-14 11:51:00+00,4d106730-1088-4892-9045-ffeebc4d23bc,-6.925677833,107.7839703,765.3,18,849,98,19.60784,54.11765,,26.83104,29,111,,,,28.86149,24,113,23.35025,23,109
2646,2025-11-14 11:51:05+00,4d106730-1088-4892-9045-ffeebc4d23bc,-6.925823333,107.7841407,763.3,18,845,98,19.60784,53.72549,,26.83104,29,111,,,,28.86149,24,113,23.35025,23,109
2647,2025-11-14 11:51:10+00,4d106730-1088-4892-9045-ffeebc4d23bc,-6.9258625,107.7843542,762.8,18,855,98,19.60784,50.98039,,26.83104,29,111,,,,28.86149,24,113,23.35025,23,109
2648,2025-11-14 11:51:18+00,4d106730-1088-4892-9045-ffeebc4d23bc,-6.925801667,107.7847078,760.1,19,866,98,19.60784,51.37255,,26.83104,29,111,,,,28.86149,24,113,23.35025,23,109
2649,2025-11-14 11:51:20+00,4d106730-1088-4892-9045-ffeebc4d23bc,-6.9257985,107.7847967,760,22,908,98,20,58.03922,,26.83104,29,111,,,,28.86149,24,113,23.35025,23,109
2650,2025-11-14 11:51:25+00,4d106730-1088-4892-9045-ffeebc4d23bc,-6.925953667,107.7849863,756.7,21,955,98,19.60784,47.45098,,26.83104,29,111,,,,28.86149,24,113,23.35025,23,109
2651,2025-11-14 11:51:30+00,4d106730-1088-4892-9045-ffeebc4d23bc,-6.926221667,107.785051,753.6,17,827,98,19.60784,50.58823,,26.83104,29,111,,,,28.86149,24,113,23.35025,23,109
2652,2025-11-14 11:51:38+00,4d106730-1088-4892-9045-ffeebc4d23bc,-6.926453333,107.7852665,749,13,791,98,19.60784,55.29412,,26.83104,29,111,,,,28.86149,24,113,23.35025,23,109
2653,2025-11-14 11:51:43+00,4d106730-1088-4892-9045-ffeebc4d23bc,-6.926586833,107.785352,747.6,18,860,98,19.60784,54.90196,,26.83104,29,111,,,,28.86149,24,113,23.35025,23,109
2654,2025-11-14 11:51:48+00,4d106730-1088-4892-9045-ffeebc4d23bc,-6.9267645,107.7852575,740.3,14,775,98,20.39216,69.41177,,26.83104,29,111,,,,28.86149,24,113,23.35025,23,109
2655,2025-11-14 11:51:50+00,4d106730-1088-4892-9045-ffeebc4d23bc,-6.926804,107.7851962,738.5,20,912,98,20,53.33333,,26.83104,29,111,,,,28.86149,24,113,23.35025,23,109
2656,2025-11-14 11:52:00+00,4d106730-1088-4892-9045-ffeebc4d23bc,-6.927060167,107.784782,742,15,794,98,19.60784,53.72549,,26.83104,29,111,,,,28.86149,24,113,23.35025,23,109
2657,2025-11-14 11:52:05+00,4d106730-1088-4892-9045-ffeebc4d23bc,-6.9272015,107.7846508,744.2,17,829,98,19.60784,55.29412,,26.83104,29,111,,,,28.86149,24,113,23.35025,23,109
2658,2025-11-14 11:52:10+00,4d106730-1088-4892-9045-ffeebc4d23bc,-6.9273765,107.784524,746.3,18,841,98,20.39216,62.35294,,26.83104,29,111,,,,28.86149,24,113,23.35025,23,109
2659,2025-11-14 11:52:15+00,4d106730-1088-4892-9045-ffeebc4d23bc,-6.927572167,107.7843805,746.8,18,871,98,19.60784,54.90196,,26.83104,29,111,,,,28.86149,24,113,23.35025,23,109
2660,2025-11-14 11:52:20+00,4d106730-1088-4892-9045-ffeebc4d23bc,-6.927773333,107.7842783,746.2,21,913,98,19.60784,50.58823,,26.83104,29,111,,,,28.86149,24,113,23.35025,23,109
2661,2025-11-14 11:52:25+00,4d106730-1088-4892-9045-ffeebc4d23bc,-6.9280195,107.784232,744.8,16,807,98,19.60784,52.54902,,26.83104,29,111,,,,28.86149,24,113,23.35025,23,109
2662,2025-11-14 11:52:30+00,4d106730-1088-4892-9045-ffeebc4d23bc,-6.928229333,107.7842107,743.8,11,777,98,19.60784,55.68628,,26.83104,29,111,,,,28.86149,24,113,23.35025,23,109
2663,2025-11-14 11:52:35+00,4d106730-1088-4892-9045-ffeebc4d23bc,-6.928380667,107.7841645,742.4,12,871,98,20.39216,60.78431,,26.83104,29,111,,,,28.86149,24,113,23.35025,23,109
2664,2025-11-14 11:52:40+00,4d106730-1088-4892-9045-ffeebc4d23bc,-6.928514,107.7841108,741.4,14,947,98,19.60784,51.37255,,26.83104,29,111,,,,28.86149,24,113,23.35025,23,109
2665,2025-11-14 11:52:45+00,4d106730-1088-4892-9045-ffeebc4d23bc,-6.9286725,107.7840325,740.1,16,1023,98,19.60784,43.92157,,26.83104,29,111,,,,28.86149,24,113,23.35025,23,109
2666,2025-11-14 11:52:50+00,4d106730-1088-4892-9045-ffeebc4d23bc,-6.928838667,107.783925,739.5,15,1008,98,19.60784,42.35294,,26.83104,29,111,,,,28.86149,24,113,23.35025,23,109
2667,2025-11-14 11:52:55+00,4d106730-1088-4892-9045-ffeebc4d23bc,-6.928987833,107.7837903,739.4,14,932,98,19.60784,45.88235,,26.83104,29,111,,,,28.86149,24,113,23.35025,23,109
2668,2025-11-14 11:53:03+00,4d106730-1088-4892-9045-ffeebc4d23bc,-6.929063833,107.7835625,738.8,8,839,98,20.39216,61.56863,,26.83104,29,111,,,,28.86149,24,113,23.35025,23,109
2669,2025-11-14 11:53:05+00,4d106730-1088-4892-9045-ffeebc4d23bc,-6.929065333,107.7835225,738.6,10,927,98,19.60784,50.98039,,26.83104,29,111,,,,28.86149,24,113,23.35025,23,109
2670,2025-11-14 11:53:10+00,4d106730-1088-4892-9045-ffeebc4d23bc,-6.9290675,107.783395,738,12,1003,98,19.60784,44.70588,,26.83104,29,111,,,,28.86149,24,113,23.35025,23,109
2671,2025-11-14 11:53:15+00,4d106730-1088-4892-9045-ffeebc4d23bc,-6.9291045,107.7832567,734.7,6,790,98,20,54.11765,,26.83104,29,111,,,,28.86149,24,113,23.35025,23,109
2672,2025-11-14 11:53:20+00,4d106730-1088-4892-9045-ffeebc4d23bc,-6.929171167,107.7831607,734.2,12,1494,98,21.17647,51.37255,,26.83104,29,111,,,,28.86149,24,113,23.35025,23,109
2673,2025-11-14 11:53:25+00,4d106730-1088-4892-9045-ffeebc4d23bc,-6.929259833,107.78307,732.9,21,1164,97,20.39216,51.76471,,26.83104,29,111,,,,28.86149,24,113,23.35025,23,109
2674,2025-11-14 11:53:30+00,4d106730-1088-4892-9045-ffeebc4d23bc,-6.92946,107.78291,731.9,22,959,97,19.60784,49.80392,,26.83104,29,111,,,,28.86149,24,113,23.35025,23,109
2675,2025-11-14 11:53:35+00,4d106730-1088-4892-9045-ffeebc4d23bc,-6.9296015,107.7826943,729.5,22,992,97,19.60784,44.70588,,26.83104,29,111,,,,28.86149,24,113,23.35025,23,109
2676,2025-11-14 11:53:40+00,4d106730-1088-4892-9045-ffeebc4d23bc,-6.929504833,107.7824508,727.9,20,904,97,19.60784,48.23529,,26.83104,29,111,,,,28.86149,24,113,23.35025,23,109
2677,2025-11-14 11:53:48+00,4d106730-1088-4892-9045-ffeebc4d23bc,-6.929176333,107.7825468,726.4,21,953,98,20,49.80392,,26.83104,29,111,,,,28.86149,24,113,23.35025,23,109
2678,2025-11-14 11:53:50+00,4d106730-1088-4892-9045-ffeebc4d23bc,-6.929095833,107.7826223,724.9,23,940,98,20,55.29412,,26.83104,29,111,,,,28.86149,24,113,23.35025,23,109
2679,2025-11-14 11:53:55+00,4d106730-1088-4892-9045-ffeebc4d23bc,-6.928836,107.7827018,721.5,20,916,98,19.60784,48.62745,,26.83104,29,111,,,,28.86149,24,113,23.35025,23,109
2680,2025-11-14 11:54:00+00,4d106730-1088-4892-9045-ffeebc4d23bc,-6.9286115,107.7825903,717.9,7,866,98,19.60784,53.33333,,26.83104,29,111,,,,28.86149,24,113,23.35025,23,109
2681,2025-11-14 11:54:05+00,4d106730-1088-4892-9045-ffeebc4d23bc,-6.928552,107.782473,717.7,7,872,98,20,54.11765,,26.83104,29,111,,,,28.86149,24,113,23.35025,23,109
2682,2025-11-14 11:54:10+00,4d106730-1088-4892-9045-ffeebc4d23bc,-6.928536667,107.7823957,717.8,11,1542,98,23.52941,65.09804,,26.83104,29,111,,,,28.86149,24,113,23.35025,23,109
2683,2025-11-14 11:54:15+00,4d106730-1088-4892-9045-ffeebc4d23bc,-6.928523167,107.7822762,718,24,1685,97,20.78431,54.5098,,26.83104,29,111,,,,28.86149,24,113,23.35025,23,109
2684,2025-11-14 11:54:20+00,4d106730-1088-4892-9045-ffeebc4d23bc,-6.928524167,107.781998,718.5,22,1125,96,22.35294,65.4902,,26.83104,29,111,,,,28.86149,24,113,23.35025,23,109
2685,2025-11-14 11:54:25+00,4d106730-1088-4892-9045-ffeebc4d23bc,-6.928542,107.7817172,715.3,19,900,96,19.60784,49.80392,,26.83104,29,111,,,,28.86149,24,113,23.35025,23,109
2686,2025-11-14 11:54:30+00,4d106730-1088-4892-9045-ffeebc4d23bc,-6.928610167,107.781477,713.3,13,776,97,19.60784,54.5098,,26.83104,29,111,,,,28.86149,24,113,23.35025,23,109
2687,2025-11-14 11:54:35+00,4d106730-1088-4892-9045-ffeebc4d23bc,-6.928708333,107.781311,716,15,1455,97,26.27451,87.45098,,26.83104,29,111,,,,28.86149,24,113,23.35025,23,109
2688,2025-11-14 11:54:40+00,4d106730-1088-4892-9045-ffeebc4d23bc,-6.928843167,107.781195,716.2,26,2050,97,57.2549,97.64706,,26.83104,29,111,,,,28.86149,24,113,23.35025,23,109
2689,2025-11-14 11:54:45+00,4d106730-1088-4892-9045-ffeebc4d23bc,-6.929099833,107.7810183,719.2,24,1682,94,50.98039,98.43137,,26.83104,29,111,,,,28.86149,24,113,23.35025,23,109
2690,2025-11-14 11:54:50+00,4d106730-1088-4892-9045-ffeebc4d23bc,-6.929359833,107.7808017,722,33,2173,94,27.45098,87.05882,,26.83104,29,111,,,,28.86149,24,113,23.35025,23,109
2691,2025-11-14 11:54:55+00,4d106730-1088-4892-9045-ffeebc4d23bc,-6.929663167,107.7805637,724.7,32,1371,94,27.45098,91.76471,,26.83104,29,111,,,,28.86149,24,113,23.35025,23,109
2692,2025-11-14 11:55:00+00,4d106730-1088-4892-9045-ffeebc4d23bc,-6.930061333,107.7804605,726.6,19,901,94,20.39216,49.41177,,26.83104,29,111,,,,28.86149,24,113,23.35025,23,109
2693,2025-11-14 11:55:05+00,4d106730-1088-4892-9045-ffeebc4d23bc,-6.930353,107.7804452,727.9,21,1471,94,20,67.45098,,26.83104,29,111,,,,28.86149,24,113,23.35025,23,109
2694,2025-11-14 11:55:10+00,4d106730-1088-4892-9045-ffeebc4d23bc,-6.930600667,107.7804202,729.5,22,1066,94,19.21569,57.64706,,26.83104,29,111,,,,28.86149,24,113,23.35025,23,109
2695,2025-11-14 11:55:15+00,4d106730-1088-4892-9045-ffeebc4d23bc,-6.930865167,107.780361,730.2,16,1456,94,25.88235,86.27451,,26.83104,29,111,,,,28.86149,24,113,23.35025,23,109
2696,2025-11-14 11:55:20+00,4d106730-1088-4892-9045-ffeebc4d23bc,-6.931039167,107.780268,729.4,21,1327,94,20.78431,62.35294,,26.83104,29,111,,,,28.86149,24,113,23.35025,23,109
2697,2025-11-14 11:55:25+00,4d106730-1088-4892-9045-ffeebc4d23bc,-6.931198833,107.7800653,729.9,22,986,94,19.60784,47.84314,,26.83104,29,111,,,,28.86149,24,113,23.35025,23,109
2698,2025-11-14 11:55:30+00,4d106730-1088-4892-9045-ffeebc4d23bc,-6.931320833,107.7798098,730.5,24,1213,94,21.17647,57.64706,,26.83104,29,111,,,,28.86149,24,113,23.35025,23,109
2699,2025-11-14 11:55:38+00,4d106730-1088-4892-9045-ffeebc4d23bc,-6.931505667,107.7793698,731.3,20,848,93,20,59.21569,,26.83104,29,111,,,,28.86149,24,113,23.35025,23,109
2700,2025-11-14 11:55:40+00,4d106730-1088-4892-9045-ffeebc4d23bc,-6.931542167,107.7792793,731.8,23,1371,93,20.39216,67.05882,,26.83104,29,111,,,,28.86149,24,113,23.35025,23,109
2701,2025-11-14 11:55:45+00,4d106730-1088-4892-9045-ffeebc4d23bc,-6.931645167,107.7790327,734.6,22,1393,93,23.92157,75.29412,,26.83104,29,111,,,,28.86149,24,113,23.35025,23,109
2702,2025-11-14 11:55:50+00,4d106730-1088-4892-9045-ffeebc4d23bc,-6.931749,107.778784,735.2,25,1117,92,21.56863,51.37255,,26.83104,29,111,,,,28.86149,24,113,23.35025,23,109
2703,2025-11-14 11:55:55+00,4d106730-1088-4892-9045-ffeebc4d23bc,-6.931872833,107.7784842,735.6,20,912,93,19.60784,48.23529,,26.83104,29,111,,,,28.86149,24,113,23.35025,23,109
2704,2025-11-14 11:56:00+00,4d106730-1088-4892-9045-ffeebc4d23bc,-6.931977167,107.7782322,736,16,782,93,20.78431,67.05882,,26.83104,29,111,,,,28.86149,24,113,23.35025,23,109
2705,2025-11-14 11:56:05+00,4d106730-1088-4892-9045-ffeebc4d23bc,-6.9320595,107.7780207,736.2,13,1570,93,19.60784,41.96078,,26.83104,29,111,,,,28.86149,24,113,23.35025,23,109
2706,2025-11-14 11:56:10+00,4d106730-1088-4892-9045-ffeebc4d23bc,-6.932117167,107.7778805,736.1,14,1796,92,23.52941,63.92157,,26.83104,29,111,,,,28.86149,24,113,23.35025,23,109
2707,2025-11-14 11:56:15+00,4d106730-1088-4892-9045-ffeebc4d23bc,-6.932183667,107.7777177,736.1,15,1008,91,19.60784,46.27451,,26.83104,29,111,,,,28.86149,24,113,23.35025,23,109
2708,2025-11-14 11:56:20+00,4d106730-1088-4892-9045-ffeebc4d23bc,-6.932256,107.7775203,737.4,23,1000,91,20,53.33333,,26.83104,29,111,,,,28.86149,24,113,23.35025,23,109
2709,2025-11-14 11:56:25+00,4d106730-1088-4892-9045-ffeebc4d23bc,-6.932347833,107.7772733,736.8,16,788,93,20.39216,67.45098,,26.83104,29,111,,,,28.86149,24,113,23.35025,23,109
2710,2025-11-14 11:56:30+00,4d106730-1088-4892-9045-ffeebc4d23bc,-6.932413167,107.7770703,735.8,18,860,93,19.60784,53.72549,,26.83104,29,111,,,,28.86149,24,113,23.35025,23,109
2711,2025-11-14 11:56:35+00,4d106730-1088-4892-9045-ffeebc4d23bc,-6.932466167,107.7768543,732.2,19,889,93,19.60784,49.80392,,26.83104,29,111,,,,28.86149,24,113,23.35025,23,109
2712,2025-11-14 11:56:40+00,4d106730-1088-4892-9045-ffeebc4d23bc,-6.932531333,107.7766168,730.6,7,878,92,19.60784,56.47059,,26.83104,29,111,,,,28.86149,24,113,23.35025,23,109
2713,2025-11-14 11:56:45+00,4d106730-1088-4892-9045-ffeebc4d23bc,-6.932569333,107.7764678,730.1,5,803,92,19.60784,53.72549,,26.83104,29,111,,,,28.86149,24,113,23.35025,23,109
2714,2025-11-14 11:56:50+00,4d106730-1088-4892-9045-ffeebc4d23bc,-6.932587167,107.7763973,730,4,746,92,20.78431,70.98039,,26.83104,29,111,,,,28.86149,24,113,23.35025,23,109
2715,2025-11-14 11:57:00+00,4d106730-1088-4892-9045-ffeebc4d23bc,-6.932630667,107.7762607,730,10,1553,93,21.17647,63.13726,,26.83104,29,111,,,,28.86149,24,113,23.35025,23,109
2716,2025-11-14 11:56:55+00,4d106730-1088-4892-9045-ffeebc4d23bc,-6.9326045,107.7763373,730.5,7,875,93,19.60784,54.5098,,26.83104,29,111,,,,28.86149,24,113,23.35025,23,109
2717,2025-11-14 11:57:05+00,4d106730-1088-4892-9045-ffeebc4d23bc,-6.932656333,107.7761523,727.3,19,1277,91,19.60784,49.01961,,26.83104,29,111,,,,28.86149,24,113,23.35025,23,109
2718,2025-11-14 11:57:10+00,4d106730-1088-4892-9045-ffeebc4d23bc,-6.932704167,107.775953,725.3,13,935,92,19.60784,46.66667,,26.83104,29,111,,,,28.86149,24,113,23.35025,23,109
2719,2025-11-14 11:57:15+00,4d106730-1088-4892-9045-ffeebc4d23bc,-6.932748333,107.7757702,724.1,9,871,93,21.56863,67.05882,,26.83104,29,111,,,,28.86149,24,113,23.35025,23,109
2720,2025-11-14 11:57:20+00,4d106730-1088-4892-9045-ffeebc4d23bc,-6.932765833,107.7756452,719.8,22,1669,93,23.92157,71.37255,,26.83104,29,111,,,,28.86149,24,113,23.35025,23,109
2721,2025-11-14 11:57:25+00,4d106730-1088-4892-9045-ffeebc4d23bc,-6.932820333,107.7754153,720.6,22,992,92,19.60784,46.27451,,26.83104,29,111,,,,28.86149,24,113,23.35025,23,109
2722,2025-11-14 11:57:30+00,4d106730-1088-4892-9045-ffeebc4d23bc,-6.932899333,107.7751157,723.4,26,1614,93,25.88235,84.31373,,26.83104,29,111,,,,28.86149,24,113,23.35025,23,109
2723,2025-11-14 11:57:35+00,4d106730-1088-4892-9045-ffeebc4d23bc,-6.932979,107.774811,725.5,29,1217,93,24.70588,84.31373,,26.83104,29,111,,,,28.86149,24,113,23.35025,23,109
2724,2025-11-14 11:57:40+00,4d106730-1088-4892-9045-ffeebc4d23bc,-6.933065333,107.7744642,726.8,26,975,94,20,54.5098,,26.83104,29,111,,,,28.86149,24,113,23.35025,23,109
2725,2025-11-14 11:57:45+00,4d106730-1088-4892-9045-ffeebc4d23bc,-6.933156833,107.7741278,728.5,16,818,94,19.60784,52.54902,,26.83104,29,111,,,,28.86149,24,113,23.35025,23,109
2726,2025-11-14 11:57:50+00,4d106730-1088-4892-9045-ffeebc4d23bc,-6.933218333,107.7739078,728.3,19,1157,94,21.17647,60.78431,,26.83104,29,111,,,,28.86149,24,113,23.35025,23,109
2727,2025-11-14 11:57:55+00,4d106730-1088-4892-9045-ffeebc4d23bc,-6.933270333,107.7736797,729.4,24,1282,92,21.17647,61.17647,,26.83104,29,111,,,,28.86149,24,113,23.35025,23,109
2728,2025-11-14 11:58:00+00,4d106730-1088-4892-9045-ffeebc4d23bc,-6.933338333,107.773396,730,25,1342,93,23.13725,67.05882,,26.83104,29,111,,,,28.86149,24,113,23.35025,23,109
2729,2025-11-14 11:58:05+00,4d106730-1088-4892-9045-ffeebc4d23bc,-6.933434833,107.77309,730.7,18,837,93,20.39216,61.56863,,26.83104,29,111,,,,28.86149,24,113,23.35025,23,109
2730,2025-11-14 11:58:10+00,4d106730-1088-4892-9045-ffeebc4d23bc,-6.933507667,107.7728327,732.5,10,1518,94,25.09804,78.43137,,26.83104,29,111,,,,28.86149,24,113,23.35025,23,109
2731,2025-11-14 11:58:15+00,4d106730-1088-4892-9045-ffeebc4d23bc,-6.933537667,107.772707,735.1,18,1599,92,25.09804,79.60784,,26.83104,29,111,,,,28.86149,24,113,23.35025,23,109
2732,2025-11-14 11:58:20+00,4d106730-1088-4892-9045-ffeebc4d23bc,-6.933601,107.7724958,734.4,15,1016,93,19.60784,43.92157,,26.83104,29,111,,,,28.86149,24,113,23.35025,23,109
2733,2025-11-14 11:58:25+00,4d106730-1088-4892-9045-ffeebc4d23bc,-6.9336665,107.7722753,735.2,19,1460,93,20.39216,56.07843,,26.83104,29,111,,,,28.86149,24,113,23.35025,23,109
2734,2025-11-14 11:58:30+00,4d106730-1088-4892-9045-ffeebc4d23bc,-6.933734833,107.772078,735,19,1177,94,21.56863,60,,26.83104,29,111,,,,28.86149,24,113,23.35025,23,109
2735,2025-11-14 11:58:35+00,4d106730-1088-4892-9045-ffeebc4d23bc,-6.933803833,107.7718483,729.7,7,933,94,19.60784,52.94118,,26.83104,29,111,,,,28.86149,24,113,23.35025,23,109
2736,2025-11-14 11:58:40+00,4d106730-1088-4892-9045-ffeebc4d23bc,-6.933856167,107.7717013,730.6,19,1527,93,23.13725,69.01961,,26.83104,29,111,,,,28.86149,24,113,23.35025,23,109
2737,2025-11-14 11:58:45+00,4d106730-1088-4892-9045-ffeebc4d23bc,-6.9339195,107.7715052,730.7,12,788,93,19.60784,55.68628,,26.83104,29,111,,,,28.86149,24,113,23.35025,23,109
2738,2025-11-14 11:58:50+00,4d106730-1088-4892-9045-ffeebc4d23bc,-6.9339955,107.7713103,730.6,17,1122,93,21.56863,63.13726,,26.83104,29,111,,,,28.86149,24,113,23.35025,23,109
2739,2025-11-14 11:58:55+00,4d106730-1088-4892-9045-ffeebc4d23bc,-6.934061167,107.7711195,731.9,5,806,94,20.78431,67.05882,,26.83104,29,111,,,,28.86149,24,113,23.35025,23,109
2740,2025-11-14 11:59:00+00,4d106730-1088-4892-9045-ffeebc4d23bc,-6.934094833,107.7710017,733.7,16,2124,94,26.27451,78.82353,,26.83104,29,111,,,,28.86149,24,113,23.35025,23,109
2741,2025-11-14 11:59:05+00,4d106730-1088-4892-9045-ffeebc4d23bc,-6.934128667,107.7708668,734.4,21,958,93,19.60784,50.58823,,26.83104,29,111,,,,28.86149,24,113,23.35025,23,109
2742,2025-11-14 11:59:10+00,4d106730-1088-4892-9045-ffeebc4d23bc,-6.934202,107.7706132,736.3,26,1508,94,20.39216,56.47059,,26.83104,29,111,,,,28.86149,24,113,23.35025,23,109
2743,2025-11-14 11:59:15+00,4d106730-1088-4892-9045-ffeebc4d23bc,-6.934289333,107.7703353,736.1,33,976,94,19.60784,47.05882,,26.83104,29,111,,,,28.86149,24,113,23.35025,23,109
2744,2025-11-14 11:59:20+00,4d106730-1088-4892-9045-ffeebc4d23bc,-6.9344,107.76996,733.6,21,948,95,19.60784,49.80392,,26.83104,29,111,,,,28.86149,24,113,23.35025,23,109
2745,2025-11-14 11:59:25+00,4d106730-1088-4892-9045-ffeebc4d23bc,-6.934479833,107.7696745,733.2,15,783,94,20.78431,69.80392,,26.83104,29,111,,,,28.86149,24,113,23.35025,23,109
2746,2025-11-14 11:59:30+00,4d106730-1088-4892-9045-ffeebc4d23bc,-6.934541833,107.7694793,733.1,14,792,95,19.60784,57.2549,,26.83104,29,111,,,,28.86149,24,113,23.35025,23,109
2747,2025-11-14 11:59:35+00,4d106730-1088-4892-9045-ffeebc4d23bc,-6.934602333,107.7693255,732.5,16,1132,94,21.17647,62.35294,,26.83104,29,111,,,,28.86149,24,113,23.35025,23,109
2748,2025-11-14 11:59:40+00,4d106730-1088-4892-9045-ffeebc4d23bc,-6.934661833,107.7691317,732,13,788,93,19.60784,55.68628,,26.83104,29,111,,,,28.86149,24,113,23.35025,23,109
2749,2025-11-14 11:59:45+00,4d106730-1088-4892-9045-ffeebc4d23bc,-6.934703833,107.7689528,730.6,11,779,94,19.60784,56.07843,,26.83104,29,111,,,,28.86149,24,113,23.35025,23,109
2750,2025-11-14 11:59:50+00,4d106730-1088-4892-9045-ffeebc4d23bc,-6.934748167,107.7688012,730.7,13,1746,94,26.66667,84.70588,,26.83104,29,111,,,,28.86149,24,113,23.35025,23,109
2751,2025-11-14 11:59:55+00,4d106730-1088-4892-9045-ffeebc4d23bc,-6.934791667,107.7686585,731.1,22,1646,93,24.31373,69.80392,,26.83104,29,111,,,,28.86149,24,113,23.35025,23,109
2752,2025-11-14 12:00:00+00,4d106730-1088-4892-9045-ffeebc4d23bc,-6.934861333,107.7684142,731.6,31,1335,93,19.60784,48.62745,,26.83104,29,111,,,,28.86149,24,113,23.35025,23,109
2753,2025-11-14 12:00:05+00,4d106730-1088-4892-9045-ffeebc4d23bc,-6.934963667,107.7680643,732.2,18,868,94,19.60784,54.11765,,26.83104,29,111,,,,28.86149,24,113,23.35025,23,109
2754,2025-11-14 12:00:10+00,4d106730-1088-4892-9045-ffeebc4d23bc,-6.935039333,107.767788,730.2,25,1737,93,33.33333,96.07843,,26.83104,29,111,,,,28.86149,24,113,23.35025,23,109
2755,2025-11-14 12:00:15+00,4d106730-1088-4892-9045-ffeebc4d23bc,-6.935094667,107.767513,728.3,40,2021,93,32.15686,94.11765,,26.83104,29,111,,,,28.86149,24,113,23.35025,23,109
2756,2025-11-14 12:00:20+00,4d106730-1088-4892-9045-ffeebc4d23bc,-6.935201667,107.7670702,728.6,42,1150,94,20,42.7451,,26.83104,29,111,,,,28.86149,24,113,23.35025,23,109
2757,2025-11-14 12:00:25+00,4d106730-1088-4892-9045-ffeebc4d23bc,-6.935339,107.766549,727.8,43,1173,93,19.60784,37.64706,,26.83104,29,111,,,,28.86149,24,113,23.35025,23,109
2758,2025-11-14 12:00:30+00,4d106730-1088-4892-9045-ffeebc4d23bc,-6.93549,107.7660203,725.7,46,1270,92,19.60784,38.03922,,26.83104,29,111,,,,28.86149,24,113,23.35025,23,109
2759,2025-11-14 12:00:35+00,4d106730-1088-4892-9045-ffeebc4d23bc,-6.935648833,107.7654788,722.5,44,1739,91,20,32.94118,,26.83104,29,111,,,,28.86149,24,113,23.35025,23,109
2760,2025-11-14 12:00:40+00,4d106730-1088-4892-9045-ffeebc4d23bc,-6.9358045,107.7649318,722.2,41,1146,90,20,44.70588,,26.83104,29,111,,,,28.86149,24,113,23.35025,23,109
2761,2025-11-14 12:00:49+00,4d106730-1088-4892-9045-ffeebc4d23bc,-6.9360565,107.7640447,722.5,38,1084,90,19.60784,43.92157,,26.83104,29,111,,,,28.86149,24,113,23.35025,23,109
2762,2025-11-14 12:00:54+00,4d106730-1088-4892-9045-ffeebc4d23bc,-6.936186,107.7635997,720.9,36,1067,90,19.60784,42.7451,,26.83104,29,111,,,,28.86149,24,113,23.35025,23,109
2763,2025-11-14 12:00:59+00,4d106730-1088-4892-9045-ffeebc4d23bc,-6.936306333,107.7631918,718,29,928,89,19.60784,46.66667,,26.83104,29,111,,,,28.86149,24,113,23.35025,23,109
2764,2025-11-14 12:01:04+00,4d106730-1088-4892-9045-ffeebc4d23bc,-6.936407667,107.762872,717,24,839,89,19.60784,52.94118,,26.83104,29,111,,,,28.86149,24,113,23.35025,23,109
2765,2025-11-14 12:01:09+00,4d106730-1088-4892-9045-ffeebc4d23bc,-6.936481167,107.7626637,717,14,1244,90,25.88235,82.74509,,26.83104,29,111,,,,28.86149,24,113,23.35025,23,109
2766,2025-11-14 12:01:14+00,4d106730-1088-4892-9045-ffeebc4d23bc,-6.936559667,107.7624287,718.1,23,1404,90,26.27451,87.45098,,26.83104,29,111,,,,28.86149,24,113,23.35025,23,109
2767,2025-11-14 12:01:19+00,4d106730-1088-4892-9045-ffeebc4d23bc,-6.9366755,107.7621178,718.3,29,1239,90,25.4902,85.4902,,26.83104,29,111,,,,28.86149,24,113,23.35025,23,109
2768,2025-11-14 12:01:24+00,4d106730-1088-4892-9045-ffeebc4d23bc,-6.9367885,107.7617442,720.1,32,1335,91,19.60784,48.62745,,26.83104,29,111,,,,28.86149,24,113,23.35025,23,109
2769,2025-11-14 12:01:29+00,4d106730-1088-4892-9045-ffeebc4d23bc,-6.936887167,107.7614013,720,26,1300,91,23.13725,71.37255,,26.83104,29,111,,,,28.86149,24,113,23.35025,23,109
2770,2025-11-14 12:01:34+00,4d106730-1088-4892-9045-ffeebc4d23bc,-6.936976667,107.761087,718.9,25,1183,91,21.96078,65.88235,,26.83104,29,111,,,,28.86149,24,113,23.35025,23,109
2771,2025-11-14 12:01:39+00,4d106730-1088-4892-9045-ffeebc4d23bc,-6.937068667,107.7607808,718.7,25,1426,91,25.88235,85.09804,,26.83104,29,111,,,,28.86149,24,113,23.35025,23,109
2772,2025-11-14 12:01:40+00,4d106730-1088-4892-9045-ffeebc4d23bc,-6.937086667,107.760719,720.8,28,1212,91,25.09804,82.35294,,26.83104,29,111,,,,28.86149,24,113,23.35025,23,109
2773,2025-11-14 12:01:49+00,4d106730-1088-4892-9045-ffeebc4d23bc,-6.937253167,107.7600987,721.4,26,1101,91,19.60784,45.09804,,26.83104,29,111,,,,28.86149,24,113,23.35025,23,109
2774,2025-11-14 12:01:54+00,4d106730-1088-4892-9045-ffeebc4d23bc,-6.937325333,107.7598218,723.3,23,1603,91,26.66667,87.45098,,26.83104,29,111,,,,28.86149,24,113,23.35025,23,109
2775,2025-11-14 12:01:59+00,4d106730-1088-4892-9045-ffeebc4d23bc,-6.9374235,107.7595085,725.6,28,1232,91,19.21569,48.23529,,26.83104,29,111,,,,28.86149,24,113,23.35025,23,109
2776,2025-11-14 12:02:14+00,4d106730-1088-4892-9045-ffeebc4d23bc,-6.937611,107.7586923,721.6,26,1131,92,20,47.84314,,26.83104,29,111,,,,28.86149,24,113,23.35025,23,109
2777,2025-11-14 12:02:09+00,4d106730-1088-4892-9045-ffeebc4d23bc,-6.9375705,107.7589673,724.8,23,1021,92,20,48.62745,,26.83104,29,111,,,,28.86149,24,113,23.35025,23,109
2778,2025-11-14 12:02:19+00,4d106730-1088-4892-9045-ffeebc4d23bc,-6.937684667,107.7583535,720.2,24,1037,91,19.60784,43.13726,,26.83104,29,111,,,,28.86149,24,113,23.35025,23,109
2779,2025-11-14 12:02:04+00,4d106730-1088-4892-9045-ffeebc4d23bc,-6.937504167,107.7592225,725.5,21,1257,92,25.88235,86.66666,,26.83104,29,111,,,,28.86149,24,113,23.35025,23,109
2780,2025-11-14 12:02:24+00,4d106730-1088-4892-9045-ffeebc4d23bc,-6.937722833,107.7580662,720.4,20,922,91,19.60784,46.66667,,26.83104,29,111,,,,28.86149,24,113,23.35025,23,109
2781,2025-11-14 12:02:29+00,4d106730-1088-4892-9045-ffeebc4d23bc,-6.937777167,107.757785,720.3,24,1047,91,19.60784,44.70588,,26.83104,29,111,,,,28.86149,24,113,23.35025,23,109
2782,2025-11-14 12:02:34+00,4d106730-1088-4892-9045-ffeebc4d23bc,-6.937815167,107.7575045,720.8,19,848,91,20,60.39216,,26.83104,29,111,,,,28.86149,24,113,23.35025,23,109
2783,2025-11-14 12:02:35+00,4d106730-1088-4892-9045-ffeebc4d23bc,-6.937821167,107.757457,720.1,18,975,92,21.17647,59.60784,,26.83104,29,111,,,,28.86149,24,113,23.35025,23,109
2784,2025-11-14 12:02:44+00,4d106730-1088-4892-9045-ffeebc4d23bc,-6.937882167,107.7570333,719.8,18,873,91,19.60784,50.98039,,26.83104,29,111,,,,28.86149,24,113,23.35025,23,109
2785,2025-11-14 12:02:49+00,4d106730-1088-4892-9045-ffeebc4d23bc,-6.937944167,107.7568102,718.6,18,854,91,19.60784,50.58823,,26.83104,29,111,,,,28.86149,24,113,23.35025,23,109
2786,2025-11-14 12:02:54+00,4d106730-1088-4892-9045-ffeebc4d23bc,-6.938146,107.756714,718.8,20,1464,91,24.31373,76.47059,,26.83104,29,111,,,,28.86149,24,113,23.35025,23,109
2787,2025-11-14 12:02:59+00,4d106730-1088-4892-9045-ffeebc4d23bc,-6.938462333,107.7567372,718,26,1251,91,23.13725,68.23529,,26.83104,29,111,,,,28.86149,24,113,23.35025,23,109
2788,2025-11-14 12:03:04+00,4d106730-1088-4892-9045-ffeebc4d23bc,-6.938818,107.7567793,717.9,28,1160,91,19.60784,41.96078,,26.83104,29,111,,,,28.86149,24,113,23.35025,23,109
2789,2025-11-14 12:03:09+00,4d106730-1088-4892-9045-ffeebc4d23bc,-6.939205167,107.7568412,717.3,37,1560,91,25.4902,83.52941,,26.83104,29,111,,,,28.86149,24,113,23.35025,23,109
2790,2025-11-14 12:03:14+00,4d106730-1088-4892-9045-ffeebc4d23bc,-6.939721167,107.7569292,716.1,45,1304,91,19.21569,43.92157,,26.83104,29,111,,,,28.86149,24,113,23.35025,23,109
2791,2025-11-14 12:03:19+00,4d106730-1088-4892-9045-ffeebc4d23bc,-6.940281333,107.7568908,716,44,1232,92,19.60784,36.07843,,26.83104,29,111,,,,28.86149,24,113,23.35025,23,109
2792,2025-11-14 12:03:24+00,4d106730-1088-4892-9045-ffeebc4d23bc,-6.9407775,107.7566608,715.4,43,1435,91,24.31373,79.60784,,26.83104,29,111,,,,28.86149,24,113,23.35025,23,109
2793,2025-11-14 12:03:29+00,4d106730-1088-4892-9045-ffeebc4d23bc,-6.9411475,107.7562803,714.2,40,1124,91,19.60784,40,,26.83104,29,111,,,,28.86149,24,113,23.35025,23,109
2794,2025-11-14 12:03:34+00,4d106730-1088-4892-9045-ffeebc4d23bc,-6.9413375,107.7559462,715,24,827,91,19.60784,52.15686,,26.83104,29,111,,,,28.86149,24,113,23.35025,23,109
2795,2025-11-14 12:03:39+00,4d106730-1088-4892-9045-ffeebc4d23bc,-6.941400667,107.7558253,715.6,4,782,91,19.60784,56.07843,,26.83104,29,111,,,,28.86149,24,113,23.35025,23,109
2796,2025-11-14 12:03:44+00,4d106730-1088-4892-9045-ffeebc4d23bc,-6.9414525,107.755718,715.1,14,1903,91,24.70588,70.98039,,26.83104,29,111,,,,28.86149,24,113,23.35025,23,109
2797,2025-11-14 12:03:49+00,4d106730-1088-4892-9045-ffeebc4d23bc,-6.941557167,107.7554798,711.7,25,1064,91,21.56863,56.86274,,26.83104,29,111,,,,28.86149,25,115,23.35025,23,109
2798,2025-11-14 12:03:54+00,4d106730-1088-4892-9045-ffeebc4d23bc,-6.941666833,107.7552063,707.4,24,1042,93,20,49.41177,,26.83104,29,111,,,,28.86149,25,115,23.35025,23,109
2799,2025-11-14 12:03:59+00,4d106730-1088-4892-9045-ffeebc4d23bc,-6.941637333,107.755012,707.7,12,1113,93,23.92157,73.72549,,26.83104,29,111,,,,28.86149,25,115,23.35025,23,109
2800,2025-11-14 12:04:04+00,4d106730-1088-4892-9045-ffeebc4d23bc,-6.941513,107.7548335,710.5,24,1559,91,25.09804,80.39216,,26.83104,29,111,,,,28.86149,25,115,23.35025,23,109
2801,2025-11-14 12:04:09+00,4d106730-1088-4892-9045-ffeebc4d23bc,-6.941270833,107.7545458,712.5,33,990,92,19.60784,49.01961,,26.83104,29,111,,,,28.86149,25,115,23.35025,23,109
2802,2025-11-14 12:04:14+00,4d106730-1088-4892-9045-ffeebc4d23bc,-6.941018667,107.754272,713.7,25,846,93,19.60784,50.58823,,26.83104,29,111,,,,28.86149,25,115,23.35025,23,109
2803,2025-11-14 12:04:19+00,4d106730-1088-4892-9045-ffeebc4d23bc,-6.940809,107.7540583,714,22,927,93,20,56.07843,,26.83104,29,111,,,,28.86149,25,115,23.35025,23,109
2804,2025-11-14 12:04:24+00,4d106730-1088-4892-9045-ffeebc4d23bc,-6.940627667,107.7538965,714.4,14,800,93,19.60784,53.33333,,26.83104,29,111,,,,28.86149,25,115,23.35025,23,109
2805,2025-11-14 12:04:29+00,4d106730-1088-4892-9045-ffeebc4d23bc,-6.940478667,107.7538012,715.3,13,801,93,19.60784,54.5098,,26.83104,29,111,,,,28.86149,25,115,23.35025,23,109
2806,2025-11-14 12:04:34+00,4d106730-1088-4892-9045-ffeebc4d23bc,-6.940304167,107.7537372,714.6,17,828,92,19.60784,54.5098,,26.83104,29,111,,,,28.86149,25,115,23.35025,23,109
2807,2025-11-14 12:04:39+00,4d106730-1088-4892-9045-ffeebc4d23bc,-6.940063167,107.7536563,712.3,22,989,91,19.60784,47.84314,,26.83104,29,111,,,,28.86149,25,115,23.35025,23,109
2808,2025-11-14 12:04:44+00,4d106730-1088-4892-9045-ffeebc4d23bc,-6.939839333,107.7534822,711.3,22,920,92,20,54.90196,,26.83104,29,111,,,,28.86149,25,115,23.35025,23,109
2809,2025-11-14 12:04:49+00,4d106730-1088-4892-9045-ffeebc4d23bc,-6.939705833,107.753274,710.7,17,837,92,19.60784,52.54902,,26.83104,29,111,,,,28.86149,25,115,23.35025,23,109
2810,2025-11-14 12:04:54+00,4d106730-1088-4892-9045-ffeebc4d23bc,-6.939574833,107.7530373,710.9,26,1392,91,20,53.72549,,26.83104,29,111,,,,28.86149,25,115,23.35025,23,109
2811,2025-11-14 12:04:59+00,4d106730-1088-4892-9045-ffeebc4d23bc,-6.9394675,107.7527527,710.8,21,961,91,19.60784,45.88235,,26.83104,29,111,,,,28.86149,25,115,23.35025,23,109
2812,2025-11-14 12:05:04+00,4d106730-1088-4892-9045-ffeebc4d23bc,-6.939524333,107.7524977,711.2,19,900,91,19.60784,50.19608,,26.83104,29,111,,,,28.86149,25,115,23.35025,23,109
2813,2025-11-14 12:05:09+00,4d106730-1088-4892-9045-ffeebc4d23bc,-6.939681833,107.752308,712.2,23,1410,91,27.84314,92.15686,,26.83104,29,111,,,,28.86149,25,115,23.35025,23,109
2814,2025-11-14 12:05:14+00,4d106730-1088-4892-9045-ffeebc4d23bc,-6.939895667,107.7520713,712.9,28,1199,92,19.60784,46.27451,,26.83104,29,111,,,,28.86149,25,115,23.35025,23,109
2815,2025-11-14 12:05:19+00,4d106730-1088-4892-9045-ffeebc4d23bc,-6.939995,107.7517542,713.8,26,1283,92,19.21569,51.37255,,26.83104,29,111,,,,28.86149,25,115,23.35025,23,109
2816,2025-11-14 12:05:24+00,4d106730-1088-4892-9045-ffeebc4d23bc,-6.940034,107.7514242,714.5,26,1117,91,19.60784,45.09804,,26.83104,29,111,,,,28.86149,25,115,23.35025,23,109
2817,2025-11-14 12:05:29+00,4d106730-1088-4892-9045-ffeebc4d23bc,-6.9400625,107.7511692,714.8,13,789,91,19.60784,54.11765,,26.83104,29,111,,,,28.86149,25,115,23.35025,23,109
2818,2025-11-14 12:05:34+00,4d106730-1088-4892-9045-ffeebc4d23bc,-6.940074833,107.7510462,714.9,10,1374,92,21.96078,60.78431,,26.83104,29,111,,,,28.86149,25,115,23.35025,23,109
2819,2025-11-14 12:05:39+00,4d106730-1088-4892-9045-ffeebc4d23bc,-6.940090167,107.7508933,715.6,13,1687,92,22.35294,56.86274,,26.83104,29,111,,,,28.86149,25,115,23.35025,23,109
2820,2025-11-14 12:05:44+00,4d106730-1088-4892-9045-ffeebc4d23bc,-6.9401065,107.7507182,716.2,13,1073,93,21.17647,60,,26.83104,29,111,,,,28.86149,25,115,23.35025,23,109
2821,2025-11-14 12:05:49+00,4d106730-1088-4892-9045-ffeebc4d23bc,-6.940125333,107.7505397,716.5,13,917,92,19.60784,49.41177,,26.83104,29,111,,,,28.86149,25,115,23.35025,23,109
2822,2025-11-14 12:05:54+00,4d106730-1088-4892-9045-ffeebc4d23bc,-6.940132833,107.750442,716.7,1,766,93,19.60784,56.86274,,26.83104,29,111,,,,28.86149,25,115,23.35025,23,109
2823,2025-11-14 12:06:06+00,4d106730-1088-4892-9045-ffeebc4d23bc,-6.9401355,107.7504267,717.5,5,799,94,20,59.60784,,26.83104,29,111,,,,28.86149,25,115,23.35025,23,109
2824,2025-11-14 12:06:11+00,4d106730-1088-4892-9045-ffeebc4d23bc,-6.940142,107.7503732,716.5,8,953,94,19.60784,50.19608,,26.83104,29,111,,,,28.86149,25,115,23.35025,23,109
2825,2025-11-14 12:06:16+00,4d106730-1088-4892-9045-ffeebc4d23bc,-6.940151833,107.7502585,716.7,7,1002,93,21.56863,54.5098,,26.83104,29,111,,,,28.86149,25,115,23.35025,23,109
2826,2025-11-14 12:06:21+00,4d106730-1088-4892-9045-ffeebc4d23bc,-6.940155833,107.7501533,714,12,1131,93,20.78431,48.62745,,26.83104,29,111,,,,28.86149,25,115,23.35025,23,109
2827,2025-11-14 12:06:26+00,4d106730-1088-4892-9045-ffeebc4d23bc,-6.940165,107.749994,713.5,16,1078,94,21.96078,65.4902,,26.83104,29,111,,,,28.86149,25,115,23.35025,23,109
2828,2025-11-14 12:06:31+00,4d106730-1088-4892-9045-ffeebc4d23bc,-6.940179333,107.7497945,712.8,26,1503,94,27.05882,89.01961,,26.83104,29,111,,,,28.86149,25,115,23.35025,23,109
2829,2025-11-14 12:06:36+00,4d106730-1088-4892-9045-ffeebc4d23bc,-6.940195167,107.749484,707.7,36,1076,93,20,48.62745,,26.83104,29,111,,,,28.86149,25,115,23.35025,23,109
2830,2025-11-14 12:06:41+00,4d106730-1088-4892-9045-ffeebc4d23bc,-6.940232,107.7490443,707.2,36,1048,93,19.60784,44.70588,,26.83104,29,111,,,,28.86149,25,115,23.35025,23,109
2831,2025-11-14 12:06:46+00,4d106730-1088-4892-9045-ffeebc4d23bc,-6.940271,107.7485923,707.9,31,1010,93,23.52941,59.21569,,26.83104,29,111,,,,28.86149,25,115,23.35025,23,109
2832,2025-11-14 12:06:51+00,4d106730-1088-4892-9045-ffeebc4d23bc,-6.940300833,107.74818,708.4,36,1052,92,20,47.05882,,26.83104,29,111,,,,28.86149,25,115,23.35025,23,109
2833,2025-11-14 12:06:56+00,4d106730-1088-4892-9045-ffeebc4d23bc,-6.940333833,107.747722,708,41,1155,93,20.78431,55.29412,,26.83104,29,111,,,,28.86149,25,115,23.35025,23,109
2834,2025-11-14 12:07:01+00,4d106730-1088-4892-9045-ffeebc4d23bc,-6.940377167,107.74722,707,38,1085,93,19.60784,41.96078,,26.83104,29,111,,,,28.86149,25,115,23.35025,23,109
2835,2025-11-14 12:07:06+00,4d106730-1088-4892-9045-ffeebc4d23bc,-6.9404295,107.7467393,704.5,41,1168,91,19.60784,41.56863,,26.83104,29,111,,,,28.86149,25,115,23.35025,23,109
2836,2025-11-14 12:07:11+00,4d106730-1088-4892-9045-ffeebc4d23bc,-6.940488333,107.7462447,701.3,38,1106,91,19.60784,39.21569,,26.83104,29,111,,,,28.86149,25,115,23.35025,23,109
2837,2025-11-14 12:07:16+00,4d106730-1088-4892-9045-ffeebc4d23bc,-6.940557,107.7457665,701.1,28,1112,91,23.13725,65.88235,,26.83104,29,111,,,,28.86149,25,115,23.35025,23,109
2838,2025-11-14 12:07:21+00,4d106730-1088-4892-9045-ffeebc4d23bc,-6.940613,107.7453975,703,24,880,90,20.39216,67.05882,,26.83104,29,111,,,,28.86149,25,115,23.35025,23,109
2839,2025-11-14 12:07:26+00,4d106730-1088-4892-9045-ffeebc4d23bc,-6.940659667,107.7450885,705.3,26,1751,91,32.54902,95.68627,,26.83104,29,111,,,,28.86149,25,115,23.35025,23,109
2840,2025-11-14 12:07:31+00,4d106730-1088-4892-9045-ffeebc4d23bc,-6.940700167,107.7447735,707.1,35,1923,91,32.54902,94.11765,,26.83104,29,111,,,,28.86149,25,115,23.35025,23,109
2841,2025-11-14 12:07:36+00,4d106730-1088-4892-9045-ffeebc4d23bc,-6.940752667,107.744359,708,34,1330,91,24.31373,73.72549,,26.83104,29,111,,,,28.86149,25,115,23.35025,23,109
2842,2025-11-14 12:07:41+00,4d106730-1088-4892-9045-ffeebc4d23bc,-6.940822167,107.7439293,706.5,38,1100,91,19.60784,43.52941,,26.83104,29,111,,,,28.86149,25,115,23.35025,23,109
2843,2025-11-14 12:07:46+00,4d106730-1088-4892-9045-ffeebc4d23bc,-6.940894333,107.7434607,704,22,956,92,19.60784,49.80392,,26.83104,29,111,,,,28.86149,25,115,23.35025,23,109
2844,2025-11-14 12:07:51+00,4d106730-1088-4892-9045-ffeebc4d23bc,-6.940939667,107.7431738,702.8,16,792,92,20.39216,66.66666,,26.83104,29,111,,,,28.86149,25,115,23.35025,23,109
2845,2025-11-14 12:07:56+00,4d106730-1088-4892-9045-ffeebc4d23bc,-6.940971167,107.7429535,702.3,18,1409,92,24.70588,80,,26.83104,29,111,,,,28.86149,25,115,23.35025,23,109
2846,2025-11-14 12:08:01+00,4d106730-1088-4892-9045-ffeebc4d23bc,-6.9410025,107.742732,699.9,32,1848,91,31.37255,93.33334,,26.83104,29,111,,,,28.86149,25,115,23.35025,23,109
2847,2025-11-14 12:08:06+00,4d106730-1088-4892-9045-ffeebc4d23bc,-6.941048,107.742358,700.1,34,1068,91,20,49.80392,,26.83104,29,111,,,,28.86149,25,115,23.35025,23,109
2848,2025-11-14 12:08:11+00,4d106730-1088-4892-9045-ffeebc4d23bc,-6.941088167,107.741921,702,29,1420,93,20,65.09804,,26.83104,29,111,,,,28.86149,25,115,23.35025,23,109
2849,2025-11-14 12:08:16+00,4d106730-1088-4892-9045-ffeebc4d23bc,-6.941075167,107.7415462,702.5,24,828,92,20.78431,67.45098,,26.83104,29,111,,,,28.86149,25,115,23.35025,23,109
2850,2025-11-14 12:08:21+00,4d106730-1088-4892-9045-ffeebc4d23bc,-6.9409985,107.741233,703.2,23,1004,93,19.60784,47.84314,,26.83104,29,111,,,,28.86149,25,115,23.35025,23,109
2851,2025-11-14 12:08:26+00,4d106730-1088-4892-9045-ffeebc4d23bc,-6.940877333,107.7409558,703.2,24,1558,91,24.70588,78.03922,,26.83104,29,111,,,,28.86149,25,115,23.35025,23,109
2852,2025-11-14 12:08:31+00,4d106730-1088-4892-9045-ffeebc4d23bc,-6.940725,107.7406925,703.4,32,1351,91,20,52.54902,,26.83104,29,111,,,,28.86149,25,115,23.35025,23,109
2853,2025-11-14 12:08:36+00,4d106730-1088-4892-9045-ffeebc4d23bc,-6.9405085,107.7403723,703.5,25,842,92,19.60784,51.76471,,26.83104,29,111,,,,28.86149,25,115,23.35025,23,109
2854,2025-11-14 12:08:41+00,4d106730-1088-4892-9045-ffeebc4d23bc,-6.940319333,107.7401055,703.3,22,1241,92,23.52941,74.90196,,26.83104,29,111,,,,28.86149,25,115,23.35025,23,109
2855,2025-11-14 12:08:46+00,4d106730-1088-4892-9045-ffeebc4d23bc,-6.940151333,107.7398665,703.7,25,1079,91,19.60784,46.27451,,26.83104,29,111,,,,28.86149,25,115,23.35025,23,109
2856,2025-11-14 12:08:51+00,4d106730-1088-4892-9045-ffeebc4d23bc,-6.939967,107.7396148,704.6,25,1062,91,19.60784,45.4902,,26.83104,29,111,,,,28.86149,25,115,23.35025,23,109
2857,2025-11-14 12:08:56+00,4d106730-1088-4892-9045-ffeebc4d23bc,-6.939784333,107.7393625,703.6,25,1257,91,21.17647,59.60784,,26.83104,29,111,,,,28.86149,25,115,23.35025,23,109
2858,2025-11-14 12:09:01+00,4d106730-1088-4892-9045-ffeebc4d23bc,-6.939615333,107.7391077,703,27,1115,92,19.60784,41.96078,,26.83104,29,111,,,,28.86149,25,115,23.35025,23,109
2859,2025-11-14 12:09:06+00,4d106730-1088-4892-9045-ffeebc4d23bc,-6.939423667,107.73882,702.5,19,845,92,20,60.78431,,26.83104,29,111,,,,28.86149,25,115,23.35025,23,109
2860,2025-11-14 12:09:11+00,4d106730-1088-4892-9045-ffeebc4d23bc,-6.939281333,107.7386137,701.8,12,778,92,19.60784,57.64706,,26.83104,29,111,,,,28.86149,25,115,23.35025,23,109
2861,2025-11-14 12:09:16+00,4d106730-1088-4892-9045-ffeebc4d23bc,-6.939189667,107.7384713,702.1,19,1332,92,23.13725,71.76471,,26.83104,29,111,,,,28.86149,25,115,23.35025,23,109
2862,2025-11-14 12:09:21+00,4d106730-1088-4892-9045-ffeebc4d23bc,-6.939073833,107.7382728,699.9,26,1081,91,20,45.09804,,26.83104,29,111,,,,28.86149,25,115,23.35025,23,109
2863,2025-11-14 12:09:29+00,4d106730-1088-4892-9045-ffeebc4d23bc,-6.938914833,107.7377892,699.5,24,1042,91,19.60784,42.35294,,26.83104,29,111,,,,28.86149,25,115,23.35025,23,109
2864,2025-11-14 12:09:34+00,4d106730-1088-4892-9045-ffeebc4d23bc,-6.938904667,107.7375367,699.4,13,803,91,20.78431,69.41177,,26.83104,29,111,,,,28.86149,25,115,23.35025,23,109
2865,2025-11-14 12:09:39+00,4d106730-1088-4892-9045-ffeebc4d23bc,-6.9389075,107.7373758,699.7,9,863,91,20,57.2549,,26.83104,29,111,,,,28.86149,25,115,23.35025,23,109
2866,2025-11-14 12:09:44+00,4d106730-1088-4892-9045-ffeebc4d23bc,-6.938906167,107.7372595,700.5,10,1112,92,20,47.05882,,26.83104,29,111,,,,28.86149,25,115,23.35025,23,109
2867,2025-11-14 12:09:49+00,4d106730-1088-4892-9045-ffeebc4d23bc,-6.9389025,107.7371923,701.9,1,760,91,19.60784,57.2549,,26.83104,29,111,,,,28.86149,25,115,23.35025,23,109
2868,2025-11-14 12:09:54+00,4d106730-1088-4892-9045-ffeebc4d23bc,-6.9389005,107.7371547,701.8,6,829,91,20,56.86274,,26.83104,29,111,,,,28.86149,25,115,23.35025,23,109
2869,2025-11-14 12:09:59+00,4d106730-1088-4892-9045-ffeebc4d23bc,-6.9388925,107.7370682,702,7,889,92,25.09804,60.39216,,26.83104,29,111,,,,28.86149,25,115,23.35025,23,109
2870,2025-11-14 12:10:04+00,4d106730-1088-4892-9045-ffeebc4d23bc,-6.9388805,107.7369707,702.2,7,914,93,20,52.94118,,26.83104,29,111,,,,28.86149,25,115,23.35025,23,109
2871,2025-11-14 12:10:09+00,4d106730-1088-4892-9045-ffeebc4d23bc,-6.9388675,107.7368708,702.5,7,885,93,19.60784,49.41177,,26.83104,29,111,,,,28.86149,25,115,23.35025,23,109
2872,2025-11-14 12:10:16+00,4d106730-1088-4892-9045-ffeebc4d23bc,-6.9388625,107.7368235,701.5,2,751,92,19.60784,58.82353,,26.83104,29,111,,,,28.86149,25,115,23.35025,23,109
2873,2025-11-14 12:10:21+00,4d106730-1088-4892-9045-ffeebc4d23bc,-6.938861333,107.7368,701.5,1,809,93,21.17647,74.5098,,26.83104,29,111,,,,28.86149,25,115,23.35025,23,109
2874,2025-11-14 12:10:26+00,4d106730-1088-4892-9045-ffeebc4d23bc,-6.938861333,107.7367797,701.5,4,782,94,20,61.96078,,26.83104,29,111,,,,28.86149,25,115,23.35025,23,109
2875,2025-11-14 12:10:31+00,4d106730-1088-4892-9045-ffeebc4d23bc,-6.9388535,107.7367382,699.8,9,939,94,19.60784,51.76471,,26.83104,29,111,,,,28.86149,25,115,23.35025,23,109
2876,2025-11-14 12:10:36+00,4d106730-1088-4892-9045-ffeebc4d23bc,-6.938839,107.736637,697.2,8,971,93,19.60784,47.05882,,26.83104,29,111,,,,28.86149,25,115,23.35025,23,109
2877,2025-11-14 12:10:41+00,4d106730-1088-4892-9045-ffeebc4d23bc,-6.938821833,107.7365225,698,9,976,93,19.60784,45.09804,,26.83104,29,111,,,,28.86149,25,115,23.35025,23,109
2878,2025-11-14 12:10:46+00,4d106730-1088-4892-9045-ffeebc4d23bc,-6.9388095,107.7364063,698.4,11,946,94,20,54.90196,,26.83104,29,111,,,,28.86149,25,115,23.35025,23,109
2879,2025-11-14 12:10:51+00,4d106730-1088-4892-9045-ffeebc4d23bc,-6.938792167,107.7362635,698.1,9,945,94,19.60784,50.58823,,26.83104,29,111,,,,28.86149,25,115,23.35025,23,109
2880,2025-11-14 12:10:56+00,4d106730-1088-4892-9045-ffeebc4d23bc,-6.9387755,107.7361385,698,9,986,94,19.60784,44.70588,,26.83104,29,111,,,,28.86149,25,115,23.35025,23,109
2881,2025-11-14 12:11:01+00,4d106730-1088-4892-9045-ffeebc4d23bc,-6.938760333,107.7360215,698.8,9,1374,93,22.35294,62.7451,,26.83104,29,111,,,,28.86149,25,115,23.35025,23,109
2882,2025-11-14 12:11:06+00,4d106730-1088-4892-9045-ffeebc4d23bc,-6.938745,107.735896,698.7,15,981,94,19.60784,50.98039,,26.83104,29,111,,,,28.86149,25,115,23.35025,23,109
2883,2025-11-14 12:11:11+00,4d106730-1088-4892-9045-ffeebc4d23bc,-6.938721167,107.7357118,698.2,17,1267,94,22.7451,71.76471,,26.83104,29,111,,,,28.86149,25,115,23.35025,23,109
2884,2025-11-14 12:11:16+00,4d106730-1088-4892-9045-ffeebc4d23bc,-6.9386935,107.7355093,698,10,871,94,19.60784,52.94118,,26.83104,29,111,,,,28.86149,25,115,23.35025,23,109
2885,2025-11-14 12:11:36+00,4d106730-1088-4892-9045-ffeebc4d23bc,-6.938672,107.7353378,701.6,7,979,95,21.56863,69.01961,,26.83104,29,111,,,,28.86149,25,115,23.35025,23,109
2886,2025-11-14 12:11:41+00,4d106730-1088-4892-9045-ffeebc4d23bc,-6.9386645,107.7352742,701.5,13,1602,95,20.39216,49.41177,,26.83104,29,111,,,,28.86149,25,115,23.35025,23,109
2887,2025-11-14 12:11:46+00,4d106730-1088-4892-9045-ffeebc4d23bc,-6.938648667,107.7351393,701.2,5,1037,94,21.17647,62.35294,,26.83104,29,111,,,,28.86149,25,115,23.35025,23,109
2888,2025-11-14 12:11:51+00,4d106730-1088-4892-9045-ffeebc4d23bc,-6.938637333,107.7350515,701.8,7,911,95,19.60784,50.19608,,26.83104,29,111,,,,28.86149,25,115,23.35025,23,109
2889,2025-11-14 12:12:01+00,4d106730-1088-4892-9045-ffeebc4d23bc,-6.938621,107.734922,701.7,1,757,95,21.17647,75.29412,,26.83104,29,111,,,,28.86149,25,115,23.35025,23,109
2890,2025-11-14 12:12:11+00,4d106730-1088-4892-9045-ffeebc4d23bc,-6.938620833,107.7349042,704,1,754,96,19.60784,58.82353,,26.83104,29,111,,,,28.86149,25,115,23.35025,23,109
2891,2025-11-14 12:12:16+00,4d106730-1088-4892-9045-ffeebc4d23bc,-6.9386205,107.7348955,705,1,760,95,19.60784,58.43137,,26.83104,29,111,,,,28.86149,25,115,23.35025,23,109
2892,2025-11-14 12:12:21+00,4d106730-1088-4892-9045-ffeebc4d23bc,-6.9386185,107.7348838,705.1,1,750,95,19.60784,59.21569,,26.83104,29,111,,,,28.86149,25,115,23.35025,23,109
2893,2025-11-14 12:12:26+00,4d106730-1088-4892-9045-ffeebc4d23bc,-6.9386165,107.734867,705.9,5,1104,96,21.96078,66.66666,,26.83104,29,111,,,,28.86149,25,115,23.35025,23,109
2894,2025-11-14 12:12:31+00,4d106730-1088-4892-9045-ffeebc4d23bc,-6.938607333,107.7348018,705.9,12,1519,97,20,53.33333,,26.83104,29,111,,,,28.86149,25,115,23.35025,23,109
2895,2025-11-14 12:12:36+00,4d106730-1088-4892-9045-ffeebc4d23bc,-6.9385925,107.7346738,705.5,8,1017,96,19.60784,43.92157,,26.83104,29,111,,,,28.86149,25,115,23.35025,23,109
2896,2025-11-14 12:12:41+00,4d106730-1088-4892-9045-ffeebc4d23bc,-6.938573167,107.7345488,705.3,4,782,96,19.60784,54.5098,,26.83104,29,111,,,,28.86149,25,115,23.35025,23,109
2897,2025-11-14 12:12:46+00,4d106730-1088-4892-9045-ffeebc4d23bc,-6.938560833,107.7344793,706.4,4,792,96,19.60784,57.2549,,26.83104,29,111,,,,28.86149,25,115,23.35025,23,109
2898,2025-11-14 12:12:51+00,4d106730-1088-4892-9045-ffeebc4d23bc,-6.938552167,107.7344187,706.5,5,812,97,20,70.58823,,26.83104,29,111,,,,28.86149,25,115,23.35025,23,109
2899,2025-11-14 12:12:56+00,4d106730-1088-4892-9045-ffeebc4d23bc,-6.938541667,107.7343548,706.1,3,768,98,20,61.56863,,26.83104,29,111,,,,28.86149,25,115,23.35025,23,109
2900,2025-11-14 12:13:04+00,4d106730-1088-4892-9045-ffeebc4d23bc,-6.938526,107.7342783,705.8,5,797,98,19.60784,58.82353,,26.83104,29,111,,,,28.86149,25,115,23.35025,23,109
2901,2025-11-14 12:13:06+00,4d106730-1088-4892-9045-ffeebc4d23bc,-6.938520833,107.7342512,705.9,4,775,96,19.60784,57.64706,,26.83104,29,111,,,,28.86149,25,115,23.35025,23,109
2902,2025-11-14 12:13:11+00,4d106730-1088-4892-9045-ffeebc4d23bc,-6.938509333,107.734202,705.5,6,1093,96,21.56863,60.39216,,26.83104,29,111,,,,28.86149,25,115,23.35025,23,109
2903,2025-11-14 12:13:16+00,4d106730-1088-4892-9045-ffeebc4d23bc,-6.938489167,107.7341263,704.8,12,1037,97,19.60784,44.31372,,26.83104,29,111,,,,28.86149,25,115,23.35025,23,109
2904,2025-11-14 12:13:21+00,4d106730-1088-4892-9045-ffeebc4d23bc,-6.9384425,107.7339788,704.4,8,934,98,20,52.54902,,26.83104,29,111,,,,28.86149,25,115,23.35025,23,109
2905,2025-11-14 12:13:26+00,4d106730-1088-4892-9045-ffeebc4d23bc,-6.9383945,107.7338688,700.2,5,790,98,19.60784,56.86274,,26.83104,29,111,,,,28.86149,25,115,23.35025,23,109
2906,2025-11-14 12:13:46+00,4d106730-1088-4892-9045-ffeebc4d23bc,-6.9383495,107.7337838,697.7,5,1021,98,21.56863,67.45098,,26.83104,29,111,,,,28.86149,25,115,23.35025,23,109
2907,2025-11-14 12:13:51+00,4d106730-1088-4892-9045-ffeebc4d23bc,-6.938333833,107.73374,698.4,3,771,98,19.60784,58.03922,,26.83104,29,111,,,,28.86149,25,115,23.35025,23,109
2908,2025-11-14 12:13:59+00,4d106730-1088-4892-9045-ffeebc4d23bc,-6.938298833,107.7336485,699.7,3,773,98,19.60784,57.64706,,26.83104,29,111,,,,28.86149,25,115,23.35025,23,109
2909,2025-11-14 12:14:01+00,4d106730-1088-4892-9045-ffeebc4d23bc,-6.938290333,107.7336277,699.9,5,806,98,19.60784,55.29412,,26.83104,29,111,,,,28.86149,25,115,23.35025,23,109
2910,2025-11-14 12:14:09+00,4d106730-1088-4892-9045-ffeebc4d23bc,-6.938256833,107.7335457,701.5,2,753,98,21.17647,76.47059,,26.83104,29,111,,,,28.86149,25,115,23.35025,23,109
2911,2025-11-14 12:14:11+00,4d106730-1088-4892-9045-ffeebc4d23bc,-6.938254833,107.733538,701.9,2,767,99,20,61.96078,,26.83104,29,111,,,,28.86149,25,115,23.35025,23,109
2912,2025-11-14 12:14:16+00,4d106730-1088-4892-9045-ffeebc4d23bc,-6.938247333,107.7335148,703.4,4,781,100,20,58.03922,,26.83104,29,111,,,,28.86149,25,115,23.35025,23,109
2913,2025-11-14 12:14:21+00,4d106730-1088-4892-9045-ffeebc4d23bc,-6.938226167,107.7334657,704.3,6,849,98,20,56.07843,,26.83104,29,111,,,,28.86149,25,115,23.35025,23,109
2914,2025-11-14 12:14:26+00,4d106730-1088-4892-9045-ffeebc4d23bc,-6.9382015,107.7334002,703.3,8,955,98,20.39216,52.54902,,26.83104,29,111,,,,28.86149,25,115,23.35025,23,109
2915,2025-11-14 12:14:31+00,4d106730-1088-4892-9045-ffeebc4d23bc,-6.938164833,107.7333072,701.7,9,960,98,20,56.07843,,26.83104,29,111,,,,28.86149,25,115,23.35025,23,109
2916,2025-11-14 12:14:36+00,4d106730-1088-4892-9045-ffeebc4d23bc,-6.938112,107.733197,700.7,6,841,99,19.60784,54.90196,,26.83104,29,111,,,,28.86149,25,115,23.35025,23,109
2917,2025-11-14 12:14:41+00,4d106730-1088-4892-9045-ffeebc4d23bc,-6.938074167,107.733116,701.3,3,766,99,19.60784,58.03922,,26.83104,29,111,,,,28.86149,25,115,23.35025,23,109
2918,2025-11-14 12:14:46+00,4d106730-1088-4892-9045-ffeebc4d23bc,-6.938053,107.73307,702.1,5,803,98,20,58.43137,,26.83104,29,111,,,,28.86149,25,115,23.35025,23,109
2919,2025-11-14 12:14:51+00,4d106730-1088-4892-9045-ffeebc4d23bc,-6.938025167,107.7330127,702.3,5,825,98,19.60784,54.11765,,26.83104,29,111,,,,28.86149,25,115,23.35025,23,109
2920,2025-11-14 12:14:56+00,4d106730-1088-4892-9045-ffeebc4d23bc,-6.937994167,107.7329383,703.2,3,766,98,21.17647,74.5098,,26.83104,29,111,,,,28.86149,25,115,23.35025,23,109
2921,2025-11-14 12:15:01+00,4d106730-1088-4892-9045-ffeebc4d23bc,-6.937973333,107.732889,703.5,3,778,99,20,60.78431,,26.83104,29,111,,,,28.86149,25,115,23.35025,23,109
2922,2025-11-14 12:15:06+00,4d106730-1088-4892-9045-ffeebc4d23bc,-6.937957,107.732849,703.3,6,838,99,20,56.07843,,26.83104,29,111,,,,28.86149,25,115,23.35025,23,109
2923,2025-11-14 12:15:11+00,4d106730-1088-4892-9045-ffeebc4d23bc,-6.937930833,107.7327832,703.6,6,853,97,19.60784,53.33333,,26.83104,29,111,,,,28.86149,25,115,23.35025,23,109
2924,2025-11-14 12:15:16+00,4d106730-1088-4892-9045-ffeebc4d23bc,-6.937895833,107.7327023,703.7,1,769,98,19.60784,58.03922,,26.83104,29,111,,,,28.86149,25,115,23.35025,23,109
2925,2025-11-14 12:15:31+00,4d106730-1088-4892-9045-ffeebc4d23bc,-6.937873833,107.7326578,705.5,2,752,99,19.60784,59.60784,,26.83104,29,111,,,,28.86149,25,115,23.35025,23,109
2926,2025-11-14 12:15:36+00,4d106730-1088-4892-9045-ffeebc4d23bc,-6.937865,107.7326365,704.9,6,850,98,20,55.68628,,26.83104,29,111,,,,28.86149,25,115,23.35025,23,109
2927,2025-11-14 12:15:41+00,4d106730-1088-4892-9045-ffeebc4d23bc,-6.937835667,107.7325673,704.3,7,870,98,19.60784,53.33333,,26.83104,29,111,,,,28.86149,25,115,23.35025,23,109
2928,2025-11-14 12:15:46+00,4d106730-1088-4892-9045-ffeebc4d23bc,-6.9378015,107.7324897,703.4,9,869,99,20.39216,63.13726,,26.83104,29,111,,,,28.86149,25,115,23.35025,23,109
2929,2025-11-14 12:15:51+00,4d106730-1088-4892-9045-ffeebc4d23bc,-6.937757667,107.7323853,703.3,8,955,100,19.60784,50.19608,,26.83104,29,111,,,,28.86149,25,115,23.35025,23,109
2930,2025-11-14 12:15:56+00,4d106730-1088-4892-9045-ffeebc4d23bc,-6.937718667,107.7322987,703.4,3,773,98,19.60784,57.64706,,26.83104,29,111,,,,28.86149,25,115,23.35025,23,109
2931,2025-11-14 12:16:11+00,4d106730-1088-4892-9045-ffeebc4d23bc,-6.937698333,107.7322473,703.6,2,760,100,21.56863,79.21568,,26.83104,29,111,,,,28.86149,25,115,23.35025,23,109
2932,2025-11-14 12:16:16+00,4d106730-1088-4892-9045-ffeebc4d23bc,-6.9376905,107.7322245,703.8,6,837,100,20,58.03922,,26.83104,29,111,,,,28.86149,25,115,23.35025,23,109
2933,2025-11-14 12:16:21+00,4d106730-1088-4892-9045-ffeebc4d23bc,-6.937661667,107.7321593,704.1,15,1923,98,24.70588,69.41177,,26.83104,29,111,,,,28.86149,25,115,23.35025,23,109
2934,2025-11-14 12:16:26+00,4d106730-1088-4892-9045-ffeebc4d23bc,-6.937603167,107.7320305,704.1,20,1273,96,20,41.56863,,26.83104,29,111,,,,28.86149,25,115,23.35025,23,109
2935,2025-11-14 12:16:31+00,4d106730-1088-4892-9045-ffeebc4d23bc,-6.937501833,107.7317982,704.5,19,1642,96,25.09804,75.68627,,26.83104,29,111,,,,28.86149,25,115,23.35025,23,109
2936,2025-11-14 12:16:36+00,4d106730-1088-4892-9045-ffeebc4d23bc,-6.937418333,107.7315868,705.4,22,964,97,20,51.37255,,26.83104,29,111,,,,28.86149,25,115,23.35025,23,109
2937,2025-11-14 12:16:41+00,4d106730-1088-4892-9045-ffeebc4d23bc,-6.937301333,107.731334,704.9,8,1371,97,25.4902,79.21568,,26.83104,29,111,,,,28.86149,25,115,23.35025,23,109
2938,2025-11-14 12:16:46+00,4d106730-1088-4892-9045-ffeebc4d23bc,-6.937241667,107.7312023,704.3,27,2012,96,28.62745,87.05882,,26.83104,29,111,,,,28.86149,25,115,23.35025,23,109
2939,2025-11-14 12:16:51+00,4d106730-1088-4892-9045-ffeebc4d23bc,-6.937123,107.7309353,703.4,36,1546,97,26.27451,83.13725,,26.83104,29,111,,,,28.86149,25,115,23.35025,23,109
2940,2025-11-14 12:16:56+00,4d106730-1088-4892-9045-ffeebc4d23bc,-6.9369475,107.7305355,702.5,37,1085,97,20.78431,52.54902,,26.83104,29,111,,,,28.86149,25,115,23.35025,23,109
2941,2025-11-14 12:17:01+00,4d106730-1088-4892-9045-ffeebc4d23bc,-6.936762167,107.730094,702,32,972,97,19.60784,48.23529,,26.83104,29,111,,,,28.86149,25,115,23.35025,23,109
2942,2025-11-14 12:17:06+00,4d106730-1088-4892-9045-ffeebc4d23bc,-6.9365995,107.7296997,702.1,30,1366,96,20.39216,58.43137,,26.83104,29,111,,,,28.86149,25,115,23.35025,23,109
2943,2025-11-14 12:17:11+00,4d106730-1088-4892-9045-ffeebc4d23bc,-6.936463833,107.729361,702.2,32,1600,95,30.19608,91.76471,,26.83104,29,111,,,,28.86149,25,115,23.35025,23,109
2944,2025-11-14 12:17:16+00,4d106730-1088-4892-9045-ffeebc4d23bc,-6.936316333,107.7289918,702.4,38,1729,95,29.41176,90.58823,,26.83104,29,111,,,,28.86149,25,115,23.35025,23,109
2945,2025-11-14 12:17:21+00,4d106730-1088-4892-9045-ffeebc4d23bc,-6.9361285,107.7285638,703.5,28,910,95,20.39216,61.96078,,26.83104,29,111,,,,28.86149,25,115,23.35025,23,109
2946,2025-11-14 12:17:26+00,4d106730-1088-4892-9045-ffeebc4d23bc,-6.9358475,107.7282882,703.4,2,769,96,20,60.78431,,26.83104,29,111,,,,28.86149,25,115,23.35025,23,109
2947,2025-11-14 12:17:31+00,4d106730-1088-4892-9045-ffeebc4d23bc,-6.935758167,107.7282597,702,3,770,95,20,58.82353,,26.83104,29,111,,,,28.86149,25,115,23.35025,23,109
2948,2025-11-14 12:17:36+00,4d106730-1088-4892-9045-ffeebc4d23bc,-6.935719833,107.7282495,700.5,12,1764,94,25.4902,77.25491,,26.83104,29,111,,,,28.86149,25,115,23.35025,23,109
2949,2025-11-14 12:17:41+00,4d106730-1088-4892-9045-ffeebc4d23bc,-6.935606167,107.7282365,698.9,22,965,95,20,53.72549,,26.83104,29,111,,,,28.86149,25,115,23.35025,23,109
2950,2025-11-14 12:17:46+00,4d106730-1088-4892-9045-ffeebc4d23bc,-6.935344667,107.7282118,697.7,25,1193,96,22.7451,69.41177,,26.83104,29,111,,,,28.86149,25,115,23.35025,23,109
2951,2025-11-14 12:17:51+00,4d106730-1088-4892-9045-ffeebc4d23bc,-6.935043667,107.7281975,697.1,22,1000,96,20,48.62745,,26.83104,29,111,,,,28.86149,25,115,23.35025,23,109
2952,2025-11-14 12:17:56+00,4d106730-1088-4892-9045-ffeebc4d23bc,-6.934741833,107.7281847,695.9,24,1502,95,26.27451,82.35294,,26.83104,29,111,,,,28.86149,25,115,23.35025,23,109
2953,2025-11-14 12:18:01+00,4d106730-1088-4892-9045-ffeebc4d23bc,-6.9344455,107.7281567,697.3,32,1355,95,26.66667,86.66666,,26.83104,29,111,,,,28.86149,25,115,23.35025,23,109
2954,2025-11-14 12:18:06+00,4d106730-1088-4892-9045-ffeebc4d23bc,-6.934108,107.7279953,698.5,36,1246,95,20.39216,48.23529,,26.83104,29,111,,,,28.86149,25,115,23.35025,23,109
2955,2025-11-14 12:18:11+00,4d106730-1088-4892-9045-ffeebc4d23bc,-6.933823333,107.727661,700.9,31,994,96,23.92157,67.05882,,26.83104,29,111,,,,28.86149,25,115,23.35025,23,109
2956,2025-11-14 12:18:16+00,4d106730-1088-4892-9045-ffeebc4d23bc,-6.933610833,107.727318,701.7,35,1671,95,29.41176,91.37255,,26.83104,29,111,,,,28.86149,25,115,23.35025,23,109
2957,2025-11-14 12:18:21+00,4d106730-1088-4892-9045-ffeebc4d23bc,-6.933408667,107.7269395,702.2,32,998,95,19.60784,45.88235,,26.83104,29,111,,,,28.86149,25,115,23.35025,23,109
2958,2025-11-14 12:18:26+00,4d106730-1088-4892-9045-ffeebc4d23bc,-6.933227667,107.7265462,704.4,25,1253,95,30.98039,92.15686,,26.83104,29,111,,,,28.86149,25,115,23.35025,23,109
2959,2025-11-14 12:18:31+00,4d106730-1088-4892-9045-ffeebc4d23bc,-6.933127667,107.7262288,706.7,37,1930,94,29.41176,89.41177,,26.83104,29,111,,,,28.86149,25,115,23.35025,23,109
2960,2025-11-14 12:18:36+00,4d106730-1088-4892-9045-ffeebc4d23bc,-6.933120167,107.725814,707.6,32,968,95,19.60784,47.84314,,26.83104,29,111,,,,28.86149,25,115,23.35025,23,109
2961,2025-11-14 12:18:41+00,4d106730-1088-4892-9045-ffeebc4d23bc,-6.933176167,107.7253878,709.5,19,866,95,20.39216,62.7451,,26.83104,29,111,,,,28.86149,25,115,23.35025,23,109
2962,2025-11-14 12:18:46+00,4d106730-1088-4892-9045-ffeebc4d23bc,-6.933142667,107.7251198,710.4,19,901,95,19.60784,52.54902,,26.83104,29,111,,,,28.86149,25,115,23.35025,23,109
2963,2025-11-14 12:18:51+00,4d106730-1088-4892-9045-ffeebc4d23bc,-6.933090167,107.7248815,711.6,20,916,94,19.60784,50.19608,,26.83104,29,111,,,,28.86149,25,115,23.35025,23,109
2964,2025-11-14 12:18:56+00,4d106730-1088-4892-9045-ffeebc4d23bc,-6.933041333,107.7246382,711.1,22,996,94,19.60784,45.88235,,26.83104,29,111,,,,28.86149,25,115,23.35025,23,109
2965,2025-11-14 12:19:01+00,4d106730-1088-4892-9045-ffeebc4d23bc,-6.933009,107.7243605,709.9,23,1001,94,19.60784,43.92157,,26.83104,29,111,,,,28.86149,25,115,23.35025,23,109
2966,2025-11-14 12:19:06+00,4d106730-1088-4892-9045-ffeebc4d23bc,-6.933053667,107.724073,709,21,900,94,20.39216,58.43137,,26.83104,29,111,,,,28.86149,25,115,23.35025,23,109
2967,2025-11-14 12:19:11+00,4d106730-1088-4892-9045-ffeebc4d23bc,-6.9331605,107.7238235,708.9,20,918,94,19.60784,49.80392,,26.83104,29,111,,,,28.86149,25,115,23.35025,23,109
2968,2025-11-14 12:19:16+00,4d106730-1088-4892-9045-ffeebc4d23bc,-6.933282,107.7235872,709.7,14,800,93,19.60784,52.94118,,26.83104,29,111,,,,28.86149,25,115,23.35025,23,109
2969,2025-11-14 12:19:21+00,4d106730-1088-4892-9045-ffeebc4d23bc,-6.933382333,107.7233875,710.5,12,986,93,20,51.37255,,26.83104,29,111,,,,28.86149,25,115,23.35025,23,109
2970,2025-11-14 12:19:26+00,4d106730-1088-4892-9045-ffeebc4d23bc,-6.93345,107.7232558,710.1,12,858,94,20,50.98039,,26.83104,29,111,,,,28.86149,25,115,23.35025,23,109
2971,2025-11-14 12:19:35+00,4d106730-1088-4892-9045-ffeebc4d23bc,-6.933529667,107.7230983,709.4,2,757,94,21.17647,74.5098,,26.83104,29,111,,,,28.86149,25,115,23.35025,23,109
2972,2025-11-14 12:19:40+00,4d106730-1088-4892-9045-ffeebc4d23bc,-6.933562667,107.7230427,708.9,8,932,95,19.21569,52.54902,,26.83104,29,111,,,,28.86149,25,115,23.35025,23,109
2973,2025-11-14 12:19:45+00,4d106730-1088-4892-9045-ffeebc4d23bc,-6.933611333,107.7229557,710.7,14,1844,94,24.70588,71.37255,,26.83104,29,111,,,,28.86149,25,115,23.35025,23,109
2974,2025-11-14 12:19:50+00,4d106730-1088-4892-9045-ffeebc4d23bc,-6.933724667,107.7227563,712.4,22,963,94,19.60784,51.76471,,26.83104,29,111,,,,28.86149,25,115,23.35025,23,109
2975,2025-11-14 12:19:55+00,4d106730-1088-4892-9045-ffeebc4d23bc,-6.933856333,107.7225177,712,23,1140,95,21.17647,56.47059,,26.83104,29,111,,,,28.86149,25,115,23.35025,23,109
2976,2025-11-14 12:20:00+00,4d106730-1088-4892-9045-ffeebc4d23bc,-6.933997,107.7222345,711.2,27,1044,95,20,54.11765,,26.83104,29,111,,,,28.86149,25,115,23.35025,23,109
2977,2025-11-14 12:20:05+00,4d106730-1088-4892-9045-ffeebc4d23bc,-6.934146833,107.7219452,711.2,20,904,95,20,47.05882,,26.83104,29,111,,,,28.86149,25,115,23.35025,23,109
2978,2025-11-14 12:20:10+00,4d106730-1088-4892-9045-ffeebc4d23bc,-6.934224,107.7217972,710.6,12,1600,94,23.92157,69.41177,,26.83104,29,111,,,,28.86149,25,115,23.35025,23,109
2979,2025-11-14 12:20:15+00,4d106730-1088-4892-9045-ffeebc4d23bc,-6.934329,107.7216217,711.5,25,1664,94,26.27451,83.92157,,26.83104,29,111,,,,28.86149,25,115,23.35025,23,109
2980,2025-11-14 12:20:20+00,4d106730-1088-4892-9045-ffeebc4d23bc,-6.934494333,107.721294,711.7,33,1004,95,20,51.76471,,26.83104,29,111,,,,28.86149,25,115,23.35025,23,109
2981,2025-11-14 12:20:25+00,4d106730-1088-4892-9045-ffeebc4d23bc,-6.934647167,107.7208982,709.4,35,1087,96,21.17647,60,,26.83104,29,111,,,,28.86149,25,115,23.35025,23,109
2982,2025-11-14 12:20:30+00,4d106730-1088-4892-9045-ffeebc4d23bc,-6.934740833,107.7204677,708.2,33,1008,95,19.60784,44.70588,,26.83104,29,111,,,,28.86149,25,115,23.35025,23,109
2983,2025-11-14 12:20:36+00,4d106730-1088-4892-9045-ffeebc4d23bc,-6.934827833,107.719947,704.7,37,1091,94,19.60784,43.13726,,26.83104,29,111,,,,28.86149,25,115,23.35025,23,109
2984,2025-11-14 12:20:41+00,4d106730-1088-4892-9045-ffeebc4d23bc,-6.934926167,107.7194765,703.1,37,1078,94,19.60784,43.92157,,26.83104,29,111,,,,28.86149,25,115,23.35025,23,109
2985,2025-11-14 12:20:46+00,4d106730-1088-4892-9045-ffeebc4d23bc,-6.935043167,107.7190518,702.4,34,1052,94,21.17647,48.23529,,26.83104,29,111,,,,28.86149,25,115,23.35025,23,109
2986,2025-11-14 12:20:51+00,4d106730-1088-4892-9045-ffeebc4d23bc,-6.935189,107.7185962,699.4,39,989,93,20,53.33333,,26.83104,29,111,,,,28.86149,25,115,23.35025,23,109
2987,2025-11-14 12:20:56+00,4d106730-1088-4892-9045-ffeebc4d23bc,-6.935245833,107.7181358,697.6,35,1049,93,19.60784,42.7451,,26.83104,29,111,,,,28.86149,25,115,23.35025,23,109
2988,2025-11-14 12:21:00+00,4d106730-1088-4892-9045-ffeebc4d23bc,-6.935268333,107.7178113,696.6,22,795,92,19.60784,53.72549,,26.83104,29,111,,,,28.86149,25,115,23.35025,23,109
2989,2025-11-14 12:21:05+00,4d106730-1088-4892-9045-ffeebc4d23bc,-6.935241333,107.717608,697,6,837,92,19.60784,56.47059,,26.83104,29,111,,,,28.86149,25,115,23.35025,23,109
2990,2025-11-14 12:21:10+00,4d106730-1088-4892-9045-ffeebc4d23bc,-6.935204833,107.717544,695.6,6,832,92,19.60784,55.29412,,26.83104,29,111,,,,28.86149,25,115,23.35025,23,109
2991,2025-11-14 12:21:15+00,4d106730-1088-4892-9045-ffeebc4d23bc,-6.935148833,107.7174707,695.1,9,1049,93,21.17647,61.96078,,26.83104,29,111,,,,28.86149,25,115,23.35025,23,109
2992,2025-11-14 12:21:20+00,4d106730-1088-4892-9045-ffeebc4d23bc,-6.935052,107.7174382,692.4,3,761,94,19.60784,58.43137,,26.83104,29,111,,,,28.86149,25,115,23.35025,23,109
2993,2025-11-14 12:21:50+00,4d106730-1088-4892-9045-ffeebc4d23bc,-6.935009,107.7174265,687.9,1,759,95,19.60784,59.21569,,26.83104,29,111,,,,28.86149,25,115,23.35025,23,109
2994,2025-11-14 12:21:50+00,4d106730-1088-4892-9045-ffeebc4d23bc,-6.935009,107.7174265,687.9,1,795,96,21.17647,74.90196,,26.83104,29,111,,,,28.86149,25,115,23.35025,23,109
2995,2025-11-14 12:21:50+00,4d106730-1088-4892-9045-ffeebc4d23bc,-6.935009,107.7174265,687.9,3,778,96,20,63.13726,,26.83104,29,111,,,,28.86149,25,115,23.35025,23,109
2996,2025-11-14 12:22:15+00,4d106730-1088-4892-9045-ffeebc4d23bc,-6.9348325,107.717381,687.9,14,1792,96,22.7451,54.90196,,26.83104,29,111,,,,28.86149,25,115,23.35025,23,109
2997,2025-11-14 12:22:20+00,4d106730-1088-4892-9045-ffeebc4d23bc,-6.934630667,107.7173125,684.9,17,1082,96,20,46.66667,,26.83104,29,111,,,,28.86149,25,115,23.35025,23,109
2998,2025-11-14 12:22:20+00,4d106730-1088-4892-9045-ffeebc4d23bc,-6.934630667,107.7173125,683.9,24,1066,96,20,51.37255,,26.83104,29,111,,,,28.86149,25,115,23.35025,23,109
2999,2025-11-14 12:22:30+00,4d106730-1088-4892-9045-ffeebc4d23bc,-6.934331,107.7168288,682.5,27,1267,96,22.7451,71.76471,,26.83104,29,111,,,,28.86149,25,115,23.35025,23,109
3000,2025-11-14 12:22:35+00,4d106730-1088-4892-9045-ffeebc4d23bc,-6.934094,107.7165697,682.2,29,1232,97,20.39216,48.23529,,26.83104,29,111,,,,28.86149,25,115,23.35025,23,109
3001,2025-11-14 12:22:35+00,4d106730-1088-4892-9045-ffeebc4d23bc,-6.934094,107.7165697,682.2,30,1406,96,24.70588,64.70588,,26.83104,29,111,,,,28.86149,25,115,23.35025,23,109
3002,2025-11-14 12:22:41+00,4d106730-1088-4892-9045-ffeebc4d23bc,-6.933711333,107.7163813,681.9,24,1046,96,20.78431,54.11765,,26.83104,29,111,,,,28.86149,25,115,23.35025,23,109
3003,2025-11-14 12:22:41+00,4d106730-1088-4892-9045-ffeebc4d23bc,-6.933711333,107.7163813,681.9,27,1139,95,20,46.27451,,26.83104,29,111,,,,28.86149,25,115,23.35025,23,109
3004,2025-11-14 12:22:51+00,4d106730-1088-4892-9045-ffeebc4d23bc,-6.933103,107.7161098,681.2,19,903,95,20.39216,62.35294,,26.83104,29,111,,,,28.86149,25,115,23.35025,23,109
3005,2025-11-14 12:23:00+00,4d106730-1088-4892-9045-ffeebc4d23bc,-6.9327265,107.7159395,681.2,15,816,96,19.60784,56.86274,,26.83104,29,111,,,,28.86149,25,115,23.35025,23,109
3006,2025-11-14 12:23:00+00,4d106730-1088-4892-9045-ffeebc4d23bc,-6.9327265,107.7159395,680.2,8,910,95,19.60784,54.5098,,26.83104,29,111,,,,28.86149,25,115,23.35025,23,109
3007,2025-11-14 12:23:10+00,4d106730-1088-4892-9045-ffeebc4d23bc,-6.932469333,107.7157873,678.7,19,1476,94,23.92157,72.94118,,26.83104,29,111,,,,28.86149,25,115,23.35025,23,109
3008,2025-11-14 12:23:10+00,4d106730-1088-4892-9045-ffeebc4d23bc,-6.932469333,107.7157873,678.7,20,1151,95,21.56863,61.56863,,26.83104,29,111,,,,28.86149,25,115,23.35025,23,109
3009,2025-11-14 12:23:10+00,4d106730-1088-4892-9045-ffeebc4d23bc,-6.932469333,107.7157873,678.7,25,1341,95,25.4902,82.35294,,26.83104,29,111,,,,28.86149,25,115,23.35025,23,109
3010,2025-11-14 12:23:25+00,4d106730-1088-4892-9045-ffeebc4d23bc,-6.932079167,107.7149863,682.7,29,1171,95,20,60.39216,,26.83104,29,111,,,,28.86149,25,115,23.35025,23,109
3011,2025-11-14 12:23:30+00,4d106730-1088-4892-9045-ffeebc4d23bc,-6.931981167,107.7146825,682.7,23,1298,95,20.78431,58.82353,,26.83104,29,111,,,,28.86149,25,115,23.35025,23,109
3012,2025-11-14 12:23:30+00,4d106730-1088-4892-9045-ffeebc4d23bc,-6.931981167,107.7146825,682.7,16,830,95,19.60784,53.33333,,26.83104,29,111,,,,28.86149,25,115,23.35025,23,109
3013,2025-11-14 12:23:30+00,4d106730-1088-4892-9045-ffeebc4d23bc,-6.931981167,107.7146825,682.7,13,809,95,19.60784,54.5098,,26.83104,29,111,,,,28.86149,25,115,23.35025,23,109
3014,2025-11-14 12:23:41+00,4d106730-1088-4892-9045-ffeebc4d23bc,-6.931858667,107.7142243,688,18,1206,95,23.52941,72.54902,,26.83104,29,111,,,,28.86149,25,115,23.35025,23,109
3015,2025-11-14 12:23:50+00,4d106730-1088-4892-9045-ffeebc4d23bc,-6.931741833,107.7138013,688,26,1552,96,24.31373,73.33334,,26.83104,29,111,,,,28.86149,25,115,23.35025,23,109
3016,2025-11-14 12:23:55+00,4d106730-1088-4892-9045-ffeebc4d23bc,-6.931636333,107.7134563,688,29,1176,95,20,45.88235,,26.83104,29,111,,,,28.86149,25,115,23.35025,23,109
3017,2025-11-14 12:24:00+00,4d106730-1088-4892-9045-ffeebc4d23bc,-6.931460667,107.7131325,689.8,31,1318,95,22.7451,67.45098,,26.83104,29,111,,,,28.86149,25,115,23.35025,23,109
3018,2025-11-14 12:24:05+00,4d106730-1088-4892-9045-ffeebc4d23bc,-6.931177667,107.7128382,690.3,34,1049,95,20,50.58823,,26.83104,29,111,,,,28.86149,25,115,23.35025,23,109
3019,2025-11-14 12:24:10+00,4d106730-1088-4892-9045-ffeebc4d23bc,-6.9308205,107.7126298,688.8,33,1226,95,21.56863,61.96078,,26.83104,29,111,,,,28.86149,25,115,23.35025,23,109
3020,2025-11-14 12:24:15+00,4d106730-1088-4892-9045-ffeebc4d23bc,-6.930439333,107.7124508,689,34,1260,94,21.56863,66.66666,,26.83104,29,111,,,,28.86149,25,115,23.35025,23,109
3021,2025-11-14 12:24:20+00,4d106730-1088-4892-9045-ffeebc4d23bc,-6.930064833,107.7122675,689,33,1585,94,27.05882,87.45098,,26.83104,29,111,,,,28.86149,25,115,23.35025,23,109
3022,2025-11-14 12:24:25+00,4d106730-1088-4892-9045-ffeebc4d23bc,-6.929653667,107.7120708,689,38,1130,93,20,47.05882,,26.83104,29,111,,,,28.86149,25,115,23.35025,23,109
3023,2025-11-14 12:24:30+00,4d106730-1088-4892-9045-ffeebc4d23bc,-6.92934,107.7119188,687.8,13,804,94,19.60784,54.90196,,26.83104,29,111,,,,28.86149,25,115,23.35025,23,109
3024,2025-11-14 12:24:35+00,4d106730-1088-4892-9045-ffeebc4d23bc,-6.9291705,107.711833,688,20,1545,94,27.05882,87.84314,,26.83104,29,111,,,,28.86149,25,115,23.35025,23,109
3025,2025-11-14 12:24:40+00,4d106730-1088-4892-9045-ffeebc4d23bc,-6.928880167,107.711695,689.3,29,1214,94,31.76471,93.72549,,26.83104,29,111,,,,28.86149,25,115,23.35025,23,109
3026,2025-11-14 12:24:45+00,4d106730-1088-4892-9045-ffeebc4d23bc,-6.928533,107.7115242,691.7,33,1383,94,24.70588,59.60784,,26.83104,29,111,,,,28.86149,25,115,23.35025,23,109
3027,2025-11-14 12:24:50+00,4d106730-1088-4892-9045-ffeebc4d23bc,-6.928199333,107.7113583,692.1,26,1332,94,24.70588,78.82353,,26.83104,29,111,,,,28.86149,25,115,23.35025,23,109
3028,2025-11-14 12:24:55+00,4d106730-1088-4892-9045-ffeebc4d23bc,-6.9278965,107.7112313,692.3,28,1542,94,27.05882,87.05882,,26.83104,29,111,,,,28.86149,25,115,23.35025,23,109
3029,2025-11-14 12:25:00+00,4d106730-1088-4892-9045-ffeebc4d23bc,-6.927527167,107.7111157,689.9,30,953,95,19.60784,51.37255,,26.83104,29,111,,,,28.86149,25,115,23.35025,23,109
3030,2025-11-14 12:25:05+00,4d106730-1088-4892-9045-ffeebc4d23bc,-6.927307667,107.711059,689.3,11,746,95,20.78431,70.98039,,26.83104,29,111,,,,28.86149,25,115,23.35025,23,109
3031,2025-11-14 12:25:10+00,4d106730-1088-4892-9045-ffeebc4d23bc,-6.9271365,107.7110215,689.3,20,1524,95,26.66667,85.09804,,26.83104,29,111,,,,28.86149,25,115,23.35025,23,109
3032,2025-11-14 12:25:15+00,4d106730-1088-4892-9045-ffeebc4d23bc,-6.926828833,107.710952,689.9,27,1144,94,20,45.09804,,26.83104,29,111,,,,28.86149,25,115,23.35025,23,109
3033,2025-11-14 12:25:20+00,4d106730-1088-4892-9045-ffeebc4d23bc,-6.926578333,107.7108922,689.7,14,900,95,24.70588,76.07843,,26.83104,29,111,,,,28.86149,25,115,23.35025,23,109
3034,2025-11-14 12:25:25+00,4d106730-1088-4892-9045-ffeebc4d23bc,-6.926335,107.710837,690,27,1759,95,31.37255,93.72549,,26.83104,29,111,,,,28.86149,25,115,23.35025,23,109
3035,2025-11-14 12:25:30+00,4d106730-1088-4892-9045-ffeebc4d23bc,-6.925951667,107.7107515,691.5,32,938,96,20.39216,59.21569,,26.83104,29,111,,,,28.86149,25,115,23.35025,23,109
3036,2025-11-14 12:25:35+00,4d106730-1088-4892-9045-ffeebc4d23bc,-6.9255865,107.7106645,692.1,26,856,97,19.60784,53.33333,,26.83104,29,111,,,,28.86149,25,115,23.35025,23,109
3037,2025-11-14 12:25:40+00,4d106730-1088-4892-9045-ffeebc4d23bc,-6.925263333,107.7105873,692.7,30,1255,95,25.88235,86.66666,,26.83104,29,111,,,,28.86149,25,115,23.35025,23,109
3038,2025-11-14 12:25:45+00,4d106730-1088-4892-9045-ffeebc4d23bc,-6.9248295,107.710485,692.7,40,1638,95,26.66667,86.66666,,26.83104,29,111,,,,28.86149,25,115,23.35025,23,109
3039,2025-11-14 12:25:50+00,4d106730-1088-4892-9045-ffeebc4d23bc,-6.924299,107.7103562,692.8,46,1353,95,26.27451,83.92157,,26.83104,29,111,,,,28.86149,25,115,23.35025,23,109
3040,2025-11-14 12:25:55+00,4d106730-1088-4892-9045-ffeebc4d23bc,-6.9237525,107.7102272,16,42,1217,95,22.35294,66.66666,,26.83104,29,111,,,,28.86149,25,115,23.35025,23,109
3041,2025-11-14 12:26:00+00,4d106730-1088-4892-9045-ffeebc4d23bc,-6.923264667,107.7100937,16,40,1432,95,22.7451,65.4902,,26.83104,29,111,,,,28.86149,25,115,23.35025,23,109
3042,2025-11-14 12:26:05+00,4d106730-1088-4892-9045-ffeebc4d23bc,-6.922795667,107.7099702,694.6,34,1026,94,19.60784,43.13726,,26.83104,29,111,,,,28.86149,25,115,23.35025,23,109
3043,2025-11-14 12:26:10+00,4d106730-1088-4892-9045-ffeebc4d23bc,-6.922399,107.7098682,694.7,33,1484,93,25.88235,81.96078,,26.83104,29,111,,,,28.86149,25,115,23.35025,23,109
3044,2025-11-14 12:26:15+00,4d106730-1088-4892-9045-ffeebc4d23bc,-6.92197,107.7097565,695.4,33,992,93,19.60784,45.09804,,26.83104,29,111,,,,28.86149,25,115,23.35025,23,109
3045,2025-11-14 12:26:20+00,4d106730-1088-4892-9045-ffeebc4d23bc,-6.921643833,107.7096577,695.8,19,884,94,19.60784,52.94118,,26.83104,29,111,,,,28.86149,25,115,23.35025,23,109
3046,2025-11-14 12:26:25+00,4d106730-1088-4892-9045-ffeebc4d23bc,-6.921451167,107.7095737,695.2,15,813,94,19.60784,58.03922,,26.83104,29,111,,,,28.86149,25,115,23.35025,23,109
3047,2025-11-14 12:26:30+00,4d106730-1088-4892-9045-ffeebc4d23bc,-6.921290667,107.7094943,695.8,16,1334,94,25.88235,81.96078,,26.83104,29,111,,,,28.86149,25,115,23.35025,23,109
3048,2025-11-14 12:26:35+00,4d106730-1088-4892-9045-ffeebc4d23bc,-6.921047667,107.709368,696.8,28,1695,92,28.62745,89.80392,,26.83104,29,111,,,,28.86149,25,115,23.35025,23,109
3049,2025-11-14 12:26:40+00,4d106730-1088-4892-9045-ffeebc4d23bc,-6.920708,107.7091468,697.9,36,1542,93,28.62745,89.80392,,26.83104,29,111,,,,28.86149,25,115,23.35025,23,109
3050,2025-11-14 12:26:45+00,4d106730-1088-4892-9045-ffeebc4d23bc,-6.920299667,107.7088785,697.5,41,1229,94,28.62745,90.19608,,26.83104,29,111,,,,28.86149,25,115,23.35025,23,109
3051,2025-11-14 12:26:50+00,4d106730-1088-4892-9045-ffeebc4d23bc,-6.919863167,107.708581,698.3,42,1307,94,19.60784,51.37255,,26.83104,29,111,,,,28.86149,25,115,23.35025,23,109
3052,2025-11-14 12:26:55+00,4d106730-1088-4892-9045-ffeebc4d23bc,-6.919493833,107.7083355,700.9,19,806,93,19.60784,54.90196,,26.83104,29,111,,,,28.86149,25,115,23.35025,23,109
3053,2025-11-14 12:27:00+00,4d106730-1088-4892-9045-ffeebc4d23bc,-6.919335333,107.7082205,702.1,17,1371,93,23.92157,73.33334,,26.83104,29,111,,,,28.86149,25,115,23.35025,23,109
3054,2025-11-14 12:27:05+00,4d106730-1088-4892-9045-ffeebc4d23bc,-6.919118,107.7080352,701.9,29,1369,93,23.92157,76.07843,,26.83104,29,111,,,,28.86149,25,115,23.35025,23,109
3055,2025-11-14 12:27:10+00,4d106730-1088-4892-9045-ffeebc4d23bc,-6.91883,107.7077202,701.2,38,1616,93,23.92157,70.19608,,26.83104,29,111,,,,28.86149,25,115,23.35025,23,109
3056,2025-11-14 12:27:15+00,4d106730-1088-4892-9045-ffeebc4d23bc,-6.9185255,107.7073407,702.4,36,986,93,20,54.11765,,26.83104,29,111,,,,28.86149,25,115,23.35025,23,109
3057,2025-11-14 12:27:20+00,4d106730-1088-4892-9045-ffeebc4d23bc,-6.918266,107.7070315,703.3,26,863,93,20,50.19608,,26.83104,29,111,,,,28.86149,25,115,23.35025,23,109
3058,2025-11-14 12:27:25+00,4d106730-1088-4892-9045-ffeebc4d23bc,-6.918081833,107.7068013,703.8,23,1533,93,25.4902,82.35294,,26.83104,29,111,,,,28.86149,25,115,23.35025,23,109
3059,2025-11-14 12:27:30+00,4d106730-1088-4892-9045-ffeebc4d23bc,-6.917828167,107.7065297,702.4,33,1021,92,20,51.37255,,26.83104,29,111,,,,28.86149,25,115,23.35025,23,109
3060,2025-11-14 12:27:35+00,4d106730-1088-4892-9045-ffeebc4d23bc,-6.917534,107.7062203,703.2,34,1025,93,19.60784,44.31372,,26.83104,29,111,,,,28.86149,25,115,23.35025,23,109
3061,2025-11-14 12:27:40+00,4d106730-1088-4892-9045-ffeebc4d23bc,-6.917227667,107.7059057,702.7,33,910,93,20,55.68628,,26.83104,29,111,,,,28.86149,25,115,23.35025,23,109
3062,2025-11-14 12:27:45+00,4d106730-1088-4892-9045-ffeebc4d23bc,-6.916946167,107.7056157,702.6,29,909,93,19.60784,48.62745,,26.83104,29,111,,,,28.86149,25,115,23.35025,23,109
3063,2025-11-14 12:27:50+00,4d106730-1088-4892-9045-ffeebc4d23bc,-6.916694833,107.70536,702.9,27,876,91,19.60784,49.01961,,26.83104,29,111,,,,28.86149,25,115,23.35025,23,109
3064,2025-11-14 12:27:55+00,4d106730-1088-4892-9045-ffeebc4d23bc,-6.916454833,107.7051197,703.2,26,1257,91,23.92157,72.54902,,26.83104,29,111,,,,28.86149,25,115,23.35025,23,109
3065,2025-11-14 12:28:00+00,4d106730-1088-4892-9045-ffeebc4d23bc,-6.9161965,107.7048648,703.3,29,917,91,19.60784,49.41177,,26.83104,29,111,,,,28.86149,25,115,23.35025,23,109
3066,2025-11-14 12:28:05+00,4d106730-1088-4892-9045-ffeebc4d23bc,-6.915926833,107.7045908,702.3,32,916,91,20,56.07843,,26.83104,29,111,,,,28.86149,25,115,23.35025,23,109
3067,2025-11-14 12:28:10+00,4d106730-1088-4892-9045-ffeebc4d23bc,-6.915658667,107.7043177,699.9,29,904,91,19.60784,50.98039,,26.83104,29,111,,,,28.86149,25,115,23.35025,23,109
3068,2025-11-14 12:28:15+00,4d106730-1088-4892-9045-ffeebc4d23bc,-6.915416667,107.7040645,701.1,25,1413,91,24.70588,78.43137,,26.83104,29,111,,,,28.86149,25,115,23.35025,23,109
3069,2025-11-14 12:28:20+00,4d106730-1088-4892-9045-ffeebc4d23bc,-6.915176333,107.7038225,702.6,29,1299,90,20,57.2549,,26.83104,29,111,,,,28.86149,25,115,23.35025,23,109
3070,2025-11-14 12:28:25+00,4d106730-1088-4892-9045-ffeebc4d23bc,-6.914947333,107.7035993,704,22,1344,91,25.09804,78.82353,,26.83104,29,111,,,,28.86149,25,115,23.35025,23,109
3071,2025-11-14 12:28:30+00,4d106730-1088-4892-9045-ffeebc4d23bc,-6.914713333,107.7033663,704.9,30,1287,91,25.09804,81.96078,,26.83104,29,111,,,,28.86149,25,115,23.35025,23,109
3072,2025-11-14 12:28:35+00,4d106730-1088-4892-9045-ffeebc4d23bc,-6.9144495,107.7030882,705.3,27,867,92,19.60784,50.58823,,26.83104,29,111,,,,28.86149,25,115,23.35025,23,109
3073,2025-11-14 12:28:40+00,4d106730-1088-4892-9045-ffeebc4d23bc,-6.914288167,107.7028223,706,25,1573,91,24.70588,77.25491,,26.83104,29,111,,,,28.86149,25,115,23.35025,23,109
3074,2025-11-14 12:28:45+00,4d106730-1088-4892-9045-ffeebc4d23bc,-6.914241833,107.7024738,706.8,31,1241,91,20.39216,47.45098,,26.83104,29,111,,,,28.86149,25,115,23.35025,23,109
3075,2025-11-14 12:28:50+00,4d106730-1088-4892-9045-ffeebc4d23bc,-6.914218833,107.7020807,707,30,935,91,19.60784,47.05882,,26.83104,29,111,,,,28.86149,25,115,23.35025,23,109
3076,2025-11-14 12:28:55+00,4d106730-1088-4892-9045-ffeebc4d23bc,-6.914203333,107.701747,709.2,21,982,91,20,58.43137,,26.83104,29,111,,,,28.86149,25,115,23.35025,23,109
3077,2025-11-14 12:29:00+00,4d106730-1088-4892-9045-ffeebc4d23bc,-6.9141935,107.7015453,709.2,11,775,91,19.60784,58.43137,,26.83104,29,111,,,,28.86149,25,115,23.35025,23,109
3078,2025-11-14 12:29:05+00,4d106730-1088-4892-9045-ffeebc4d23bc,-6.914187333,107.7013958,710.3,9,878,92,20,57.64706,,26.83104,29,111,,,,28.86149,25,115,23.35025,23,109
3079,2025-11-14 12:29:10+00,4d106730-1088-4892-9045-ffeebc4d23bc,-6.9141855,107.7013028,711.1,4,768,91,19.60784,56.47059,,26.83104,29,111,,,,28.86149,25,115,23.35025,23,109
3080,2025-11-14 12:29:15+00,4d106730-1088-4892-9045-ffeebc4d23bc,-6.9141935,107.7012342,710.8,12,1839,91,27.84314,86.66666,,26.83104,29,111,,,,28.86149,25,115,23.35025,23,109
3081,2025-11-14 12:29:20+00,4d106730-1088-4892-9045-ffeebc4d23bc,-6.9141755,107.7009647,709.6,30,1768,93,29.01961,90.58823,,26.83104,29,111,,,,28.86149,25,115,23.35025,23,109
3082,2025-11-14 12:29:25+00,4d106730-1088-4892-9045-ffeebc4d23bc,-6.914161,107.7005317,709.9,37,1078,93,20.39216,54.90196,,26.83104,29,111,,,,28.86149,25,115,23.35025,23,109
3083,2025-11-14 12:29:30+00,4d106730-1088-4892-9045-ffeebc4d23bc,-6.9141495,107.7001272,708.6,26,857,94,19.60784,52.94118,,26.83104,29,111,,,,28.86149,25,115,23.35025,23,109
3084,2025-11-14 12:29:35+00,4d106730-1088-4892-9045-ffeebc4d23bc,-6.914141,107.6998465,709.1,19,882,93,19.60784,49.41177,,26.83104,29,111,,,,28.86149,25,115,23.35025,23,109
3085,2025-11-14 12:29:40+00,4d106730-1088-4892-9045-ffeebc4d23bc,-6.914137333,107.6996215,709.7,16,819,93,19.60784,51.76471,,26.83104,29,111,,,,28.86149,25,115,23.35025,23,109
3086,2025-11-14 12:29:45+00,4d106730-1088-4892-9045-ffeebc4d23bc,-6.914133,107.6994917,709.9,5,804,93,19.60784,55.68628,,26.83104,29,111,,,,28.86149,25,115,23.35025,23,109
3087,2025-11-14 12:29:50+00,4d106730-1088-4892-9045-ffeebc4d23bc,-6.914136,107.6993522,709,12,845,93,20.39216,61.96078,,26.83104,29,111,,,,28.86149,25,115,23.35025,23,109
3088,2025-11-14 12:29:55+00,4d106730-1088-4892-9045-ffeebc4d23bc,-6.914141,107.699188,707.2,17,1471,94,23.52941,69.01961,,26.83104,29,111,,,,28.86149,25,115,23.35025,23,109
3089,2025-11-14 12:30:00+00,4d106730-1088-4892-9045-ffeebc4d23bc,-6.9141205,107.6989257,707.5,19,891,93,19.60784,53.72549,,26.83104,29,111,,,,28.86149,25,115,23.35025,23,109
3090,2025-11-14 12:30:05+00,4d106730-1088-4892-9045-ffeebc4d23bc,-6.914115833,107.6987498,708.2,8,920,94,19.60784,53.33333,,26.83104,29,111,,,,28.86149,25,115,23.35025,23,109
3091,2025-11-14 12:30:10+00,4d106730-1088-4892-9045-ffeebc4d23bc,-6.914118167,107.6986657,708.7,5,796,94,19.60784,54.11765,,26.83104,29,111,,,,28.86149,25,115,23.35025,23,109
3092,2025-11-14 12:30:15+00,4d106730-1088-4892-9045-ffeebc4d23bc,-6.914113833,107.6985957,709.1,4,751,95,20.78431,70.58823,,26.83104,29,111,,,,28.86149,25,115,23.35025,23,109
3093,2025-11-14 12:30:20+00,4d106730-1088-4892-9045-ffeebc4d23bc,-6.9141095,107.6984927,709.6,12,1649,95,23.13725,67.84314,,26.83104,29,111,,,,28.86149,25,115,23.35025,23,109
3094,2025-11-14 12:30:25+00,4d106730-1088-4892-9045-ffeebc4d23bc,-6.9141085,107.6983023,708.6,14,980,94,19.60784,48.23529,,26.83104,29,111,,,,28.86149,25,115,23.35025,23,109
3095,2025-11-14 12:30:30+00,4d106730-1088-4892-9045-ffeebc4d23bc,-6.914104167,107.6981062,709,21,1796,94,27.05882,85.88235,,26.83104,29,111,,,,28.86149,25,115,23.35025,23,109
3096,2025-11-14 12:30:35+00,4d106730-1088-4892-9045-ffeebc4d23bc,-6.9140905,107.6977645,709,27,1145,95,19.60784,41.17647,,26.83104,29,111,,,,28.86149,25,115,23.35025,23,109
3097,2025-11-14 12:30:40+00,4d106730-1088-4892-9045-ffeebc4d23bc,-6.9140865,107.697592,708.8,4,748,95,20.39216,69.80392,,26.83104,29,111,,,,28.86149,25,115,23.35025,23,109
3098,2025-11-14 12:30:45+00,4d106730-1088-4892-9045-ffeebc4d23bc,-6.914083667,107.6975205,709.1,7,981,96,22.35294,60.39216,,26.83104,29,111,,,,28.86149,25,115,23.35025,23,109
3099,2025-11-14 12:30:50+00,4d106730-1088-4892-9045-ffeebc4d23bc,-6.914078667,107.6973468,709.5,23,1703,94,23.52941,67.45098,,26.83104,29,111,,,,28.86149,25,115,23.35025,23,109
3100,2025-11-14 12:30:55+00,4d106730-1088-4892-9045-ffeebc4d23bc,-6.914067667,107.6970395,708.7,22,972,95,19.60784,47.45098,,26.83104,29,111,,,,28.86149,25,115,23.35025,23,109
3101,2025-11-14 12:31:00+00,4d106730-1088-4892-9045-ffeebc4d23bc,-6.914048,107.6967732,708.7,21,935,95,19.60784,47.05882,,26.83104,29,111,,,,28.86149,25,115,23.35025,23,109
3102,2025-11-14 12:31:05+00,4d106730-1088-4892-9045-ffeebc4d23bc,-6.913978333,107.6965005,707.9,26,1453,95,25.88235,83.52941,,26.83104,29,111,,,,28.86149,25,115,23.35025,23,109
3103,2025-11-14 12:31:10+00,4d106730-1088-4892-9045-ffeebc4d23bc,-6.9138885,107.6961937,707.7,22,989,95,19.60784,44.31372,,26.83104,29,111,,,,28.86149,25,115,23.35025,23,109
3104,2025-11-14 12:31:15+00,4d106730-1088-4892-9045-ffeebc4d23bc,-6.913815833,107.695948,705.9,19,888,94,19.60784,49.01961,,26.83104,29,111,,,,28.86149,25,115,23.35025,23,109
3105,2025-11-14 12:31:20+00,4d106730-1088-4892-9045-ffeebc4d23bc,-6.913751667,107.6957492,705,14,800,94,19.60784,54.5098,,26.83104,29,111,,,,28.86149,25,115,23.35025,23,109
3106,2025-11-14 12:31:25+00,4d106730-1088-4892-9045-ffeebc4d23bc,-6.9137025,107.6955655,704.9,16,813,94,19.60784,55.29412,,26.83104,29,111,,,,28.86149,25,115,23.35025,23,109
3107,2025-11-14 12:31:30+00,4d106730-1088-4892-9045-ffeebc4d23bc,-6.913650333,107.6953973,702.3,15,1036,95,24.31373,79.60784,,26.83104,29,111,,,,28.86149,25,115,23.35025,23,109
3108,2025-11-14 12:31:35+00,4d106730-1088-4892-9045-ffeebc4d23bc,-6.913571,107.6951773,701.6,18,857,95,19.60784,55.68628,,26.83104,29,111,,,,28.86149,25,115,23.35025,23,109
3109,2025-11-14 12:31:40+00,4d106730-1088-4892-9045-ffeebc4d23bc,-6.913515167,107.695021,702.2,9,1011,95,25.09804,72.94118,,26.83104,29,111,,,,28.86149,25,115,23.35025,23,109
3110,2025-11-14 12:31:45+00,4d106730-1088-4892-9045-ffeebc4d23bc,-6.913455167,107.6948298,702,23,1507,94,24.70588,49.01961,,26.83104,29,111,,,,28.86149,25,115,23.35025,23,109
3111,2025-11-14 12:31:50+00,4d106730-1088-4892-9045-ffeebc4d23bc,-6.913363833,107.6945412,702.9,27,1488,95,23.52941,69.41177,,26.83104,29,111,,,,28.86149,25,115,23.35025,23,109
3112,2025-11-14 12:31:55+00,4d106730-1088-4892-9045-ffeebc4d23bc,-6.9132575,107.694199,702.8,28,1310,95,24.70588,67.45098,,26.83104,29,111,,,,28.86149,25,115,23.35025,23,109
3113,2025-11-14 12:31:57+00,4d106730-1088-4892-9045-ffeebc4d23bc,-6.913216333,107.6940595,702.1,34,1475,95,23.13725,70.19608,,26.83104,29,111,,,,28.86149,25,115,23.35025,23,109
3114,2025-11-14 12:32:02+00,4d106730-1088-4892-9045-ffeebc4d23bc,-6.913088167,107.6936592,700.7,37,1081,94,20,45.4902,,26.83104,29,111,,,,28.86149,25,115,23.35025,23,109
3115,2025-11-14 12:32:07+00,4d106730-1088-4892-9045-ffeebc4d23bc,-6.912945833,107.6932112,700.1,36,1073,94,19.60784,41.56863,,26.83104,29,111,,,,28.86149,25,115,23.35025,23,109
3116,2025-11-14 12:32:12+00,4d106730-1088-4892-9045-ffeebc4d23bc,-6.912811,107.6927718,699.8,33,1002,94,19.60784,43.52941,,26.83104,29,111,,,,28.86149,25,115,23.35025,23,109
3117,2025-11-14 12:32:17+00,4d106730-1088-4892-9045-ffeebc4d23bc,-6.9126785,107.6923748,699.2,31,966,93,19.60784,45.4902,,26.83104,29,111,,,,28.86149,25,115,23.35025,23,109
3118,2025-11-14 12:32:22+00,4d106730-1088-4892-9045-ffeebc4d23bc,-6.912554167,107.6919962,698.6,28,871,93,19.60784,52.94118,,26.83104,29,111,,,,28.86149,25,115,23.35025,23,109
3119,2025-11-14 12:32:30+00,4d106730-1088-4892-9045-ffeebc4d23bc,-6.912368333,107.691472,697.9,21,949,93,19.60784,51.76471,,26.83104,29,111,,,,28.86149,25,115,23.35025,23,109
3120,2025-11-14 12:32:32+00,4d106730-1088-4892-9045-ffeebc4d23bc,-6.912323167,107.691377,697.4,19,884,91,19.60784,49.80392,,26.83104,29,111,,,,28.86149,25,115,23.35025,23,109
3121,2025-11-14 12:32:37+00,4d106730-1088-4892-9045-ffeebc4d23bc,-6.912211667,107.6911728,695.4,15,814,91,19.60784,53.33333,,26.83104,29,111,,,,28.86149,25,115,23.35025,23,109
3122,2025-11-14 12:32:42+00,4d106730-1088-4892-9045-ffeebc4d23bc,-6.912097333,107.6910212,694.4,17,1527,91,30.19608,93.72549,,26.83104,29,111,,,,28.86149,25,115,23.35025,23,109
3123,2025-11-14 12:32:47+00,4d106730-1088-4892-9045-ffeebc4d23bc,-6.911950833,107.6908755,694.7,25,1065,91,19.60784,46.66667,,26.83104,29,111,,,,28.86149,25,115,23.35025,23,109
3124,2025-11-14 12:32:52+00,4d106730-1088-4892-9045-ffeebc4d23bc,-6.911725667,107.69067,695,24,1428,92,24.31373,74.90196,,26.83104,29,111,,,,28.86149,25,115,23.35025,23,109
3125,2025-11-14 12:33:00+00,4d106730-1088-4892-9045-ffeebc4d23bc,-6.911320333,107.6903197,693.8,33,1392,91,19.60784,47.45098,,26.83104,29,111,,,,28.86149,25,115,23.35025,23,109
3126,2025-11-14 12:33:02+00,4d106730-1088-4892-9045-ffeebc4d23bc,-6.911200167,107.6902128,692.7,27,879,91,19.60784,49.80392,,26.83104,29,111,,,,28.86149,25,115,23.35025,23,109
3127,2025-11-14 12:33:07+00,4d106730-1088-4892-9045-ffeebc4d23bc,-6.910926333,107.6899735,692.6,17,1259,92,25.88235,83.52941,,26.83104,29,111,,,,28.86149,25,115,23.35025,23,109
3128,2025-11-14 12:33:12+00,4d106730-1088-4892-9045-ffeebc4d23bc,-6.9107575,107.6898122,692.7,26,1727,91,29.80392,92.15686,,26.83104,29,111,,,,28.86149,25,115,23.35025,23,109
3129,2025-11-14 12:33:20+00,4d106730-1088-4892-9045-ffeebc4d23bc,-6.910280833,107.6894897,692.1,39,1951,91,28.62745,88.62745,,26.83104,29,111,,,,28.86149,25,115,23.35025,23,109
3130,2025-11-14 12:33:22+00,4d106730-1088-4892-9045-ffeebc4d23bc,-6.910111,107.6893855,692.5,41,1181,92,20,46.66667,,26.83104,29,111,,,,28.86149,25,115,23.35025,23,109
3131,2025-11-14 12:33:27+00,4d106730-1088-4892-9045-ffeebc4d23bc,-6.909675667,107.6891158,694.4,28,899,92,19.60784,47.84314,,26.83104,29,111,,,,28.86149,25,115,23.35025,23,109
3132,2025-11-14 12:33:32+00,4d106730-1088-4892-9045-ffeebc4d23bc,-6.909336167,107.688909,693.7,29,1375,92,24.70588,77.25491,,26.83104,29,111,,,,28.86149,25,115,23.35025,23,109
3133,2025-11-14 12:33:37+00,4d106730-1088-4892-9045-ffeebc4d23bc,-6.9090425,107.6887028,692.9,35,1511,91,31.37255,94.90196,,26.83104,29,111,,,,28.86149,25,115,23.35025,23,109
3134,2025-11-14 12:33:42+00,4d106730-1088-4892-9045-ffeebc4d23bc,-6.9087025,107.6884293,693.1,38,1354,91,19.60784,51.76471,,26.83104,29,111,,,,28.86149,25,115,23.35025,23,109
3135,2025-11-14 12:33:47+00,4d106730-1088-4892-9045-ffeebc4d23bc,-6.9083465,107.6881238,694.1,32,1553,91,26.66667,86.27451,,26.83104,29,111,,,,28.86149,25,115,23.35025,23,109
3136,2025-11-14 12:33:52+00,4d106730-1088-4892-9045-ffeebc4d23bc,-6.908066667,107.6878105,694.8,41,1207,91,20.78431,61.56863,,26.83104,29,111,,,,28.86149,25,115,23.35025,23,109
3137,2025-11-14 12:33:57+00,4d106730-1088-4892-9045-ffeebc4d23bc,-6.907831667,107.6873835,694.3,39,1114,92,19.60784,41.17647,,26.83104,29,111,,,,28.86149,25,115,23.35025,23,109
3138,2025-11-14 12:34:02+00,4d106730-1088-4892-9045-ffeebc4d23bc,-6.907634,107.6869292,693.4,33,969,91,20,55.29412,,26.83104,29,111,,,,28.86149,25,115,23.35025,23,109
3139,2025-11-14 12:34:07+00,4d106730-1088-4892-9045-ffeebc4d23bc,-6.907476,107.6865333,694.2,19,878,91,19.60784,52.94118,,26.83104,29,111,,,,28.86149,25,115,23.35025,23,109
3140,2025-11-14 12:34:12+00,4d106730-1088-4892-9045-ffeebc4d23bc,-6.907375333,107.6862783,695.2,23,1575,91,26.27451,85.4902,,26.83104,29,111,,,,28.86149,25,115,23.35025,23,109
3141,2025-11-14 12:34:17+00,4d106730-1088-4892-9045-ffeebc4d23bc,-6.907273667,107.6860293,695.7,26,1159,91,19.21569,50.58823,,26.83104,29,111,,,,28.86149,25,115,23.35025,23,109
3142,2025-11-14 12:34:22+00,4d106730-1088-4892-9045-ffeebc4d23bc,-6.9071395,107.6857258,697.7,3,757,91,19.60784,56.86274,,26.83104,29,111,,,,28.86149,25,115,23.35025,23,109
3143,2025-11-14 12:34:27+00,4d106730-1088-4892-9045-ffeebc4d23bc,-6.907103833,107.685631,698.2,6,871,92,20.39216,55.68628,,26.83104,29,111,,,,28.86149,25,115,23.35025,23,109
3144,2025-11-14 12:34:32+00,4d106730-1088-4892-9045-ffeebc4d23bc,-6.907077833,107.6855678,698.3,12,1064,93,19.60784,47.84314,,26.83104,29,111,,,,28.86149,25,115,23.35025,23,109
3145,2025-11-14 12:34:37+00,4d106730-1088-4892-9045-ffeebc4d23bc,-6.9070245,107.6854427,699,3,751,93,19.60784,58.03922,,26.83104,29,111,,,,28.86149,25,115,23.35025,23,109
3146,2025-11-14 12:34:42+00,4d106730-1088-4892-9045-ffeebc4d23bc,-6.9069995,107.6853892,699.3,7,1410,93,24.70588,76.07843,,26.83104,29,111,,,,28.86149,25,115,23.35025,23,109
3147,2025-11-14 12:34:47+00,4d106730-1088-4892-9045-ffeebc4d23bc,-6.906971333,107.6853293,699.7,26,2034,93,32.94118,93.72549,,26.83104,29,111,,,,28.86149,25,115,23.35025,23,109
3148,2025-11-14 12:34:52+00,4d106730-1088-4892-9045-ffeebc4d23bc,-6.906859333,107.685066,701.1,37,1570,94,23.13725,64.31373,,26.83104,29,111,,,,28.86149,25,115,23.35025,23,109
3149,2025-11-14 12:34:57+00,4d106730-1088-4892-9045-ffeebc4d23bc,-6.90668,107.684659,701.7,39,1548,95,27.05882,89.01961,,26.83104,29,111,,,,28.86149,25,115,23.35025,23,109
3150,2025-11-14 12:35:02+00,4d106730-1088-4892-9045-ffeebc4d23bc,-6.906484833,107.6842135,703.4,34,1014,95,19.60784,45.4902,,26.83104,29,111,,,,28.86149,25,115,23.35025,23,109
3151,2025-11-14 12:35:07+00,4d106730-1088-4892-9045-ffeebc4d23bc,-6.906306333,107.6838023,704,31,954,94,21.17647,51.76471,,26.83104,29,111,,,,28.86149,25,115,23.35025,23,109
3152,2025-11-14 12:35:12+00,4d106730-1088-4892-9045-ffeebc4d23bc,-6.906144833,107.6834367,704.4,33,1557,93,25.4902,82.35294,,26.83104,29,111,,,,28.86149,25,115,23.35025,23,109
3153,2025-11-14 12:35:17+00,4d106730-1088-4892-9045-ffeebc4d23bc,-6.9059785,107.683063,704.8,31,1213,94,21.17647,61.56863,,26.83104,29,111,,,,28.86149,25,115,23.35025,23,109
3154,2025-11-14 12:35:22+00,4d106730-1088-4892-9045-ffeebc4d23bc,-6.905814667,107.6826898,705.8,31,1299,94,25.09804,83.13725,,26.83104,29,111,,,,28.86149,25,115,23.35025,23,109
3155,2025-11-14 12:35:27+00,4d106730-1088-4892-9045-ffeebc4d23bc,-6.905653333,107.6823383,705.2,27,879,94,19.60784,50.98039,,26.83104,29,111,,,,28.86149,25,115,23.35025,23,109
3156,2025-11-14 12:35:32+00,4d106730-1088-4892-9045-ffeebc4d23bc,-6.905500667,107.6820058,705.9,30,1271,93,22.35294,67.45098,,26.83104,29,111,,,,28.86149,25,115,23.35025,23,109
3157,2025-11-14 12:35:37+00,4d106730-1088-4892-9045-ffeebc4d23bc,-6.905367333,107.6816568,707.5,26,865,94,19.60784,51.76471,,26.83104,29,111,,,,28.86149,25,115,23.35025,23,109
3158,2025-11-14 12:35:42+00,4d106730-1088-4892-9045-ffeebc4d23bc,-6.905294,107.6813077,709.6,25,1336,94,20.78431,61.56863,,26.83104,29,111,,,,28.86149,25,115,23.35025,23,109
3159,2025-11-14 12:35:47+00,4d106730-1088-4892-9045-ffeebc4d23bc,-6.905248833,107.681007,710.7,21,943,94,19.60784,46.66667,,26.83104,29,111,,,,28.86149,25,115,23.35025,23,109
3160,2025-11-14 12:35:52+00,4d106730-1088-4892-9045-ffeebc4d23bc,-6.905222,107.6807258,710,17,812,94,19.60784,55.68628,,26.83104,29,111,,,,28.86149,25,115,23.35025,23,109
3161,2025-11-14 12:35:57+00,4d106730-1088-4892-9045-ffeebc4d23bc,-6.905191,107.6804928,710.4,14,1034,94,22.35294,67.45098,,26.83104,29,111,,,,28.86149,25,115,23.35025,23,109
3162,2025-11-14 12:36:02+00,4d106730-1088-4892-9045-ffeebc4d23bc,-6.905171167,107.6803102,710,21,1269,92,20,60.78431,,26.83104,29,111,,,,28.86149,25,115,23.35025,23,109
3163,2025-11-14 12:36:07+00,4d106730-1088-4892-9045-ffeebc4d23bc,-6.9051335,107.6800563,710.3,20,924,93,21.17647,54.5098,,26.83104,29,111,,,,28.86149,25,115,23.35025,23,109
3164,2025-11-14 12:36:12+00,4d106730-1088-4892-9045-ffeebc4d23bc,-6.905093667,107.679797,710.9,28,1753,93,30.19608,92.15686,,26.83104,29,111,,,,28.86149,25,115,23.35025,23,109
3165,2025-11-14 12:36:17+00,4d106730-1088-4892-9045-ffeebc4d23bc,-6.905045667,107.6794778,711.8,34,1886,94,32.54902,94.5098,,26.83104,29,111,,,,28.86149,25,115,23.35025,23,109
3166,2025-11-14 12:36:22+00,4d106730-1088-4892-9045-ffeebc4d23bc,-6.904990667,107.6790695,713.3,39,1692,93,19.60784,45.4902,,26.83104,29,111,,,,28.86149,25,115,23.35025,23,109
3167,2025-11-14 12:36:27+00,4d106730-1088-4892-9045-ffeebc4d23bc,-6.9049235,107.6785927,716.3,30,937,94,19.60784,46.66667,,26.83104,29,111,,,,28.86149,25,115,23.35025,23,109
3168,2025-11-14 12:36:32+00,4d106730-1088-4892-9045-ffeebc4d23bc,-6.904879167,107.6781978,717,22,939,94,20,51.76471,,26.83104,29,111,,,,28.86149,25,115,23.35025,23,109
3169,2025-11-14 12:36:37+00,4d106730-1088-4892-9045-ffeebc4d23bc,-6.904836333,107.6778953,717.6,6,957,94,23.13725,67.84314,,26.83104,29,111,,,,28.86149,25,115,23.35025,23,109
3170,2025-11-14 12:36:42+00,4d106730-1088-4892-9045-ffeebc4d23bc,-6.904831,107.6777802,717.7,19,1527,94,24.70588,76.86275,,26.83104,29,111,,,,28.86149,25,115,23.35025,23,109
3171,2025-11-14 12:36:47+00,4d106730-1088-4892-9045-ffeebc4d23bc,-6.904827833,107.6775758,717,22,974,94,19.60784,48.23529,,26.83104,29,111,,,,28.86149,25,115,23.35025,23,109
3172,2025-11-14 12:36:52+00,4d106730-1088-4892-9045-ffeebc4d23bc,-6.904814667,107.677274,716.2,16,810,94,19.60784,52.94118,,26.83104,29,111,,,,28.86149,25,115,23.35025,23,109
3173,2025-11-14 12:36:57+00,4d106730-1088-4892-9045-ffeebc4d23bc,-6.9048115,107.6770562,716.5,21,1482,94,25.4902,81.56863,,26.83104,29,111,,,,28.86149,25,115,23.35025,23,109
3174,2025-11-14 12:37:02+00,4d106730-1088-4892-9045-ffeebc4d23bc,-6.904808833,107.6768153,716.5,31,1330,94,23.92157,75.29412,,26.83104,29,111,,,,28.86149,25,115,23.35025,23,109
3175,2025-11-14 12:37:07+00,4d106730-1088-4892-9045-ffeebc4d23bc,-6.904797833,107.6764517,714.9,32,952,94,20,55.68628,,26.83104,29,111,,,,28.86149,25,115,23.35025,23,109
3176,2025-11-14 12:37:12+00,4d106730-1088-4892-9045-ffeebc4d23bc,-6.9047705,107.6760342,712.9,33,985,95,19.60784,47.45098,,26.83104,29,111,,,,28.86149,25,115,23.35025,23,109
3177,2025-11-14 12:37:17+00,4d106730-1088-4892-9045-ffeebc4d23bc,-6.904713,107.6756185,710.6,32,968,94,19.60784,46.66667,,26.83104,29,111,,,,28.86149,25,115,23.35025,23,109
3178,2025-11-14 12:37:26+00,4d106730-1088-4892-9045-ffeebc4d23bc,-6.9046335,107.674894,709.9,32,964,93,19.60784,45.88235,,26.83104,29,111,,,,28.86149,25,115,23.35025,23,109
3179,2025-11-14 12:37:27+00,4d106730-1088-4892-9045-ffeebc4d23bc,-6.904626667,107.6748148,707.7,29,908,93,19.60784,46.66667,,26.83104,29,111,,,,28.86149,25,115,23.35025,23,109
3180,2025-11-14 12:37:36+00,4d106730-1088-4892-9045-ffeebc4d23bc,-6.904685167,107.6741793,707.4,26,892,93,19.60784,63.52941,,26.83104,29,111,,,,28.86149,25,115,23.35025,23,109
3181,2025-11-14 12:37:41+00,4d106730-1088-4892-9045-ffeebc4d23bc,-6.904760167,107.67388,707.7,25,1058,93,20,47.84314,,26.83104,29,111,,,,28.86149,25,115,23.35025,23,109
3182,2025-11-14 12:37:46+00,4d106730-1088-4892-9045-ffeebc4d23bc,-6.904832167,107.673583,707.8,21,937,92,19.60784,46.27451,,26.83104,29,111,,,,28.86149,25,115,23.35025,23,109
3183,2025-11-14 12:37:51+00,4d106730-1088-4892-9045-ffeebc4d23bc,-6.904870667,107.6734193,706.8,13,966,91,19.60784,49.41177,,26.83104,29,111,,,,28.86149,25,115,23.35025,23,109
3184,2025-11-14 12:37:56+00,4d106730-1088-4892-9045-ffeebc4d23bc,-6.904899167,107.6732773,705.7,5,796,91,19.60784,53.72549,,26.83104,29,111,,,,28.86149,25,115,23.35025,23,109
3185,2025-11-14 12:38:01+00,4d106730-1088-4892-9045-ffeebc4d23bc,-6.904907,107.6732387,704.5,2,753,93,21.17647,75.29412,,26.83104,29,111,,,,28.86149,25,115,23.35025,23,109
3186,2025-11-14 12:38:07+00,4d106730-1088-4892-9045-ffeebc4d23bc,-6.9049085,107.6732265,703.6,2,742,94,19.60784,60.39216,,26.83104,29,111,,,,28.86149,25,115,23.35025,23,109
3187,2025-11-14 12:38:12+00,4d106730-1088-4892-9045-ffeebc4d23bc,-6.904913667,107.6732045,703.9,14,1479,92,20.39216,40,,26.83104,29,111,,,,28.86149,25,115,23.35025,23,109
3188,2025-11-14 12:38:17+00,4d106730-1088-4892-9045-ffeebc4d23bc,-6.904933,107.6730708,703,21,1462,93,20.78431,50.58823,,26.83104,29,111,,,,28.86149,25,115,23.35025,23,109
3189,2025-11-14 12:38:22+00,4d106730-1088-4892-9045-ffeebc4d23bc,-6.904914667,107.6728265,701.4,28,1266,93,22.35294,64.31373,,26.83104,29,111,,,,28.86149,25,115,23.35025,23,109
3190,2025-11-14 12:38:27+00,4d106730-1088-4892-9045-ffeebc4d23bc,-6.904787,107.6725147,699.8,35,1409,93,23.13725,69.41177,,26.83104,29,111,,,,28.86149,25,115,23.35025,23,109
3191,2025-11-14 12:38:32+00,4d106730-1088-4892-9045-ffeebc4d23bc,-6.904602,107.6721327,699.1,37,1105,91,20,46.66667,,26.83104,29,111,,,,28.86149,25,115,23.35025,23,109
3192,2025-11-14 12:38:37+00,4d106730-1088-4892-9045-ffeebc4d23bc,-6.904412333,107.6717008,699.5,34,1012,91,19.60784,47.45098,,26.83104,29,111,,,,28.86149,25,115,23.35025,23,109
3193,2025-11-14 12:38:42+00,4d106730-1088-4892-9045-ffeebc4d23bc,-6.904293,107.6712718,699.9,29,1342,91,23.92157,74.90196,,26.83104,29,111,,,,28.86149,25,115,23.35025,23,109
3194,2025-11-14 12:38:47+00,4d106730-1088-4892-9045-ffeebc4d23bc,-6.9042665,107.6708997,700.3,36,1575,91,25.4902,81.17647,,26.83104,29,111,,,,28.86149,25,115,23.35025,23,109
3195,2025-11-14 12:38:52+00,4d106730-1088-4892-9045-ffeebc4d23bc,-6.904266167,107.6704678,700.1,35,1035,91,19.60784,45.4902,,26.83104,29,111,,,,28.86149,25,115,23.35025,23,109
3196,2025-11-14 12:38:57+00,4d106730-1088-4892-9045-ffeebc4d23bc,-6.904263833,107.6700065,700.4,34,1262,91,21.96078,62.35294,,26.83104,29,111,,,,28.86149,25,115,23.35025,23,109
3197,2025-11-14 12:39:02+00,4d106730-1088-4892-9045-ffeebc4d23bc,-6.904260833,107.669581,699.3,40,1172,90,19.21569,46.66667,,26.83104,29,111,,,,28.86149,25,115,23.35025,23,109
3198,2025-11-14 12:39:07+00,4d106730-1088-4892-9045-ffeebc4d23bc,-6.904252333,107.669105,698.3,41,1222,91,19.21569,47.05882,,26.83104,29,111,,,,28.86149,25,115,23.35025,23,109
3199,2025-11-14 12:39:12+00,4d106730-1088-4892-9045-ffeebc4d23bc,-6.9042485,107.6685948,697.5,39,1746,91,29.80392,92.15686,,26.83104,29,111,,,,28.86149,25,115,23.35025,23,109
3200,2025-11-14 12:39:17+00,4d106730-1088-4892-9045-ffeebc4d23bc,-6.904245667,107.6681162,697.5,41,1024,90,18.82353,49.80392,,26.83104,29,111,,,,28.86149,25,115,23.35025,23,109
3201,2025-11-14 12:39:22+00,4d106730-1088-4892-9045-ffeebc4d23bc,-6.904236167,107.6675967,697,35,1049,91,19.60784,42.7451,,26.83104,29,111,,,,28.86149,25,115,23.35025,23,109
3202,2025-11-14 12:39:27+00,4d106730-1088-4892-9045-ffeebc4d23bc,-6.904211,107.667137,696.9,24,970,90,20,50.19608,,26.83104,29,111,,,,28.86149,25,115,23.35025,23,109
3203,2025-11-14 12:39:32+00,4d106730-1088-4892-9045-ffeebc4d23bc,-6.904177667,107.6668033,697.6,7,835,90,20,56.47059,,26.83104,29,111,,,,28.86149,25,115,23.35025,23,109
3204,2025-11-14 12:39:37+00,4d106730-1088-4892-9045-ffeebc4d23bc,-6.904157667,107.6666168,697.7,2,746,90,19.60784,59.21569,,26.83104,29,111,,,,28.86149,25,115,23.35025,23,109
3205,2025-11-14 12:39:47+00,4d106730-1088-4892-9045-ffeebc4d23bc,-6.904153667,107.6665965,697.9,5,795,91,20,60,,26.83104,29,111,,,,28.86149,25,115,23.35025,23,109
3206,2025-11-14 12:39:52+00,4d106730-1088-4892-9045-ffeebc4d23bc,-6.904148,107.6665538,698.5,7,872,92,19.60784,51.76471,,26.83104,29,111,,,,28.86149,25,115,23.35025,23,109
3207,2025-11-14 12:39:57+00,4d106730-1088-4892-9045-ffeebc4d23bc,-6.904142667,107.6664663,698.1,7,891,91,19.60784,49.41177,,26.83104,29,111,,,,28.86149,25,115,23.35025,23,109
3208,2025-11-14 12:40:02+00,4d106730-1088-4892-9045-ffeebc4d23bc,-6.904143333,107.6663723,698.4,10,1247,91,19.60784,47.05882,,26.83104,29,111,,,,28.86149,25,115,23.35025,23,109
3209,2025-11-14 12:40:07+00,4d106730-1088-4892-9045-ffeebc4d23bc,-6.904139833,107.6662657,699.3,12,1111,91,19.21569,48.62745,,26.83104,29,111,,,,28.86149,25,115,23.35025,23,109
3210,2025-11-14 12:40:12+00,4d106730-1088-4892-9045-ffeebc4d23bc,-6.904128167,107.6661305,699.9,10,985,92,19.60784,45.88235,,26.83104,29,111,,,,28.86149,25,115,23.35025,23,109
3211,2025-11-14 12:40:17+00,4d106730-1088-4892-9045-ffeebc4d23bc,-6.904114167,107.6659978,700.2,5,801,91,19.60784,52.15686,,26.83104,29,111,,,,28.86149,25,115,23.35025,23,109
3212,2025-11-14 12:40:33+00,4d106730-1088-4892-9045-ffeebc4d23bc,-6.9040945,107.6658897,701.8,3,732,93,21.17647,75.68627,,26.83104,29,111,,,,28.86149,25,115,23.35025,23,109
3213,2025-11-14 12:40:37+00,4d106730-1088-4892-9045-ffeebc4d23bc,-6.904091333,107.6658648,702.1,5,792,94,19.60784,57.64706,,26.83104,29,111,,,,28.86149,25,115,23.35025,23,109
3214,2025-11-14 12:40:42+00,4d106730-1088-4892-9045-ffeebc4d23bc,-6.9040845,107.6658047,701.8,6,818,94,19.60784,54.5098,,26.83104,29,111,,,,28.86149,25,115,23.35025,23,109
3215,2025-11-14 12:40:48+00,4d106730-1088-4892-9045-ffeebc4d23bc,-6.904075167,107.6657158,701,1,757,93,19.60784,58.43137,,26.83104,29,111,,,,28.86149,25,115,23.35025,23,109
3216,2025-11-14 12:40:53+00,4d106730-1088-4892-9045-ffeebc4d23bc,-6.904069833,107.6656733,700.4,2,826,93,21.17647,74.90196,,26.83104,29,111,,,,28.86149,25,115,23.35025,23,109
3217,2025-11-14 12:40:58+00,4d106730-1088-4892-9045-ffeebc4d23bc,-6.904065,107.6656322,699.2,5,792,94,19.60784,59.60784,,26.83104,29,111,,,,28.86149,25,115,23.35025,23,109
3218,2025-11-14 12:41:03+00,4d106730-1088-4892-9045-ffeebc4d23bc,-6.904057,107.665567,698.2,5,807,95,19.60784,55.29412,,26.83104,29,111,,,,28.86149,25,115,23.35025,23,109
3219,2025-11-14 12:41:08+00,4d106730-1088-4892-9045-ffeebc4d23bc,-6.904050167,107.6654937,698.3,5,810,93,19.60784,54.11765,,26.83104,29,111,,,,28.86149,25,115,23.35025,23,109
3220,2025-11-14 12:41:13+00,4d106730-1088-4892-9045-ffeebc4d23bc,-6.904043333,107.6654175,697.3,6,853,94,19.60784,53.33333,,26.83104,29,111,,,,28.86149,25,115,23.35025,23,109
3221,2025-11-14 12:41:18+00,4d106730-1088-4892-9045-ffeebc4d23bc,-6.904034,107.665336,697.8,4,769,95,20.39216,69.01961,,26.83104,29,111,,,,28.86149,25,115,23.35025,23,109
3222,2025-11-14 12:41:23+00,4d106730-1088-4892-9045-ffeebc4d23bc,-6.9040295,107.6652618,698,5,802,95,21.17647,60,,26.83104,29,111,,,,28.86149,25,115,23.35025,23,109
3223,2025-11-14 12:41:28+00,4d106730-1088-4892-9045-ffeebc4d23bc,-6.904024833,107.665187,698.2,8,1374,95,23.52941,69.41177,,26.83104,29,111,,,,28.86149,25,115,23.35025,23,109
3224,2025-11-14 12:41:33+00,4d106730-1088-4892-9045-ffeebc4d23bc,-6.904014167,107.6650745,697.9,4,781,94,19.60784,55.68628,,26.83104,29,111,,,,28.86149,25,115,23.35025,23,109
3225,2025-11-14 12:41:43+00,4d106730-1088-4892-9045-ffeebc4d23bc,-6.904009333,107.6650118,697.8,2,732,96,21.17647,75.68627,,26.83104,29,111,,,,28.86149,25,115,23.35025,23,109
3226,2025-11-14 12:41:48+00,4d106730-1088-4892-9045-ffeebc4d23bc,-6.904008167,107.664988,697.4,3,764,96,20,60,,26.83104,29,111,,,,28.86149,25,115,23.35025,23,109
3227,2025-11-14 12:41:56+00,4d106730-1088-4892-9045-ffeebc4d23bc,-6.904003833,107.664942,697.9,1,753,95,19.60784,58.43137,,26.83104,29,111,,,,28.86149,25,115,23.35025,23,109
3228,2025-11-14 12:42:01+00,4d106730-1088-4892-9045-ffeebc4d23bc,-6.9039975,107.6648878,698.2,7,932,95,20,51.76471,,26.83104,29,111,,,,28.86149,25,115,23.35025,23,109
3229,2025-11-14 12:42:07+00,4d106730-1088-4892-9045-ffeebc4d23bc,-6.903989833,107.6647973,698.6,3,762,96,20.78431,74.11765,,26.83104,29,111,,,,28.86149,25,115,23.35025,23,109
3230,2025-11-14 12:42:12+00,4d106730-1088-4892-9045-ffeebc4d23bc,-6.9039855,107.6647318,698.8,6,841,97,20,57.2549,,26.83104,29,111,,,,28.86149,25,115,23.35025,23,109
3231,2025-11-14 12:42:17+00,4d106730-1088-4892-9045-ffeebc4d23bc,-6.9039735,107.6646083,698.8,13,1178,96,20,43.52941,,26.83104,29,111,,,,28.86149,25,115,23.35025,23,109
3232,2025-11-14 12:42:22+00,4d106730-1088-4892-9045-ffeebc4d23bc,-6.903956833,107.6644807,698.5,6,850,96,20,53.33333,,26.83104,29,111,,,,28.86149,25,115,23.35025,23,109
3233,2025-11-14 12:42:27+00,4d106730-1088-4892-9045-ffeebc4d23bc,-6.9039515,107.6643982,698.7,6,867,96,19.60784,51.76471,,26.83104,29,111,,,,28.86149,25,115,23.35025,23,109
3234,2025-11-14 12:42:32+00,4d106730-1088-4892-9045-ffeebc4d23bc,-6.9039455,107.6643285,698.5,4,760,97,20.78431,72.54902,,26.83104,29,111,,,,28.86149,25,115,23.35025,23,109
3235,2025-11-14 12:42:37+00,4d106730-1088-4892-9045-ffeebc4d23bc,-6.903942333,107.6642708,699,6,821,98,19.60784,58.03922,,26.83104,29,111,,,,28.86149,25,115,23.35025,23,109
3236,2025-11-14 12:42:42+00,4d106730-1088-4892-9045-ffeebc4d23bc,-6.903937167,107.664207,698,4,786,97,19.60784,56.07843,,26.83104,29,111,,,,28.86149,25,115,23.35025,23,109
3237,2025-11-14 12:42:47+00,4d106730-1088-4892-9045-ffeebc4d23bc,-6.903929667,107.6641533,697.2,5,801,96,20,57.2549,,26.83104,29,111,,,,28.86149,25,115,23.35025,23,109
3238,2025-11-14 12:42:52+00,4d106730-1088-4892-9045-ffeebc4d23bc,-6.9039245,107.6640638,698.5,6,874,96,19.60784,52.15686,,26.83104,29,111,,,,28.86149,25,115,23.35025,23,109
3239,2025-11-14 12:42:57+00,4d106730-1088-4892-9045-ffeebc4d23bc,-6.903920333,107.663996,699.3,3,741,98,21.17647,73.72549,,26.83104,29,111,,,,28.86149,25,115,23.35025,23,109
3240,2025-11-14 12:43:02+00,4d106730-1088-4892-9045-ffeebc4d23bc,-6.903915333,107.6639518,699.9,2,759,98,20,61.17647,,26.83104,29,111,,,,28.86149,25,115,23.35025,23,109
3241,2025-11-14 12:43:13+00,4d106730-1088-4892-9045-ffeebc4d23bc,-6.903915667,107.6639357,700.9,1,748,97,19.60784,59.21569,,26.83104,29,111,,,,28.86149,25,115,23.35025,23,109
3242,2025-11-14 12:43:18+00,4d106730-1088-4892-9045-ffeebc4d23bc,-6.903914833,107.6639192,701.3,4,764,98,20.78431,73.72549,,26.83104,29,111,,,,28.86149,25,115,23.35025,23,109
3243,2025-11-14 12:43:23+00,4d106730-1088-4892-9045-ffeebc4d23bc,-6.903910667,107.6638635,700.9,4,789,98,20,58.82353,,26.83104,29,111,,,,28.86149,25,115,23.35025,23,109
3244,2025-11-14 12:43:28+00,4d106730-1088-4892-9045-ffeebc4d23bc,-6.9039045,107.663802,700.8,2,762,98,19.60784,58.43137,,26.83104,29,111,,,,28.86149,25,115,23.35025,23,109
3245,2025-11-14 12:43:46+00,4d106730-1088-4892-9045-ffeebc4d23bc,-6.903897333,107.6637247,700.4,1,779,99,19.21569,63.52941,,26.83104,29,111,,,,28.86149,25,115,23.35025,23,109
3246,2025-11-14 12:43:53+00,4d106730-1088-4892-9045-ffeebc4d23bc,-6.903894167,107.6637088,699.7,1,752,98,19.60784,59.60784,,26.83104,29,111,,,,28.86149,25,115,23.35025,23,109
3247,2025-11-14 12:43:58+00,4d106730-1088-4892-9045-ffeebc4d23bc,-6.90389,107.6637012,699.5,4,782,98,20,59.21569,,26.83104,29,111,,,,28.86149,25,115,23.35025,23,109
3248,2025-11-14 12:44:03+00,4d106730-1088-4892-9045-ffeebc4d23bc,-6.903887167,107.6636593,700,3,774,99,20,58.03922,,26.83104,29,111,,,,28.86149,25,115,23.35025,23,109
3249,2025-11-14 12:44:08+00,4d106730-1088-4892-9045-ffeebc4d23bc,-6.903884833,107.663613,699.7,5,814,100,19.21569,64.70588,,26.83104,29,111,,,,28.86149,25,115,23.35025,23,109
3250,2025-11-14 12:44:13+00,4d106730-1088-4892-9045-ffeebc4d23bc,-6.903877667,107.663559,698.8,2,760,100,20,58.82353,,26.83104,29,111,,,,28.86149,25,115,23.35025,23,109
3251,2025-11-14 12:44:18+00,4d106730-1088-4892-9045-ffeebc4d23bc,-6.9038675,107.6635123,698.1,5,804,98,20,59.21569,,26.83104,29,111,,,,28.86149,25,115,23.35025,23,109
3252,2025-11-14 12:44:23+00,4d106730-1088-4892-9045-ffeebc4d23bc,-6.903867333,107.6634542,698.9,6,823,98,19.60784,54.90196,,26.83104,29,111,,,,28.86149,25,115,23.35025,23,109
3253,2025-11-14 12:44:28+00,4d106730-1088-4892-9045-ffeebc4d23bc,-6.903861333,107.6633812,698.4,5,801,99,20.78431,69.01961,,26.83104,29,111,,,,28.86149,25,115,23.35025,23,109
3254,2025-11-14 12:44:33+00,4d106730-1088-4892-9045-ffeebc4d23bc,-6.903854833,107.663313,698,8,1066,100,20,49.80392,,26.83104,29,111,,,,28.86149,25,115,23.35025,23,109
3255,2025-11-14 12:44:38+00,4d106730-1088-4892-9045-ffeebc4d23bc,-6.903848833,107.6632328,697.3,5,811,99,19.60784,55.29412,,26.83104,29,111,,,,28.86149,25,115,23.35025,23,109
3256,2025-11-14 12:44:43+00,4d106730-1088-4892-9045-ffeebc4d23bc,-6.903847833,107.6631635,698.6,3,771,98,19.60784,56.86274,,26.83104,29,111,,,,28.86149,25,115,23.35025,23,109
3257,2025-11-14 12:44:48+00,4d106730-1088-4892-9045-ffeebc4d23bc,-6.903841833,107.6631073,699.1,3,770,98,20,58.82353,,26.83104,29,111,,,,28.86149,25,115,23.35025,23,109
3258,2025-11-14 12:44:53+00,4d106730-1088-4892-9045-ffeebc4d23bc,-6.9038345,107.6630647,698.4,3,749,99,21.17647,75.29412,,26.83104,29,111,,,,28.86149,25,115,23.35025,23,109
3259,2025-11-14 12:44:58+00,4d106730-1088-4892-9045-ffeebc4d23bc,-6.9038335,107.6630193,699,2,770,100,20,61.56863,,26.83104,29,111,,,,28.86149,25,115,23.35025,23,109
3260,2025-11-14 12:45:03+00,4d106730-1088-4892-9045-ffeebc4d23bc,-6.903826333,107.6629762,700.2,1,759,100,20,62.35294,,26.83104,29,111,,,,28.86149,25,115,23.35025,23,109
3261,2025-11-14 12:45:08+00,4d106730-1088-4892-9045-ffeebc4d23bc,-6.9038235,107.6629487,700.1,4,787,98,20,60,,26.83104,29,111,,,,28.86149,25,115,23.35025,23,109
3262,2025-11-14 12:45:13+00,4d106730-1088-4892-9045-ffeebc4d23bc,-6.903815333,107.6628938,699.9,7,1066,97,19.21569,53.33333,,26.83104,29,111,,,,28.86149,25,115,23.35025,23,109
3263,2025-11-14 12:45:18+00,4d106730-1088-4892-9045-ffeebc4d23bc,-6.903799167,107.6628097,700.1,7,1157,95,23.52941,75.29412,,26.83104,29,111,,,,28.86149,25,115,23.35025,23,109
3264,2025-11-14 12:45:23+00,4d106730-1088-4892-9045-ffeebc4d23bc,-6.9037795,107.662719,698.3,8,979,95,20,47.84314,,26.83104,29,111,,,,28.86149,25,115,23.35025,23,109
3265,2025-11-14 12:45:28+00,4d106730-1088-4892-9045-ffeebc4d23bc,-6.903766,107.6626068,697.9,9,1390,95,22.35294,65.88235,,26.83104,29,111,,,,28.86149,25,115,23.35025,23,109
3266,2025-11-14 12:45:33+00,4d106730-1088-4892-9045-ffeebc4d23bc,-6.903750833,107.6625047,696.3,9,1077,95,22.35294,53.33333,,26.83104,29,111,,,,28.86149,25,115,23.35025,23,109
3267,2025-11-14 12:45:38+00,4d106730-1088-4892-9045-ffeebc4d23bc,-6.903739667,107.662371,698.2,9,1033,96,19.60784,43.52941,,26.83104,29,111,,,,28.86149,25,115,23.35025,23,109
3268,2025-11-14 12:45:43+00,4d106730-1088-4892-9045-ffeebc4d23bc,-6.903724667,107.6622417,699.4,10,997,97,20.39216,57.2549,,26.83104,29,111,,,,28.86149,25,115,23.35025,23,109
3269,2025-11-14 12:45:48+00,4d106730-1088-4892-9045-ffeebc4d23bc,-6.9037085,107.6621297,698.3,10,1318,97,21.17647,52.15686,,26.83104,29,111,,,,28.86149,25,115,23.35025,23,109
3270,2025-11-14 12:45:53+00,4d106730-1088-4892-9045-ffeebc4d23bc,-6.903698167,107.6620057,697.8,8,1024,96,20.39216,46.66667,,26.83104,29,111,,,,28.86149,25,115,23.35025,23,109
3271,2025-11-14 12:45:58+00,4d106730-1088-4892-9045-ffeebc4d23bc,-6.903681167,107.6618877,698.3,11,1378,96,21.17647,56.07843,,26.83104,29,111,,,,28.86149,25,115,23.35025,23,109
3272,2025-11-14 12:46:03+00,4d106730-1088-4892-9045-ffeebc4d23bc,-6.903661333,107.6617525,699.1,9,1031,98,19.60784,43.13726,,26.83104,29,111,,,,28.86149,25,115,23.35025,23,109
3273,2025-11-14 12:46:08+00,4d106730-1088-4892-9045-ffeebc4d23bc,-6.903631667,107.6616263,699.6,12,1490,98,22.35294,62.7451,,26.83104,29,111,,,,28.86149,25,115,23.35025,23,109
3274,2025-11-14 12:46:13+00,4d106730-1088-4892-9045-ffeebc4d23bc,-6.903568667,107.6614937,700,17,1137,97,20,47.45098,,26.83104,29,111,,,,28.86149,25,115,23.35025,23,109
3275,2025-11-14 12:46:18+00,4d106730-1088-4892-9045-ffeebc4d23bc,-6.903435333,107.6613262,700.9,13,939,98,19.60784,46.66667,,26.83104,29,111,,,,28.86149,25,115,23.35025,23,109
3276,2025-11-14 12:46:23+00,4d106730-1088-4892-9045-ffeebc4d23bc,-6.903299167,107.6612018,701.9,11,899,98,21.56863,61.56863,,26.83104,29,111,,,,28.86149,25,115,23.35025,23,109
3277,2025-11-14 12:46:28+00,4d106730-1088-4892-9045-ffeebc4d23bc,-6.903185667,107.6611043,702.2,13,1014,98,20.78431,56.86274,,26.83104,29,111,,,,28.86149,25,115,23.35025,23,109
3278,2025-11-14 12:46:33+00,4d106730-1088-4892-9045-ffeebc4d23bc,-6.903058167,107.6609997,702.1,13,945,98,20.78431,62.7451,,26.83104,29,111,,,,28.86149,25,115,23.35025,23,109
3279,2025-11-14 12:46:38+00,4d106730-1088-4892-9045-ffeebc4d23bc,-6.902933,107.6608945,701.4,11,851,100,20,54.11765,,26.83104,29,111,,,,28.86149,25,115,23.35025,23,109
3280,2025-11-14 12:46:43+00,4d106730-1088-4892-9045-ffeebc4d23bc,-6.902819667,107.6608133,705,15,1034,98,20.39216,49.80392,,26.83104,29,111,,,,28.86149,25,115,23.35025,23,109
3281,2025-11-14 12:46:48+00,4d106730-1088-4892-9045-ffeebc4d23bc,-6.902669167,107.6606927,705.1,16,1056,98,20,46.27451,,26.83104,29,111,,,,28.86149,25,115,23.35025,23,109
3282,2025-11-14 12:46:53+00,4d106730-1088-4892-9045-ffeebc4d23bc,-6.902517833,107.6605552,704.2,16,1064,98,20,46.66667,,26.83104,29,111,,,,28.86149,25,115,23.35025,23,109
3283,2025-11-14 12:46:58+00,4d106730-1088-4892-9045-ffeebc4d23bc,-6.902399333,107.6603883,702.6,13,1024,99,21.56863,66.66666,,26.83104,29,111,,,,28.86149,25,115,23.35025,23,109
3284,2025-11-14 12:47:03+00,4d106730-1088-4892-9045-ffeebc4d23bc,-6.902352167,107.6602142,703.3,11,864,99,19.60784,52.15686,,26.83104,29,111,,,,28.86149,25,115,23.35025,23,109
3285,2025-11-14 12:47:08+00,4d106730-1088-4892-9045-ffeebc4d23bc,-6.902334667,107.6600698,704.4,4,802,98,19.60784,55.29412,,26.83104,29,111,,,,28.86149,25,115,23.35025,23,109
3286,2025-11-14 12:47:13+00,4d106730-1088-4892-9045-ffeebc4d23bc,-6.902329667,107.6600033,704.8,6,865,98,19.60784,53.33333,,26.83104,29,111,,,,28.86149,25,115,23.35025,23,109
3287,2025-11-14 12:47:18+00,4d106730-1088-4892-9045-ffeebc4d23bc,-6.902325667,107.6599193,705.8,6,862,99,19.60784,52.54902,,26.83104,29,111,,,,28.86149,25,115,23.35025,23,109
3288,2025-11-14 12:47:23+00,4d106730-1088-4892-9045-ffeebc4d23bc,-6.902321333,107.6598358,706.7,11,1684,100,26.27451,81.17647,,26.83104,29,111,,,,28.86149,25,115,23.35025,23,109
3289,2025-11-14 12:47:28+00,4d106730-1088-4892-9045-ffeebc4d23bc,-6.902316333,107.6597128,707,22,1790,98,25.88235,79.21568,,26.83104,29,111,,,,28.86149,25,115,23.35025,23,109
3290,2025-11-14 12:47:33+00,4d106730-1088-4892-9045-ffeebc4d23bc,-6.902306833,107.6594508,708.4,27,1152,98,20,45.4902,,26.83104,29,111,,,,28.86149,25,115,23.35025,23,109
3291,2025-11-14 12:47:38+00,4d106730-1088-4892-9045-ffeebc4d23bc,-6.902294833,107.6591097,708.6,20,937,99,19.60784,47.05882,,26.83104,29,111,,,,28.86149,25,115,23.35025,23,109
3292,2025-11-14 12:47:43+00,4d106730-1088-4892-9045-ffeebc4d23bc,-6.9022905,107.6588375,708.1,18,914,99,20.78431,65.88235,,26.83104,29,111,,,,28.86149,25,115,23.35025,23,109
3293,2025-11-14 12:47:48+00,4d106730-1088-4892-9045-ffeebc4d23bc,-6.902288,107.658612,707.4,14,871,99,22.7451,66.66666,,26.83104,29,111,,,,28.86149,25,115,23.35025,23,109
3294,2025-11-14 12:47:53+00,4d106730-1088-4892-9045-ffeebc4d23bc,-6.902288833,107.6584273,708,16,830,98,19.60784,56.07843,,26.83104,29,111,,,,28.86149,25,115,23.35025,23,109
3295,2025-11-14 12:47:58+00,4d106730-1088-4892-9045-ffeebc4d23bc,-6.9022795,107.6582162,708.5,19,1484,98,25.4902,81.17647,,26.83104,29,111,,,,28.86149,25,115,23.35025,23,109
3296,2025-11-14 12:48:03+00,4d106730-1088-4892-9045-ffeebc4d23bc,-6.902269,107.6579847,709.5,21,945,99,19.60784,50.19608,,26.83104,29,111,,,,28.86149,25,115,23.35025,23,109
3297,2025-11-14 12:48:11+00,4d106730-1088-4892-9045-ffeebc4d23bc,-6.902266167,107.6575777,707.8,18,945,100,21.96078,72.54902,,26.83104,29,111,,,,28.86149,25,115,23.35025,23,109
3298,2025-11-14 12:48:13+00,4d106730-1088-4892-9045-ffeebc4d23bc,-6.9022635,107.6574848,708.1,13,810,100,20,56.86274,,26.83104,29,111,,,,28.86149,25,115,23.35025,23,109
3299,2025-11-14 12:48:18+00,4d106730-1088-4892-9045-ffeebc4d23bc,-6.902306667,107.6573483,702.5,11,1508,100,22.7451,63.92157,,26.83104,29,111,,,,28.86149,25,115,23.35025,23,109
3300,2025-11-14 12:48:23+00,4d106730-1088-4892-9045-ffeebc4d23bc,-6.9024305,107.6573715,701.1,17,1120,97,20.78431,48.62745,,26.83104,29,111,,,,28.86149,25,115,23.35025,23,109
3301,2025-11-14 12:48:28+00,4d106730-1088-4892-9045-ffeebc4d23bc,-6.902644,107.6573853,699,19,911,96,19.60784,52.94118,,26.83104,29,111,,,,28.86149,25,115,23.35025,23,109
3302,2025-11-14 12:48:33+00,4d106730-1088-4892-9045-ffeebc4d23bc,-6.9028945,107.6573942,697.7,19,839,97,20.39216,63.92157,,26.83104,29,111,,,,28.86149,25,115,23.35025,23,109
3303,2025-11-14 12:48:38+00,4d106730-1088-4892-9045-ffeebc4d23bc,-6.9031255,107.6573988,696.1,18,874,96,20,53.33333,,26.83104,29,111,,,,28.86149,25,115,23.35025,23,109
3304,2025-11-14 12:48:46+00,4d106730-1088-4892-9045-ffeebc4d23bc,-6.903515167,107.6574048,696.7,20,915,95,19.60784,51.37255,,26.83104,29,111,,,,28.86149,25,115,23.35025,23,109
3305,2025-11-14 12:48:48+00,4d106730-1088-4892-9045-ffeebc4d23bc,-6.903614667,107.6573912,698,24,1082,95,20,49.01961,,26.83104,29,111,,,,28.86149,25,115,23.35025,23,109
3306,2025-11-14 12:48:53+00,4d106730-1088-4892-9045-ffeebc4d23bc,-6.903896167,107.6573327,698.4,24,1058,95,19.60784,43.92157,,26.83104,29,111,,,,28.86149,25,115,23.35025,23,109
3307,2025-11-14 12:49:01+00,4d106730-1088-4892-9045-ffeebc4d23bc,-6.904357,107.6572565,697.8,19,853,95,20.39216,61.56863,,26.83104,29,111,,,,28.86149,25,115,23.35025,23,109
3308,2025-11-14 12:49:06+00,4d106730-1088-4892-9045-ffeebc4d23bc,-6.904596667,107.6572315,698,22,1259,95,21.56863,63.13726,,26.83104,29,111,,,,28.86149,25,115,23.35025,23,109
3309,2025-11-14 12:49:08+00,4d106730-1088-4892-9045-ffeebc4d23bc,-6.904719333,107.6572233,697,25,1078,93,19.60784,44.70588,,26.83104,29,111,,,,28.86149,25,115,23.35025,23,109
3310,2025-11-14 12:49:13+00,4d106730-1088-4892-9045-ffeebc4d23bc,-6.905039,107.6572062,696.3,26,1467,93,23.52941,71.76471,,26.83104,29,111,,,,28.86149,25,115,23.35025,23,109
3311,2025-11-14 12:49:21+00,4d106730-1088-4892-9045-ffeebc4d23bc,-6.905599667,107.65717,695.3,30,947,93,19.60784,48.62745,,26.83104,29,111,,,,28.86149,25,115,23.35025,23,109
3312,2025-11-14 12:49:23+00,4d106730-1088-4892-9045-ffeebc4d23bc,-6.905750333,107.6571757,695,27,859,93,20.39216,61.96078,,26.83104,29,111,,,,28.86149,25,115,23.35025,23,109
3313,2025-11-14 12:49:31+00,4d106730-1088-4892-9045-ffeebc4d23bc,-6.906272333,107.6572977,692.2,23,992,93,20,51.76471,,26.83104,29,111,,,,28.86149,25,115,23.35025,23,109
3314,2025-11-14 12:49:33+00,4d106730-1088-4892-9045-ffeebc4d23bc,-6.9063775,107.6573313,691.5,19,984,91,20.78431,56.86274,,26.83104,29,111,,,,28.86149,25,115,23.35025,23,109
3315,2025-11-14 12:49:41+00,4d106730-1088-4892-9045-ffeebc4d23bc,-6.906744667,107.6573073,690.9,17,856,91,20,50.98039,,26.83104,29,111,,,,28.86149,25,115,23.35025,23,109
3316,2025-11-14 12:49:43+00,4d106730-1088-4892-9045-ffeebc4d23bc,-6.906807667,107.6572837,687.5,13,804,92,19.60784,55.29412,,26.83104,29,111,,,,28.86149,25,115,23.35025,23,109
3317,2025-11-14 12:49:48+00,4d106730-1088-4892-9045-ffeebc4d23bc,-6.906932667,107.6571975,684.4,15,1157,93,23.92157,79.60784,,26.83104,29,111,,,,28.86149,25,115,23.35025,23,109
3318,2025-11-14 12:49:53+00,4d106730-1088-4892-9045-ffeebc4d23bc,-6.907095333,107.6571148,682.5,21,996,92,20,51.37255,,26.83104,29,111,,,,28.86149,25,115,23.35025,23,109
3319,2025-11-14 12:49:58+00,4d106730-1088-4892-9045-ffeebc4d23bc,-6.907347,107.6570417,681.8,12,1005,91,21.56863,64.70588,,26.83104,29,111,,,,28.86149,25,115,23.35025,23,109
3320,2025-11-14 12:50:03+00,4d106730-1088-4892-9045-ffeebc4d23bc,-6.907509167,107.6570202,680.9,21,995,91,20,52.15686,,26.83104,29,111,,,,28.86149,25,115,23.35025,23,109
3321,2025-11-14 12:50:36+00,4d106730-1088-4892-9045-ffeebc4d23bc,-6.9087285,107.657642,685.3,13,799,92,19.60784,53.33333,,26.83104,29,111,,,,28.86149,25,115,23.35025,23,109
3322,2025-11-14 12:50:08+00,4d106730-1088-4892-9045-ffeebc4d23bc,-6.907755333,107.6570783,681.4,16,835,93,19.60784,53.72549,,26.83104,29,111,,,,28.86149,25,115,23.35025,23,109
3323,2025-11-14 12:50:13+00,4d106730-1088-4892-9045-ffeebc4d23bc,-6.907946667,107.6571967,684.6,17,821,93,20.78431,67.45098,,26.83104,29,111,,,,28.86149,25,115,23.35025,23,109
3324,2025-11-14 12:50:26+00,4d106730-1088-4892-9045-ffeebc4d23bc,-6.908239167,107.6576432,688,18,1247,92,21.56863,66.66666,,26.83104,29,111,,,,28.86149,25,115,23.35025,23,109
3325,2025-11-14 12:50:28+00,4d106730-1088-4892-9045-ffeebc4d23bc,-6.908332,107.6576545,687.5,20,911,91,19.60784,50.98039,,26.83104,29,111,,,,28.86149,25,115,23.35025,23,109
3326,2025-11-14 12:50:18+00,4d106730-1088-4892-9045-ffeebc4d23bc,-6.908070333,107.6573698,689,17,840,93,19.60784,55.29412,,26.83104,29,111,,,,28.86149,25,115,23.35025,23,109
3327,2025-11-14 12:50:38+00,4d106730-1088-4892-9045-ffeebc4d23bc,-6.908781833,107.6576548,685.6,3,742,92,21.17647,74.11765,,26.83104,29,111,,,,28.86149,25,115,23.35025,23,109
3328,2025-11-14 12:50:52+00,4d106730-1088-4892-9045-ffeebc4d23bc,-6.9088485,107.657683,689.4,1,753,92,20,61.56863,,26.83104,29,111,,,,28.86149,25,115,23.35025,23,109
3329,2025-11-14 12:50:57+00,4d106730-1088-4892-9045-ffeebc4d23bc,-6.908835333,107.6576803,690.2,1,771,92,20,62.35294,,26.83104,29,111,,,,28.86149,25,115,23.35025,23,109
3330,2025-11-14 12:51:02+00,4d106730-1088-4892-9045-ffeebc4d23bc,-6.908814,107.6576768,690.5,1,771,93,20,64.70588,,26.83104,29,111,,,,28.86149,25,115,23.35025,23,109
3331,2025-11-14 12:51:07+00,4d106730-1088-4892-9045-ffeebc4d23bc,-6.908796833,107.6576742,691.5,1,718,94,20.39216,69.41177,,26.83104,29,111,,,,28.86149,25,115,23.35025,23,109
3332,2025-11-14 12:51:17+00,4d106730-1088-4892-9045-ffeebc4d23bc,-6.908774333,107.6576783,692.8,1,757,94,20,62.7451,,26.83104,29,111,,,,28.86149,25,115,23.35025,23,109
3333,2025-11-14 12:51:22+00,4d106730-1088-4892-9045-ffeebc4d23bc,-6.908782167,107.6577062,693.8,4,797,94,20,61.96078,,26.83104,29,111,,,,28.86149,25,115,23.35025,23,109
3334,2025-11-14 12:51:27+00,4d106730-1088-4892-9045-ffeebc4d23bc,-6.908758667,107.657771,695.1,7,866,95,20.78431,69.01961,,26.83104,29,111,,,,28.86149,25,115,23.35025,23,109
3335,2025-11-14 12:51:32+00,4d106730-1088-4892-9045-ffeebc4d23bc,-6.908767667,107.6578702,695.7,8,978,96,19.60784,49.01961,,26.83104,29,111,,,,28.86149,25,115,23.35025,23,109
3336,2025-11-14 12:51:37+00,4d106730-1088-4892-9045-ffeebc4d23bc,-6.908814,107.6579212,695,5,826,95,19.60784,54.11765,,26.83104,29,111,,,,28.86149,25,115,23.35025,23,109
3337,2025-11-14 12:51:42+00,4d106730-1088-4892-9045-ffeebc4d23bc,-6.9088525,107.6578765,695.5,6,863,95,19.60784,52.15686,,26.83104,29,111,,,,28.86149,25,115,23.35025,23,109
3338,2025-11-14 12:51:47+00,4d106730-1088-4892-9045-ffeebc4d23bc,-6.908861667,107.6577987,695.2,5,862,95,20.78431,68.62745,,26.83104,29,111,,,,28.86149,25,115,23.35025,23,109
3339,2025-11-21 07:19:06+00,4d106730-1088-4892-9045-ffeebc4d23bc,-6.9640715,107.709486,697.2,3,754,98,20.78431,72.94118,,,,,,,,,,,,,
3340,2025-11-21 07:19:11+00,4d106730-1088-4892-9045-ffeebc4d23bc,-6.964042833,107.709476,698.4,10,1351,98,23.13725,70.98039,,,,,,,,,,,,,
3341,2025-11-21 07:19:16+00,4d106730-1088-4892-9045-ffeebc4d23bc,-6.963969167,107.7094332,700.4,18,1371,97,21.96078,61.56863,,,,,,,,,,,,,
3342,2025-11-21 07:19:21+00,4d106730-1088-4892-9045-ffeebc4d23bc,-6.963817,107.7094617,701,23,1519,97,20.78431,53.33333,,,,,,,,,,,,,
3343,2025-11-21 07:19:31+00,4d106730-1088-4892-9045-ffeebc4d23bc,-6.963334,107.7096963,695.7,21,949,98,20,49.01961,,,,,,,,,,,,,
3344,2025-11-21 07:19:26+00,4d106730-1088-4892-9045-ffeebc4d23bc,-6.963601,107.709577,698.8,22,938,98,20.39216,54.90196,,,,,,,,,,,,,
3345,2025-11-21 07:19:41+00,4d106730-1088-4892-9045-ffeebc4d23bc,-6.962494167,107.7097435,687.5,20,946,96,19.60784,45.09804,,,,,,,,30.16679,33,113,,,
3346,2025-11-21 07:19:36+00,4d106730-1088-4892-9045-ffeebc4d23bc,-6.962938,107.709765,690,20,949,96,19.60784,46.27451,,,,,,,,30.16679,33,113,,,
3347,2025-11-21 07:19:46+00,4d106730-1088-4892-9045-ffeebc4d23bc,-6.962151167,107.7098222,683.3,17,817,96,20.39216,60,,,,,,,,30.16679,33,113,,,
3348,2025-11-21 07:19:51+00,4d106730-1088-4892-9045-ffeebc4d23bc,-6.961874667,107.7098475,682.7,4,786,96,19.21569,62.7451,,,,,,,,30.16679,33,113,,,
3349,2025-11-21 07:19:56+00,4d106730-1088-4892-9045-ffeebc4d23bc,-6.961672167,107.7097993,680.5,9,1286,96,21.17647,57.2549,,,,,,,,30.16679,33,113,,,
3350,2025-11-21 07:20:06+00,4d106730-1088-4892-9045-ffeebc4d23bc,-6.961409833,107.7098317,679.7,1,723,96,20.78431,73.33334,,,,,,,,30.16679,32,113,,,
3351,2025-11-21 07:20:01+00,4d106730-1088-4892-9045-ffeebc4d23bc,-6.961547167,107.709784,680.2,12,1107,95,19.60784,40,,,,,,,,30.16679,33,113,,,
3352,2025-11-21 07:21:45+00,4d106730-1088-4892-9045-ffeebc4d23bc,-6.961675667,107.7098725,690.6,2,698,98,21.17647,75.29412,,26.97607,38,116,29.44162,39,110,30.16679,32,113,24.22045,34,120
3353,2025-11-21 07:21:50+00,4d106730-1088-4892-9045-ffeebc4d23bc,-6.961622833,107.7098812,689.3,7,915,99,20,50.98039,,26.97607,38,116,29.44162,39,110,30.16679,32,113,24.22045,34,120
3354,2025-11-21 07:21:55+00,4d106730-1088-4892-9045-ffeebc4d23bc,-6.961497833,107.7099105,687.6,17,1403,97,23.13725,68.23529,,26.97607,38,116,29.44162,39,110,30.16679,32,113,24.22045,34,120
3355,2025-11-21 07:22:00+00,4d106730-1088-4892-9045-ffeebc4d23bc,-6.961257167,107.7099577,686.2,25,1195,98,23.13725,72.54902,,26.97607,38,116,29.44162,39,110,30.16679,32,113,24.22045,34,120
3356,2025-11-21 07:22:05+00,4d106730-1088-4892-9045-ffeebc4d23bc,-6.960945167,107.7100172,685.4,27,1336,98,24.31373,77.25491,,26.97607,38,116,29.44162,39,110,30.16679,32,113,24.22045,34,120
3357,2025-11-21 07:22:10+00,4d106730-1088-4892-9045-ffeebc4d23bc,-6.960592333,107.7100903,684.9,31,1334,97,23.13725,70.98039,,26.97607,38,116,29.44162,39,110,30.16679,32,113,24.22045,34,120
3358,2025-11-21 07:22:15+00,4d106730-1088-4892-9045-ffeebc4d23bc,-6.960174667,107.7101732,683.8,34,1043,97,20,50.98039,,26.97607,38,116,29.44162,39,110,30.16679,32,113,24.22045,34,120
3359,2025-11-21 07:22:20+00,4d106730-1088-4892-9045-ffeebc4d23bc,-6.959837167,107.710228,681.9,20,905,97,19.60784,50.19608,,26.97607,38,116,29.58666,39,110,30.16679,32,113,24.22045,34,120
3360,2025-11-21 07:22:25+00,4d106730-1088-4892-9045-ffeebc4d23bc,-6.959721333,107.7102517,680.2,9,1336,97,23.92157,74.5098,,26.97607,38,116,29.58666,39,110,30.16679,32,113,23.78535,25,120
3361,2025-11-21 07:22:30+00,4d106730-1088-4892-9045-ffeebc4d23bc,-6.959540167,107.7102862,680.5,19,1392,96,20.39216,53.72549,,26.97607,37,116,29.58666,39,110,30.16679,32,113,23.78535,25,120
3362,2025-11-21 07:22:35+00,4d106730-1088-4892-9045-ffeebc4d23bc,-6.959324833,107.7103255,679.6,11,809,96,20.39216,54.5098,,26.97607,37,116,29.58666,39,110,30.16679,32,113,23.78535,25,120
3363,2025-11-21 07:22:40+00,4d106730-1088-4892-9045-ffeebc4d23bc,-6.959298833,107.7104228,680.4,8,1105,97,21.17647,52.15686,,26.97607,37,116,29.58666,39,110,30.16679,32,113,23.78535,25,120
3364,2025-11-21 07:22:45+00,4d106730-1088-4892-9045-ffeebc4d23bc,-6.959418833,107.7104003,680.3,18,1457,98,26.66667,85.88235,,26.97607,37,116,29.58666,39,110,30.16679,32,113,23.78535,25,120
3365,2025-11-21 07:22:50+00,4d106730-1088-4892-9045-ffeebc4d23bc,-6.9596715,107.710348,681.1,26,1117,97,20,42.35294,,26.97607,37,116,29.58666,39,110,30.16679,32,113,23.78535,25,120
3366,2025-11-21 07:22:55+00,4d106730-1088-4892-9045-ffeebc4d23bc,-6.9599815,107.7102947,680.9,25,1080,97,19.60784,42.35294,,26.97607,37,116,29.58666,39,110,30.16679,32,113,23.78535,25,120
3367,2025-11-21 07:23:00+00,4d106730-1088-4892-9045-ffeebc4d23bc,-6.960226,107.710252,681.6,10,995,97,20,49.01961,,26.97607,37,116,29.58666,39,110,30.16679,32,113,23.78535,25,120
3368,2025-11-21 07:23:05+00,4d106730-1088-4892-9045-ffeebc4d23bc,-6.960377333,107.710227,681.5,20,1578,97,25.88235,80.39216,,26.97607,37,116,29.58666,39,110,30.16679,32,113,23.78535,25,120
3369,2025-11-21 07:23:10+00,4d106730-1088-4892-9045-ffeebc4d23bc,-6.9606695,107.7101813,681.7,30,1257,96,25.88235,85.4902,,26.97607,37,116,29.58666,39,110,30.16679,32,113,23.78535,25,120
3370,2025-11-21 07:23:15+00,4d106730-1088-4892-9045-ffeebc4d23bc,-6.961088167,107.7101133,681.5,39,1664,97,25.4902,77.64706,,26.97607,37,116,29.58666,39,110,30.16679,32,113,23.78535,25,120
3371,2025-11-21 07:23:20+00,4d106730-1088-4892-9045-ffeebc4d23bc,-6.961574,107.7100272,681.8,39,1190,97,21.17647,45.88235,,26.97607,37,116,29.58666,39,110,30.16679,32,113,23.78535,25,120
3372,2025-11-21 07:23:25+00,4d106730-1088-4892-9045-ffeebc4d23bc,-6.962046333,107.709943,681.1,38,1202,96,21.56863,62.7451,,26.97607,37,116,29.58666,39,110,30.16679,32,113,23.78535,25,120
3373,2025-11-21 07:23:30+00,4d106730-1088-4892-9045-ffeebc4d23bc,-6.962518167,107.709856,681.8,38,1257,96,20.78431,53.72549,,26.97607,37,116,29.58666,39,110,30.16679,32,113,23.78535,25,120
3374,2025-11-21 07:23:35+00,4d106730-1088-4892-9045-ffeebc4d23bc,-6.9629885,107.7097857,682.9,36,1096,95,19.60784,41.56863,,26.97607,37,116,29.58666,39,110,30.16679,32,113,23.78535,25,120
3375,2025-11-21 07:23:40+00,4d106730-1088-4892-9045-ffeebc4d23bc,-6.963413167,107.7097338,683.8,28,901,95,19.60784,45.09804,,26.97607,37,116,29.58666,39,110,30.16679,32,113,23.78535,25,120
3376,2025-11-21 07:23:45+00,4d106730-1088-4892-9045-ffeebc4d23bc,-6.963640833,107.709704,683.8,8,860,94,21.17647,68.23529,,26.97607,37,116,29.58666,39,110,30.16679,32,113,23.78535,25,120
3377,2025-11-21 07:23:50+00,4d106730-1088-4892-9045-ffeebc4d23bc,-6.9637915,107.7096898,683.8,20,1646,93,25.09804,76.07843,,26.97607,37,116,29.58666,39,110,30.16679,32,113,23.78535,25,120
3378,2025-11-21 07:23:55+00,4d106730-1088-4892-9045-ffeebc4d23bc,-6.964105167,107.7096552,683.7,27,1164,93,19.60784,40,,26.97607,37,116,29.58666,39,110,30.16679,32,113,23.78535,25,120
3379,2025-11-21 07:24:00+00,4d106730-1088-4892-9045-ffeebc4d23bc,-6.964425833,107.709611,683.9,21,976,94,19.60784,41.96078,,26.97607,37,116,29.58666,39,110,30.16679,32,113,23.78535,25,120
3380,2025-11-21 07:24:05+00,4d106730-1088-4892-9045-ffeebc4d23bc,-6.9646825,107.7095658,685.1,18,1175,94,25.09804,80.78432,,26.97607,37,116,29.58666,39,110,30.16679,32,113,23.78535,25,120
3381,2025-11-21 07:24:10+00,4d106730-1088-4892-9045-ffeebc4d23bc,-6.9648335,107.7093787,685.7,22,1370,93,23.13725,70.58823,,26.97607,37,116,29.58666,39,110,30.16679,32,113,23.78535,25,120
3382,2025-11-21 07:24:15+00,4d106730-1088-4892-9045-ffeebc4d23bc,-6.9649915,107.7090898,685.3,31,1342,93,23.13725,69.41177,,26.97607,37,116,29.58666,39,110,30.16679,32,113,23.78535,25,120
3383,2025-11-21 07:24:21+00,4d106730-1088-4892-9045-ffeebc4d23bc,-6.965238333,107.7086522,684.1,36,1203,93,20.78431,56.07843,,26.97607,37,116,29.58666,39,110,30.16679,32,113,23.78535,25,120
3384,2025-11-21 07:24:26+00,4d106730-1088-4892-9045-ffeebc4d23bc,-6.965458833,107.7082472,684,37,1025,93,20.39216,55.29412,,26.97607,37,116,29.58666,39,110,30.16679,32,113,23.78535,25,120
3385,2025-11-21 07:24:31+00,4d106730-1088-4892-9045-ffeebc4d23bc,-6.965657,107.707868,683.4,31,963,93,19.60784,45.88235,,26.97607,37,116,29.58666,39,110,30.16679,32,113,23.78535,25,120
3386,2025-11-21 07:24:36+00,4d106730-1088-4892-9045-ffeebc4d23bc,-6.965821833,107.707548,684.1,27,879,93,19.60784,45.4902,,26.97607,37,116,29.58666,39,110,30.16679,32,113,23.78535,25,120
3387,2025-11-21 07:24:41+00,4d106730-1088-4892-9045-ffeebc4d23bc,-6.965970833,107.7072625,684.8,24,1053,92,20,46.66667,,26.97607,37,116,29.58666,39,110,30.16679,32,113,23.78535,25,120
3388,2025-11-21 07:24:46+00,4d106730-1088-4892-9045-ffeebc4d23bc,-6.966227333,107.707102,704.4,24,1006,92,20.39216,54.5098,,26.97607,37,116,29.58666,39,110,30.16679,32,113,23.78535,25,120
3389,2025-11-21 07:24:51+00,4d106730-1088-4892-9045-ffeebc4d23bc,-6.9663015,107.70675,693.2,22,1251,93,21.96078,62.35294,,26.97607,37,116,29.58666,39,110,30.16679,32,113,23.78535,25,120
3390,2025-11-21 07:24:56+00,4d106730-1088-4892-9045-ffeebc4d23bc,-6.966419167,107.70646,691.4,25,1082,91,19.60784,44.70588,,26.97607,37,116,29.58666,39,110,30.16679,32,113,23.78535,25,120
3391,2025-11-21 07:25:01+00,4d106730-1088-4892-9045-ffeebc4d23bc,-6.966551167,107.7061777,691.7,25,1317,91,22.7451,66.27451,,26.97607,37,116,29.58666,39,110,30.16679,32,113,23.78535,25,120
3392,2025-11-21 07:25:06+00,4d106730-1088-4892-9045-ffeebc4d23bc,-6.966666167,107.7058498,691.1,28,1200,91,21.17647,58.43137,,26.97607,37,116,29.58666,39,110,30.16679,33,114,23.78535,25,120
3393,2025-11-21 07:25:11+00,4d106730-1088-4892-9045-ffeebc4d23bc,-6.966781167,107.7055307,690.5,25,1084,92,19.60784,42.35294,,26.97607,37,116,29.58666,39,110,30.16679,33,114,23.78535,25,120
3394,2025-11-21 07:25:16+00,4d106730-1088-4892-9045-ffeebc4d23bc,-6.966893667,107.7052798,690.4,23,1017,91,19.60784,41.56863,,26.97607,37,116,29.58666,39,110,30.16679,33,114,23.78535,25,120
3395,2025-11-21 07:25:21+00,4d106730-1088-4892-9045-ffeebc4d23bc,-6.966981833,107.7050135,691,19,1039,91,20.39216,55.68628,,26.97607,37,116,29.58666,39,110,30.16679,33,114,23.78535,25,120
3396,2025-11-21 07:25:26+00,4d106730-1088-4892-9045-ffeebc4d23bc,-6.9670585,107.7047915,691.3,15,802,91,19.60784,50.19608,,26.97607,37,116,29.58666,39,110,30.16679,33,114,23.78535,25,120
3397,2025-11-21 07:25:31+00,4d106730-1088-4892-9045-ffeebc4d23bc,-6.967125333,107.7046127,690.8,15,837,91,20.78431,69.01961,,26.97607,37,116,29.58666,39,110,30.16679,33,114,23.78535,25,120
3398,2025-11-21 07:25:36+00,4d106730-1088-4892-9045-ffeebc4d23bc,-6.9672285,107.7043652,688.6,26,1253,91,20.78431,53.33333,,26.97607,37,116,29.58666,39,110,30.16679,33,114,23.78535,25,120
3399,2025-11-21 07:25:41+00,4d106730-1088-4892-9045-ffeebc4d23bc,-6.9673675,107.7040493,687.7,27,1171,91,20,42.7451,,26.97607,37,116,29.58666,39,110,30.16679,33,114,23.78535,25,120
3400,2025-11-21 07:25:46+00,4d106730-1088-4892-9045-ffeebc4d23bc,-6.967501833,107.7037235,687.9,29,1248,91,20.39216,53.33333,,26.97607,37,116,29.58666,39,110,30.16679,33,114,23.78535,25,120
3401,2025-11-21 07:25:51+00,4d106730-1088-4892-9045-ffeebc4d23bc,-6.9676335,107.703384,687,26,1021,91,20,50.58823,,26.97607,37,116,29.58666,39,110,30.16679,33,114,23.78535,25,120
3402,2025-11-21 07:25:56+00,4d106730-1088-4892-9045-ffeebc4d23bc,-6.967746167,107.7031237,686,21,958,91,19.60784,43.52941,,26.97607,37,116,29.58666,39,110,30.16679,33,114,23.78535,25,120
3403,2025-11-21 07:26:01+00,4d106730-1088-4892-9045-ffeebc4d23bc,-6.967815333,107.7029277,683.8,7,909,90,19.60784,51.76471,,26.97607,37,116,29.58666,39,110,30.16679,33,114,23.78535,25,120
3404,2025-11-21 07:26:06+00,4d106730-1088-4892-9045-ffeebc4d23bc,-6.967838667,107.702844,683.6,6,837,91,19.60784,48.62745,,26.97607,37,116,29.58666,39,110,30.16679,33,114,23.78535,25,120
3405,2025-11-21 07:26:11+00,4d106730-1088-4892-9045-ffeebc4d23bc,-6.967862167,107.7027677,681.9,7,1044,91,24.70588,80.39216,,26.97607,37,116,29.58666,39,110,30.16679,33,114,23.78535,25,120
3406,2025-11-21 07:26:16+00,4d106730-1088-4892-9045-ffeebc4d23bc,-6.967899333,107.7026073,682.2,20,1598,91,23.92157,70.98039,,26.97607,37,116,29.58666,39,110,30.16679,33,114,23.78535,25,120
3407,2025-11-21 07:26:21+00,4d106730-1088-4892-9045-ffeebc4d23bc,-6.967974833,107.702299,683.4,29,1248,91,22.35294,74.11765,,26.97607,37,116,29.58666,39,110,30.16679,33,114,23.78535,25,120
3408,2025-11-21 07:26:26+00,4d106730-1088-4892-9045-ffeebc4d23bc,-6.968074167,107.7019227,683.4,33,1312,91,21.96078,64.31373,,26.97607,37,116,29.58666,39,110,30.16679,33,114,23.78535,25,120
3409,2025-11-21 07:26:31+00,4d106730-1088-4892-9045-ffeebc4d23bc,-6.968187667,107.7015103,682.1,35,1239,91,23.13725,74.11765,,26.97607,37,116,29.58666,39,110,30.16679,33,114,23.78535,25,120
3410,2025-11-21 07:26:36+00,4d106730-1088-4892-9045-ffeebc4d23bc,-6.968295167,107.701065,681.5,37,1112,92,19.60784,44.70588,,26.97607,37,116,29.58666,39,110,30.16679,33,114,23.78535,25,120
3411,2025-11-21 07:26:41+00,4d106730-1088-4892-9045-ffeebc4d23bc,-6.968407167,107.7006697,681.5,22,810,91,19.60784,50.58823,,26.97607,37,116,29.58666,39,110,30.16679,33,114,23.78535,25,120
3412,2025-11-21 07:26:46+00,4d106730-1088-4892-9045-ffeebc4d23bc,-6.968504,107.7004095,680.2,23,1311,91,23.52941,70.19608,,26.97607,37,116,29.58666,39,110,30.16679,33,114,23.78535,25,120
3413,2025-11-21 07:26:51+00,4d106730-1088-4892-9045-ffeebc4d23bc,-6.968621167,107.7000853,680.3,33,1405,91,25.4902,81.96078,,26.97607,37,116,29.58666,39,110,30.16679,33,114,23.78535,25,120
3414,2025-11-21 07:26:56+00,4d106730-1088-4892-9045-ffeebc4d23bc,-6.968741,107.6996613,679.6,39,1650,91,23.92157,70.19608,,26.97607,37,116,29.58666,39,110,30.16679,33,114,23.78535,25,120
3415,2025-11-21 07:27:01+00,4d106730-1088-4892-9045-ffeebc4d23bc,-6.968860167,107.6991628,679,42,1244,91,20.39216,64.31373,,26.97607,37,116,29.58666,39,110,30.16679,33,114,23.78535,25,120
3416,2025-11-21 07:27:06+00,4d106730-1088-4892-9045-ffeebc4d23bc,-6.968981667,107.6986552,679.2,40,1185,91,20,40.78431,,26.97607,37,116,29.58666,39,110,30.16679,33,114,23.78535,25,120
3417,2025-11-21 07:27:11+00,4d106730-1088-4892-9045-ffeebc4d23bc,-6.969103833,107.6981773,678.1,39,1131,91,19.60784,38.03922,,26.97607,37,116,29.58666,39,110,30.16679,33,114,23.78535,25,120
3418,2025-11-21 07:27:16+00,4d106730-1088-4892-9045-ffeebc4d23bc,-6.969185333,107.6977872,679.5,16,795,91,20.39216,67.84314,,26.97607,37,116,29.58666,39,110,30.16679,33,114,23.78535,25,120
3419,2025-11-21 07:27:21+00,4d106730-1088-4892-9045-ffeebc4d23bc,-6.969207833,107.697648,680.1,6,835,91,19.60784,49.41177,,26.97607,37,116,29.58666,39,110,30.16679,33,114,23.78535,25,120
3420,2025-11-21 07:27:26+00,4d106730-1088-4892-9045-ffeebc4d23bc,-6.969227833,107.6975218,681,17,1649,90,24.70588,75.68627,,26.97607,37,116,29.58666,39,110,30.16679,33,114,23.78535,25,120
3421,2025-11-21 07:27:31+00,4d106730-1088-4892-9045-ffeebc4d23bc,-6.9692745,107.697234,681.3,29,1432,91,24.70588,80.78432,,26.97607,37,116,29.58666,39,110,30.16679,33,114,23.78535,25,120
3422,2025-11-21 07:27:36+00,4d106730-1088-4892-9045-ffeebc4d23bc,-6.969322667,107.6968397,680.8,34,1216,91,19.60784,56.47059,,26.97607,37,116,29.58666,39,110,30.16679,33,114,23.78535,25,120
3423,2025-11-21 07:27:41+00,4d106730-1088-4892-9045-ffeebc4d23bc,-6.969357,107.6964477,680.4,29,920,93,19.60784,46.27451,,26.97607,37,116,29.58666,39,110,30.16679,33,114,23.78535,25,120
3424,2025-11-21 07:27:46+00,4d106730-1088-4892-9045-ffeebc4d23bc,-6.9693835,107.6960812,679.8,29,931,92,20,47.45098,,26.97607,37,116,29.58666,39,110,30.16679,33,114,23.78535,25,120
3425,2025-11-21 07:27:51+00,4d106730-1088-4892-9045-ffeebc4d23bc,-6.969409667,107.6957065,680.1,30,950,91,19.60784,46.66667,,26.97607,37,116,29.58666,39,110,30.16679,33,114,23.78535,25,120
3426,2025-11-21 07:27:56+00,4d106730-1088-4892-9045-ffeebc4d23bc,-6.969440667,107.6953482,681.7,27,907,91,21.96078,69.01961,,26.97607,37,116,29.58666,39,110,30.16679,33,114,23.78535,25,120
3427,2025-11-21 07:28:01+00,4d106730-1088-4892-9045-ffeebc4d23bc,-6.9694795,107.6949965,681.3,32,1510,91,24.31373,75.68627,,26.97607,37,116,29.58666,39,110,30.16679,33,114,23.78535,25,120
3428,2025-11-21 07:28:06+00,4d106730-1088-4892-9045-ffeebc4d23bc,-6.969487333,107.694578,681.3,31,977,91,19.60784,43.52941,,26.97607,37,116,29.58666,39,110,30.16679,33,114,23.78535,25,120
3429,2025-11-21 07:28:11+00,4d106730-1088-4892-9045-ffeebc4d23bc,-6.969466833,107.6941957,682,31,1407,91,24.70588,78.03922,,26.97607,37,116,29.58666,39,110,30.31182,33,114,23.78535,25,120
3430,2025-11-21 07:28:16+00,4d106730-1088-4892-9045-ffeebc4d23bc,-6.969411,107.6937608,681.7,38,1562,90,25.4902,80,,26.97607,37,116,29.58666,39,110,30.31182,33,114,23.78535,25,120
3431,2025-11-21 07:28:21+00,4d106730-1088-4892-9045-ffeebc4d23bc,-6.969297333,107.6932775,681.8,36,1092,91,19.60784,41.96078,,26.97607,37,116,29.58666,39,110,30.31182,33,114,23.78535,25,120
3432,2025-11-21 07:28:26+00,4d106730-1088-4892-9045-ffeebc4d23bc,-6.969204833,107.6928463,681.6,32,1085,91,22.35294,56.86274,,26.97607,37,116,29.58666,39,110,30.31182,33,114,23.78535,25,120
3433,2025-11-21 07:28:31+00,4d106730-1088-4892-9045-ffeebc4d23bc,-6.969139833,107.6924092,682,38,1470,90,23.13725,69.01961,,26.97607,37,116,29.58666,39,110,30.31182,33,114,23.78535,25,120
3434,2025-11-21 07:28:36+00,4d106730-1088-4892-9045-ffeebc4d23bc,-6.969131,107.6919083,682.5,41,1226,90,23.13725,73.72549,,26.97607,37,116,29.58666,39,110,30.31182,33,114,23.78535,25,120
3435,2025-11-21 07:28:41+00,4d106730-1088-4892-9045-ffeebc4d23bc,-6.969161667,107.6913785,682,42,1229,91,21.56863,61.96078,,26.97607,37,116,29.58666,39,110,30.31182,33,114,23.78535,25,120
3436,2025-11-21 07:28:46+00,4d106730-1088-4892-9045-ffeebc4d23bc,-6.969200333,107.6908522,682.5,42,1238,91,19.60784,52.54902,,26.97607,37,116,29.58666,39,110,30.31182,33,114,23.78535,25,120
3437,2025-11-21 07:28:51+00,4d106730-1088-4892-9045-ffeebc4d23bc,-6.969224667,107.6903308,682.4,40,1233,90,20.78431,47.45098,,26.97607,37,116,29.58666,39,110,30.31182,33,114,23.78535,25,120
3438,2025-11-21 07:28:56+00,4d106730-1088-4892-9045-ffeebc4d23bc,-6.969195,107.689826,681.8,40,1180,90,20.39216,53.72549,,26.97607,37,116,29.58666,39,110,30.31182,33,114,23.78535,25,120
3439,2025-11-21 07:29:01+00,4d106730-1088-4892-9045-ffeebc4d23bc,-6.969101,107.6893237,682,39,1156,90,21.17647,61.96078,,26.97607,37,116,29.58666,39,110,30.31182,33,114,23.78535,25,120
3440,2025-11-21 07:29:06+00,4d106730-1088-4892-9045-ffeebc4d23bc,-6.9689955,107.6888378,681.4,39,1314,90,21.17647,56.86274,,26.97607,37,116,29.58666,39,110,30.31182,33,114,23.78535,25,120
3441,2025-11-21 07:29:11+00,4d106730-1088-4892-9045-ffeebc4d23bc,-6.968887,107.6883498,681.4,39,1145,90,19.60784,40,,26.97607,37,116,29.58666,39,110,30.31182,33,114,23.78535,25,120
3442,2025-11-21 07:29:16+00,4d106730-1088-4892-9045-ffeebc4d23bc,-6.968737167,107.6878878,681.3,37,1182,90,20.78431,49.80392,,26.97607,37,116,29.58666,39,110,30.31182,33,114,23.78535,25,120
3443,2025-11-21 07:29:21+00,4d106730-1088-4892-9045-ffeebc4d23bc,-6.968537833,107.6874682,681.7,36,1072,90,20,50.98039,,26.97607,37,116,29.58666,39,110,30.31182,33,114,23.78535,25,120
3444,2025-11-21 07:29:26+00,4d106730-1088-4892-9045-ffeebc4d23bc,-6.968264,107.68712,680.1,34,1182,91,20.39216,53.33333,,26.97607,37,116,29.58666,39,110,30.31182,33,114,23.78535,25,120
3445,2025-11-21 07:29:31+00,4d106730-1088-4892-9045-ffeebc4d23bc,-6.967898833,107.6869073,678,34,1177,91,20.39216,54.5098,,26.97607,37,116,29.58666,39,110,30.31182,33,114,23.78535,25,120
3446,2025-11-21 07:29:36+00,4d106730-1088-4892-9045-ffeebc4d23bc,-6.967486,107.6867832,676.3,33,1019,91,19.60784,41.56863,,26.97607,37,116,29.58666,39,110,30.31182,33,114,23.78535,25,120
3447,2025-11-21 07:29:41+00,4d106730-1088-4892-9045-ffeebc4d23bc,-6.967175667,107.6866907,674.9,18,864,91,19.60784,49.41177,,26.97607,37,116,29.58666,39,110,30.60188,34,114,23.78535,25,120
3448,2025-11-21 07:29:46+00,4d106730-1088-4892-9045-ffeebc4d23bc,-6.967054833,107.686653,675.6,4,756,91,20.78431,71.76471,,26.97607,37,116,29.58666,39,110,30.60188,34,114,23.78535,25,120
3449,2025-11-21 07:29:51+00,4d106730-1088-4892-9045-ffeebc4d23bc,-6.966973333,107.686627,675.2,12,1567,92,22.35294,58.43137,,26.97607,37,116,29.58666,39,110,30.60188,34,114,23.78535,25,120
3450,2025-11-21 07:29:56+00,4d106730-1088-4892-9045-ffeebc4d23bc,-6.966769667,107.68664,674.9,21,1550,93,22.35294,60.78431,,26.97607,37,116,29.58666,39,110,30.60188,34,114,23.78535,25,120
3451,2025-11-21 07:30:01+00,4d106730-1088-4892-9045-ffeebc4d23bc,-6.966468667,107.6866885,674.3,25,1105,93,19.60784,43.92157,,26.97607,37,116,29.58666,39,110,30.60188,34,114,23.78535,25,120
3452,2025-11-21 07:30:06+00,4d106730-1088-4892-9045-ffeebc4d23bc,-6.966199333,107.6867295,673.9,15,771,93,20.39216,66.27451,,26.97607,37,116,29.58666,39,110,30.60188,34,114,23.78535,25,120
3453,2025-11-21 07:30:11+00,4d106730-1088-4892-9045-ffeebc4d23bc,-6.966066667,107.6867458,672.9,5,770,93,19.60784,53.72549,,26.97607,37,116,29.58666,39,110,30.60188,34,114,23.78535,25,120
3454,2025-11-21 07:30:16+00,4d106730-1088-4892-9045-ffeebc4d23bc,-6.965994,107.686754,672.5,7,863,94,19.60784,50.19608,,26.97607,37,116,29.58666,39,110,30.60188,34,114,23.78535,25,120
3455,2025-11-21 07:30:21+00,4d106730-1088-4892-9045-ffeebc4d23bc,-6.965908833,107.6867658,672.7,7,878,95,19.60784,48.23529,,26.97607,37,116,29.58666,39,110,30.60188,34,114,23.78535,25,120
3456,2025-11-21 07:30:26+00,4d106730-1088-4892-9045-ffeebc4d23bc,-6.965834,107.6867768,672.5,1,706,95,20.39216,71.76471,,26.97607,37,116,29.58666,39,110,30.60188,34,114,23.78535,25,120
3457,2025-11-21 07:30:32+00,4d106730-1088-4892-9045-ffeebc4d23bc,-6.965827333,107.6867765,673,5,795,95,19.60784,53.33333,,26.97607,37,116,29.58666,39,110,30.60188,34,114,23.78535,25,120
3458,2025-11-21 07:30:37+00,4d106730-1088-4892-9045-ffeebc4d23bc,-6.965780167,107.6867817,673.1,2,760,96,19.60784,54.11765,,26.97607,37,116,29.58666,39,110,30.60188,34,114,23.78535,25,120
3459,2025-11-21 07:30:52+00,4d106730-1088-4892-9045-ffeebc4d23bc,-6.965715333,107.6867973,675.4,2,743,96,19.60784,55.68628,,26.97607,37,116,29.58666,39,110,30.60188,34,114,23.78535,25,120
3460,2025-11-21 07:30:57+00,4d106730-1088-4892-9045-ffeebc4d23bc,-6.9656895,107.6868025,676.4,8,1125,97,20.78431,52.94118,,26.97607,37,116,29.58666,39,110,30.60188,34,114,23.78535,25,120
3461,2025-11-21 07:31:02+00,4d106730-1088-4892-9045-ffeebc4d23bc,-6.9656175,107.6868455,674.5,11,1170,96,21.17647,59.21569,,26.97607,37,116,29.58666,39,110,30.60188,34,114,23.78535,25,120
3462,2025-11-21 07:31:07+00,4d106730-1088-4892-9045-ffeebc4d23bc,-6.9655395,107.6869625,674.2,14,950,94,19.21569,56.47059,,26.97607,37,116,29.58666,39,110,30.60188,34,114,23.78535,25,120
3463,2025-11-21 07:31:12+00,4d106730-1088-4892-9045-ffeebc4d23bc,-6.9653785,107.6869808,674.5,20,1571,93,23.52941,67.84314,,26.97607,37,116,29.58666,39,110,30.60188,34,114,23.78535,25,120
3464,2025-11-21 07:31:17+00,4d106730-1088-4892-9045-ffeebc4d23bc,-6.965140667,107.6869862,675.8,26,1128,93,19.60784,43.13726,,26.97607,37,116,29.58666,39,110,30.60188,34,114,23.78535,25,120
3465,2025-11-21 07:31:22+00,4d106730-1088-4892-9045-ffeebc4d23bc,-6.964823,107.6869722,675.7,22,985,93,19.60784,41.56863,,26.97607,37,116,29.58666,39,110,30.60188,34,114,23.78535,25,120
3466,2025-11-21 07:31:27+00,4d106730-1088-4892-9045-ffeebc4d23bc,-6.964533833,107.6869567,677.4,14,752,93,20.39216,66.27451,,26.97607,37,116,29.58666,39,110,30.60188,34,115,23.78535,25,120
3467,2025-11-21 07:31:32+00,4d106730-1088-4892-9045-ffeebc4d23bc,-6.964330667,107.6869458,677.3,1,746,93,19.60784,54.11765,,26.97607,37,116,29.58666,39,110,30.60188,34,115,23.78535,25,120
3468,2025-11-21 07:31:42+00,4d106730-1088-4892-9045-ffeebc4d23bc,-6.964289167,107.6869473,676.9,1,734,93,20.39216,70.58823,,26.97607,37,116,29.58666,39,110,30.60188,34,115,23.78535,25,120
3469,2025-11-21 07:32:41+00,4d106730-1088-4892-9045-ffeebc4d23bc,-6.964276667,107.6869467,680.9,1,740,93,19.60784,53.72549,,26.97607,37,116,29.58666,39,110,30.60188,34,115,23.78535,25,120
3470,2025-11-21 07:32:46+00,4d106730-1088-4892-9045-ffeebc4d23bc,-6.964236,107.6869415,681.2,2,746,94,20.78431,72.15686,,26.97607,37,116,29.58666,39,110,30.60188,34,115,23.78535,25,120
3471,2025-11-21 07:33:37+00,4d106730-1088-4892-9045-ffeebc4d23bc,-6.964217,107.686942,681.3,2,746,94,19.60784,54.5098,,26.97607,37,116,29.58666,39,110,30.60188,34,115,23.78535,25,120
3472,2025-11-21 07:33:42+00,4d106730-1088-4892-9045-ffeebc4d23bc,-6.964197333,107.686942,681.7,2,756,95,21.17647,73.72549,,26.97607,37,116,29.58666,39,110,30.60188,34,115,23.78535,25,120
3473,2025-11-21 07:33:47+00,4d106730-1088-4892-9045-ffeebc4d23bc,-6.964169167,107.6869402,681.9,3,773,96,19.60784,54.5098,,26.97607,37,116,29.58666,39,110,30.60188,34,115,23.78535,25,120
3474,2025-11-21 07:33:52+00,4d106730-1088-4892-9045-ffeebc4d23bc,-6.964123167,107.6869352,682.3,4,809,95,19.60784,52.54902,,26.97607,37,116,29.58666,39,110,30.60188,34,115,23.78535,25,120
3475,2025-11-21 07:33:57+00,4d106730-1088-4892-9045-ffeebc4d23bc,-6.964069167,107.6869292,682.9,6,883,95,21.56863,68.62745,,26.97607,37,116,29.58666,39,110,30.60188,34,115,23.78535,25,120
3476,2025-11-21 07:34:02+00,4d106730-1088-4892-9045-ffeebc4d23bc,-6.9639925,107.6869195,683.2,13,1565,96,21.56863,54.11765,,26.97607,37,116,29.58666,39,110,30.60188,34,115,23.78535,25,120
3477,2025-11-21 07:34:07+00,4d106730-1088-4892-9045-ffeebc4d23bc,-6.963838833,107.6869037,683,14,982,95,20,49.80392,,26.97607,37,116,29.58666,39,110,30.60188,34,115,23.78535,25,120
3478,2025-11-21 07:34:12+00,4d106730-1088-4892-9045-ffeebc4d23bc,-6.963659833,107.6868895,681.6,14,1056,95,19.60784,47.05882,,26.97607,37,116,29.58666,39,110,30.60188,34,115,23.78535,25,120
3479,2025-11-21 07:34:17+00,4d106730-1088-4892-9045-ffeebc4d23bc,-6.963489,107.6868652,681.8,12,891,95,19.60784,46.66667,,26.97607,37,116,29.58666,39,110,30.60188,34,115,23.78535,25,120
3480,2025-11-21 07:34:22+00,4d106730-1088-4892-9045-ffeebc4d23bc,-6.963336333,107.686844,681.7,6,825,96,20.39216,63.13726,,26.97607,37,116,29.58666,39,110,30.60188,34,115,23.78535,25,120
3481,2025-11-21 07:34:27+00,4d106730-1088-4892-9045-ffeebc4d23bc,-6.9632435,107.6868282,681.5,7,900,96,19.60784,49.80392,,26.97607,37,116,29.58666,39,110,30.60188,34,115,23.78535,25,120
3482,2025-11-21 07:34:32+00,4d106730-1088-4892-9045-ffeebc4d23bc,-6.9631665,107.6868197,682.6,8,1070,95,19.60784,43.13726,,26.97607,37,116,29.58666,39,110,30.60188,34,115,23.78535,25,120
3483,2025-11-21 07:34:37+00,4d106730-1088-4892-9045-ffeebc4d23bc,-6.9630685,107.6867848,684.4,10,941,96,20.39216,59.60784,,26.97607,37,116,29.58666,39,110,30.60188,34,115,23.78535,25,120
3484,2025-11-21 07:34:42+00,4d106730-1088-4892-9045-ffeebc4d23bc,-6.962964167,107.6867753,687.9,9,1028,96,20,47.45098,,26.97607,37,116,29.58666,39,110,30.60188,34,115,23.78535,25,120
3485,2025-11-21 07:34:47+00,4d106730-1088-4892-9045-ffeebc4d23bc,-6.962855167,107.6867637,688.6,5,810,96,19.60784,52.15686,,26.97607,37,116,29.58666,39,110,30.74692,36,112,23.78535,25,120
3486,2025-11-21 07:34:52+00,4d106730-1088-4892-9045-ffeebc4d23bc,-6.9627795,107.6867752,687.6,6,871,95,19.60784,50.98039,,26.97607,37,116,29.58666,39,110,30.60188,36,112,23.78535,25,120
3487,2025-11-21 07:34:57+00,4d106730-1088-4892-9045-ffeebc4d23bc,-6.962701167,107.6867885,685.8,6,803,96,20.39216,63.92157,,26.97607,37,116,29.58666,39,110,30.60188,36,112,23.78535,25,120
3488,2025-11-21 07:35:02+00,4d106730-1088-4892-9045-ffeebc4d23bc,-6.962609167,107.6867913,688.3,9,1111,96,20,46.66667,,26.97607,37,116,29.58666,39,110,30.60188,36,112,23.78535,25,120
3489,2025-11-21 07:35:07+00,4d106730-1088-4892-9045-ffeebc4d23bc,-6.962508333,107.6867927,684.5,9,1146,95,19.21569,41.96078,,26.97607,37,116,29.58666,39,110,30.60188,36,112,23.78535,25,120
3490,2025-11-21 07:35:12+00,4d106730-1088-4892-9045-ffeebc4d23bc,-6.962392667,107.6867845,683.2,13,1654,95,20.39216,40.39216,,26.97607,37,116,29.58666,39,110,30.60188,36,112,23.78535,25,120
3491,2025-11-21 07:35:17+00,4d106730-1088-4892-9045-ffeebc4d23bc,-6.962233833,107.6867773,680,15,978,96,20,54.5098,,26.97607,37,116,29.58666,39,110,30.60188,36,112,23.78535,25,120
3492,2025-11-21 07:35:22+00,4d106730-1088-4892-9045-ffeebc4d23bc,-6.9620425,107.6867757,679.9,13,938,96,19.60784,46.66667,,26.97607,37,116,29.58666,39,110,30.60188,36,112,23.78535,25,120
3493,2025-11-21 07:35:27+00,4d106730-1088-4892-9045-ffeebc4d23bc,-6.9618825,107.6867495,678.2,15,1369,95,22.35294,65.88235,,26.97607,37,116,29.58666,39,110,30.60188,36,112,23.78535,25,120
3494,2025-11-21 07:35:33+00,4d106730-1088-4892-9045-ffeebc4d23bc,-6.961654,107.6867475,680.6,21,1508,95,21.96078,56.07843,,26.97607,37,116,29.58666,39,110,30.60188,36,112,23.78535,25,120
3495,2025-11-21 07:35:37+00,4d106730-1088-4892-9045-ffeebc4d23bc,-6.961445167,107.6867403,681.4,23,941,96,20,55.29412,,26.97607,37,116,29.58666,39,110,30.60188,36,112,23.78535,25,120
3496,2025-11-21 07:35:42+00,4d106730-1088-4892-9045-ffeebc4d23bc,-6.961149,107.686731,682,16,843,96,20.78431,52.15686,,26.97607,37,116,29.58666,39,110,30.60188,36,112,23.78535,25,120
3497,2025-11-21 07:35:47+00,4d106730-1088-4892-9045-ffeebc4d23bc,-6.960906667,107.686728,682.7,19,973,95,21.17647,55.29412,,26.97607,37,116,29.58666,39,110,30.60188,36,112,23.78535,25,120
3498,2025-11-21 07:35:53+00,4d106730-1088-4892-9045-ffeebc4d23bc,-6.960597333,107.68672,681.1,25,1425,95,23.13725,67.84314,,26.97607,37,116,29.58666,39,110,30.60188,36,112,23.78535,25,120
3499,2025-11-21 07:35:58+00,4d106730-1088-4892-9045-ffeebc4d23bc,-6.9602845,107.6866995,683.8,28,1138,95,20.78431,52.15686,,26.97607,37,116,29.58666,39,110,30.60188,36,112,23.78535,25,120
3500,2025-11-21 07:36:03+00,4d106730-1088-4892-9045-ffeebc4d23bc,-6.959926167,107.6867013,688.1,24,1062,95,19.60784,41.56863,,26.97607,37,116,29.58666,39,110,30.60188,36,112,23.78535,25,120
3501,2025-11-21 07:36:08+00,4d106730-1088-4892-9045-ffeebc4d23bc,-6.959615833,107.6867215,691.2,26,1359,94,21.56863,60.78431,,26.97607,37,116,29.58666,39,110,30.60188,36,112,23.78535,25,120
3502,2025-11-21 07:36:13+00,4d106730-1088-4892-9045-ffeebc4d23bc,-6.959288,107.686735,691.6,21,962,94,19.60784,43.52941,,26.97607,37,116,29.58666,39,110,30.60188,36,112,23.78535,25,120
3503,2025-11-21 07:36:18+00,4d106730-1088-4892-9045-ffeebc4d23bc,-6.959005333,107.6867477,692.3,18,1061,95,22.7451,71.76471,,26.97607,37,116,29.58666,39,110,30.60188,36,112,23.78535,25,120
3504,2025-11-21 07:36:23+00,4d106730-1088-4892-9045-ffeebc4d23bc,-6.958763167,107.6867488,692.5,19,925,94,19.60784,47.45098,,26.97607,37,116,29.58666,39,110,30.60188,36,112,23.78535,25,120
3505,2025-11-21 07:36:28+00,4d106730-1088-4892-9045-ffeebc4d23bc,-6.958538,107.6867438,690,1,771,94,19.60784,54.11765,,26.97607,37,116,29.58666,39,110,30.60188,36,112,23.78535,25,120
3506,2025-11-21 07:36:33+00,4d106730-1088-4892-9045-ffeebc4d23bc,-6.958497167,107.6867428,689.3,3,775,94,19.60784,53.72549,,26.97607,37,116,29.58666,39,110,30.60188,36,112,23.78535,25,120
3507,2025-11-21 07:37:23+00,4d106730-1088-4892-9045-ffeebc4d23bc,-6.958434833,107.6867017,687.5,2,757,96,19.60784,57.64706,,26.97607,37,116,29.58666,39,110,30.60188,36,113,23.78535,25,120
3508,2025-11-21 07:37:28+00,4d106730-1088-4892-9045-ffeebc4d23bc,-6.958402667,107.6866958,687.7,11,1410,96,20.39216,49.41177,,26.97607,37,116,29.58666,39,110,30.60188,36,113,23.78535,25,120
3509,2025-11-21 07:37:33+00,4d106730-1088-4892-9045-ffeebc4d23bc,-6.958284,107.6867027,687.1,15,1209,95,21.17647,56.07843,,26.97607,37,116,29.58666,39,110,30.60188,36,113,23.78535,25,120
3510,2025-11-21 07:37:38+00,4d106730-1088-4892-9045-ffeebc4d23bc,-6.958091,107.6867002,687.6,19,1352,96,22.7451,65.09804,,26.97607,37,116,29.58666,39,110,30.60188,36,113,23.78535,25,120
3511,2025-11-21 07:37:43+00,4d106730-1088-4892-9045-ffeebc4d23bc,-6.95785,107.6866823,687.5,24,1280,95,22.7451,67.05882,,26.97607,37,116,29.58666,39,110,30.60188,36,113,23.78535,25,120
3512,2025-11-21 07:37:48+00,4d106730-1088-4892-9045-ffeebc4d23bc,-6.9575565,107.6866647,687.3,27,1185,95,20,42.7451,,26.97607,37,116,29.58666,39,110,30.60188,36,113,23.78535,25,120
3513,2025-11-21 07:37:53+00,4d106730-1088-4892-9045-ffeebc4d23bc,-6.957223667,107.686622,687.7,24,1186,95,21.17647,56.86274,,26.97607,37,116,29.58666,39,110,30.60188,36,113,23.78535,25,120
3514,2025-11-21 07:37:58+00,4d106730-1088-4892-9045-ffeebc4d23bc,-6.956944167,107.6865335,689.3,14,765,95,20.78431,67.45098,,26.97607,37,116,29.58666,39,110,30.60188,36,113,23.78535,25,120
3515,2025-11-21 07:38:03+00,4d106730-1088-4892-9045-ffeebc4d23bc,-6.956761667,107.6865177,694,14,1328,96,23.52941,72.94118,,26.97607,37,116,29.58666,39,110,30.60188,36,113,23.78535,25,120
3516,2025-11-21 07:38:08+00,4d106730-1088-4892-9045-ffeebc4d23bc,-6.956619833,107.6866115,694.5,19,1373,95,21.56863,67.84314,,26.97607,37,116,29.58666,39,110,30.60188,36,113,23.78535,25,120
3517,2025-11-21 07:38:13+00,4d106730-1088-4892-9045-ffeebc4d23bc,-6.956636833,107.68682,698.9,8,898,95,20,54.11765,,26.97607,37,116,29.58666,39,110,30.60188,36,113,23.78535,25,120
3518,2025-11-21 07:38:18+00,4d106730-1088-4892-9045-ffeebc4d23bc,-6.956673833,107.6869578,704.6,5,807,95,20.39216,67.05882,,26.97607,37,116,29.58666,39,110,30.60188,36,113,23.78535,25,120
3519,2025-11-21 07:38:23+00,4d106730-1088-4892-9045-ffeebc4d23bc,-6.956693167,107.6870197,707.6,15,1978,96,25.09804,70.98039,,26.97607,37,116,29.58666,39,110,30.60188,36,113,23.78535,25,120
3520,2025-11-21 07:38:28+00,4d106730-1088-4892-9045-ffeebc4d23bc,-6.956715833,107.68717,713.2,27,1595,95,24.70588,75.68627,,26.97607,37,116,29.58666,39,110,30.60188,36,113,23.78535,25,120
3521,2025-11-21 07:38:33+00,4d106730-1088-4892-9045-ffeebc4d23bc,-6.956765667,107.6874937,709.6,34,1475,96,23.13725,70.19608,,26.97607,37,116,29.58666,39,110,30.60188,36,113,23.78535,25,120
3522,2025-11-21 07:38:38+00,4d106730-1088-4892-9045-ffeebc4d23bc,-6.956816833,107.6879228,705.8,36,1283,96,21.96078,63.13726,,26.97607,37,116,29.58666,39,110,30.60188,36,113,23.78535,25,120
3523,2025-11-21 07:38:43+00,4d106730-1088-4892-9045-ffeebc4d23bc,-6.956843833,107.688378,700,34,985,96,20,53.33333,,26.97607,37,116,29.58666,39,110,30.60188,36,113,23.78535,25,120
3524,2025-11-21 07:38:48+00,4d106730-1088-4892-9045-ffeebc4d23bc,-6.956888333,107.688806,696.5,19,904,96,20,50.19608,,26.97607,37,116,29.58666,39,110,30.60188,36,113,23.78535,25,120
3525,2025-11-21 07:38:53+00,4d106730-1088-4892-9045-ffeebc4d23bc,-6.956902,107.689063,695.6,6,862,95,19.60784,50.98039,,26.97607,37,116,29.58666,39,110,30.60188,36,113,23.78535,25,120
3526,2025-11-21 07:38:58+00,4d106730-1088-4892-9045-ffeebc4d23bc,-6.956907833,107.6891592,698.3,18,1583,95,24.31373,74.11765,,26.97607,37,116,29.58666,39,110,30.60188,36,113,23.78535,25,120
3527,2025-11-21 07:39:03+00,4d106730-1088-4892-9045-ffeebc4d23bc,-6.956943,107.6893655,700.9,26,1430,96,25.4902,81.56863,,26.97607,37,116,29.58666,39,110,30.60188,36,113,23.78535,25,120
3528,2025-11-21 07:39:08+00,4d106730-1088-4892-9045-ffeebc4d23bc,-6.9570035,107.6896682,704.6,31,1350,96,19.60784,55.68628,,26.97607,37,116,29.58666,39,110,30.60188,36,113,23.78535,25,120
3529,2025-11-21 07:39:13+00,4d106730-1088-4892-9045-ffeebc4d23bc,-6.957068833,107.69004,704.4,20,929,96,20,49.41177,,26.97607,37,116,29.58666,39,110,30.60188,36,113,23.78535,25,120
3530,2025-11-21 07:39:18+00,4d106730-1088-4892-9045-ffeebc4d23bc,-6.9570995,107.6903257,701.8,22,1484,95,25.09804,77.25491,,26.97607,37,116,29.58666,39,110,30.60188,36,113,23.78535,25,120
3531,2025-11-21 07:39:23+00,4d106730-1088-4892-9045-ffeebc4d23bc,-6.956851667,107.6904382,693.7,29,1276,95,27.84314,89.41177,,26.97607,37,116,29.58666,39,110,30.60188,36,113,23.78535,25,120
3532,2025-11-21 07:39:28+00,4d106730-1088-4892-9045-ffeebc4d23bc,-6.956486167,107.6904807,693,34,1479,96,28.23529,87.45098,,26.97607,37,116,29.58666,39,110,30.60188,36,113,23.78535,25,120
3533,2025-11-21 07:39:33+00,4d106730-1088-4892-9045-ffeebc4d23bc,-6.956057333,107.6905397,692.2,42,1258,95,27.05882,87.84314,,26.97607,37,116,29.58666,39,110,30.60188,36,113,23.78535,25,120
3534,2025-11-21 07:39:38+00,4d106730-1088-4892-9045-ffeebc4d23bc,-6.955529167,107.6906065,690.8,46,1348,96,20,39.60784,,26.97607,37,116,29.58666,39,110,30.60188,36,113,23.78535,25,120
3535,2025-11-21 07:39:43+00,4d106730-1088-4892-9045-ffeebc4d23bc,-6.954948333,107.690638,688.9,42,1234,95,19.60784,36.86274,,26.97607,37,116,29.58666,39,110,30.60188,36,113,23.78535,25,120
3536,2025-11-21 07:39:48+00,4d106730-1088-4892-9045-ffeebc4d23bc,-6.954406,107.6906325,685.6,42,1078,95,20,49.41177,,26.97607,37,116,29.58666,39,110,30.60188,36,113,23.78535,25,120
3537,2025-11-21 07:39:53+00,4d106730-1088-4892-9045-ffeebc4d23bc,-6.953880667,107.6906298,682.4,33,1031,94,19.60784,41.17647,,26.97607,37,116,29.58666,39,110,30.60188,36,113,23.78535,25,120
3538,2025-11-21 07:39:58+00,4d106730-1088-4892-9045-ffeebc4d23bc,-6.9534265,107.690604,678.8,28,913,93,19.60784,45.88235,,26.97607,37,116,29.58666,39,110,30.60188,36,113,23.78535,25,120
3539,2025-11-21 07:40:03+00,4d106730-1088-4892-9045-ffeebc4d23bc,-6.9530955,107.6904592,675.6,28,1555,93,28.23529,87.84314,,26.97607,37,116,29.58666,39,110,30.60188,36,113,23.78535,25,120
3540,2025-11-21 07:40:08+00,4d106730-1088-4892-9045-ffeebc4d23bc,-6.952753167,107.6903813,674.5,28,1239,93,25.4902,82.74509,,26.97607,37,116,29.58666,39,110,30.60188,36,113,23.78535,25,120
3541,2025-11-21 07:40:13+00,4d106730-1088-4892-9045-ffeebc4d23bc,-6.952402167,107.6904758,674.6,33,1583,93,25.88235,80.39216,,26.97607,37,116,29.58666,39,110,30.60188,36,113,23.78535,25,120
3542,2025-11-21 07:40:18+00,4d106730-1088-4892-9045-ffeebc4d23bc,-6.952153333,107.690787,674.4,39,1327,93,20.78431,56.07843,,26.97607,37,116,29.58666,39,110,30.60188,36,113,23.78535,25,120
3543,2025-11-21 07:40:23+00,4d106730-1088-4892-9045-ffeebc4d23bc,-6.9522115,107.6912442,673.7,40,1173,93,19.60784,40.39216,,26.97607,37,116,29.58666,39,110,30.60188,36,113,23.78535,25,120
3544,2025-11-21 07:40:28+00,4d106730-1088-4892-9045-ffeebc4d23bc,-6.952591,107.6915517,672,36,975,93,20,51.76471,,26.97607,37,116,29.58666,39,110,30.60188,36,113,23.78535,25,120
3545,2025-11-21 07:40:33+00,4d106730-1088-4892-9045-ffeebc4d23bc,-6.952937167,107.6918462,671.4,36,1735,93,36.86274,96.47059,,26.97607,37,116,29.58666,39,110,30.60188,36,113,23.78535,25,120
3546,2025-11-21 07:40:38+00,4d106730-1088-4892-9045-ffeebc4d23bc,-6.953166167,107.6922415,672.1,43,1789,91,21.56863,74.5098,,26.97607,37,116,29.58666,39,110,30.60188,36,113,23.78535,25,120
3547,2025-11-21 07:40:43+00,4d106730-1088-4892-9045-ffeebc4d23bc,-6.953406333,107.6927142,673.5,35,1085,93,20,41.17647,,26.97607,37,116,29.58666,39,110,30.60188,36,113,23.78535,25,120
3548,2025-11-21 07:40:48+00,4d106730-1088-4892-9045-ffeebc4d23bc,-6.953660167,107.6931087,673.9,40,1458,92,23.13725,66.27451,,26.97607,37,116,29.58666,39,110,30.60188,36,113,23.78535,25,120
3549,2025-11-21 07:40:53+00,4d106730-1088-4892-9045-ffeebc4d23bc,-6.954004167,107.6934612,674.3,40,1060,93,20,51.76471,,26.97607,37,116,29.58666,39,110,30.60188,36,113,23.78535,25,120
3550,2025-11-21 07:40:58+00,4d106730-1088-4892-9045-ffeebc4d23bc,-6.954421,107.6937448,674.7,31,983,93,19.60784,42.7451,,26.97607,37,116,29.58666,39,110,30.60188,36,113,23.78535,25,120
3551,2025-11-21 07:41:03+00,4d106730-1088-4892-9045-ffeebc4d23bc,-6.954782667,107.6939167,676.2,21,1053,92,23.52941,65.4902,,26.97607,37,116,29.58666,39,110,30.60188,36,113,23.78535,25,120
3552,2025-11-21 07:41:08+00,4d106730-1088-4892-9045-ffeebc4d23bc,-6.955031667,107.6940295,677.3,31,1292,91,25.09804,81.96078,,26.97607,37,116,29.58666,39,110,30.60188,36,113,23.78535,25,120
3553,2025-11-21 07:41:13+00,4d106730-1088-4892-9045-ffeebc4d23bc,-6.955371167,107.6941808,678,38,1639,93,25.09804,76.47059,,26.97607,37,116,29.58666,39,110,30.60188,36,113,23.78535,25,120
3554,2025-11-21 07:41:18+00,4d106730-1088-4892-9045-ffeebc4d23bc,-6.955803667,107.694378,678.5,38,1150,93,19.60784,41.96078,,26.97607,37,116,29.58666,39,110,30.60188,36,113,23.78535,25,120
3555,2025-11-21 07:41:23+00,4d106730-1088-4892-9045-ffeebc4d23bc,-6.956192333,107.6946297,681.7,21,983,93,19.60784,47.05882,,26.97607,37,116,29.58666,39,110,30.60188,36,113,23.78535,25,120
3556,2025-11-21 07:41:28+00,4d106730-1088-4892-9045-ffeebc4d23bc,-6.956378167,107.6948333,682.5,9,879,92,20,50.98039,,26.97607,37,116,29.58666,39,110,30.60188,36,113,23.78535,25,120
3557,2025-11-21 07:42:18+00,4d106730-1088-4892-9045-ffeebc4d23bc,-6.956490333,107.6949473,682.5,4,922,95,23.52941,78.82353,,26.97607,37,116,29.58666,39,110,30.60188,36,113,23.78535,25,120
3558,2025-11-21 07:42:23+00,4d106730-1088-4892-9045-ffeebc4d23bc,-6.956512833,107.695,682.4,18,1516,95,23.92157,74.11765,,26.97607,37,116,29.58666,39,110,30.60188,36,113,23.78535,25,120
3559,2025-11-21 07:42:28+00,4d106730-1088-4892-9045-ffeebc4d23bc,-6.956577,107.6951852,682,25,1257,95,21.96078,59.60784,,26.97607,37,116,29.58666,39,110,30.60188,36,113,23.78535,25,120
3560,2025-11-21 07:42:33+00,4d106730-1088-4892-9045-ffeebc4d23bc,-6.956651,107.6954908,683.4,31,1347,95,23.52941,71.37255,,26.97607,37,116,29.58666,39,110,30.60188,36,113,23.78535,25,120
3561,2025-11-21 07:42:38+00,4d106730-1088-4892-9045-ffeebc4d23bc,-6.956738,107.6958667,683.6,38,1602,95,24.70588,73.72549,,26.97607,37,116,29.58666,39,110,30.60188,36,113,23.78535,25,120
3562,2025-11-21 07:42:43+00,4d106730-1088-4892-9045-ffeebc4d23bc,-6.956778,107.6963282,685.6,42,1243,95,23.13725,72.94118,,26.97607,37,116,29.58666,39,110,30.60188,36,113,23.78535,25,120
3563,2025-11-21 07:42:48+00,4d106730-1088-4892-9045-ffeebc4d23bc,-6.95673,107.6968438,689.4,46,1350,94,23.13725,70.58823,,26.97607,37,116,29.58666,39,110,30.60188,36,113,23.78535,25,120
3564,2025-11-21 07:42:53+00,4d106730-1088-4892-9045-ffeebc4d23bc,-6.9565485,107.6973842,693.5,48,1406,94,22.7451,64.70588,,26.97607,37,116,29.58666,39,110,30.60188,36,113,23.78535,25,120
3565,2025-11-21 07:42:58+00,4d106730-1088-4892-9045-ffeebc4d23bc,-6.956315167,107.6979358,697.4,50,1460,93,21.96078,59.60784,,26.97607,37,116,29.58666,39,110,30.60188,36,113,23.78535,25,120
3566,2025-11-21 07:43:03+00,4d106730-1088-4892-9045-ffeebc4d23bc,-6.956068667,107.6985138,694.8,48,1410,93,24.31373,74.5098,,26.97607,37,116,29.58666,39,110,30.60188,36,113,23.78535,25,120
3567,2025-11-21 07:43:08+00,4d106730-1088-4892-9045-ffeebc4d23bc,-6.955829667,107.6990705,697.3,43,1272,92,19.60784,38.03922,,26.97607,37,116,29.58666,39,110,30.60188,36,113,23.78535,25,120
3568,2025-11-21 07:43:16+00,4d106730-1088-4892-9045-ffeebc4d23bc,-6.955500167,107.6998052,693.4,26,874,91,19.60784,48.62745,,26.97607,37,116,29.58666,39,110,30.60188,36,113,23.78535,25,120
3569,2025-11-21 07:43:21+00,4d106730-1088-4892-9045-ffeebc4d23bc,-6.955408667,107.6999968,689.1,6,815,91,19.60784,52.94118,,26.97607,37,116,29.58666,39,110,30.60188,36,113,23.78535,25,120
3570,2025-11-21 07:43:26+00,4d106730-1088-4892-9045-ffeebc4d23bc,-6.955373333,107.7000762,687.9,11,1458,91,23.52941,70.58823,,26.97607,37,116,29.58666,39,110,30.60188,36,113,23.78535,25,120
3571,2025-11-21 07:43:31+00,4d106730-1088-4892-9045-ffeebc4d23bc,-6.955297833,107.700235,686.2,11,851,91,19.60784,50.19608,,26.97607,37,116,29.58666,39,110,30.60188,36,113,23.78535,25,120
3572,2025-11-21 07:43:36+00,4d106730-1088-4892-9045-ffeebc4d23bc,-6.955212833,107.7003232,686.8,10,1432,92,22.35294,60.39216,,26.97607,37,116,29.58666,39,110,30.60188,36,113,23.78535,25,120
3573,2025-11-21 07:43:41+00,4d106730-1088-4892-9045-ffeebc4d23bc,-6.955018167,107.7003777,688,22,1614,92,23.13725,64.70588,,26.97607,37,116,29.58666,39,110,30.60188,36,113,23.78535,25,120
3574,2025-11-21 07:43:46+00,4d106730-1088-4892-9045-ffeebc4d23bc,-6.954721833,107.7003345,687.4,26,1402,93,25.4902,80.78432,,26.97607,37,116,29.58666,39,110,30.60188,36,113,23.78535,25,120
3575,2025-11-21 07:43:51+00,4d106730-1088-4892-9045-ffeebc4d23bc,-6.954382667,107.7002032,687,33,1417,93,25.4902,80,,26.97607,37,116,29.58666,39,110,30.60188,36,113,23.78535,25,120
3576,2025-11-21 07:43:56+00,4d106730-1088-4892-9045-ffeebc4d23bc,-6.953982667,107.6999903,687,39,1266,93,21.17647,56.47059,,26.97607,37,116,29.58666,39,110,30.60188,36,113,23.78535,25,120
3577,2025-11-21 07:44:01+00,4d106730-1088-4892-9045-ffeebc4d23bc,-6.953700667,107.6996357,687.2,29,941,93,19.60784,43.52941,,26.97607,37,116,29.58666,39,110,30.60188,36,113,23.78535,25,120
3578,2025-11-21 07:44:06+00,4d106730-1088-4892-9045-ffeebc4d23bc,-6.953614333,107.699428,686.5,4,778,93,19.60784,52.54902,,26.97607,37,116,29.58666,39,110,30.60188,36,113,23.78535,25,120
3579,2025-11-21 07:44:11+00,4d106730-1088-4892-9045-ffeebc4d23bc,-6.953588333,107.6993545,686.1,10,1491,93,25.4902,78.82353,,26.97607,37,116,29.58666,39,110,30.60188,36,113,23.78535,25,120
3580,2025-11-21 07:44:16+00,4d106730-1088-4892-9045-ffeebc4d23bc,-6.953514667,107.699145,685.6,24,1794,92,24.70588,74.11765,,26.97607,37,116,29.58666,39,110,30.60188,36,113,23.78535,25,120
3581,2025-11-21 07:44:21+00,4d106730-1088-4892-9045-ffeebc4d23bc,-6.953405,107.6988305,685.9,25,1136,93,21.96078,49.41177,,26.97607,37,116,29.58666,39,110,30.60188,36,113,23.78535,25,120
3582,2025-11-21 07:44:26+00,4d106730-1088-4892-9045-ffeebc4d23bc,-6.953282333,107.6984945,685.4,32,1364,93,20,56.86274,,26.97607,37,116,29.58666,39,110,30.60188,36,113,23.78535,25,120
3583,2025-11-21 07:44:31+00,4d106730-1088-4892-9045-ffeebc4d23bc,-6.953105833,107.6981332,684.7,31,908,94,20,56.86274,,26.97607,37,116,29.58666,39,110,30.60188,36,113,23.78535,25,120
3584,2025-11-21 07:44:36+00,4d106730-1088-4892-9045-ffeebc4d23bc,-6.952842667,107.697873,685.5,26,870,94,19.60784,49.41177,,26.97607,37,116,29.58666,39,110,30.60188,36,113,23.78535,25,120
3585,2025-11-21 07:44:41+00,4d106730-1088-4892-9045-ffeebc4d23bc,-6.952652,107.6976778,685.4,18,876,93,19.60784,47.84314,,26.97607,37,116,29.58666,39,110,30.60188,36,113,23.78535,25,120
3586,2025-11-21 07:44:46+00,4d106730-1088-4892-9045-ffeebc4d23bc,-6.952707667,107.6974272,685.5,28,1750,91,29.01961,89.41177,,26.97607,37,116,29.58666,39,110,30.60188,36,113,23.78535,25,120
3587,2025-11-21 07:44:51+00,4d106730-1088-4892-9045-ffeebc4d23bc,-6.952878,107.6970367,685.4,39,1619,93,22.35294,57.64706,,26.97607,37,116,29.58666,39,110,30.60188,36,113,23.78535,25,120
3588,2025-11-21 07:44:56+00,4d106730-1088-4892-9045-ffeebc4d23bc,-6.953089833,107.6965732,683.9,38,1067,93,20,52.15686,,26.97607,37,116,29.58666,39,110,30.60188,36,113,23.78535,25,120
3589,2025-11-21 07:45:01+00,4d106730-1088-4892-9045-ffeebc4d23bc,-6.953274167,107.6961715,682.2,32,982,93,19.60784,41.96078,,26.97607,37,116,29.58666,39,110,30.60188,36,113,23.78535,25,120
3590,2025-11-21 07:45:06+00,4d106730-1088-4892-9045-ffeebc4d23bc,-6.9534145,107.6958447,681.3,24,821,91,19.60784,50.19608,,26.97607,37,116,29.58666,39,110,30.60188,36,113,23.78535,25,120
3591,2025-11-21 07:45:11+00,4d106730-1088-4892-9045-ffeebc4d23bc,-6.953472,107.6956955,681.2,1,762,91,19.60784,54.5098,,26.97607,37,116,29.58666,39,110,30.60188,36,113,23.78535,25,120
3592,2025-11-21 07:45:16+00,4d106730-1088-4892-9045-ffeebc4d23bc,-6.953479,107.6956252,680.8,11,1505,91,24.70588,76.07843,,26.97607,37,116,29.58666,39,110,30.60188,36,113,23.78535,25,120
3593,2025-11-21 07:45:21+00,4d106730-1088-4892-9045-ffeebc4d23bc,-6.953359,107.6954908,681.8,19,1239,91,20,41.96078,,26.97607,37,116,29.58666,39,110,30.60188,36,113,23.78535,25,120
3594,2025-11-21 07:45:26+00,4d106730-1088-4892-9045-ffeebc4d23bc,-6.953102,107.6953903,684.4,28,1646,91,26.66667,84.70588,,26.97607,37,116,29.58666,39,110,30.60188,36,113,23.78535,25,120
3595,2025-11-21 07:45:31+00,4d106730-1088-4892-9045-ffeebc4d23bc,-6.952717333,107.6952353,684.2,38,1595,92,24.70588,75.29412,,26.97607,37,116,29.58666,39,110,30.60188,36,113,23.78535,25,120
3596,2025-11-21 07:45:36+00,4d106730-1088-4892-9045-ffeebc4d23bc,-6.952258167,107.6950373,683.5,42,1243,93,20.78431,68.62745,,26.97607,37,116,29.58666,39,110,30.60188,36,113,23.78535,25,120
3597,2025-11-21 07:45:41+00,4d106730-1088-4892-9045-ffeebc4d23bc,-6.951816167,107.6947722,683.2,35,1002,93,19.21569,49.01961,,26.97607,37,116,29.58666,39,110,30.60188,36,113,23.78535,25,120
3598,2025-11-21 07:45:46+00,4d106730-1088-4892-9045-ffeebc4d23bc,-6.951474667,107.6944885,682.9,36,1362,92,21.96078,62.7451,,26.97607,37,116,29.58666,39,110,30.60188,36,113,23.78535,25,120
3599,2025-11-21 07:45:51+00,4d106730-1088-4892-9045-ffeebc4d23bc,-6.951154667,107.6941377,681.9,38,1317,91,21.96078,61.17647,,26.97607,37,116,29.58666,39,110,30.60188,36,113,23.78535,25,120
3600,2025-11-21 07:45:56+00,4d106730-1088-4892-9045-ffeebc4d23bc,-6.950814833,107.693802,682.9,36,1255,91,20.78431,56.47059,,26.97607,37,116,29.58666,39,110,30.60188,36,113,23.78535,25,120
3601,2025-11-21 07:46:01+00,4d106730-1088-4892-9045-ffeebc4d23bc,-6.950417833,107.6936077,683.4,31,914,91,20,55.68628,,26.97607,37,116,29.58666,39,110,30.60188,36,113,23.78535,25,120
3602,2025-11-21 07:46:06+00,4d106730-1088-4892-9045-ffeebc4d23bc,-6.950032667,107.6935435,683.5,32,1503,91,24.31373,75.29412,,26.97607,37,116,29.58666,39,110,30.60188,36,113,23.78535,25,120
3603,2025-11-21 07:46:08+00,4d106730-1088-4892-9045-ffeebc4d23bc,-6.949866333,107.6935493,683.9,36,1471,90,22.7451,67.05882,,26.97607,37,116,29.58666,39,110,30.60188,36,113,23.78535,25,120
3604,2025-11-21 07:46:13+00,4d106730-1088-4892-9045-ffeebc4d23bc,-6.949423833,107.6936007,684.3,31,973,91,19.60784,43.92157,,26.97607,37,116,29.58666,39,110,30.60188,36,113,23.78535,25,120
3605,2025-11-21 07:46:18+00,4d106730-1088-4892-9045-ffeebc4d23bc,-6.949012,107.6936342,683.9,30,926,91,20.39216,57.2549,,26.97607,37,116,29.58666,39,110,30.60188,36,113,23.78535,25,120
3606,2025-11-21 07:46:26+00,4d106730-1088-4892-9045-ffeebc4d23bc,-6.9483805,107.6936493,683.4,35,1507,91,24.31373,72.94118,,26.97607,37,116,29.58666,39,110,30.60188,36,113,23.78535,25,120
3607,2025-11-21 07:46:28+00,4d106730-1088-4892-9045-ffeebc4d23bc,-6.948200833,107.6936198,683.9,38,1152,90,19.60784,41.96078,,26.97607,37,116,29.58666,39,110,30.60188,36,113,23.78535,25,120
3608,2025-11-21 07:46:33+00,4d106730-1088-4892-9045-ffeebc4d23bc,-6.947727667,107.693548,684.6,36,1122,90,21.56863,49.01961,,26.97607,37,116,29.58666,39,110,30.74692,34,112,23.78535,25,120
3609,2025-11-21 07:46:41+00,4d106730-1088-4892-9045-ffeebc4d23bc,-6.946999833,107.6936488,684,35,1077,90,19.60784,41.96078,,26.97607,37,116,29.58666,39,110,30.74692,34,112,23.78535,25,120
3610,2025-11-21 07:46:43+00,4d106730-1088-4892-9045-ffeebc4d23bc,-6.946833167,107.6936815,683.7,13,769,90,20.39216,68.62745,,26.97607,37,116,29.58666,39,110,30.74692,34,112,23.78535,25,120
3611,2025-11-21 07:46:48+00,4d106730-1088-4892-9045-ffeebc4d23bc,-6.946616333,107.6937225,682.6,24,1694,90,29.41176,91.37255,,26.97607,37,116,29.58666,39,110,30.74692,34,112,23.78535,25,120
3612,2025-11-21 07:46:53+00,4d106730-1088-4892-9045-ffeebc4d23bc,-6.946350333,107.693773,683.8,38,1950,90,29.80392,89.01961,,26.97607,37,116,29.58666,39,110,30.74692,34,112,23.78535,25,120
3613,2025-11-21 07:47:01+00,4d106730-1088-4892-9045-ffeebc4d23bc,-6.945598833,107.6939153,684.2,41,1193,91,19.60784,40,,26.97607,37,116,29.58666,39,110,30.74692,34,112,23.78535,25,120
3614,2025-11-21 07:47:06+00,4d106730-1088-4892-9045-ffeebc4d23bc,-6.945081833,107.6938948,684.1,43,1265,91,23.52941,71.37255,,26.97607,37,116,29.58666,39,110,30.74692,34,112,23.78535,25,120
3615,2025-11-21 07:47:11+00,4d106730-1088-4892-9045-ffeebc4d23bc,-6.944537,107.6937977,683.4,44,1289,91,19.60784,45.4902,,26.97607,37,116,29.58666,39,110,30.74692,34,112,23.78535,25,120
3616,2025-11-21 07:47:16+00,4d106730-1088-4892-9045-ffeebc4d23bc,-6.944069167,107.6937107,683.5,27,902,91,19.60784,46.27451,,26.97607,37,116,29.58666,39,110,30.74692,34,112,23.78535,25,120
3617,2025-11-21 07:47:21+00,4d106730-1088-4892-9045-ffeebc4d23bc,-6.943799167,107.6936572,683,13,789,91,19.60784,50.98039,,26.97607,37,116,29.58666,39,110,30.74692,34,112,23.78535,25,120
3618,2025-11-21 07:47:31+00,4d106730-1088-4892-9045-ffeebc4d23bc,-6.9435915,107.6936202,684.2,4,724,91,20.39216,69.41177,,26.97607,37,116,29.58666,39,110,30.74692,34,112,23.78535,25,120
3619,2025-11-21 07:47:36+00,4d106730-1088-4892-9045-ffeebc4d23bc,-6.943534667,107.69361,684.8,6,814,91,19.60784,52.94118,,26.97607,37,116,29.58666,39,110,30.74692,34,112,23.78535,25,120
3620,2025-11-21 07:47:41+00,4d106730-1088-4892-9045-ffeebc4d23bc,-6.943460167,107.6935978,684.7,6,823,92,19.60784,50.98039,,26.97607,37,116,29.58666,39,110,30.74692,34,112,23.78535,25,120
3621,2025-11-21 07:47:46+00,4d106730-1088-4892-9045-ffeebc4d23bc,-6.943372167,107.6935825,685.1,7,910,91,19.60784,46.27451,,26.97607,37,116,29.58666,39,110,30.74692,34,112,23.78535,25,120
3622,2025-11-21 07:47:58+00,4d106730-1088-4892-9045-ffeebc4d23bc,-6.943329167,107.693587,686.8,3,744,93,19.60784,57.64706,,26.97607,37,116,29.58666,39,110,30.74692,34,112,23.78535,25,120
3623,2025-11-21 07:48:03+00,4d106730-1088-4892-9045-ffeebc4d23bc,-6.943310167,107.6936018,687.1,13,1620,92,20.39216,45.09804,,26.97607,37,116,29.58666,39,110,30.74692,34,112,23.78535,25,120
3624,2025-11-21 07:48:11+00,4d106730-1088-4892-9045-ffeebc4d23bc,-6.94326,107.6938568,686.5,21,1599,91,25.09804,75.68627,,26.97607,37,116,29.58666,39,110,30.74692,34,112,23.78535,25,120
3625,2025-11-21 07:48:16+00,4d106730-1088-4892-9045-ffeebc4d23bc,-6.943351833,107.6941475,687.4,28,1564,93,25.88235,81.56863,,26.97607,37,116,29.58666,39,110,30.74692,34,112,23.78535,25,120
3626,2025-11-21 07:48:21+00,4d106730-1088-4892-9045-ffeebc4d23bc,-6.943569333,107.6944855,687.9,37,1567,93,23.92157,68.62745,,26.97607,37,116,29.58666,39,110,30.74692,34,112,23.78535,25,120
3627,2025-11-21 07:48:23+00,4d106730-1088-4892-9045-ffeebc4d23bc,-6.943703167,107.694619,688.1,39,1162,93,19.60784,41.56863,,26.97607,37,116,29.58666,39,110,30.74692,34,112,23.78535,25,120
3628,2025-11-21 07:48:28+00,4d106730-1088-4892-9045-ffeebc4d23bc,-6.944071833,107.6949533,688.4,37,1503,93,24.31373,74.90196,,26.97607,37,116,29.58666,39,110,30.74692,34,112,23.78535,25,120
3629,2025-11-21 07:48:33+00,4d106730-1088-4892-9045-ffeebc4d23bc,-6.944322,107.695348,688.2,39,1455,93,25.88235,81.17647,,26.97607,37,116,29.58666,39,110,30.74692,34,116,23.78535,25,120
3630,2025-11-21 07:48:38+00,4d106730-1088-4892-9045-ffeebc4d23bc,-6.944489333,107.6958027,687.8,44,1278,93,24.70588,77.64706,,26.97607,37,116,29.58666,39,110,30.74692,34,116,23.78535,25,120
3631,2025-11-21 07:48:43+00,4d106730-1088-4892-9045-ffeebc4d23bc,-6.944673333,107.6963037,687.5,47,1404,92,22.7451,66.27451,,26.97607,37,116,29.58666,39,110,30.74692,34,116,23.78535,25,120
3632,2025-11-21 07:48:48+00,4d106730-1088-4892-9045-ffeebc4d23bc,-6.944874167,107.6968567,687.4,45,1315,91,19.60784,35.29412,,26.97607,37,116,29.58666,39,110,30.74692,34,116,23.78535,25,120
3633,2025-11-21 07:48:58+00,4d106730-1088-4892-9045-ffeebc4d23bc,-6.9451895,107.697916,688.2,42,1226,91,23.13725,74.11765,,26.97607,37,116,29.58666,39,110,30.74692,34,116,23.78535,25,120
3634,2025-11-21 07:48:53+00,4d106730-1088-4892-9045-ffeebc4d23bc,-6.945072,107.6974012,687.4,41,1235,91,20.78431,41.56863,,26.97607,37,116,29.58666,39,110,30.74692,34,116,23.78535,25,120
3635,2025-11-21 07:49:03+00,4d106730-1088-4892-9045-ffeebc4d23bc,-6.945125667,107.6984342,688.6,42,1257,91,20,41.56863,,26.97607,37,116,29.58666,39,110,30.74692,34,116,23.78535,25,120
3636,2025-11-21 07:49:08+00,4d106730-1088-4892-9045-ffeebc4d23bc,-6.945023667,107.6989605,688.7,33,1007,90,19.60784,41.96078,,26.97607,37,116,29.58666,39,110,30.74692,34,116,23.78535,25,120
3637,2025-11-21 07:49:13+00,4d106730-1088-4892-9045-ffeebc4d23bc,-6.944944667,107.6994012,688.5,10,800,90,19.60784,52.54902,,26.97607,37,116,29.58666,39,110,30.74692,34,116,23.78535,25,120
3638,2025-11-21 07:49:18+00,4d106730-1088-4892-9045-ffeebc4d23bc,-6.944930667,107.6995717,688.3,7,831,90,20,60,,26.97607,37,116,29.58666,39,110,30.74692,34,116,23.78535,25,120
3639,2025-11-21 07:49:23+00,4d106730-1088-4892-9045-ffeebc4d23bc,-6.944937,107.6996665,689.4,4,760,91,19.60784,56.86274,,26.97607,37,116,29.58666,39,110,30.74692,34,116,23.78535,25,120
3640,2025-11-21 07:49:28+00,4d106730-1088-4892-9045-ffeebc4d23bc,-6.944952667,107.6997203,689.4,5,800,91,19.60784,52.54902,,26.97607,37,116,29.58666,39,110,30.74692,34,116,23.78535,25,120
3641,2025-11-21 07:49:33+00,4d106730-1088-4892-9045-ffeebc4d23bc,-6.9449745,107.6997815,690.1,6,845,91,19.60784,50.19608,,26.97607,37,116,29.58666,39,110,30.74692,34,116,23.78535,25,120
3642,2025-11-21 07:49:38+00,4d106730-1088-4892-9045-ffeebc4d23bc,-6.945002,107.6998562,690.8,6,824,91,23.13725,54.11765,,26.97607,37,116,29.58666,39,110,30.74692,34,116,23.78535,25,120
3643,2025-11-21 07:49:43+00,4d106730-1088-4892-9045-ffeebc4d23bc,-6.945029667,107.6999275,690.5,6,805,91,19.21569,64.70588,,26.97607,37,116,29.58666,39,110,30.74692,34,116,23.78535,25,120
3644,2025-11-21 07:49:48+00,4d106730-1088-4892-9045-ffeebc4d23bc,-6.945054667,107.6999958,690.4,7,887,92,19.60784,48.62745,,26.97607,37,116,29.58666,39,110,30.74692,34,116,23.78535,25,120
3645,2025-11-21 07:49:53+00,4d106730-1088-4892-9045-ffeebc4d23bc,-6.945085167,107.7000757,690.6,6,853,92,19.60784,47.84314,,26.97607,37,116,29.58666,39,110,30.74692,34,116,23.78535,25,120
3646,2025-11-21 07:49:58+00,4d106730-1088-4892-9045-ffeebc4d23bc,-6.945116833,107.7001552,690.5,15,1035,91,19.60784,41.96078,,26.97607,37,116,29.58666,39,110,30.74692,34,116,23.78535,25,120
3647,2025-11-21 07:50:03+00,4d106730-1088-4892-9045-ffeebc4d23bc,-6.9451675,107.7003105,688.8,16,993,91,20,52.54902,,26.97607,37,116,29.58666,39,110,30.74692,34,116,23.78535,25,120
3648,2025-11-21 07:50:08+00,4d106730-1088-4892-9045-ffeebc4d23bc,-6.945240833,107.7005128,688.7,13,928,92,19.60784,46.66667,,26.97607,37,116,29.58666,39,110,30.74692,34,116,23.78535,25,120
3649,2025-11-21 07:50:13+00,4d106730-1088-4892-9045-ffeebc4d23bc,-6.945307,107.7006715,688.7,22,1671,91,23.92157,67.84314,,26.97607,37,116,29.58666,39,110,30.74692,34,116,23.78535,25,120
3650,2025-11-21 07:50:18+00,4d106730-1088-4892-9045-ffeebc4d23bc,-6.945347,107.70092,688.9,31,1304,91,23.52941,73.72549,,26.97607,37,116,29.58666,39,110,30.74692,34,116,23.78535,25,120
3651,2025-11-21 07:50:23+00,4d106730-1088-4892-9045-ffeebc4d23bc,-6.945393333,107.701288,688.9,35,1425,91,21.96078,61.17647,,26.97607,37,116,29.58666,39,110,30.74692,34,116,23.78535,25,120
3652,2025-11-21 07:50:28+00,4d106730-1088-4892-9045-ffeebc4d23bc,-6.945502333,107.7017075,687.3,36,1276,91,22.7451,70.58823,,26.97607,37,116,29.58666,39,110,30.74692,34,116,23.78535,25,120
3653,2025-11-21 07:50:33+00,4d106730-1088-4892-9045-ffeebc4d23bc,-6.945639667,107.7021428,685.4,40,1210,91,23.13725,72.94118,,26.97607,37,116,29.58666,39,110,30.74692,34,116,23.78535,25,120
3654,2025-11-21 07:50:38+00,4d106730-1088-4892-9045-ffeebc4d23bc,-6.945798833,107.7026125,684.3,44,1308,91,22.35294,67.05882,,26.97607,37,116,29.58666,39,110,30.74692,34,116,23.78535,25,120
3655,2025-11-21 07:50:43+00,4d106730-1088-4892-9045-ffeebc4d23bc,-6.945975,107.7031318,684,42,1225,91,19.60784,37.64706,,26.97607,37,116,29.58666,39,110,30.74692,34,116,23.78535,25,120
3656,2025-11-21 07:50:48+00,4d106730-1088-4892-9045-ffeebc4d23bc,-6.946153,107.7036495,684.1,39,1267,90,23.92157,73.72549,,26.97607,37,116,29.58666,39,110,30.74692,34,116,23.78535,25,120
3657,2025-11-21 07:50:53+00,4d106730-1088-4892-9045-ffeebc4d23bc,-6.946311333,107.704125,683.5,37,1114,90,19.60784,41.56863,,26.97607,37,116,29.58666,39,110,30.74692,34,116,23.78535,25,120
3658,2025-11-21 07:50:58+00,4d106730-1088-4892-9045-ffeebc4d23bc,-6.946464833,107.704579,683.6,33,1017,90,19.60784,41.17647,,26.97607,37,116,29.58666,39,110,30.74692,34,116,23.78535,25,120
3659,2025-11-21 07:51:03+00,4d106730-1088-4892-9045-ffeebc4d23bc,-6.946601,107.7049802,683.7,25,854,90,19.60784,47.45098,,26.97607,37,116,29.58666,39,110,30.74692,34,116,23.78535,25,120
3660,2025-11-21 07:51:08+00,4d106730-1088-4892-9045-ffeebc4d23bc,-6.946714,107.7053043,684.1,19,900,90,19.60784,46.27451,,26.97607,37,116,29.58666,39,110,30.74692,34,116,23.78535,25,120
3661,2025-11-21 07:51:13+00,4d106730-1088-4892-9045-ffeebc4d23bc,-6.946803,107.7055438,685.2,7,1083,90,23.13725,71.37255,,26.97607,37,116,29.58666,39,110,30.74692,34,116,23.78535,25,120
3662,2025-11-21 07:51:18+00,4d106730-1088-4892-9045-ffeebc4d23bc,-6.946836167,107.7056393,685.4,21,1617,90,23.92157,69.41177,,26.97607,37,116,29.58666,39,110,30.74692,34,116,23.78535,25,120
3663,2025-11-21 07:51:23+00,4d106730-1088-4892-9045-ffeebc4d23bc,-6.946909,107.7058612,685.4,29,1228,90,24.31373,77.64706,,26.97607,37,116,29.58666,39,110,30.74692,34,116,23.78535,25,120
3664,2025-11-21 07:51:28+00,4d106730-1088-4892-9045-ffeebc4d23bc,-6.947034167,107.7061872,685.9,34,1275,90,21.96078,62.7451,,26.97607,37,116,29.58666,39,110,30.74692,34,116,23.78535,25,120
3665,2025-11-21 07:51:33+00,4d106730-1088-4892-9045-ffeebc4d23bc,-6.9471825,107.7065853,686.2,33,935,91,20,54.5098,,26.97607,37,116,29.58666,39,110,30.74692,34,116,23.78535,25,120
3666,2025-11-21 07:51:38+00,4d106730-1088-4892-9045-ffeebc4d23bc,-6.9473305,107.7069933,686.8,31,1109,91,19.21569,50.58823,,26.97607,37,116,29.58666,39,110,30.74692,34,116,23.78535,25,120
3667,2025-11-21 07:51:43+00,4d106730-1088-4892-9045-ffeebc4d23bc,-6.947470667,107.707371,685.9,32,1001,91,20.39216,52.94118,,26.97607,37,116,29.58666,39,110,30.74692,34,116,23.78535,25,120
3668,2025-11-21 07:51:48+00,4d106730-1088-4892-9045-ffeebc4d23bc,-6.947609167,107.7077505,685.7,29,924,91,19.60784,46.27451,,26.97607,37,116,29.58666,39,110,30.74692,34,116,23.78535,25,120
3669,2025-11-21 07:51:53+00,4d106730-1088-4892-9045-ffeebc4d23bc,-6.947741833,107.708111,686.2,24,935,91,20,48.23529,,26.97607,37,116,29.58666,39,110,30.74692,34,116,23.78535,25,120
3670,2025-11-21 07:51:58+00,4d106730-1088-4892-9045-ffeebc4d23bc,-6.947848667,107.708408,685.8,21,901,91,20.39216,55.29412,,26.97607,37,116,29.58666,39,110,30.74692,34,116,23.78535,25,120
3671,2025-11-21 07:52:03+00,4d106730-1088-4892-9045-ffeebc4d23bc,-6.947934167,107.708672,686.3,15,816,91,19.60784,50.19608,,26.97607,37,116,29.58666,39,110,30.74692,34,116,23.78535,25,120
3672,2025-11-21 07:52:08+00,4d106730-1088-4892-9045-ffeebc4d23bc,-6.948001833,107.7088847,686.2,5,817,92,19.60784,52.54902,,26.97607,37,116,29.58666,39,110,30.74692,34,116,23.78535,25,120
3673,2025-11-21 07:52:13+00,4d106730-1088-4892-9045-ffeebc4d23bc,-6.948038833,107.708995,686.3,4,776,93,19.60784,53.72549,,26.97607,37,116,29.58666,39,110,30.74692,33,114,23.78535,25,120
3674,2025-11-21 07:52:18+00,4d106730-1088-4892-9045-ffeebc4d23bc,-6.948058667,107.7090455,686.1,8,1082,93,22.7451,69.01961,,26.97607,37,116,29.58666,39,110,30.74692,33,114,23.78535,25,120
3675,2025-11-21 07:52:23+00,4d106730-1088-4892-9045-ffeebc4d23bc,-6.948091833,107.709135,686.1,20,1704,93,25.4902,78.43137,,26.97607,37,116,29.58666,39,110,30.74692,33,114,23.78535,25,120
3676,2025-11-21 07:52:28+00,4d106730-1088-4892-9045-ffeebc4d23bc,-6.948183167,107.7093382,686.3,31,1310,92,23.52941,72.15686,,26.97607,37,116,29.58666,39,110,30.74692,33,114,23.78535,25,120
3677,2025-11-21 07:52:33+00,4d106730-1088-4892-9045-ffeebc4d23bc,-6.948315333,107.709677,685,34,1041,92,19.60784,46.66667,,26.97607,37,116,29.58666,39,110,30.74692,33,114,23.78535,25,120
3678,2025-11-21 07:52:38+00,4d106730-1088-4892-9045-ffeebc4d23bc,-6.948459167,107.710077,685.2,30,950,92,19.60784,45.4902,,26.97607,37,116,29.58666,39,110,30.74692,33,114,23.78535,25,120
3679,2025-11-21 07:52:43+00,4d106730-1088-4892-9045-ffeebc4d23bc,-6.948611667,107.7104355,685.1,28,842,93,20,58.82353,,26.97607,37,116,29.58666,39,110,30.74692,33,114,23.78535,25,120
3680,2025-11-21 07:52:48+00,4d106730-1088-4892-9045-ffeebc4d23bc,-6.948839,107.7107083,685.4,32,1434,93,23.52941,72.54902,,26.97607,37,116,29.58666,39,110,30.74692,33,114,23.78535,25,120
3681,2025-11-21 07:52:53+00,4d106730-1088-4892-9045-ffeebc4d23bc,-6.949151333,107.7109195,686,33,1028,93,19.60784,44.70588,,26.97607,37,116,29.58666,39,110,30.74692,33,114,23.78535,25,120
3682,2025-11-21 07:52:58+00,4d106730-1088-4892-9045-ffeebc4d23bc,-6.94954,107.7110812,685.1,30,947,93,19.60784,44.70588,,26.97607,37,116,29.58666,39,110,30.74692,33,114,23.78535,25,120
3683,2025-11-21 07:53:03+00,4d106730-1088-4892-9045-ffeebc4d23bc,-6.949922333,107.7111262,685.8,29,1141,93,20.78431,57.64706,,26.97607,37,116,29.58666,39,110,30.74692,33,114,23.78535,25,120
3684,2025-11-21 07:53:08+00,4d106730-1088-4892-9045-ffeebc4d23bc,-6.950284833,107.711122,685.5,30,1158,92,22.7451,70.98039,,26.97607,37,116,29.58666,39,110,30.74692,33,114,23.78535,25,120
3685,2025-11-21 07:53:13+00,4d106730-1088-4892-9045-ffeebc4d23bc,-6.950657833,107.7111107,682.9,33,1245,93,20.39216,58.82353,,26.97607,37,116,29.58666,39,110,30.74692,33,114,23.78535,25,120
3686,2025-11-21 07:53:18+00,4d106730-1088-4892-9045-ffeebc4d23bc,-6.951056833,107.71107,684.8,29,924,94,19.60784,44.70588,,26.97607,37,116,29.58666,39,110,30.74692,33,114,23.78535,25,120
3687,2025-11-21 07:53:23+00,4d106730-1088-4892-9045-ffeebc4d23bc,-6.951430167,107.7110458,682.7,13,781,94,20.39216,53.33333,,26.97607,37,116,29.58666,39,110,30.74692,33,114,23.78535,25,120
3688,2025-11-21 07:53:28+00,4d106730-1088-4892-9045-ffeebc4d23bc,-6.951626833,107.7110418,682.4,24,1448,94,27.45098,88.62745,,26.97607,37,116,29.58666,39,110,30.74692,33,114,23.78535,25,120
3689,2025-11-21 07:53:33+00,4d106730-1088-4892-9045-ffeebc4d23bc,-6.951888833,107.7110417,679.3,34,1421,94,27.05882,87.05882,,26.97607,37,116,29.58666,39,110,30.74692,33,114,23.78535,25,120
3690,2025-11-21 07:53:38+00,4d106730-1088-4892-9045-ffeebc4d23bc,-6.952268667,107.7110173,678.2,41,1188,94,19.60784,59.21569,,26.97607,37,116,29.58666,39,110,30.74692,33,114,23.78535,25,120
3691,2025-11-21 07:53:43+00,4d106730-1088-4892-9045-ffeebc4d23bc,-6.952756833,107.7109872,675.7,40,1183,93,19.60784,41.17647,,26.97607,37,116,29.58666,39,110,30.74692,33,114,23.78535,25,120
3692,2025-11-21 07:53:48+00,4d106730-1088-4892-9045-ffeebc4d23bc,-6.953251333,107.710902,678,23,819,94,19.60784,49.80392,,26.97607,37,116,29.58666,39,110,30.74692,33,114,23.78535,25,120
3693,2025-11-21 07:53:53+00,4d106730-1088-4892-9045-ffeebc4d23bc,-6.953605833,107.7108377,678.1,6,878,94,23.52941,74.11765,,26.97607,37,116,29.58666,39,110,30.74692,33,114,23.78535,25,120
3694,2025-11-21 07:53:58+00,4d106730-1088-4892-9045-ffeebc4d23bc,-6.953724167,107.7108378,675,23,1801,95,25.88235,80.78432,,26.97607,37,116,29.58666,39,110,30.74692,33,114,23.78535,25,120
3695,2025-11-21 07:54:03+00,4d106730-1088-4892-9045-ffeebc4d23bc,-6.953968167,107.7108208,670.6,34,1471,93,26.66667,85.4902,,26.97607,37,116,29.58666,39,110,30.74692,33,114,23.78535,25,120
3696,2025-11-21 07:54:08+00,4d106730-1088-4892-9045-ffeebc4d23bc,-6.954368667,107.7107877,668.9,42,1246,93,25.88235,85.4902,,26.97607,37,116,29.58666,39,110,30.74692,33,114,23.78535,25,120
3697,2025-11-21 07:54:13+00,4d106730-1088-4892-9045-ffeebc4d23bc,-6.954876667,107.7107523,670.6,42,1232,93,19.60784,39.21569,,26.97607,37,116,29.58666,39,110,30.74692,33,114,23.78535,25,120
3698,2025-11-21 07:54:18+00,4d106730-1088-4892-9045-ffeebc4d23bc,-6.9554185,107.7107282,671.8,24,838,93,19.60784,51.76471,,26.97607,37,116,29.58666,39,110,30.74692,33,114,23.78535,25,120
3699,2025-11-21 07:54:23+00,4d106730-1088-4892-9045-ffeebc4d23bc,-6.955803333,107.7107087,671.8,6,900,94,21.56863,55.68628,,26.97607,37,116,29.58666,39,110,30.74692,33,114,23.78535,25,120
3700,2025-11-21 07:54:28+00,4d106730-1088-4892-9045-ffeebc4d23bc,-6.9559135,107.7107203,673.5,20,1607,94,23.13725,67.84314,,26.97607,37,116,29.58666,39,110,30.74692,33,114,23.78535,25,120
3701,2025-11-21 07:54:33+00,4d106730-1088-4892-9045-ffeebc4d23bc,-6.956133,107.7107132,673.6,27,1317,92,21.17647,57.2549,,26.97607,37,116,29.58666,39,110,30.74692,33,114,23.78535,25,120
3702,2025-11-21 07:54:38+00,4d106730-1088-4892-9045-ffeebc4d23bc,-6.956462333,107.7106963,674.9,26,1012,92,20,52.54902,,26.97607,37,116,29.58666,39,110,30.74692,33,114,23.78535,25,120
3703,2025-11-21 07:54:43+00,4d106730-1088-4892-9045-ffeebc4d23bc,-6.956812833,107.7106812,676.1,23,1331,93,22.7451,65.88235,,26.97607,37,116,29.58666,39,110,30.74692,33,114,23.78535,25,120
3704,2025-11-21 07:54:48+00,4d106730-1088-4892-9045-ffeebc4d23bc,-6.957109333,107.710664,679.2,29,1242,93,23.13725,73.72549,,26.97607,37,116,29.58666,39,110,30.74692,33,114,23.78535,25,120
3705,2025-11-21 07:54:53+00,4d106730-1088-4892-9045-ffeebc4d23bc,-6.957465667,107.710656,678.8,34,1254,92,21.17647,59.21569,,26.97607,37,116,29.58666,39,110,30.74692,33,114,23.78535,25,120
3706,2025-11-21 07:54:58+00,4d106730-1088-4892-9045-ffeebc4d23bc,-6.957889,107.710609,679.3,31,975,91,21.56863,56.86274,,26.97607,37,116,29.58666,39,110,30.74692,33,114,23.78535,25,120
3707,2025-11-21 07:55:03+00,4d106730-1088-4892-9045-ffeebc4d23bc,-6.958305333,107.710559,674.3,12,782,92,19.60784,56.86274,,26.97607,37,116,29.58666,39,110,30.74692,33,114,23.78535,25,120
3708,2025-11-21 07:55:08+00,4d106730-1088-4892-9045-ffeebc4d23bc,-6.958513333,107.7105172,673.7,17,1224,93,21.17647,64.31373,,26.97607,37,116,29.58666,39,110,30.74692,33,114,23.78535,25,120
3709,2025-11-21 07:55:13+00,4d106730-1088-4892-9045-ffeebc4d23bc,-6.9587095,107.710481,674,12,775,92,19.60784,52.94118,,26.97607,37,116,29.58666,39,110,30.74692,33,114,23.78535,25,120
3710,2025-11-21 07:55:18+00,4d106730-1088-4892-9045-ffeebc4d23bc,-6.958900333,107.7104458,675.1,6,881,93,19.60784,48.62745,,26.97607,37,116,29.58666,39,110,30.74692,33,114,23.78535,25,120
3711,2025-11-21 07:55:24+00,4d106730-1088-4892-9045-ffeebc4d23bc,-6.959011167,107.7104228,676.6,16,1389,91,25.09804,82.35294,,26.97607,37,116,29.58666,39,110,30.74692,33,114,23.78535,25,120
3712,2025-11-21 07:55:28+00,4d106730-1088-4892-9045-ffeebc4d23bc,-6.959160833,107.7103957,675.4,27,1583,91,23.92157,72.15686,,26.97607,37,116,29.58666,39,110,30.74692,33,114,23.78535,25,120
3713,2025-11-21 07:55:33+00,4d106730-1088-4892-9045-ffeebc4d23bc,-6.959471667,107.710343,675.3,32,969,92,19.60784,49.01961,,26.97607,37,116,29.58666,39,110,30.74692,33,114,23.78535,25,120
3714,2025-11-21 07:55:39+00,4d106730-1088-4892-9045-ffeebc4d23bc,-6.9599345,107.7102508,674.3,17,835,93,19.60784,50.19608,,26.97607,37,116,29.58666,39,110,30.74692,33,114,23.78535,25,120
3715,2025-11-21 07:55:44+00,4d106730-1088-4892-9045-ffeebc4d23bc,-6.9601585,107.7102022,673.7,13,1778,93,25.4902,77.64706,,26.97607,37,116,29.58666,39,110,30.74692,33,114,23.78535,25,120
3716,2025-11-21 07:55:49+00,4d106730-1088-4892-9045-ffeebc4d23bc,-6.960310667,107.710171,673.4,24,1007,91,20.39216,60,,26.97607,37,116,29.58666,39,110,30.74692,33,114,23.78535,25,120
3717,2025-11-21 07:55:54+00,4d106730-1088-4892-9045-ffeebc4d23bc,-6.960612333,107.710158,676,14,791,92,19.21569,50.98039,,26.97607,37,116,29.58666,39,110,30.74692,33,114,23.78535,25,120
3718,2025-11-21 07:55:59+00,4d106730-1088-4892-9045-ffeebc4d23bc,-6.960794333,107.7101275,675.9,3,725,93,19.60784,54.5098,,26.97607,37,116,29.58666,39,110,30.74692,33,114,23.78535,25,120
3719,2025-11-21 08:19:00+00,4d106730-1088-4892-9045-ffeebc4d23bc,-6.960859333,107.7101795,690.9,5,803,96,21.56863,70.19608,,26.97607,37,116,29.58666,39,110,30.02176,28,112,23.78535,25,120
3720,2025-11-21 08:19:05+00,4d106730-1088-4892-9045-ffeebc4d23bc,-6.960911167,107.7101667,689.8,14,1789,97,25.88235,77.64706,,26.97607,37,116,29.58666,39,110,30.02176,28,112,23.78535,25,120
3721,2025-11-21 08:19:10+00,4d106730-1088-4892-9045-ffeebc4d23bc,-6.961061833,107.7101288,689.8,25,1547,97,25.09804,78.82353,,26.97607,37,116,29.58666,39,110,30.02176,28,112,23.78535,25,120
3722,2025-11-21 08:19:15+00,4d106730-1088-4892-9045-ffeebc4d23bc,-6.961364333,107.7100685,688.3,34,1466,97,25.09804,80.39216,,26.97607,37,116,29.58666,39,110,30.02176,28,112,23.78535,25,120
3723,2025-11-21 08:19:20+00,4d106730-1088-4892-9045-ffeebc4d23bc,-6.961781333,107.7099918,688.9,40,1214,97,25.09804,83.52941,,26.97607,37,116,29.58666,39,110,30.02176,28,112,23.78535,25,120
3724,2025-11-21 08:19:25+00,4d106730-1088-4892-9045-ffeebc4d23bc,-6.962279833,107.7098972,688.1,40,1040,98,20.39216,52.15686,,26.97607,37,116,29.58666,39,110,30.02176,28,112,23.78535,25,120
3725,2025-11-21 08:19:30+00,4d106730-1088-4892-9045-ffeebc4d23bc,-6.962786,107.7098097,687.9,36,1078,97,19.60784,41.56863,,26.97607,37,116,29.58666,39,110,30.02176,28,112,23.78535,25,120
3726,2025-11-21 08:19:35+00,4d106730-1088-4892-9045-ffeebc4d23bc,-6.963241667,107.7097533,687.2,25,846,96,21.17647,48.23529,,26.97607,37,116,29.58666,39,110,30.02176,28,112,23.78535,25,120
3727,2025-11-21 08:19:40+00,4d106730-1088-4892-9045-ffeebc4d23bc,-6.963571333,107.709706,685.8,7,883,96,20.39216,50.58823,,26.97607,37,116,29.58666,39,110,30.02176,28,112,23.78535,25,120
3728,2025-11-21 08:19:45+00,4d106730-1088-4892-9045-ffeebc4d23bc,-6.963672667,107.7097,684.4,20,1575,95,27.05882,85.4902,,26.97607,37,116,29.58666,39,110,30.02176,28,112,23.78535,25,120
3729,2025-11-21 08:19:50+00,4d106730-1088-4892-9045-ffeebc4d23bc,-6.963893167,107.7096813,681.8,30,1269,96,20,65.09804,,26.97607,37,116,29.58666,39,110,30.02176,28,112,23.78535,25,120
3730,2025-11-21 08:19:55+00,4d106730-1088-4892-9045-ffeebc4d23bc,-6.964233667,107.7096568,679.1,28,1183,96,19.60784,38.82353,,26.97607,37,116,29.58666,39,110,30.02176,28,112,23.78535,25,120
3731,2025-11-21 08:20:00+00,4d106730-1088-4892-9045-ffeebc4d23bc,-6.964583667,107.709606,679.5,21,961,96,21.56863,50.98039,,26.97607,37,116,29.58666,39,110,30.02176,28,112,23.78535,25,120
3732,2025-11-21 08:20:05+00,4d106730-1088-4892-9045-ffeebc4d23bc,-6.96478,107.7094253,680.9,23,965,96,20.78431,56.47059,,26.97607,37,116,29.58666,39,110,30.02176,28,112,23.78535,25,120
3733,2025-11-21 08:20:10+00,4d106730-1088-4892-9045-ffeebc4d23bc,-6.964908667,107.709171,679.4,29,1382,96,25.4902,84.31373,,26.97607,37,116,29.58666,39,110,30.02176,28,112,23.78535,25,120
3734,2025-11-21 08:20:15+00,4d106730-1088-4892-9045-ffeebc4d23bc,-6.965083,107.7088708,679.2,38,1607,96,22.7451,67.45098,,26.97607,37,116,29.58666,39,110,30.02176,28,112,23.78535,25,120
3735,2025-11-21 08:20:20+00,4d106730-1088-4892-9045-ffeebc4d23bc,-6.965299333,107.7085072,677.8,40,1181,96,19.60784,43.13726,,26.97607,37,116,29.58666,39,110,30.02176,28,112,23.78535,25,120
3736,2025-11-21 08:20:25+00,4d106730-1088-4892-9045-ffeebc4d23bc,-6.9655305,107.7080668,675.8,34,1040,95,19.60784,40.78431,,26.97607,37,116,29.58666,39,110,30.02176,28,112,23.78535,25,120
3737,2025-11-21 08:20:30+00,4d106730-1088-4892-9045-ffeebc4d23bc,-6.965725833,107.7076605,675.2,28,875,95,20.39216,58.03922,,26.97607,37,116,29.58666,39,110,30.02176,28,112,23.78535,25,120
3738,2025-11-21 08:20:35+00,4d106730-1088-4892-9045-ffeebc4d23bc,-6.965894667,107.7073485,675.3,31,1502,95,25.09804,78.03922,,26.97607,37,116,29.58666,39,110,30.02176,28,112,23.78535,25,120
3739,2025-11-21 08:20:40+00,4d106730-1088-4892-9045-ffeebc4d23bc,-6.966072,107.7069983,673.5,35,1087,94,20.39216,47.05882,,26.97607,37,116,29.58666,39,110,30.02176,28,112,23.78535,25,120
3740,2025-11-21 08:20:45+00,4d106730-1088-4892-9045-ffeebc4d23bc,-6.966282333,107.7066092,674.5,35,1069,94,20,44.70588,,26.97607,37,116,29.58666,39,110,30.02176,28,112,23.78535,25,120
3741,2025-11-21 08:20:50+00,4d106730-1088-4892-9045-ffeebc4d23bc,-6.966487167,107.7062285,671.5,34,1144,94,22.7451,67.84314,,26.97607,37,116,29.58666,39,110,30.02176,28,112,23.78535,25,120
3742,2025-11-21 08:20:55+00,4d106730-1088-4892-9045-ffeebc4d23bc,-6.9666455,107.7058287,672.1,34,1164,94,20.39216,54.90196,,26.97607,37,116,29.58666,39,110,30.02176,28,112,23.78535,25,120
3743,2025-11-21 08:21:00+00,4d106730-1088-4892-9045-ffeebc4d23bc,-6.966787667,107.7054208,674.3,33,1218,93,20.78431,58.43137,,26.97607,37,116,29.58666,39,110,30.02176,28,112,23.78535,25,120
3744,2025-11-21 08:21:05+00,4d106730-1088-4892-9045-ffeebc4d23bc,-6.966924167,107.7050607,677.9,16,825,93,19.60784,52.54902,,26.97607,37,116,29.58666,39,110,30.02176,28,112,23.78535,25,120
3745,2025-11-21 08:21:10+00,4d106730-1088-4892-9045-ffeebc4d23bc,-6.967010833,107.7048205,684,17,915,93,20.78431,64.31373,,26.97607,37,116,29.58666,39,110,30.02176,28,112,23.78535,25,120
3746,2025-11-21 08:21:15+00,4d106730-1088-4892-9045-ffeebc4d23bc,-6.967102333,107.7046118,686.1,28,1516,93,23.92157,72.54902,,26.97607,37,116,29.58666,39,110,30.02176,28,112,23.78535,25,120
3747,2025-11-21 08:21:20+00,4d106730-1088-4892-9045-ffeebc4d23bc,-6.967240833,107.7043117,683.2,36,1546,93,23.92157,71.76471,,26.97607,37,116,29.58666,39,110,30.02176,28,112,23.78535,25,120
3748,2025-11-21 08:21:25+00,4d106730-1088-4892-9045-ffeebc4d23bc,-6.967422167,107.7039105,681.2,41,1177,93,20.78431,59.21569,,26.97607,37,116,29.58666,39,110,30.02176,28,112,23.78535,25,120
3749,2025-11-21 08:21:30+00,4d106730-1088-4892-9045-ffeebc4d23bc,-6.9675855,107.7034822,681.2,40,1265,92,20.78431,49.80392,,26.97607,37,116,29.58666,39,110,30.02176,28,112,23.78535,25,120
3750,2025-11-21 08:21:35+00,4d106730-1088-4892-9045-ffeebc4d23bc,-6.9677665,107.7030108,683.8,42,1214,92,26.27451,86.27451,,26.97607,37,116,29.58666,39,110,30.02176,28,112,23.78535,25,120
3751,2025-11-21 08:21:40+00,4d106730-1088-4892-9045-ffeebc4d23bc,-6.967920333,107.7025093,681.2,43,1252,92,20,40,,26.97607,37,116,29.58666,39,110,30.02176,28,112,23.78535,25,120
3752,2025-11-21 08:21:45+00,4d106730-1088-4892-9045-ffeebc4d23bc,-6.968059333,107.7019732,681.9,42,1232,91,19.60784,39.21569,,26.97607,37,116,29.58666,39,110,30.02176,28,112,23.78535,25,120
3753,2025-11-21 08:21:50+00,4d106730-1088-4892-9045-ffeebc4d23bc,-6.968181,107.7014225,676.1,40,1175,91,19.60784,38.03922,,26.97607,37,116,29.58666,39,110,30.02176,28,112,23.78535,25,120
3754,2025-11-21 08:21:55+00,4d106730-1088-4892-9045-ffeebc4d23bc,-6.968309333,107.7009385,679.4,26,870,91,19.60784,46.66667,,26.97607,37,116,29.58666,39,110,30.02176,28,112,23.78535,25,120
3755,2025-11-21 08:22:00+00,4d106730-1088-4892-9045-ffeebc4d23bc,-6.968433667,107.7006112,686.7,30,1395,91,27.05882,87.05882,,26.97607,37,116,29.58666,39,110,30.02176,28,112,23.78535,25,120
3756,2025-11-21 08:22:05+00,4d106730-1088-4892-9045-ffeebc4d23bc,-6.9685645,107.7002923,693.1,38,1633,90,25.4902,79.60784,,26.97607,37,116,29.58666,39,110,30.02176,28,112,23.78535,25,120
3757,2025-11-21 08:22:10+00,4d106730-1088-4892-9045-ffeebc4d23bc,-6.9686825,107.699836,695.5,44,1300,90,19.21569,45.4902,,26.97607,37,116,29.58666,39,110,30.02176,28,112,23.78535,25,120
3758,2025-11-21 08:22:15+00,4d106730-1088-4892-9045-ffeebc4d23bc,-6.968808,107.6993187,697.4,37,1104,90,19.60784,38.82353,,26.97607,37,116,29.58666,39,110,30.02176,28,112,23.78535,25,120
3759,2025-11-21 08:22:20+00,4d106730-1088-4892-9045-ffeebc4d23bc,-6.968915667,107.6988375,700,35,1084,90,23.92157,72.94118,,26.97607,37,116,29.58666,39,110,30.02176,28,112,23.78535,25,120
3760,2025-11-21 08:22:25+00,4d106730-1088-4892-9045-ffeebc4d23bc,-6.969024667,107.6983958,702.3,29,928,90,19.60784,44.31372,,26.97607,37,116,29.58666,39,110,30.02176,28,112,23.78535,25,120
3761,2025-11-21 08:22:30+00,4d106730-1088-4892-9045-ffeebc4d23bc,-6.9691185,107.6980175,699.7,7,853,90,19.60784,52.54902,,26.97607,37,116,29.58666,39,110,30.02176,28,112,23.78535,25,120
3762,2025-11-21 08:22:35+00,4d106730-1088-4892-9045-ffeebc4d23bc,-6.969137833,107.6978452,695.1,5,796,90,19.60784,50.98039,,26.97607,37,116,29.58666,39,110,30.02176,28,112,23.78535,25,120
3763,2025-11-21 08:22:40+00,4d106730-1088-4892-9045-ffeebc4d23bc,-6.969143667,107.697749,692.2,17,2075,90,27.05882,81.56863,,26.97607,37,116,29.58666,39,110,30.02176,28,112,23.78535,25,120
3764,2025-11-21 08:22:45+00,4d106730-1088-4892-9045-ffeebc4d23bc,-6.9691685,107.6975528,688.6,30,1264,91,29.01961,90.98039,,26.97607,37,116,29.58666,39,110,30.02176,28,112,23.78535,25,120
3765,2025-11-21 08:22:50+00,4d106730-1088-4892-9045-ffeebc4d23bc,-6.9692545,107.697201,688.2,31,962,92,19.60784,47.84314,,26.97607,37,116,29.58666,39,110,30.02176,28,112,23.78535,25,120
3766,2025-11-21 08:22:55+00,4d106730-1088-4892-9045-ffeebc4d23bc,-6.9693105,107.6968052,685.7,28,895,93,19.60784,45.4902,,26.97607,37,116,29.58666,39,110,30.02176,28,112,23.78535,25,120
3767,2025-11-21 08:23:00+00,4d106730-1088-4892-9045-ffeebc4d23bc,-6.969329,107.696438,683.1,28,904,91,19.60784,46.66667,,26.97607,37,116,29.58666,39,110,30.02176,28,112,23.78535,25,120
3768,2025-11-21 08:23:05+00,4d106730-1088-4892-9045-ffeebc4d23bc,-6.9693495,107.696067,681.5,36,1693,91,28.62745,88.62745,,26.97607,37,116,29.58666,39,110,30.02176,28,112,23.78535,25,120
3769,2025-11-21 08:23:10+00,4d106730-1088-4892-9045-ffeebc4d23bc,-6.969365333,107.6956187,679,27,1057,92,26.66667,85.4902,,26.97607,37,116,29.58666,39,110,30.02176,28,112,23.78535,25,120
3770,2025-11-21 08:23:15+00,4d106730-1088-4892-9045-ffeebc4d23bc,-6.969363,107.695234,677.2,35,1646,91,28.23529,87.84314,,26.97607,37,116,29.58666,39,110,30.02176,28,112,23.78535,25,120
3771,2025-11-21 08:23:20+00,4d106730-1088-4892-9045-ffeebc4d23bc,-6.9693585,107.694815,675.6,42,1231,91,23.13725,72.94118,,26.97607,37,116,29.58666,39,110,30.02176,28,112,23.78535,25,120
3772,2025-11-21 08:23:25+00,4d106730-1088-4892-9045-ffeebc4d23bc,-6.969349167,107.6942923,674,46,1364,92,23.92157,76.47059,,26.97607,37,116,29.58666,39,110,30.02176,28,112,23.78535,25,120
3773,2025-11-21 08:23:30+00,4d106730-1088-4892-9045-ffeebc4d23bc,-6.969272333,107.6937197,672.4,41,1214,91,19.60784,36.47059,,26.97607,37,116,29.58666,39,110,30.02176,28,112,23.78535,25,120
3774,2025-11-21 08:23:35+00,4d106730-1088-4892-9045-ffeebc4d23bc,-6.969164667,107.6931822,673.2,33,1199,91,23.92157,75.29412,,26.97607,37,116,29.58666,39,110,30.02176,28,112,23.78535,25,120
3775,2025-11-21 08:23:40+00,4d106730-1088-4892-9045-ffeebc4d23bc,-6.969086333,107.6927543,673.2,39,1635,91,25.4902,78.82353,,26.97607,37,116,29.58666,39,110,30.02176,28,112,23.78535,25,120
3776,2025-11-21 08:23:45+00,4d106730-1088-4892-9045-ffeebc4d23bc,-6.969049,107.6922647,673.9,45,1327,91,26.27451,85.09804,,26.97607,37,116,29.58666,39,110,30.02176,28,112,23.78535,25,120
3777,2025-11-21 08:23:50+00,4d106730-1088-4892-9045-ffeebc4d23bc,-6.969076667,107.6916983,674.3,49,1364,91,19.60784,45.09804,,26.97607,37,116,29.58666,39,110,30.02176,28,112,23.78535,25,120
3778,2025-11-21 08:23:55+00,4d106730-1088-4892-9045-ffeebc4d23bc,-6.9691185,107.6910855,672.4,39,1088,91,20,50.58823,,26.97607,37,116,29.58666,39,110,30.02176,28,112,23.78535,25,120
3779,2025-11-21 08:24:00+00,4d106730-1088-4892-9045-ffeebc4d23bc,-6.969154167,107.6905705,671.5,35,1591,91,25.4902,79.21568,,26.97607,37,116,29.58666,39,110,30.02176,28,112,23.78535,25,120
3780,2025-11-21 08:24:05+00,4d106730-1088-4892-9045-ffeebc4d23bc,-6.969155833,107.6901135,672.2,42,1227,90,24.70588,81.96078,,26.97607,37,116,29.58666,39,110,30.02176,28,112,23.78535,25,120
3781,2025-11-21 08:24:10+00,4d106730-1088-4892-9045-ffeebc4d23bc,-6.96908,107.6896068,672.6,46,1371,90,24.70588,79.21568,,26.97607,37,116,29.58666,39,110,30.02176,28,112,23.78535,25,120
3782,2025-11-21 08:24:15+00,4d106730-1088-4892-9045-ffeebc4d23bc,-6.968965333,107.6890398,672.5,50,1235,91,20,40.78431,,26.97607,37,116,29.58666,39,110,30.02176,28,112,23.78535,25,120
3783,2025-11-21 08:24:23+00,4d106730-1088-4892-9045-ffeebc4d23bc,-6.968738833,107.6880958,674.1,43,1092,91,20,47.05882,,26.97607,37,116,29.58666,39,110,30.02176,28,112,23.78535,25,120
3784,2025-11-21 08:24:25+00,4d106730-1088-4892-9045-ffeebc4d23bc,-6.968664333,107.6879073,674.5,38,1113,91,19.60784,38.03922,,26.97607,37,116,29.58666,39,110,30.02176,28,112,23.78535,25,120
3785,2025-11-21 08:24:30+00,4d106730-1088-4892-9045-ffeebc4d23bc,-6.9684525,107.6874745,672.4,36,1071,91,19.60784,38.82353,,26.97607,37,116,29.58666,39,110,30.02176,28,112,23.78535,25,120
3786,2025-11-21 08:24:35+00,4d106730-1088-4892-9045-ffeebc4d23bc,-6.968159167,107.6871302,674.1,34,1319,90,22.35294,65.09804,,26.97607,37,116,29.58666,39,110,30.02176,28,112,23.78535,25,120
3787,2025-11-21 08:24:40+00,4d106730-1088-4892-9045-ffeebc4d23bc,-6.967779167,107.6869272,674.5,34,1030,90,19.60784,41.96078,,26.97607,37,116,29.58666,39,110,30.02176,28,112,23.78535,25,120
3788,2025-11-21 08:24:45+00,4d106730-1088-4892-9045-ffeebc4d23bc,-6.967389667,107.6868063,670.9,19,871,91,19.21569,59.21569,,26.97607,37,116,29.58666,39,110,30.02176,28,112,23.78535,25,120
3789,2025-11-21 08:24:50+00,4d106730-1088-4892-9045-ffeebc4d23bc,-6.967135667,107.686716,667.7,2,735,91,19.21569,54.11765,,26.97607,37,116,29.58666,39,110,30.02176,28,112,23.78535,25,120
3790,2025-11-21 08:24:55+00,4d106730-1088-4892-9045-ffeebc4d23bc,-6.967079167,107.6866957,667.3,5,810,92,19.60784,52.94118,,26.97607,37,116,29.58666,39,110,30.02176,28,112,23.78535,25,120
3791,2025-11-21 08:25:00+00,4d106730-1088-4892-9045-ffeebc4d23bc,-6.967008,107.6866727,668.5,5,800,93,19.60784,52.15686,,26.97607,37,116,29.58666,39,110,30.02176,28,112,23.78535,25,120
3792,2025-11-21 08:25:05+00,4d106730-1088-4892-9045-ffeebc4d23bc,-6.9669405,107.6866497,669.2,12,1533,93,21.96078,59.21569,,26.97607,37,116,29.58666,39,110,30.02176,28,112,23.78535,25,120
3793,2025-11-21 08:25:10+00,4d106730-1088-4892-9045-ffeebc4d23bc,-6.966791167,107.6866568,671.1,13,905,93,19.60784,50.58823,,26.97607,37,116,29.58666,39,110,30.02176,28,112,23.78535,25,120
3794,2025-11-21 08:25:15+00,4d106730-1088-4892-9045-ffeebc4d23bc,-6.966621333,107.6866792,672.3,6,865,92,19.60784,46.27451,,26.97607,37,116,29.58666,39,110,30.02176,28,112,23.78535,25,120
3795,2025-11-21 08:25:20+00,4d106730-1088-4892-9045-ffeebc4d23bc,-6.966525,107.6866872,674.1,8,1128,93,19.60784,48.23529,,26.97607,37,116,29.58666,39,110,30.02176,28,112,23.78535,25,120
3796,2025-11-21 08:25:25+00,4d106730-1088-4892-9045-ffeebc4d23bc,-6.966419167,107.6867012,675.2,7,882,93,19.60784,43.92157,,26.97607,37,116,29.58666,39,110,30.02176,28,112,23.78535,25,120
3797,2025-11-21 08:25:30+00,4d106730-1088-4892-9045-ffeebc4d23bc,-6.966323333,107.6867128,677.1,1,735,93,20.39216,70.19608,,26.97607,37,116,29.58666,39,110,30.02176,28,112,23.78535,25,120
3798,2025-11-21 08:25:38+00,4d106730-1088-4892-9045-ffeebc4d23bc,-6.966267833,107.6867165,679.7,4,768,93,19.60784,55.68628,,26.97607,37,116,29.58666,39,110,30.02176,28,112,23.78535,25,120
3799,2025-11-21 08:25:40+00,4d106730-1088-4892-9045-ffeebc4d23bc,-6.966244333,107.6867182,679.7,6,865,93,19.60784,50.58823,,26.97607,37,116,29.58666,39,110,30.02176,28,112,23.78535,25,120
3800,2025-11-21 08:25:45+00,4d106730-1088-4892-9045-ffeebc4d23bc,-6.966169333,107.6867258,681.8,5,806,93,19.21569,49.01961,,26.97607,37,116,29.58666,39,110,30.02176,28,112,23.78535,25,120
3801,2025-11-21 08:25:50+00,4d106730-1088-4892-9045-ffeebc4d23bc,-6.9660965,107.6867405,681.5,7,992,93,21.56863,56.86274,,26.97607,37,116,29.58666,39,110,30.02176,28,112,23.78535,25,120
3802,2025-11-21 08:25:55+00,4d106730-1088-4892-9045-ffeebc4d23bc,-6.9660125,107.686761,680.5,8,992,92,19.60784,47.05882,,26.97607,37,116,29.58666,39,110,30.02176,28,112,23.78535,25,120
3803,2025-11-21 08:26:00+00,4d106730-1088-4892-9045-ffeebc4d23bc,-6.965907,107.6867857,679.9,3,730,92,19.60784,53.33333,,26.97607,37,116,29.58666,39,110,30.02176,28,112,23.78535,25,120
3804,2025-11-21 08:26:10+00,4d106730-1088-4892-9045-ffeebc4d23bc,-6.9658465,107.6867952,677.2,1,748,93,19.60784,53.72549,,26.97607,37,116,29.58666,39,110,30.02176,28,112,23.78535,25,120
3805,2025-11-21 08:26:15+00,4d106730-1088-4892-9045-ffeebc4d23bc,-6.965839667,107.6868075,674.8,4,756,93,20.78431,71.76471,,26.97607,37,116,29.58666,39,110,30.02176,28,112,23.78535,25,120
3806,2025-11-21 08:26:20+00,4d106730-1088-4892-9045-ffeebc4d23bc,-6.965795167,107.6868158,676.2,2,750,93,19.60784,56.47059,,26.97607,37,116,29.58666,39,110,30.02176,28,112,23.78535,25,120
3807,2025-11-21 08:26:44+00,4d106730-1088-4892-9045-ffeebc4d23bc,-6.965740333,107.6867935,684.4,1,760,93,19.60784,56.47059,,26.97607,37,116,29.58666,39,110,30.02176,28,112,23.78535,25,120
3808,2025-11-21 08:26:49+00,4d106730-1088-4892-9045-ffeebc4d23bc,-6.965704167,107.6868,685.4,5,787,94,19.60784,54.90196,,26.97607,37,116,29.58666,39,110,30.02176,28,112,23.78535,25,120
3809,2025-11-21 08:26:54+00,4d106730-1088-4892-9045-ffeebc4d23bc,-6.9656515,107.686812,687.3,8,1056,93,19.60784,47.45098,,26.97607,37,116,29.58666,39,110,30.02176,28,112,23.78535,25,120
3810,2025-11-21 08:26:59+00,4d106730-1088-4892-9045-ffeebc4d23bc,-6.965607,107.6868747,689,6,874,93,19.60784,62.35294,,26.97607,37,116,29.58666,39,110,30.02176,28,112,23.78535,25,120
3811,2025-11-21 08:27:04+00,4d106730-1088-4892-9045-ffeebc4d23bc,-6.965550833,107.6869207,691.4,7,944,94,19.21569,53.72549,,26.97607,37,116,29.58666,39,110,30.02176,28,112,23.78535,25,120
3812,2025-11-21 08:27:09+00,4d106730-1088-4892-9045-ffeebc4d23bc,-6.965465,107.6869447,694.9,7,903,94,19.60784,49.01961,,26.97607,37,116,29.58666,39,110,30.02176,28,112,23.78535,25,120
3813,2025-11-21 08:27:14+00,4d106730-1088-4892-9045-ffeebc4d23bc,-6.9653055,107.686941,692,16,1399,92,22.35294,68.23529,,26.97607,37,116,29.58666,39,110,30.02176,28,112,23.78535,25,120
3814,2025-11-21 08:27:19+00,4d106730-1088-4892-9045-ffeebc4d23bc,-6.965040833,107.6869322,688.3,23,1629,93,22.35294,55.29412,,26.97607,37,116,29.58666,39,110,30.02176,28,112,23.78535,25,120
3815,2025-11-21 08:27:24+00,4d106730-1088-4892-9045-ffeebc4d23bc,-6.964715,107.6869258,689.1,27,1360,93,23.92157,74.90196,,26.97607,37,116,29.58666,39,110,30.02176,28,112,23.78535,25,120
3816,2025-11-21 08:27:29+00,4d106730-1088-4892-9045-ffeebc4d23bc,-6.964332833,107.686915,687.5,31,982,93,19.60784,49.80392,,26.97607,37,116,29.58666,39,110,30.02176,28,112,23.78535,25,120
3817,2025-11-21 08:27:34+00,4d106730-1088-4892-9045-ffeebc4d23bc,-6.963974,107.6868895,685.1,26,860,93,19.60784,49.01961,,26.97607,37,116,29.58666,39,110,30.02176,28,112,23.78535,25,120
3818,2025-11-21 08:27:39+00,4d106730-1088-4892-9045-ffeebc4d23bc,-6.963617,107.6868608,681.5,30,1334,92,22.7451,68.62745,,26.97607,37,116,29.58666,39,110,30.02176,28,112,23.78535,25,120
3819,2025-11-21 08:27:44+00,4d106730-1088-4892-9045-ffeebc4d23bc,-6.963231167,107.6868188,679.4,29,942,92,19.60784,45.09804,,26.97607,37,116,29.58666,39,110,30.02176,28,112,23.78535,25,120
3820,2025-11-21 08:27:49+00,4d106730-1088-4892-9045-ffeebc4d23bc,-6.962907,107.6867778,678.3,23,949,93,20.39216,61.17647,,26.97607,37,116,29.58666,39,110,30.02176,28,112,23.78535,25,120
3821,2025-11-21 08:27:54+00,4d106730-1088-4892-9045-ffeebc4d23bc,-6.962734,107.6867737,679.7,4,775,93,19.60784,53.72549,,26.97607,37,116,29.58666,39,110,30.02176,28,112,23.78535,25,120
3822,2025-11-21 08:28:55+00,4d106730-1088-4892-9045-ffeebc4d23bc,-6.962720167,107.6867647,683,9,1067,95,20,47.05882,,26.97607,37,116,29.58666,39,110,29.73169,30,114,23.78535,25,120
3823,2025-11-21 08:29:00+00,4d106730-1088-4892-9045-ffeebc4d23bc,-6.9626435,107.6867575,682.6,13,1711,94,21.96078,55.68628,,26.97607,37,116,29.58666,39,110,29.73169,30,114,23.78535,25,120
3824,2025-11-21 08:29:05+00,4d106730-1088-4892-9045-ffeebc4d23bc,-6.962494,107.6867587,680.8,15,1197,94,20.78431,54.11765,,26.97607,37,116,29.58666,39,110,29.73169,30,114,23.78535,25,120
3825,2025-11-21 08:29:10+00,4d106730-1088-4892-9045-ffeebc4d23bc,-6.962322833,107.6867508,677.5,20,1421,94,20,46.27451,,26.97607,37,116,29.58666,39,110,29.73169,30,114,23.78535,25,120
3826,2025-11-21 08:29:15+00,4d106730-1088-4892-9045-ffeebc4d23bc,-6.962077833,107.6867388,677.7,17,1017,94,20,52.15686,,26.97607,37,116,29.58666,39,110,29.73169,30,114,23.78535,25,120
3827,2025-11-21 08:29:20+00,4d106730-1088-4892-9045-ffeebc4d23bc,-6.961857667,107.6867322,676.3,19,1463,94,22.35294,61.56863,,26.97607,37,116,29.58666,39,110,29.73169,30,114,23.78535,25,120
3828,2025-11-21 08:29:25+00,4d106730-1088-4892-9045-ffeebc4d23bc,-6.961629167,107.6867273,677.1,23,1254,93,21.56863,61.96078,,26.97607,37,116,29.58666,39,110,29.73169,30,114,23.78535,25,120
3829,2025-11-21 08:29:30+00,4d106730-1088-4892-9045-ffeebc4d23bc,-6.9613455,107.6867237,678.2,24,1054,93,19.60784,43.52941,,26.97607,37,116,29.58666,39,110,29.73169,30,114,23.78535,25,120
3830,2025-11-21 08:29:35+00,4d106730-1088-4892-9045-ffeebc4d23bc,-6.961037,107.6867238,678.2,25,1030,93,20.39216,55.68628,,26.97607,37,116,29.58666,39,110,29.73169,30,114,23.78535,25,120
3831,2025-11-21 08:29:40+00,4d106730-1088-4892-9045-ffeebc4d23bc,-6.960720667,107.686716,679.3,25,1375,93,22.7451,66.27451,,26.97607,37,116,29.58666,39,110,29.73169,30,114,23.78535,25,120
3832,2025-11-21 08:29:45+00,4d106730-1088-4892-9045-ffeebc4d23bc,-6.960421667,107.686713,676.3,30,1300,91,21.17647,63.13726,,26.97607,37,116,29.58666,39,110,29.73169,30,114,23.78535,25,120
3833,2025-11-21 08:29:50+00,4d106730-1088-4892-9045-ffeebc4d23bc,-6.960055833,107.6867082,674.5,30,957,92,19.60784,48.23529,,26.97607,37,116,29.58666,39,110,29.73169,30,114,23.78535,25,120
3834,2025-11-21 08:29:55+00,4d106730-1088-4892-9045-ffeebc4d23bc,-6.959668167,107.686718,670.6,31,1387,92,23.13725,71.37255,,26.97607,37,116,29.58666,39,110,29.73169,30,114,23.78535,25,120
3835,2025-11-21 08:30:00+00,4d106730-1088-4892-9045-ffeebc4d23bc,-6.959291167,107.6867352,674.8,29,1079,91,23.92157,76.07843,,26.97607,37,116,29.58666,39,110,29.73169,30,114,23.78535,25,120
3836,2025-11-21 08:30:05+00,4d106730-1088-4892-9045-ffeebc4d23bc,-6.958915833,107.6867392,676,34,1390,91,22.7451,69.01961,,26.97607,37,116,29.58666,39,110,29.73169,30,114,23.78535,25,120
3837,2025-11-21 08:30:10+00,4d106730-1088-4892-9045-ffeebc4d23bc,-6.958497333,107.6867193,677.6,32,996,91,19.60784,44.31372,,26.97607,37,116,29.58666,39,110,29.73169,30,114,23.78535,25,120
3838,2025-11-21 08:30:15+00,4d106730-1088-4892-9045-ffeebc4d23bc,-6.958080333,107.6867022,678.3,33,1246,91,20,54.5098,,26.97607,37,116,29.58666,39,110,29.73169,30,114,23.78535,25,120
3839,2025-11-21 08:30:20+00,4d106730-1088-4892-9045-ffeebc4d23bc,-6.957673,107.686676,678.4,23,807,91,20.39216,63.13726,,26.97607,37,116,29.58666,39,110,29.73169,30,114,23.78535,25,120
3840,2025-11-21 08:30:25+00,4d106730-1088-4892-9045-ffeebc4d23bc,-6.9573365,107.6866462,678.7,13,795,91,21.17647,57.2549,,26.97607,37,116,29.58666,39,110,29.73169,30,114,23.78535,25,120
3841,2025-11-21 08:30:30+00,4d106730-1088-4892-9045-ffeebc4d23bc,-6.957156833,107.686596,678.4,19,904,90,19.60784,50.58823,,26.97607,37,116,29.58666,39,110,29.73169,30,114,23.78535,25,120
3842,2025-11-21 08:30:35+00,4d106730-1088-4892-9045-ffeebc4d23bc,-6.956972333,107.686547,681.4,7,922,90,19.60784,52.54902,,26.97607,37,116,29.58666,39,110,29.73169,30,114,23.78535,25,120
3843,2025-11-21 08:30:40+00,4d106730-1088-4892-9045-ffeebc4d23bc,-6.9568425,107.6865128,684.1,7,900,91,20.78431,52.15686,,26.97607,37,116,29.58666,39,110,29.73169,30,114,23.78535,25,120
3844,2025-11-21 08:30:45+00,4d106730-1088-4892-9045-ffeebc4d23bc,-6.956759167,107.686494,683.4,7,878,91,21.17647,60.78431,,26.97607,37,116,29.58666,39,110,29.73169,30,114,23.78535,25,120
3845,2025-11-21 08:30:50+00,4d106730-1088-4892-9045-ffeebc4d23bc,-6.956651667,107.6865315,682.9,16,1366,91,23.13725,69.80392,,26.97607,37,116,29.58666,39,110,29.73169,31,113,23.78535,25,120
3846,2025-11-21 08:30:55+00,4d106730-1088-4892-9045-ffeebc4d23bc,-6.956633667,107.6866888,684.9,19,900,90,19.60784,48.62745,,26.97607,37,116,29.58666,39,110,29.73169,31,113,23.78535,25,120
3847,2025-11-21 08:31:00+00,4d106730-1088-4892-9045-ffeebc4d23bc,-6.9566675,107.6869362,685.6,6,860,91,19.60784,50.98039,,26.97607,37,116,29.58666,39,110,29.73169,31,113,23.78535,25,120
3848,2025-11-21 08:31:05+00,4d106730-1088-4892-9045-ffeebc4d23bc,-6.956667333,107.6870388,688.6,19,1587,91,24.70588,74.5098,,26.97607,37,116,29.58666,39,110,29.73169,31,113,23.78535,25,120
3849,2025-11-21 08:31:10+00,4d106730-1088-4892-9045-ffeebc4d23bc,-6.9566965,107.6872205,689.9,27,1644,91,25.88235,79.21568,,26.97607,37,116,29.58666,39,110,29.73169,31,113,23.78535,25,120
3850,2025-11-21 08:31:15+00,4d106730-1088-4892-9045-ffeebc4d23bc,-6.956741167,107.6875333,691.4,35,1502,91,24.31373,74.90196,,26.97607,37,116,29.58666,39,110,29.73169,31,113,23.78535,25,120
3851,2025-11-21 08:31:20+00,4d106730-1088-4892-9045-ffeebc4d23bc,-6.9568005,107.687951,690.5,40,1214,91,20,60.39216,,26.97607,37,116,29.58666,39,110,29.73169,31,113,23.78535,25,120
3852,2025-11-21 08:31:25+00,4d106730-1088-4892-9045-ffeebc4d23bc,-6.956844333,107.6884365,691.6,34,1044,91,19.60784,41.17647,,26.97607,37,116,29.58666,39,110,29.73169,31,113,23.78535,25,120
3853,2025-11-21 08:31:30+00,4d106730-1088-4892-9045-ffeebc4d23bc,-6.9568915,107.6888893,689.4,14,770,91,20,65.09804,,26.97607,37,116,29.58666,39,110,30.02176,31,113,23.78535,25,120
3854,2025-11-21 08:31:35+00,4d106730-1088-4892-9045-ffeebc4d23bc,-6.956927167,107.689123,690,7,917,91,19.60784,48.62745,,26.97607,37,116,29.58666,39,110,30.02176,31,113,23.78535,25,120
3855,2025-11-21 08:31:40+00,4d106730-1088-4892-9045-ffeebc4d23bc,-6.9569315,107.6892118,691.2,3,759,91,19.60784,53.72549,,26.97607,37,116,29.58666,39,110,30.02176,31,113,23.78535,25,120
3856,2025-11-21 08:31:45+00,4d106730-1088-4892-9045-ffeebc4d23bc,-6.956939833,107.6892508,692.5,18,1585,91,25.09804,76.07843,,26.97607,37,116,29.58666,39,110,30.02176,31,113,23.78535,25,120
3857,2025-11-21 08:31:50+00,4d106730-1088-4892-9045-ffeebc4d23bc,-6.956965,107.689424,691,27,1550,91,23.92157,74.5098,,26.97607,37,116,29.58666,39,110,30.02176,31,113,23.78535,25,120
3858,2025-11-21 08:31:55+00,4d106730-1088-4892-9045-ffeebc4d23bc,-6.957003167,107.6897395,688.2,28,877,92,20,60.39216,,26.97607,37,116,29.58666,39,110,30.02176,31,113,23.78535,25,120
3859,2025-11-21 08:32:00+00,4d106730-1088-4892-9045-ffeebc4d23bc,-6.9570675,107.6901062,686.9,20,934,93,19.60784,50.19608,,26.97607,37,116,29.58666,39,110,30.02176,31,113,23.78535,25,120
3860,2025-11-21 08:32:05+00,4d106730-1088-4892-9045-ffeebc4d23bc,-6.957065167,107.6903688,682.9,23,1509,91,24.70588,75.68627,,26.97607,37,116,29.58666,39,110,30.02176,31,113,23.78535,25,120
3861,2025-11-21 08:32:10+00,4d106730-1088-4892-9045-ffeebc4d23bc,-6.956826333,107.6904823,684.1,31,1325,91,26.66667,86.66666,,26.97607,37,116,29.58666,39,110,30.02176,31,113,23.78535,25,120
3862,2025-11-21 08:32:15+00,4d106730-1088-4892-9045-ffeebc4d23bc,-6.956453667,107.690509,685.4,39,1578,91,27.45098,86.66666,,26.97607,37,116,29.58666,39,110,30.02176,31,113,23.78535,25,120
3863,2025-11-21 08:32:21+00,4d106730-1088-4892-9045-ffeebc4d23bc,-6.955877,107.6905782,685.6,44,1290,92,28.23529,89.01961,,26.97607,37,116,29.58666,39,110,30.02176,31,113,23.78535,25,120
3864,2025-11-21 08:32:26+00,4d106730-1088-4892-9045-ffeebc4d23bc,-6.955325833,107.690633,685.6,48,1434,92,26.66667,85.88235,,26.97607,37,116,29.58666,39,110,30.02176,31,113,23.78535,25,120
3865,2025-11-21 08:32:31+00,4d106730-1088-4892-9045-ffeebc4d23bc,-6.954722,107.6906495,685.7,47,1358,91,19.60784,36.07843,,26.97607,37,116,29.58666,39,110,30.02176,31,113,23.78535,25,120
3866,2025-11-21 08:32:36+00,4d106730-1088-4892-9045-ffeebc4d23bc,-6.9541245,107.6906415,683.6,44,1271,91,19.60784,36.07843,,26.97607,37,116,29.58666,39,110,30.02176,31,113,23.78535,25,120
3867,2025-11-21 08:32:41+00,4d106730-1088-4892-9045-ffeebc4d23bc,-6.953577333,107.6906347,681.1,25,848,90,20,60,,26.97607,37,116,29.58666,39,110,30.02176,31,113,23.78535,25,120
3868,2025-11-21 08:32:46+00,4d106730-1088-4892-9045-ffeebc4d23bc,-6.953245667,107.6905473,680.9,22,1385,91,23.52941,72.54902,,26.97607,37,116,29.58666,39,110,30.02176,31,113,23.78535,25,120
3869,2025-11-21 08:32:51+00,4d106730-1088-4892-9045-ffeebc4d23bc,-6.952996833,107.6904128,682.6,26,1646,90,26.27451,83.52941,,26.97607,37,116,29.58666,39,110,30.02176,31,113,23.78535,25,120
3870,2025-11-21 08:32:56+00,4d106730-1088-4892-9045-ffeebc4d23bc,-6.9526725,107.6903883,684.5,29,1204,90,19.60784,41.17647,,26.97607,37,116,29.58666,39,110,30.02176,31,113,23.78535,25,120
3871,2025-11-21 08:33:01+00,4d106730-1088-4892-9045-ffeebc4d23bc,-6.952335,107.6905265,688.2,29,1249,91,21.96078,68.62745,,26.97607,37,116,29.58666,39,110,30.02176,31,113,23.78535,25,120
3872,2025-11-21 08:33:06+00,4d106730-1088-4892-9045-ffeebc4d23bc,-6.952144333,107.6908348,689.4,32,1172,91,22.35294,70.19608,,26.97607,37,116,29.58666,39,110,30.02176,31,113,23.78535,25,120
3873,2025-11-21 08:33:11+00,4d106730-1088-4892-9045-ffeebc4d23bc,-6.952197667,107.6912295,689.2,31,974,91,19.60784,47.05882,,26.97607,37,116,29.58666,39,110,30.02176,31,113,23.78535,25,120
3874,2025-11-21 08:33:16+00,4d106730-1088-4892-9045-ffeebc4d23bc,-6.952498,107.69148,686.3,33,1012,91,19.60784,43.92157,,26.97607,37,116,29.58666,39,110,30.02176,31,113,23.78535,25,120
3875,2025-11-21 08:33:21+00,4d106730-1088-4892-9045-ffeebc4d23bc,-6.9528425,107.6916883,684.7,32,1522,91,26.27451,82.35294,,26.97607,37,116,29.58666,39,110,30.02176,31,113,23.78535,25,120
3876,2025-11-21 08:33:26+00,4d106730-1088-4892-9045-ffeebc4d23bc,-6.953072333,107.6920275,684.3,38,1701,90,20.39216,68.62745,,26.97607,37,116,29.58666,39,110,30.02176,31,113,23.78535,25,120
3877,2025-11-21 08:33:31+00,4d106730-1088-4892-9045-ffeebc4d23bc,-6.953284833,107.692444,685.4,35,1042,91,20,54.11765,,26.97607,37,116,29.58666,39,110,30.02176,31,113,23.78535,25,120
3878,2025-11-21 08:33:36+00,4d106730-1088-4892-9045-ffeebc4d23bc,-6.953487,107.6928333,686.7,30,955,91,20,45.4902,,26.97607,37,116,29.58666,39,110,30.02176,31,113,23.78535,25,120
3879,2025-11-21 08:33:41+00,4d106730-1088-4892-9045-ffeebc4d23bc,-6.953704667,107.6931508,687.5,33,1360,91,23.13725,67.45098,,26.97607,37,116,29.58666,39,110,30.02176,31,113,23.78535,25,120
3880,2025-11-21 08:33:46+00,4d106730-1088-4892-9045-ffeebc4d23bc,-6.953989167,107.6934458,687.9,37,1382,90,21.96078,62.7451,,26.97607,37,116,29.58666,39,110,30.02176,31,113,23.78535,25,120
3881,2025-11-21 08:33:51+00,4d106730-1088-4892-9045-ffeebc4d23bc,-6.954359167,107.6937185,688.8,34,948,90,20,53.33333,,26.97607,37,116,29.58666,39,110,30.02176,31,113,23.78535,25,120
3882,2025-11-21 08:33:56+00,4d106730-1088-4892-9045-ffeebc4d23bc,-6.954742,107.6939078,688.3,18,863,91,19.60784,51.37255,,26.97607,37,116,29.58666,39,110,30.02176,31,113,23.78535,25,120
3883,2025-11-21 08:34:01+00,4d106730-1088-4892-9045-ffeebc4d23bc,-6.954966,107.6940013,688.3,28,1607,91,24.70588,74.90196,,26.97607,37,116,29.58666,39,110,30.02176,31,113,23.78535,25,120
3884,2025-11-21 08:34:06+00,4d106730-1088-4892-9045-ffeebc4d23bc,-6.95526,107.6941267,689.1,27,1154,91,25.4902,82.35294,,26.97607,37,116,29.58666,39,110,30.02176,31,113,23.78535,25,120
3885,2025-11-21 08:34:11+00,4d106730-1088-4892-9045-ffeebc4d23bc,-6.955578167,107.694267,688.3,34,1150,91,19.60784,55.68628,,26.97607,37,116,29.58666,39,110,30.02176,31,113,23.78535,25,120
3886,2025-11-21 08:34:16+00,4d106730-1088-4892-9045-ffeebc4d23bc,-6.955962,107.6944397,686.3,25,798,91,20.39216,63.52941,,26.97607,37,116,29.58666,39,110,30.02176,31,113,23.78535,25,120
3887,2025-11-21 08:34:21+00,4d106730-1088-4892-9045-ffeebc4d23bc,-6.956228167,107.6946518,683.8,17,840,91,19.60784,49.01961,,26.97607,37,116,29.58666,39,110,30.02176,31,113,23.78535,25,120
3888,2025-11-21 08:34:26+00,4d106730-1088-4892-9045-ffeebc4d23bc,-6.956368167,107.6948112,682.8,1,747,92,19.60784,53.33333,,26.97607,37,116,29.58666,39,110,30.02176,31,113,23.78535,25,120
3889,2025-11-21 08:34:46+00,4d106730-1088-4892-9045-ffeebc4d23bc,-6.956383333,107.6948465,683.2,2,738,92,19.60784,55.68628,,26.97607,37,116,29.58666,39,110,30.02176,31,113,23.78535,25,120
3890,2025-11-21 08:34:51+00,4d106730-1088-4892-9045-ffeebc4d23bc,-6.956397667,107.6948733,684,11,1441,92,21.56863,56.47059,,26.97607,37,116,29.58666,39,110,30.02176,31,113,23.78535,25,120
3891,2025-11-21 08:34:56+00,4d106730-1088-4892-9045-ffeebc4d23bc,-6.956460833,107.6949907,685.1,19,1458,91,22.7451,63.92157,,26.97607,37,116,29.58666,39,110,30.02176,31,113,23.78535,25,120
3892,2025-11-21 08:35:01+00,4d106730-1088-4892-9045-ffeebc4d23bc,-6.9565355,107.695209,684.7,24,1263,91,23.92157,75.68627,,26.97607,37,116,29.58666,39,110,30.02176,31,113,23.78535,25,120
3893,2025-11-21 08:35:06+00,4d106730-1088-4892-9045-ffeebc4d23bc,-6.956604667,107.6955012,683.3,32,1357,92,24.31373,76.07843,,26.97607,37,116,29.58666,39,110,30.02176,31,113,23.78535,25,120
3894,2025-11-21 08:35:11+00,4d106730-1088-4892-9045-ffeebc4d23bc,-6.9566855,107.6958768,682.4,40,1515,91,23.92157,69.41177,,26.97607,37,116,29.58666,39,110,30.02176,31,113,23.78535,25,120
3895,2025-11-21 08:35:16+00,4d106730-1088-4892-9045-ffeebc4d23bc,-6.956727,107.6963602,682.8,45,1327,91,22.35294,67.45098,,26.97607,37,116,29.58666,39,110,30.02176,31,113,23.78535,25,120
3896,2025-11-21 08:35:21+00,4d106730-1088-4892-9045-ffeebc4d23bc,-6.956655333,107.696913,682.2,45,1314,91,19.60784,37.64706,,26.97607,37,116,29.58666,39,110,30.02176,31,113,23.78535,25,120
3897,2025-11-21 08:35:26+00,4d106730-1088-4892-9045-ffeebc4d23bc,-6.956469833,107.6974608,682.5,42,1252,91,25.4902,83.52941,,26.97607,37,116,29.58666,39,110,30.02176,31,113,23.78535,25,120
3898,2025-11-21 08:35:31+00,4d106730-1088-4892-9045-ffeebc4d23bc,-6.956258,107.69795,683.5,47,1396,91,24.70588,76.86275,,26.97607,37,116,29.58666,39,110,30.02176,31,113,23.78535,25,120
3899,2025-11-21 08:35:36+00,4d106730-1088-4892-9045-ffeebc4d23bc,-6.9560305,107.6984923,683.3,44,1323,91,23.13725,60.78431,,26.97607,37,116,29.58666,39,110,30.02176,31,113,23.78535,25,120
3900,2025-11-21 08:35:41+00,4d106730-1088-4892-9045-ffeebc4d23bc,-6.955806833,107.6990157,685.3,46,1318,91,19.60784,39.21569,,26.97607,37,116,29.58666,39,110,30.02176,31,113,23.78535,25,120
3901,2025-11-21 08:35:46+00,4d106730-1088-4892-9045-ffeebc4d23bc,-6.955578833,107.6995357,686.1,31,982,90,19.60784,42.35294,,26.97607,37,116,29.58666,39,110,30.02176,31,113,23.78535,25,120
3902,2025-11-21 08:35:51+00,4d106730-1088-4892-9045-ffeebc4d23bc,-6.955412667,107.6999205,686.4,9,928,91,20,52.15686,,26.97607,37,116,29.58666,39,110,30.02176,31,113,23.78535,25,120
3903,2025-11-21 08:35:56+00,4d106730-1088-4892-9045-ffeebc4d23bc,-6.955348,107.7000733,684.7,20,1632,91,24.70588,73.72549,,26.97607,37,116,29.58666,39,110,30.02176,31,113,23.78535,25,120
3904,2025-11-21 08:36:01+00,4d106730-1088-4892-9045-ffeebc4d23bc,-6.9552345,107.7002707,684.5,25,1085,90,19.60784,45.09804,,26.97607,37,116,29.58666,39,110,30.02176,31,113,23.78535,25,120
3905,2025-11-21 08:36:06+00,4d106730-1088-4892-9045-ffeebc4d23bc,-6.955021,107.7004818,686,21,973,91,19.60784,44.70588,,26.97607,37,116,29.58666,39,110,30.02176,31,113,23.78535,25,120
3906,2025-11-21 08:36:11+00,4d106730-1088-4892-9045-ffeebc4d23bc,-6.9550595,107.7007325,685.2,20,917,91,21.96078,63.92157,,26.97607,37,116,29.58666,39,110,30.02176,31,113,23.78535,25,120
3907,2025-11-21 08:36:16+00,4d106730-1088-4892-9045-ffeebc4d23bc,-6.955304333,107.7007968,684,28,1496,91,23.92157,74.5098,,26.97607,37,116,29.58666,39,110,30.02176,31,113,23.78535,25,120
3908,2025-11-21 08:36:21+00,4d106730-1088-4892-9045-ffeebc4d23bc,-6.955643833,107.7008438,682.5,35,1514,91,24.31373,72.94118,,26.97607,37,116,29.58666,39,110,30.02176,31,113,23.78535,25,120
3909,2025-11-21 08:36:26+00,4d106730-1088-4892-9045-ffeebc4d23bc,-6.9560535,107.7010112,681.9,42,1220,91,22.35294,68.23529,,26.97607,37,116,29.58666,39,110,30.02176,31,113,23.78535,25,120
3910,2025-11-21 08:36:31+00,4d106730-1088-4892-9045-ffeebc4d23bc,-6.956524333,107.7012157,682.7,35,1067,91,19.60784,40,,26.97607,37,116,29.58666,39,110,30.02176,31,113,23.78535,25,120
3911,2025-11-21 08:36:36+00,4d106730-1088-4892-9045-ffeebc4d23bc,-6.956939333,107.7013877,681.9,9,916,91,20,56.47059,,26.97607,37,116,29.58666,39,110,30.02176,31,113,23.78535,25,120
3912,2025-11-21 08:36:41+00,4d106730-1088-4892-9045-ffeebc4d23bc,-6.957094167,107.7014542,681.9,19,1603,91,24.31373,71.37255,,26.97607,37,116,29.58666,39,110,30.02176,31,113,23.78535,25,120
3913,2025-11-21 08:36:46+00,4d106730-1088-4892-9045-ffeebc4d23bc,-6.957294167,107.701542,681.7,29,1339,91,23.92157,74.90196,,26.97607,37,116,29.58666,39,110,30.02176,31,113,23.78535,25,120
3914,2025-11-21 08:36:51+00,4d106730-1088-4892-9045-ffeebc4d23bc,-6.957614333,107.7016745,682.1,36,1540,91,23.92157,70.19608,,26.97607,37,116,29.58666,39,110,30.02176,31,113,23.78535,25,120
3915,2025-11-21 08:36:56+00,4d106730-1088-4892-9045-ffeebc4d23bc,-6.958019,107.7018483,681.7,37,971,91,20,53.33333,,26.97607,37,116,29.58666,39,110,30.02176,31,113,23.78535,25,120
3916,2025-11-21 08:37:01+00,4d106730-1088-4892-9045-ffeebc4d23bc,-6.958455667,107.7020315,682.7,32,1003,92,19.60784,44.31372,,26.97607,37,116,29.58666,39,110,30.02176,30,115,23.78535,25,120
3917,2025-11-21 08:37:06+00,4d106730-1088-4892-9045-ffeebc4d23bc,-6.9588385,107.7021922,681.1,12,794,92,19.60784,51.76471,,26.97607,37,116,29.58666,39,110,30.02176,30,115,23.78535,25,120
3918,2025-11-21 08:37:11+00,4d106730-1088-4892-9045-ffeebc4d23bc,-6.959014667,107.7022607,678.2,10,1364,93,20.39216,51.37255,,26.97607,37,116,29.58666,39,110,30.02176,30,115,23.78535,25,120
3919,2025-11-21 08:37:16+00,4d106730-1088-4892-9045-ffeebc4d23bc,-6.9591265,107.7023105,677.7,16,1275,91,21.17647,58.82353,,26.97607,37,116,29.58666,39,110,30.02176,30,115,23.78535,25,120
3920,2025-11-21 08:37:21+00,4d106730-1088-4892-9045-ffeebc4d23bc,-6.959304,107.7023953,679.3,20,1436,91,22.7451,63.52941,,26.97607,37,116,29.58666,39,110,30.02176,30,115,23.78535,25,120
3921,2025-11-21 08:37:26+00,4d106730-1088-4892-9045-ffeebc4d23bc,-6.959550167,107.7024462,681.9,26,1380,91,22.35294,61.96078,,26.97607,37,116,29.58666,39,110,30.02176,30,115,23.78535,25,120
3922,2025-11-21 08:37:31+00,4d106730-1088-4892-9045-ffeebc4d23bc,-6.9598685,107.7025268,683.2,30,1298,91,21.17647,58.43137,,26.97607,37,116,29.58666,39,110,30.02176,30,115,23.78535,25,120
3923,2025-11-21 08:37:36+00,4d106730-1088-4892-9045-ffeebc4d23bc,-6.960227667,107.702652,685.4,31,982,91,19.60784,45.88235,,26.97607,37,116,29.58666,39,110,30.02176,30,115,23.78535,25,120
3924,2025-11-21 08:37:41+00,4d106730-1088-4892-9045-ffeebc4d23bc,-6.960600667,107.7027783,685.8,25,846,91,19.60784,49.01961,,26.97607,37,116,29.58666,39,110,30.02176,30,115,23.78535,25,120
3925,2025-11-21 08:37:46+00,4d106730-1088-4892-9045-ffeebc4d23bc,-6.960899167,107.7028837,685.7,15,1107,91,24.70588,78.82353,,26.97607,37,116,29.58666,39,110,30.02176,30,115,23.78535,25,120
3926,2025-11-21 08:37:51+00,4d106730-1088-4892-9045-ffeebc4d23bc,-6.9610805,107.7029648,686.9,24,1494,91,23.92157,73.33334,,26.97607,37,116,29.58666,39,110,30.02176,30,115,23.78535,25,120
3927,2025-11-21 08:37:56+00,4d106730-1088-4892-9045-ffeebc4d23bc,-6.961334167,107.7031082,686.3,33,1389,91,23.92157,72.15686,,26.97607,37,116,29.58666,39,110,30.02176,30,115,23.78535,25,120
3928,2025-11-21 08:38:01+00,4d106730-1088-4892-9045-ffeebc4d23bc,-6.9616145,107.7033863,686.1,35,1029,91,19.60784,47.05882,,26.97607,37,116,29.58666,39,110,30.02176,30,115,23.78535,25,120
3929,2025-11-21 08:38:06+00,4d106730-1088-4892-9045-ffeebc4d23bc,-6.9618495,107.7037605,687.5,28,902,91,19.60784,45.4902,,26.97607,37,116,29.58666,39,110,30.02176,30,115,23.78535,25,120
3930,2025-11-21 08:38:11+00,4d106730-1088-4892-9045-ffeebc4d23bc,-6.961891333,107.7041208,686.9,21,903,92,20,58.43137,,26.97607,37,116,29.58666,39,110,30.02176,30,115,23.78535,25,120
3931,2025-11-21 08:38:16+00,4d106730-1088-4892-9045-ffeebc4d23bc,-6.961900667,107.7043848,685,6,832,92,19.60784,53.72549,,26.97607,37,116,29.58666,39,110,30.02176,30,115,23.78535,25,120
3932,2025-11-21 08:38:26+00,4d106730-1088-4892-9045-ffeebc4d23bc,-6.961917833,107.7045133,683.4,1,746,93,19.60784,56.86274,,26.97607,37,116,29.58666,39,110,30.02176,30,115,23.78535,25,120
3933,2025-11-21 08:38:31+00,4d106730-1088-4892-9045-ffeebc4d23bc,-6.961919333,107.7045245,682.5,4,767,93,20.39216,70.98039,,26.97607,37,116,29.58666,39,110,30.02176,30,115,23.78535,25,120
3934,2025-11-21 08:38:36+00,4d106730-1088-4892-9045-ffeebc4d23bc,-6.9619395,107.7045463,682.5,7,1255,92,21.17647,58.82353,,26.97607,37,116,29.58666,39,110,30.02176,30,115,23.78535,25,120
3935,2025-11-21 08:38:41+00,4d106730-1088-4892-9045-ffeebc4d23bc,-6.961969667,107.704505,681.2,12,1219,92,20.78431,45.4902,,26.97607,37,116,29.58666,39,110,30.02176,30,115,23.78535,25,120
3936,2025-11-21 08:38:46+00,4d106730-1088-4892-9045-ffeebc4d23bc,-6.961958,107.704368,681.1,21,1609,91,23.52941,68.23529,,26.97607,37,116,29.58666,39,110,30.02176,30,115,23.78535,25,120
3937,2025-11-21 08:38:51+00,4d106730-1088-4892-9045-ffeebc4d23bc,-6.961948667,107.7041287,681.6,27,1329,91,21.17647,56.47059,,26.97607,37,116,29.58666,39,110,30.02176,30,115,23.78535,25,120
3938,2025-11-21 08:38:56+00,4d106730-1088-4892-9045-ffeebc4d23bc,-6.961900167,107.7037975,681.3,29,1238,92,21.96078,66.27451,,26.97607,37,116,29.58666,39,110,30.02176,30,115,23.78535,25,120
3939,2025-11-21 08:39:01+00,4d106730-1088-4892-9045-ffeebc4d23bc,-6.961716167,107.7034823,681.6,32,1258,93,21.56863,62.35294,,26.97607,37,116,29.58666,39,110,30.02176,30,115,23.78535,25,120
3940,2025-11-21 08:39:06+00,4d106730-1088-4892-9045-ffeebc4d23bc,-6.9614555,107.7031828,679.6,23,839,92,19.60784,52.54902,,26.97607,37,116,29.58666,39,110,30.02176,30,115,23.78535,25,120
3941,2025-11-21 08:39:11+00,4d106730-1088-4892-9045-ffeebc4d23bc,-6.961204,107.702999,675.7,19,900,92,19.60784,48.23529,,26.97607,37,116,29.58666,39,110,30.02176,30,115,23.78535,25,120
3942,2025-11-21 08:39:16+00,4d106730-1088-4892-9045-ffeebc4d23bc,-6.960992167,107.7028945,673.1,18,857,92,20,60,,26.97607,37,116,29.58666,39,110,30.31182,30,113,23.78535,25,120
3943,2025-11-21 08:39:21+00,4d106730-1088-4892-9045-ffeebc4d23bc,-6.960779667,107.7028107,668.9,22,1339,91,22.35294,65.09804,,26.97607,37,116,29.58666,39,110,30.31182,30,113,23.78535,25,120
3944,2025-11-21 08:39:26+00,4d106730-1088-4892-9045-ffeebc4d23bc,-6.960531167,107.7027172,669.1,26,1360,91,21.17647,58.43137,,26.97607,37,116,29.58666,39,110,30.31182,30,113,23.78535,25,120
3945,2025-11-21 08:39:31+00,4d106730-1088-4892-9045-ffeebc4d23bc,-6.960224667,107.702607,670.6,23,1017,91,19.60784,40.39216,,26.97607,37,116,29.58666,39,110,30.31182,30,113,23.78535,25,120
3946,2025-11-21 08:39:36+00,4d106730-1088-4892-9045-ffeebc4d23bc,-6.959944,107.7025085,671.7,8,953,91,19.60784,49.41177,,26.97607,37,116,29.58666,39,110,30.31182,30,113,23.78535,25,120
3947,2025-11-21 08:39:41+00,4d106730-1088-4892-9045-ffeebc4d23bc,-6.959817833,107.7024702,673.7,15,1232,91,23.13725,74.11765,,26.97607,37,116,29.58666,39,110,30.31182,30,113,23.78535,25,120
3948,2025-11-21 08:39:46+00,4d106730-1088-4892-9045-ffeebc4d23bc,-6.959670667,107.702364,673,22,1648,91,23.52941,64.31373,,26.97607,37,116,29.58666,39,110,30.31182,30,113,23.78535,25,120
3949,2025-11-21 08:39:51+00,4d106730-1088-4892-9045-ffeebc4d23bc,-6.959628833,107.7021075,672,29,1249,91,23.13725,73.72549,,26.97607,37,116,29.58666,39,110,30.31182,30,113,23.78535,25,120
3950,2025-11-21 08:39:56+00,4d106730-1088-4892-9045-ffeebc4d23bc,-6.959691167,107.7017535,672.7,36,1522,91,23.13725,66.27451,,26.97607,37,116,29.58666,39,110,30.31182,30,113,23.78535,25,120
3951,2025-11-21 08:40:01+00,4d106730-1088-4892-9045-ffeebc4d23bc,-6.9597655,107.7013215,673,39,1153,91,19.60784,41.96078,,26.97607,37,116,29.58666,39,110,30.31182,30,113,23.78535,25,120
3952,2025-11-21 08:40:06+00,4d106730-1088-4892-9045-ffeebc4d23bc,-6.95985,107.7008435,673.8,31,913,91,20,54.90196,,26.97607,37,116,29.58666,39,110,30.31182,30,113,23.78535,25,120
3953,2025-11-21 08:40:11+00,4d106730-1088-4892-9045-ffeebc4d23bc,-6.959918833,107.70045,675.6,6,853,92,19.60784,52.94118,,26.97607,37,116,29.58666,39,110,30.31182,30,113,23.78535,25,120
3954,2025-11-21 08:40:16+00,4d106730-1088-4892-9045-ffeebc4d23bc,-6.959942,107.7003052,677.1,15,1852,91,22.7451,57.2549,,26.97607,37,116,29.58666,39,110,30.31182,30,113,23.78535,25,120
3955,2025-11-21 08:40:21+00,4d106730-1088-4892-9045-ffeebc4d23bc,-6.959963,107.7001343,677.8,23,1655,91,22.7451,58.43137,,26.97607,37,116,29.58666,39,110,30.31182,30,113,23.78535,25,120
3956,2025-11-21 08:40:26+00,4d106730-1088-4892-9045-ffeebc4d23bc,-6.959993333,107.6998587,678.5,28,1466,91,23.52941,69.01961,,26.97607,37,116,29.58666,39,110,30.31182,30,113,23.78535,25,120
3957,2025-11-21 08:40:31+00,4d106730-1088-4892-9045-ffeebc4d23bc,-6.96005,107.6995163,678.5,34,1420,92,24.31373,74.90196,,26.97607,37,116,29.58666,39,110,30.31182,30,113,23.78535,25,120
3958,2025-11-21 08:40:36+00,4d106730-1088-4892-9045-ffeebc4d23bc,-6.960120333,107.699106,679.2,38,1376,92,21.96078,61.56863,,26.97607,37,116,29.58666,39,110,30.31182,30,113,23.78535,25,120
3959,2025-11-21 08:40:41+00,4d106730-1088-4892-9045-ffeebc4d23bc,-6.960204167,107.6986327,680,41,1206,91,22.35294,68.62745,,26.97607,37,116,29.58666,39,110,30.31182,30,113,23.78535,25,120
3960,2025-11-21 08:40:46+00,4d106730-1088-4892-9045-ffeebc4d23bc,-6.960290167,107.6981283,679.6,44,1319,91,19.60784,44.70588,,26.97607,37,116,29.58666,39,110,30.31182,30,113,23.78535,25,120
3961,2025-11-21 08:40:51+00,4d106730-1088-4892-9045-ffeebc4d23bc,-6.9603825,107.6975895,678.8,41,1197,91,20.39216,48.23529,,26.97607,37,116,29.58666,39,110,30.31182,30,113,23.78535,25,120
3962,2025-11-21 08:40:56+00,4d106730-1088-4892-9045-ffeebc4d23bc,-6.960473333,107.6970777,678.2,31,969,91,19.60784,45.4902,,26.97607,37,116,29.58666,39,110,30.31182,30,113,23.78535,25,120
3963,2025-11-21 08:41:01+00,4d106730-1088-4892-9045-ffeebc4d23bc,-6.960543,107.696668,678.7,30,1191,91,21.56863,61.56863,,26.97607,37,116,29.58666,39,110,30.31182,30,113,23.78535,25,120
3964,2025-11-21 08:41:06+00,4d106730-1088-4892-9045-ffeebc4d23bc,-6.960611167,107.6962952,678,34,1032,91,19.60784,46.27451,,26.97607,37,116,29.58666,39,110,30.31182,30,113,23.78535,25,120
3965,2025-11-21 08:41:11+00,4d106730-1088-4892-9045-ffeebc4d23bc,-6.9606835,107.6958863,677.1,17,849,91,19.60784,50.98039,,26.97607,37,116,29.58666,39,110,30.31182,30,113,23.78535,25,120
3966,2025-11-21 08:41:16+00,4d106730-1088-4892-9045-ffeebc4d23bc,-6.960731833,107.6956278,677.2,19,1069,91,24.31373,78.03922,,26.97607,37,116,29.58666,39,110,30.31182,30,113,23.78535,25,120
3967,2025-11-21 08:41:24+00,4d106730-1088-4892-9045-ffeebc4d23bc,-6.960907333,107.69529,677.5,20,928,91,19.60784,49.41177,,26.97607,37,116,29.58666,39,110,30.31182,30,113,23.78535,25,120
3968,2025-11-21 08:41:29+00,4d106730-1088-4892-9045-ffeebc4d23bc,-6.9608165,107.695071,677.8,18,867,91,19.60784,47.05882,,26.97607,37,116,29.58666,39,110,30.31182,30,113,23.78535,25,120
3969,2025-11-21 08:41:34+00,4d106730-1088-4892-9045-ffeebc4d23bc,-6.960598667,107.6950567,676.4,19,1338,91,23.92157,74.5098,,26.97607,37,116,29.58666,39,110,30.31182,30,113,23.78535,25,120
3970,2025-11-21 08:41:39+00,4d106730-1088-4892-9045-ffeebc4d23bc,-6.960312333,107.6951105,675.7,27,1509,91,23.92157,71.76471,,26.97607,37,116,29.58666,39,110,30.31182,30,113,23.78535,25,120
3971,2025-11-21 08:41:44+00,4d106730-1088-4892-9045-ffeebc4d23bc,-6.959944833,107.6950445,677.3,32,1377,91,24.70588,78.43137,,26.97607,37,116,29.58666,39,110,30.31182,30,113,23.78535,25,120
3972,2025-11-21 08:41:46+00,4d106730-1088-4892-9045-ffeebc4d23bc,-6.959778,107.6950125,679.7,37,1587,91,22.7451,61.17647,,26.97607,37,116,29.58666,39,110,30.31182,30,113,23.78535,25,120
3973,2025-11-21 08:41:51+00,4d106730-1088-4892-9045-ffeebc4d23bc,-6.959324833,107.6949347,679.9,39,1355,91,21.56863,59.60784,,26.97607,37,116,29.58666,39,110,30.31182,30,113,23.78535,25,120
3974,2025-11-21 08:41:56+00,4d106730-1088-4892-9045-ffeebc4d23bc,-6.958836167,107.6948935,680.2,40,1189,91,21.17647,61.96078,,26.97607,37,116,29.58666,39,110,30.31182,30,113,23.78535,25,120
3975,2025-11-21 08:42:01+00,4d106730-1088-4892-9045-ffeebc4d23bc,-6.95833,107.6949272,683.1,40,1159,91,19.60784,40,,26.97607,37,116,29.58666,39,110,30.31182,30,113,23.78535,25,120
3976,2025-11-21 08:42:06+00,4d106730-1088-4892-9045-ffeebc4d23bc,-6.957828833,107.6950192,684.7,33,966,91,20,52.94118,,26.97607,37,116,29.58666,39,110,30.31182,30,113,23.78535,25,120
3977,2025-11-21 08:42:11+00,4d106730-1088-4892-9045-ffeebc4d23bc,-6.9573925,107.6951023,685.9,20,898,91,19.60784,50.58823,,26.97607,37,116,29.58666,39,110,30.31182,30,113,23.78535,25,120
3978,2025-11-21 08:42:16+00,4d106730-1088-4892-9045-ffeebc4d23bc,-6.957116667,107.6951782,689.3,3,753,91,19.60784,54.11765,,26.97607,37,116,29.58666,39,110,30.31182,30,113,23.78535,25,120
3979,2025-11-21 08:43:31+00,4d106730-1088-4892-9045-ffeebc4d23bc,-6.95704,107.6952465,690.7,2,742,94,19.60784,56.47059,,26.97607,37,116,29.58666,39,110,30.02176,31,114,23.78535,25,120
3980,2025-11-21 08:43:36+00,4d106730-1088-4892-9045-ffeebc4d23bc,-6.957021,107.6952453,691.5,10,1329,93,22.35294,65.09804,,26.97607,37,116,29.58666,39,110,30.02176,31,114,23.78535,25,120
3981,2025-11-21 08:43:41+00,4d106730-1088-4892-9045-ffeebc4d23bc,-6.9569065,107.695261,690.1,15,1256,93,21.17647,60,,26.97607,37,116,29.58666,39,110,30.02176,31,114,23.78535,25,120
3982,2025-11-21 08:43:46+00,4d106730-1088-4892-9045-ffeebc4d23bc,-6.9567345,107.69532,691,17,1114,93,19.60784,43.52941,,26.97607,37,116,29.58666,39,110,30.02176,31,114,23.78535,25,120
3983,2025-11-21 08:43:51+00,4d106730-1088-4892-9045-ffeebc4d23bc,-6.9566275,107.6954843,690.8,26,1679,93,25.4902,79.21568,,26.97607,37,116,29.58666,39,110,30.02176,31,114,23.78535,25,120
3984,2025-11-21 08:43:56+00,4d106730-1088-4892-9045-ffeebc4d23bc,-6.956694,107.6957595,689.6,35,1516,93,24.70588,73.33334,,26.97607,37,116,29.58666,39,110,30.02176,31,114,23.78535,25,120
3985,2025-11-21 08:44:01+00,4d106730-1088-4892-9045-ffeebc4d23bc,-6.956746667,107.6961775,689.9,42,1235,93,24.70588,80.39216,,26.97607,37,116,29.58666,39,110,30.02176,31,114,23.78535,25,120
3986,2025-11-21 08:44:06+00,4d106730-1088-4892-9045-ffeebc4d23bc,-6.956743333,107.6966873,686.6,43,1281,93,21.17647,58.82353,,26.97607,37,116,29.58666,39,110,30.16679,31,114,23.78535,25,120
3987,2025-11-21 08:44:11+00,4d106730-1088-4892-9045-ffeebc4d23bc,-6.956603167,107.6972168,686.3,41,1218,91,19.60784,38.43137,,26.97607,37,116,29.58666,39,110,30.16679,31,114,23.78535,25,120
3988,2025-11-21 08:44:16+00,4d106730-1088-4892-9045-ffeebc4d23bc,-6.956401,107.6977017,683.8,38,1160,91,19.60784,38.43137,,26.97607,37,116,29.58666,39,110,30.16679,31,114,23.78535,25,120
3989,2025-11-21 08:44:21+00,4d106730-1088-4892-9045-ffeebc4d23bc,-6.956196833,107.6981463,683.2,32,1017,91,19.60784,42.35294,,26.97607,37,116,29.58666,39,110,30.16679,31,114,23.78535,25,120
3990,2025-11-21 08:44:26+00,4d106730-1088-4892-9045-ffeebc4d23bc,-6.955991333,107.6985252,684.6,27,864,91,20,59.60784,,26.97607,37,116,29.58666,39,110,30.16679,31,114,23.78535,25,120
3991,2025-11-21 08:44:31+00,4d106730-1088-4892-9045-ffeebc4d23bc,-6.955827667,107.6988428,685.7,28,1171,91,21.17647,60.78431,,26.97607,37,116,29.58666,39,110,30.16679,31,114,23.78535,25,120
3992,2025-11-21 08:44:36+00,4d106730-1088-4892-9045-ffeebc4d23bc,-6.9556835,107.6991707,686.5,29,932,90,19.60784,50.58823,,26.97607,37,116,29.58666,39,110,30.16679,31,114,23.78535,25,120
3993,2025-11-21 08:44:41+00,4d106730-1088-4892-9045-ffeebc4d23bc,-6.955537333,107.6995135,686.5,24,852,90,19.60784,50.19608,,26.97607,37,116,29.58666,39,110,30.16679,31,114,23.78535,25,120
3994,2025-11-21 08:44:46+00,4d106730-1088-4892-9045-ffeebc4d23bc,-6.955399667,107.6998143,685.4,10,793,90,20.39216,69.01961,,26.97607,37,116,29.58666,39,110,30.16679,31,114,23.78535,25,120
3995,2025-11-21 08:44:51+00,4d106730-1088-4892-9045-ffeebc4d23bc,-6.955329667,107.6999702,684.3,6,1084,91,21.17647,60,,26.97607,37,116,29.58666,39,110,30.16679,31,114,23.78535,25,120
3996,2025-11-21 08:44:56+00,4d106730-1088-4892-9045-ffeebc4d23bc,-6.955295167,107.7000475,683.2,13,1603,90,20,42.35294,,26.97607,37,116,29.58666,39,110,30.16679,31,114,23.78535,25,120
3997,2025-11-21 08:45:01+00,4d106730-1088-4892-9045-ffeebc4d23bc,-6.955232833,107.7001858,683.4,15,1221,90,21.17647,60.78431,,26.97607,37,116,29.58666,39,110,30.16679,31,114,23.78535,25,120
3998,2025-11-21 08:45:06+00,4d106730-1088-4892-9045-ffeebc4d23bc,-6.9551095,107.7003168,683.1,20,1443,90,21.17647,54.5098,,26.97607,37,116,29.58666,39,110,30.16679,31,114,23.78535,25,120
3999,2025-11-21 08:45:11+00,4d106730-1088-4892-9045-ffeebc4d23bc,-6.954875833,107.7003632,683.2,22,1653,90,23.92157,68.62745,,26.97607,37,116,29.58666,39,110,30.16679,31,114,23.78535,25,120
4000,2025-11-21 08:45:16+00,4d106730-1088-4892-9045-ffeebc4d23bc,-6.9546155,107.7002763,681.9,27,1346,91,21.56863,58.03922,,26.97607,37,116,29.58666,39,110,30.16679,31,114,23.78535,25,120
4001,2025-11-21 08:45:21+00,4d106730-1088-4892-9045-ffeebc4d23bc,-6.9543135,107.7001493,680.7,28,1203,91,20,42.35294,,26.97607,37,116,29.58666,39,110,30.16679,31,114,23.78535,25,120
4002,2025-11-21 08:45:26+00,4d106730-1088-4892-9045-ffeebc4d23bc,-6.953999,107.6999828,678.7,28,1256,91,20,43.92157,,26.97607,37,116,29.58666,39,110,30.16679,31,114,23.78535,25,120
4003,2025-11-21 08:45:31+00,4d106730-1088-4892-9045-ffeebc4d23bc,-6.953766,107.6997353,679.2,19,932,91,19.60784,46.66667,,26.97607,37,116,29.58666,39,110,30.16679,31,114,23.78535,25,120
4004,2025-11-21 08:45:36+00,4d106730-1088-4892-9045-ffeebc4d23bc,-6.953652,107.699484,678.2,6,826,91,20.39216,65.88235,,26.97607,37,116,29.58666,39,110,30.16679,31,114,23.78535,25,120
4005,2025-11-21 08:45:41+00,4d106730-1088-4892-9045-ffeebc4d23bc,-6.953618833,107.6993925,677.9,14,1863,91,23.92157,62.7451,,26.97607,37,116,29.58666,39,110,30.16679,31,114,23.78535,25,120
4006,2025-11-21 08:45:46+00,4d106730-1088-4892-9045-ffeebc4d23bc,-6.953565167,107.6992438,677.5,24,1710,91,23.13725,61.96078,,26.97607,37,116,29.58666,39,110,30.16679,31,114,23.78535,25,120
4007,2025-11-21 08:45:51+00,4d106730-1088-4892-9045-ffeebc4d23bc,-6.953472,107.6989817,676,29,1253,91,21.96078,64.31373,,26.97607,37,116,29.58666,39,110,30.16679,31,114,23.78535,25,120
4008,2025-11-21 08:45:56+00,4d106730-1088-4892-9045-ffeebc4d23bc,-6.953349167,107.6986443,676.2,29,918,91,19.60784,50.19608,,26.97607,37,116,29.58666,39,110,30.16679,31,114,23.78535,25,120
4009,2025-11-21 08:46:01+00,4d106730-1088-4892-9045-ffeebc4d23bc,-6.953214333,107.6983032,673.6,21,925,92,19.21569,54.5098,,26.97607,37,116,29.58666,39,110,30.16679,31,114,23.78535,25,120
4010,2025-11-21 08:46:06+00,4d106730-1088-4892-9045-ffeebc4d23bc,-6.953061333,107.6980662,674.1,9,957,93,20,51.76471,,26.97607,37,116,29.58666,39,110,30.16679,31,114,23.78535,25,120
4011,2025-11-21 08:46:11+00,4d106730-1088-4892-9045-ffeebc4d23bc,-6.952974167,107.697962,675.5,6,871,92,19.60784,48.23529,,26.97607,37,116,29.58666,39,110,30.16679,31,114,23.78535,25,120
4012,2025-11-21 08:46:16+00,4d106730-1088-4892-9045-ffeebc4d23bc,-6.952986833,107.6978927,676.5,8,1061,91,20.39216,49.41177,,26.97607,37,116,29.58666,39,110,30.02176,31,114,23.78535,25,120
4013,2025-11-21 08:46:21+00,4d106730-1088-4892-9045-ffeebc4d23bc,-6.953071333,107.697903,678,11,899,91,20,56.07843,,26.97607,37,116,29.58666,39,110,30.02176,31,114,23.78535,25,120
4014,2025-11-21 08:46:26+00,4d106730-1088-4892-9045-ffeebc4d23bc,-6.953152167,107.6980067,679.7,6,854,91,19.60784,50.19608,,26.97607,37,116,29.58666,39,110,30.02176,31,114,23.78535,25,120
4015,2025-11-21 08:46:31+00,4d106730-1088-4892-9045-ffeebc4d23bc,-6.953213167,107.6980678,679.3,3,778,92,19.60784,52.94118,,26.97607,37,116,29.58666,39,110,30.02176,31,114,23.78535,25,120
4016,2025-11-21 08:46:50+00,4d106730-1088-4892-9045-ffeebc4d23bc,-6.953232833,107.6981058,680.2,1,765,92,20,62.7451,,26.97607,37,116,29.58666,39,110,30.02176,31,114,23.78535,25,120
4017,2025-11-21 09:07:53+00,4d106730-1088-4892-9045-ffeebc4d23bc,-6.953277333,107.6980683,687.1,1,639,97,19.21569,54.11765,,26.97607,37,116,29.58666,39,110,30.02176,31,113,23.78535,25,120
4018,2025-11-21 09:07:58+00,4d106730-1088-4892-9045-ffeebc4d23bc,-6.953262667,107.698079,686.6,2,750,96,19.60784,52.15686,,26.97607,37,116,29.58666,39,110,30.02176,31,113,23.78535,25,120
4019,2025-11-21 09:08:03+00,4d106730-1088-4892-9045-ffeebc4d23bc,-6.953219,107.6980668,685.5,5,792,95,19.60784,48.23529,,26.97607,37,116,29.58666,39,110,30.02176,31,113,23.78535,25,120
4020,2025-11-21 09:08:08+00,4d106730-1088-4892-9045-ffeebc4d23bc,-6.953195667,107.6980178,684.5,5,778,95,19.21569,47.45098,,26.97607,37,116,29.58666,39,110,30.02176,31,113,23.78535,25,120
4021,2025-11-21 09:08:13+00,4d106730-1088-4892-9045-ffeebc4d23bc,-6.953178333,107.6979663,684.1,2,692,96,19.21569,48.23529,,26.97607,37,116,29.58666,39,110,30.02176,31,113,23.78535,25,120
4022,2025-11-21 09:08:18+00,4d106730-1088-4892-9045-ffeebc4d23bc,-6.953168,107.697951,683.8,1,669,97,19.21569,48.62745,,26.97607,37,116,29.58666,39,110,30.02176,31,113,23.78535,25,120
4023,2025-11-21 09:08:54+00,4d106730-1088-4892-9045-ffeebc4d23bc,-6.953153333,107.697945,682.7,1,675,101,19.60784,54.11765,,26.97607,37,116,29.58666,39,110,30.02176,31,113,23.78535,25,120
4024,2025-11-21 09:08:59+00,4d106730-1088-4892-9045-ffeebc4d23bc,-6.953148,107.6979343,682.9,4,689,100,19.21569,54.90196,,26.97607,37,116,29.58666,39,110,30.02176,31,113,23.78535,25,120
4025,2025-11-21 09:09:04+00,4d106730-1088-4892-9045-ffeebc4d23bc,-6.953115167,107.6978945,681.5,6,752,97,19.21569,51.76471,,26.97607,37,116,29.58666,39,110,30.02176,31,113,23.78535,25,120
4026,2025-11-21 09:09:09+00,4d106730-1088-4892-9045-ffeebc4d23bc,-6.953053167,107.6978725,682.4,4,707,96,19.21569,49.01961,,26.97607,37,116,29.58666,39,110,30.02176,31,113,23.78535,25,120
4027,2025-11-21 09:09:14+00,4d106730-1088-4892-9045-ffeebc4d23bc,-6.953000167,107.6978892,684.1,6,845,95,19.21569,44.70588,,26.97607,37,116,29.58666,39,110,30.02176,31,113,23.78535,25,120
4028,2025-11-21 09:09:19+00,4d106730-1088-4892-9045-ffeebc4d23bc,-6.952929,107.6978988,685,13,1158,95,19.21569,34.11765,,26.97607,37,116,29.58666,39,110,30.02176,31,113,23.78535,25,120
4029,2025-11-21 09:09:24+00,4d106730-1088-4892-9045-ffeebc4d23bc,-6.9527975,107.6978245,685.5,13,997,96,19.21569,35.68628,,26.97607,37,116,29.58666,39,110,30.02176,31,113,23.78535,25,120
4030,2025-11-21 09:09:29+00,4d106730-1088-4892-9045-ffeebc4d23bc,-6.952680667,107.6977137,684,19,1481,96,22.7451,63.92157,,26.97607,37,116,29.58666,39,110,30.02176,31,113,23.78535,25,120
4031,2025-11-21 09:09:34+00,4d106730-1088-4892-9045-ffeebc4d23bc,-6.952716,107.6975112,683.9,26,1372,97,22.35294,62.35294,,26.97607,37,116,29.58666,39,110,30.02176,31,113,23.78535,25,120
4032,2025-11-21 09:09:39+00,4d106730-1088-4892-9045-ffeebc4d23bc,-6.952834333,107.6972223,683.6,31,1307,97,21.17647,57.64706,,26.97607,37,116,29.58666,39,110,30.02176,31,113,23.78535,25,120
4033,2025-11-21 09:09:44+00,4d106730-1088-4892-9045-ffeebc4d23bc,-6.952981167,107.6968762,684,33,1135,97,20.39216,52.15686,,26.97607,37,116,29.58666,39,110,30.02176,31,113,23.78535,25,120
4034,2025-11-21 09:09:49+00,4d106730-1088-4892-9045-ffeebc4d23bc,-6.953137833,107.696498,684.2,33,976,97,19.21569,37.64706,,26.97607,37,116,29.58666,39,110,30.02176,31,113,23.78535,25,120
4035,2025-11-21 09:09:54+00,4d106730-1088-4892-9045-ffeebc4d23bc,-6.953296667,107.6961187,684,21,821,96,19.60784,43.13726,,26.97607,37,116,29.58666,39,110,30.02176,31,113,23.78535,25,120
4036,2025-11-21 09:09:59+00,4d106730-1088-4892-9045-ffeebc4d23bc,-6.953414667,107.6958368,684.5,5,732,96,19.21569,47.05882,,26.97607,37,116,29.58666,39,110,30.02176,31,113,23.78535,25,120
4037,2025-11-21 09:10:04+00,4d106730-1088-4892-9045-ffeebc4d23bc,-6.953446,107.6957508,684.3,4,714,96,19.21569,46.66667,,26.97607,37,116,29.58666,39,110,30.02176,31,113,23.78535,25,120
4038,2025-11-21 09:10:09+00,4d106730-1088-4892-9045-ffeebc4d23bc,-6.953455333,107.695699,685.4,8,1329,98,22.35294,65.4902,,26.97607,37,116,29.58666,39,110,30.02176,31,113,23.78535,25,120
4039,2025-11-21 09:10:14+00,4d106730-1088-4892-9045-ffeebc4d23bc,-6.9534425,107.6956302,685.8,14,1894,98,25.09804,69.80392,,26.97607,37,116,29.58666,39,110,30.02176,31,113,23.78535,25,120
4040,2025-11-21 09:10:19+00,4d106730-1088-4892-9045-ffeebc4d23bc,-6.953331,107.6955283,686.1,27,1603,98,25.09804,78.03922,,26.97607,37,116,29.58666,39,110,30.02176,31,113,23.78535,25,120
4041,2025-11-21 09:10:24+00,4d106730-1088-4892-9045-ffeebc4d23bc,-6.9530445,107.6954188,687.8,23,1002,99,19.21569,35.68628,,26.97607,37,116,29.58666,39,110,30.02176,31,113,23.78535,25,120
4042,2025-11-21 09:10:29+00,4d106730-1088-4892-9045-ffeebc4d23bc,-6.952746833,107.6952977,689.5,28,1161,98,19.21569,41.17647,,26.97607,37,116,29.58666,39,110,30.02176,31,113,23.78535,25,120
4043,2025-11-21 09:10:34+00,4d106730-1088-4892-9045-ffeebc4d23bc,-6.952437167,107.6951668,690.4,26,1059,98,19.21569,34.11765,,26.97607,37,116,29.58666,39,110,30.02176,31,113,23.78535,25,120
4044,2025-11-21 09:10:39+00,4d106730-1088-4892-9045-ffeebc4d23bc,-6.952155667,107.6950055,691,27,1242,98,20,47.05882,,26.97607,37,116,29.58666,39,110,30.02176,31,113,23.78535,25,120
4045,2025-11-21 09:10:44+00,4d106730-1088-4892-9045-ffeebc4d23bc,-6.9518735,107.6948303,689.3,30,1285,98,21.56863,61.56863,,26.97607,37,116,29.58666,39,110,30.02176,31,113,23.78535,25,120
4046,2025-11-21 09:10:49+00,4d106730-1088-4892-9045-ffeebc4d23bc,-6.951577167,107.6945863,689.1,34,1147,98,20,51.76471,,26.97607,37,116,29.58666,39,110,30.02176,31,113,23.78535,25,120
4047,2025-11-21 09:10:54+00,4d106730-1088-4892-9045-ffeebc4d23bc,-6.951292833,107.6942775,687.7,32,1333,98,24.70588,75.68627,,26.97607,37,116,29.58666,39,110,30.02176,31,113,23.78535,25,120
4048,2025-11-21 09:10:59+00,4d106730-1088-4892-9045-ffeebc4d23bc,-6.951015167,107.6939632,685.8,31,932,97,19.21569,38.82353,,26.97607,37,116,29.58666,39,110,30.02176,31,113,23.78535,25,120
4049,2025-11-21 09:11:04+00,4d106730-1088-4892-9045-ffeebc4d23bc,-6.950691333,107.6937165,685,25,800,97,19.21569,41.56863,,26.97607,37,116,29.58666,39,110,30.02176,31,113,23.78535,25,120
4050,2025-11-21 09:11:09+00,4d106730-1088-4892-9045-ffeebc4d23bc,-6.950374667,107.6935905,685.6,28,1515,96,23.92157,75.29412,,26.97607,37,116,29.58666,39,110,30.02176,31,113,23.78535,25,120
4051,2025-11-21 09:11:14+00,4d106730-1088-4892-9045-ffeebc4d23bc,-6.9500395,107.6935385,686.4,31,1140,96,23.13725,66.27451,,26.97607,37,116,29.58666,39,110,30.02176,31,113,23.78535,25,120
4052,2025-11-21 09:11:19+00,4d106730-1088-4892-9045-ffeebc4d23bc,-6.949651833,107.6935753,687.3,33,1347,96,19.60784,60.39216,,26.97607,37,116,29.58666,39,110,30.02176,31,113,23.78535,25,120
4053,2025-11-21 09:11:24+00,4d106730-1088-4892-9045-ffeebc4d23bc,-6.949239833,107.6936135,686.8,33,977,96,19.21569,37.64706,,26.97607,37,116,29.58666,39,110,30.02176,31,113,23.78535,25,120
4054,2025-11-21 09:11:29+00,4d106730-1088-4892-9045-ffeebc4d23bc,-6.948827667,107.6936375,685.3,37,1646,96,26.27451,81.96078,,26.97607,37,116,29.58666,39,110,30.02176,31,113,23.78535,25,120
4055,2025-11-21 09:11:34+00,4d106730-1088-4892-9045-ffeebc4d23bc,-6.948388833,107.6936335,684.1,43,1265,95,21.17647,63.92157,,26.97607,37,116,29.58666,39,110,30.02176,31,113,23.78535,25,120
4056,2025-11-21 09:11:39+00,4d106730-1088-4892-9045-ffeebc4d23bc,-6.947869,107.6935477,683.7,37,1067,95,19.21569,34.11765,,26.97607,37,116,29.58666,39,110,30.02176,31,113,23.78535,25,120
4057,2025-11-21 09:11:44+00,4d106730-1088-4892-9045-ffeebc4d23bc,-6.947372,107.6935617,682.1,29,887,94,19.21569,39.21569,,26.97607,37,116,29.58666,39,110,30.02176,31,113,23.78535,25,120
4058,2025-11-21 09:11:49+00,4d106730-1088-4892-9045-ffeebc4d23bc,-6.946978,107.6936373,681.1,16,783,94,19.21569,44.70588,,26.97607,37,116,29.58666,39,110,30.02176,31,113,23.78535,25,120
4059,2025-11-21 09:11:54+00,4d106730-1088-4892-9045-ffeebc4d23bc,-6.946716167,107.693691,678.7,12,1671,94,25.09804,75.68627,,26.97607,37,116,29.58666,39,110,30.02176,31,113,23.78535,25,120
4060,2025-11-21 09:11:59+00,4d106730-1088-4892-9045-ffeebc4d23bc,-6.946589667,107.6937158,678.8,25,1656,94,27.84314,86.66666,,26.97607,37,116,29.58666,39,110,30.02176,31,113,23.78535,25,120
4061,2025-11-21 09:12:04+00,4d106730-1088-4892-9045-ffeebc4d23bc,-6.9463175,107.6937977,677.4,37,1557,95,29.80392,89.01961,,26.97607,37,116,29.58666,39,110,30.02176,31,113,23.78535,25,120
4062,2025-11-21 09:12:09+00,4d106730-1088-4892-9045-ffeebc4d23bc,-6.945894167,107.6938877,679.4,42,1171,95,19.21569,40.39216,,26.97607,37,116,29.58666,39,110,30.02176,31,113,23.78535,25,120
4063,2025-11-21 09:12:14+00,4d106730-1088-4892-9045-ffeebc4d23bc,-6.9453845,107.6939572,678.2,24,739,95,19.21569,43.92157,,26.97607,37,116,29.58666,39,110,30.02176,31,113,23.78535,25,120
4064,2025-11-21 09:12:19+00,4d106730-1088-4892-9045-ffeebc4d23bc,-6.9450035,107.6939243,677.1,9,714,95,19.21569,50.98039,,26.97607,37,116,29.58666,39,110,30.02176,31,113,23.78535,25,120
4065,2025-11-21 09:12:24+00,4d106730-1088-4892-9045-ffeebc4d23bc,-6.944848167,107.6938987,676,2,627,94,19.21569,52.94118,,26.97607,37,116,29.58666,39,110,30.02176,31,113,23.78535,25,120
4066,2025-11-21 09:12:33+00,4d106730-1088-4892-9045-ffeebc4d23bc,-6.944803167,107.6938875,678,1,696,95,19.60784,55.29412,,26.97607,37,116,29.58666,39,110,30.02176,31,113,23.78535,25,120
4067,2025-11-21 09:12:38+00,4d106730-1088-4892-9045-ffeebc4d23bc,-6.944847667,107.693899,679,5,695,95,19.21569,53.33333,,26.97607,37,116,29.58666,39,110,30.02176,31,113,23.78535,25,120
4068,2025-11-21 09:12:43+00,4d106730-1088-4892-9045-ffeebc4d23bc,-6.944899833,107.693907,680,1,680,96,19.21569,52.54902,,26.97607,37,116,29.58666,39,110,30.02176,31,113,23.78535,25,120
4069,2025-11-21 09:12:49+00,4d106730-1088-4892-9045-ffeebc4d23bc,-6.944892667,107.6939107,681.1,3,726,96,19.21569,53.33333,,26.97607,37,116,29.58666,39,110,30.02176,31,113,23.78535,25,120
4070,2025-11-21 09:12:54+00,4d106730-1088-4892-9045-ffeebc4d23bc,-6.9448775,107.693919,680.7,1,662,97,19.21569,52.15686,,26.97607,37,116,29.58666,39,110,30.02176,31,113,23.78535,25,120
4071,2025-11-21 09:12:59+00,4d106730-1088-4892-9045-ffeebc4d23bc,-6.944923,107.693956,679.4,11,1476,97,21.96078,59.21569,,26.97607,37,116,29.58666,39,110,30.02176,31,113,23.78535,25,120
4072,2025-11-21 09:13:04+00,4d106730-1088-4892-9045-ffeebc4d23bc,-6.9451485,107.6939957,680,25,1960,98,26.66667,80.78432,,26.97607,37,116,29.58666,39,110,30.02176,31,113,23.78535,25,120
4073,2025-11-21 09:13:09+00,4d106730-1088-4892-9045-ffeebc4d23bc,-6.945528167,107.694005,679.7,32,1071,99,20,47.84314,,26.97607,37,116,29.58666,39,110,30.02176,31,113,23.78535,25,120
4074,2025-11-21 09:13:14+00,4d106730-1088-4892-9045-ffeebc4d23bc,-6.945925667,107.6939397,679.5,32,1021,99,18.82353,42.35294,,26.97607,37,116,29.58666,39,110,30.02176,31,113,23.78535,25,120
4075,2025-11-21 09:13:19+00,4d106730-1088-4892-9045-ffeebc4d23bc,-6.946245167,107.6938767,680.2,14,753,98,19.21569,45.4902,,26.97607,37,116,29.58666,39,110,30.02176,31,113,23.78535,25,120
4076,2025-11-21 09:13:24+00,4d106730-1088-4892-9045-ffeebc4d23bc,-6.946321333,107.6938645,680.2,5,1085,98,22.7451,66.27451,,26.97607,37,116,29.58666,39,110,30.02176,31,113,23.78535,25,120
4077,2025-11-21 09:13:29+00,4d106730-1088-4892-9045-ffeebc4d23bc,-6.946490333,107.6938325,681.2,20,1589,98,23.92157,71.37255,,26.97607,37,116,29.58666,39,110,30.02176,31,113,23.78535,25,120
4078,2025-11-21 09:13:34+00,4d106730-1088-4892-9045-ffeebc4d23bc,-6.946809333,107.6937668,681.4,30,1289,99,24.70588,80.39216,,26.97607,37,116,29.58666,39,110,30.02176,31,113,23.78535,25,120
4079,2025-11-21 09:13:39+00,4d106730-1088-4892-9045-ffeebc4d23bc,-6.947245833,107.6936803,681.4,39,1688,99,25.09804,78.03922,,26.97607,37,116,29.58666,39,110,30.02176,31,113,23.78535,25,120
4080,2025-11-21 09:13:44+00,4d106730-1088-4892-9045-ffeebc4d23bc,-6.947759333,107.693642,681.2,41,1203,100,20.39216,49.41177,,26.97607,37,116,29.58666,39,110,30.02176,31,113,23.78535,25,120
4081,2025-11-21 09:13:49+00,4d106730-1088-4892-9045-ffeebc4d23bc,-6.948265833,107.6937202,681.1,41,1169,98,19.21569,34.5098,,26.97607,37,116,29.58666,39,110,30.02176,31,113,23.78535,25,120
4082,2025-11-21 09:13:54+00,4d106730-1088-4892-9045-ffeebc4d23bc,-6.948753167,107.693732,682.1,36,1099,98,18.82353,37.64706,,26.97607,37,116,29.58666,39,110,30.02176,31,113,23.78535,25,120
4083,2025-11-21 09:13:59+00,4d106730-1088-4892-9045-ffeebc4d23bc,-6.949179,107.6936842,683.5,32,1069,97,20,45.88235,,26.97607,37,116,29.58666,39,110,30.02176,31,113,23.78535,25,120
4084,2025-11-21 09:14:04+00,4d106730-1088-4892-9045-ffeebc4d23bc,-6.949581667,107.6936548,685.4,33,995,96,19.60784,40.78431,,26.97607,37,116,29.58666,39,110,30.02176,31,113,23.78535,25,120
4085,2025-11-21 09:14:09+00,4d106730-1088-4892-9045-ffeebc4d23bc,-6.950010667,107.6936477,684,35,1122,96,19.21569,40.39216,,26.97607,37,116,29.58666,39,110,30.02176,31,113,23.78535,25,120
4086,2025-11-21 09:14:14+00,4d106730-1088-4892-9045-ffeebc4d23bc,-6.9504575,107.6937248,684.5,37,1223,95,20,47.05882,,26.97607,37,116,29.58666,39,110,30.02176,31,113,23.78535,25,120
4087,2025-11-21 09:14:19+00,4d106730-1088-4892-9045-ffeebc4d23bc,-6.950865167,107.6939772,684.7,39,1117,95,19.21569,34.90196,,26.97607,37,116,29.58666,39,110,30.02176,31,113,23.78535,25,120
4088,2025-11-21 09:14:24+00,4d106730-1088-4892-9045-ffeebc4d23bc,-6.951194833,107.6943412,682,38,1264,94,21.17647,56.07843,,26.97607,37,116,29.58666,39,110,29.73169,30,114,23.78535,25,120
4089,2025-11-21 09:14:29+00,4d106730-1088-4892-9045-ffeebc4d23bc,-6.951539,107.6947022,681.6,40,1360,93,21.56863,60,,26.97607,37,116,29.58666,39,110,29.73169,30,114,23.78535,25,120
4090,2025-11-21 09:14:34+00,4d106730-1088-4892-9045-ffeebc4d23bc,-6.951954833,107.6950022,681.3,41,1203,93,20.39216,53.72549,,26.97607,37,116,29.58666,39,110,29.73169,30,114,23.78535,25,120
4091,2025-11-21 09:14:39+00,4d106730-1088-4892-9045-ffeebc4d23bc,-6.952398667,107.695224,681.5,38,910,93,20.39216,37.64706,,26.97607,37,116,29.58666,39,110,29.73169,30,114,23.78535,25,120
4092,2025-11-21 09:14:44+00,4d106730-1088-4892-9045-ffeebc4d23bc,-6.952828333,107.6953985,680.9,35,893,92,19.21569,39.21569,,26.97607,37,116,29.58666,39,110,29.73169,30,114,23.78535,25,120
4093,2025-11-21 09:14:49+00,4d106730-1088-4892-9045-ffeebc4d23bc,-6.953146167,107.6955317,680.1,17,743,92,19.21569,48.23529,,26.97607,37,116,29.58666,39,110,29.73169,30,114,23.78535,25,120
4094,2025-11-21 09:14:54+00,4d106730-1088-4892-9045-ffeebc4d23bc,-6.9532345,107.6955705,679.7,5,867,92,24.31373,74.90196,,26.97607,37,116,29.58666,39,110,29.73169,30,114,23.78535,25,120
4095,2025-11-21 09:14:59+00,4d106730-1088-4892-9045-ffeebc4d23bc,-6.953353833,107.6957018,679.4,20,1385,91,20,47.84314,,26.97607,37,116,29.58666,39,110,29.73169,30,114,23.78535,25,120
4096,2025-11-21 09:15:04+00,4d106730-1088-4892-9045-ffeebc4d23bc,-6.953328667,107.6959403,676.3,24,1857,92,26.27451,79.60784,,26.97607,37,116,29.58666,39,110,29.73169,30,114,23.78535,25,120
4097,2025-11-21 09:15:09+00,4d106730-1088-4892-9045-ffeebc4d23bc,-6.953187,107.6962902,674.4,34,1443,93,25.09804,79.21568,,26.97607,37,116,29.58666,39,110,29.73169,30,114,23.78535,25,120
4098,2025-11-21 09:15:14+00,4d106730-1088-4892-9045-ffeebc4d23bc,-6.953002,107.6967217,673.6,39,1439,93,22.7451,67.45098,,26.97607,37,116,29.58666,39,110,29.73169,30,114,23.78535,25,120
4099,2025-11-21 09:15:19+00,4d106730-1088-4892-9045-ffeebc4d23bc,-6.952798167,107.697164,674,37,990,93,19.21569,37.64706,,26.97607,37,116,29.58666,39,110,29.73169,30,114,23.78535,25,120
4100,2025-11-21 09:15:24+00,4d106730-1088-4892-9045-ffeebc4d23bc,-6.952656333,107.6974737,674.5,16,730,93,19.21569,49.01961,,26.97607,37,116,29.58666,39,110,29.73169,30,114,23.78535,25,120
4101,2025-11-21 09:15:29+00,4d106730-1088-4892-9045-ffeebc4d23bc,-6.9526135,107.6975578,675.7,8,1317,93,22.35294,65.4902,,26.97607,37,116,29.58666,39,110,29.73169,30,114,23.78535,25,120
4102,2025-11-21 09:15:34+00,4d106730-1088-4892-9045-ffeebc4d23bc,-6.952579167,107.6977085,676.2,17,1379,92,22.7451,66.27451,,26.97607,37,116,29.58666,39,110,29.73169,30,114,23.78535,25,120
4103,2025-11-21 09:15:39+00,4d106730-1088-4892-9045-ffeebc4d23bc,-6.952778,107.6978793,675.5,25,1542,93,25.09804,76.86275,,26.97607,37,116,29.58666,39,110,29.73169,30,114,23.78535,25,120
4104,2025-11-21 09:15:44+00,4d106730-1088-4892-9045-ffeebc4d23bc,-6.953054,107.6981382,675.6,34,1438,93,23.92157,72.94118,,26.97607,37,116,29.58666,39,110,29.73169,30,114,23.78535,25,120
4105,2025-11-21 09:15:49+00,4d106730-1088-4892-9045-ffeebc4d23bc,-6.953245833,107.6985258,676.7,31,857,93,19.21569,43.52941,,26.97607,37,116,29.58666,39,110,29.73169,30,114,23.78535,25,120
4106,2025-11-21 09:15:54+00,4d106730-1088-4892-9045-ffeebc4d23bc,-6.9533365,107.6987832,677.5,8,691,93,19.21569,50.19608,,26.97607,37,116,29.58666,39,110,29.73169,30,114,23.78535,25,120
4107,2025-11-21 09:15:59+00,4d106730-1088-4892-9045-ffeebc4d23bc,-6.953388667,107.6989187,678.1,19,1602,92,24.70588,74.11765,,26.97607,37,116,29.58666,39,110,29.73169,30,114,23.78535,25,120
4108,2025-11-21 09:16:04+00,4d106730-1088-4892-9045-ffeebc4d23bc,-6.953487333,107.6992102,679,29,1263,93,21.96078,72.94118,,26.97607,37,116,29.58666,39,110,29.73169,30,114,23.78535,25,120
4109,2025-11-21 09:16:09+00,4d106730-1088-4892-9045-ffeebc4d23bc,-6.953593333,107.6994973,678.9,16,735,93,19.21569,44.70588,,26.97607,37,116,29.58666,39,110,29.73169,30,114,23.78535,25,120
4110,2025-11-21 09:16:14+00,4d106730-1088-4892-9045-ffeebc4d23bc,-6.9536735,107.699693,679.9,19,1434,94,24.31373,74.90196,,26.97607,37,116,29.58666,39,110,29.73169,30,114,23.78535,25,120
4111,2025-11-21 09:16:19+00,4d106730-1088-4892-9045-ffeebc4d23bc,-6.953867167,107.6999373,678.5,29,1353,93,23.52941,73.72549,,26.97607,37,116,29.58666,39,110,29.73169,30,114,23.78535,25,120
4112,2025-11-21 09:16:34+00,4d106730-1088-4892-9045-ffeebc4d23bc,-6.954851167,107.7005307,676.1,23,853,93,19.21569,43.52941,,26.97607,37,116,29.58666,39,110,29.73169,30,114,23.78535,25,120
4113,2025-11-21 09:16:29+00,4d106730-1088-4892-9045-ffeebc4d23bc,-6.954560167,107.700356,676.7,31,867,93,19.21569,39.60784,,26.97607,37,116,29.58666,39,110,29.73169,30,114,23.78535,25,120
4114,2025-11-21 09:16:24+00,4d106730-1088-4892-9045-ffeebc4d23bc,-6.954191667,107.7001572,677.3,32,1242,94,21.56863,62.35294,,26.97607,37,116,29.58666,39,110,29.73169,30,114,23.78535,25,120
4115,2025-11-21 09:16:39+00,4d106730-1088-4892-9045-ffeebc4d23bc,-6.955009667,107.7007712,675.1,22,876,93,19.21569,40.78431,,26.97607,37,116,29.58666,39,110,29.73169,30,114,23.78535,25,120
4116,2025-11-21 09:16:44+00,4d106730-1088-4892-9045-ffeebc4d23bc,-6.955012167,107.7010077,672.7,17,783,92,19.21569,42.35294,,26.97607,37,116,29.58666,39,110,29.73169,30,114,23.78535,25,120
4117,2025-11-21 09:16:49+00,4d106730-1088-4892-9045-ffeebc4d23bc,-6.954944333,107.7011865,672.1,15,1152,92,23.52941,69.80392,,26.97607,37,116,29.58666,39,110,29.73169,30,114,23.78535,25,120
4118,2025-11-21 09:16:54+00,4d106730-1088-4892-9045-ffeebc4d23bc,-6.954854,107.7014098,671.5,23,1325,91,20.39216,60.78431,,26.97607,37,116,29.58666,39,110,29.73169,30,114,23.78535,25,120
4119,2025-11-21 09:16:59+00,4d106730-1088-4892-9045-ffeebc4d23bc,-6.954737833,107.7016692,672,19,814,91,18.82353,40,,26.97607,37,116,29.58666,39,110,29.73169,30,114,23.78535,25,120
4120,2025-11-21 09:17:04+00,4d106730-1088-4892-9045-ffeebc4d23bc,-6.9546975,107.7018615,674.2,12,664,92,19.21569,49.41177,,26.97607,37,116,29.58666,39,110,29.73169,30,114,23.78535,25,120
4121,2025-11-21 09:17:09+00,4d106730-1088-4892-9045-ffeebc4d23bc,-6.954750667,107.7019825,675.6,9,732,91,19.21569,49.01961,,26.97607,37,116,29.58666,39,110,29.73169,30,114,23.78535,25,120
4122,2025-11-21 09:17:14+00,4d106730-1088-4892-9045-ffeebc4d23bc,-6.954806833,107.7020505,676.6,6,796,91,19.21569,45.88235,,26.97607,37,116,29.58666,39,110,29.73169,30,114,23.78535,25,120
4123,2025-11-21 09:17:19+00,4d106730-1088-4892-9045-ffeebc4d23bc,-6.954839,107.7020075,677.5,7,814,91,19.21569,44.70588,,26.97607,37,116,29.58666,39,110,29.73169,30,114,23.78535,25,120
4124,2025-11-21 09:17:24+00,4d106730-1088-4892-9045-ffeebc4d23bc,-6.954765167,107.701952,676.7,11,1477,92,21.96078,58.03922,,26.97607,37,116,29.58666,39,110,29.73169,30,114,23.78535,25,120
4125,2025-11-21 09:17:29+00,4d106730-1088-4892-9045-ffeebc4d23bc,-6.9547435,107.7017845,679.5,18,1477,93,23.52941,67.05882,,26.97607,37,116,29.58666,39,110,29.73169,30,114,23.78535,25,120
4126,2025-11-21 09:17:34+00,4d106730-1088-4892-9045-ffeebc4d23bc,-6.954858667,107.7015235,680.4,26,1388,93,22.35294,63.92157,,26.97607,37,116,29.58666,39,110,29.73169,30,114,23.78535,25,120
4127,2025-11-21 09:17:39+00,4d106730-1088-4892-9045-ffeebc4d23bc,-6.954998333,107.7012118,681,25,1002,94,19.21569,36.47059,,26.97607,37,116,29.58666,39,110,29.73169,30,114,23.78535,25,120
4128,2025-11-21 09:17:44+00,4d106730-1088-4892-9045-ffeebc4d23bc,-6.9551335,107.7009818,681,18,783,94,18.82353,40.78431,,26.97607,37,116,29.58666,39,110,29.73169,30,114,23.78535,25,120
4129,2025-11-21 09:17:49+00,4d106730-1088-4892-9045-ffeebc4d23bc,-6.955330167,107.7008373,681.3,23,1442,93,23.13725,70.19608,,26.97607,37,116,29.58666,39,110,29.73169,30,114,23.78535,25,120
4130,2025-11-21 09:17:54+00,4d106730-1088-4892-9045-ffeebc4d23bc,-6.9556565,107.7008557,681,29,1287,93,24.31373,78.03922,,26.97607,37,116,29.58666,39,110,29.73169,30,114,23.78535,25,120
4131,2025-11-21 09:17:59+00,4d106730-1088-4892-9045-ffeebc4d23bc,-6.956041,107.7010175,681.6,38,1620,94,26.66667,82.74509,,26.97607,37,116,29.58666,39,110,29.73169,30,114,23.78535,25,120
4132,2025-11-21 09:18:04+00,4d106730-1088-4892-9045-ffeebc4d23bc,-6.956521333,107.7012283,680.2,44,1341,94,18.82353,45.88235,,26.97607,37,116,29.58666,39,110,29.73169,30,114,23.78535,25,120
4133,2025-11-21 09:18:09+00,4d106730-1088-4892-9045-ffeebc4d23bc,-6.956959,107.7014178,679.1,25,762,94,19.21569,42.35294,,26.97607,37,116,29.58666,39,110,29.73169,30,114,23.78535,25,120
4134,2025-11-21 09:18:14+00,4d106730-1088-4892-9045-ffeebc4d23bc,-6.957131333,107.7014937,678,13,1476,94,26.27451,83.13725,,26.97607,37,116,29.58666,39,110,29.73169,30,114,23.78535,25,120
4135,2025-11-21 09:18:19+00,4d106730-1088-4892-9045-ffeebc4d23bc,-6.957364333,107.7015998,678.4,27,1735,93,29.41176,90.19608,,26.97607,37,116,29.58666,39,110,29.73169,30,114,23.78535,25,120
4136,2025-11-21 09:18:24+00,4d106730-1088-4892-9045-ffeebc4d23bc,-6.957742167,107.701758,680.4,37,1831,93,32.15686,92.54902,,26.97607,37,116,29.58666,39,110,29.73169,30,114,23.78535,25,120
4137,2025-11-21 09:18:29+00,4d106730-1088-4892-9045-ffeebc4d23bc,-6.958207667,107.7019637,682.7,44,1761,93,20,46.27451,,26.97607,37,116,29.58666,39,110,29.73169,30,114,23.78535,25,120
4138,2025-11-21 09:18:34+00,4d106730-1088-4892-9045-ffeebc4d23bc,-6.958672833,107.7021647,682.9,31,953,94,19.60784,44.31372,,26.97607,37,116,29.58666,39,110,29.73169,30,114,23.78535,25,120
4139,2025-11-21 09:18:39+00,4d106730-1088-4892-9045-ffeebc4d23bc,-6.958935667,107.7022797,681.3,13,785,93,19.60784,50.98039,,26.97607,37,116,29.58666,39,110,29.73169,30,114,23.78535,25,120
4140,2025-11-21 09:18:44+00,4d106730-1088-4892-9045-ffeebc4d23bc,-6.959032,107.702324,681.6,10,1442,93,23.92157,71.37255,,26.97607,37,116,29.58666,39,110,29.73169,30,114,23.78535,25,120
4141,2025-11-21 09:18:49+00,4d106730-1088-4892-9045-ffeebc4d23bc,-6.9592045,107.7023975,684.7,22,1612,93,23.52941,69.41177,,26.97607,37,116,29.58666,39,110,29.73169,30,114,23.78535,25,120
4142,2025-11-21 09:18:54+00,4d106730-1088-4892-9045-ffeebc4d23bc,-6.959487667,107.7024703,684.7,25,1075,93,20,48.23529,,26.97607,37,116,29.58666,39,110,29.73169,30,114,23.78535,25,120
4143,2025-11-21 09:18:59+00,4d106730-1088-4892-9045-ffeebc4d23bc,-6.959797167,107.7025272,684.2,23,1014,93,19.60784,41.96078,,26.97607,37,116,29.58666,39,110,29.73169,30,114,23.78535,25,120
4144,2025-11-21 09:19:04+00,4d106730-1088-4892-9045-ffeebc4d23bc,-6.960079833,107.7026187,683.7,24,1354,92,21.96078,63.52941,,26.97607,37,116,29.58666,39,110,29.73169,30,114,23.78535,25,120
4145,2025-11-21 09:19:09+00,4d106730-1088-4892-9045-ffeebc4d23bc,-6.960375,107.7027148,683.4,22,938,93,18.82353,49.01961,,26.97607,37,116,29.58666,39,110,29.73169,30,114,23.78535,25,120
4146,2025-11-21 09:19:14+00,4d106730-1088-4892-9045-ffeebc4d23bc,-6.9606405,107.702803,683.4,21,960,92,19.60784,45.4902,,26.97607,37,116,29.58666,39,110,29.73169,30,114,23.78535,25,120
4147,2025-11-21 09:19:19+00,4d106730-1088-4892-9045-ffeebc4d23bc,-6.960830333,107.7028743,682.7,10,753,91,19.60784,52.94118,,26.97607,37,116,29.58666,39,110,29.73169,30,114,23.78535,25,120
4148,2025-11-21 09:19:24+00,4d106730-1088-4892-9045-ffeebc4d23bc,-6.960946,107.7029273,682.2,10,1099,91,22.35294,67.05882,,26.97607,37,116,29.58666,39,110,29.73169,30,114,23.78535,25,120
4149,2025-11-21 09:19:29+00,4d106730-1088-4892-9045-ffeebc4d23bc,-6.961096833,107.702999,682.4,17,1546,92,24.31373,72.15686,,26.97607,37,116,29.58666,39,110,29.73169,30,114,23.78535,25,120
4150,2025-11-21 09:19:34+00,4d106730-1088-4892-9045-ffeebc4d23bc,-6.961338333,107.7031405,682.2,27,1477,91,23.13725,68.62745,,26.97607,37,116,29.58666,39,110,29.73169,30,114,23.78535,25,120
4151,2025-11-21 09:19:39+00,4d106730-1088-4892-9045-ffeebc4d23bc,-6.961591333,107.7033913,681.1,25,1098,92,19.60784,39.60784,,26.97607,37,116,29.58666,39,110,29.73169,30,114,23.78535,25,120
4152,2025-11-21 09:19:44+00,4d106730-1088-4892-9045-ffeebc4d23bc,-6.961779167,107.7036348,680.8,23,950,92,20,55.68628,,26.97607,37,116,29.58666,39,110,29.73169,30,114,23.78535,25,120
4153,2025-11-21 09:19:49+00,4d106730-1088-4892-9045-ffeebc4d23bc,-6.961879333,107.7038608,681,16,813,93,19.60784,51.37255,,26.97607,37,116,29.58666,39,110,29.73169,30,114,23.78535,25,120
4154,2025-11-21 09:19:54+00,4d106730-1088-4892-9045-ffeebc4d23bc,-6.9619025,107.7040247,680.2,9,889,92,19.60784,52.15686,,26.97607,37,116,29.58666,39,110,29.73169,30,114,23.78535,25,120
4155,2025-11-21 09:19:59+00,4d106730-1088-4892-9045-ffeebc4d23bc,-6.961907667,107.7041138,679.3,7,889,91,19.60784,48.23529,,26.97607,37,116,29.58666,39,110,29.73169,30,114,23.78535,25,120
4156,2025-11-21 09:20:04+00,4d106730-1088-4892-9045-ffeebc4d23bc,-6.961909333,107.704191,679.5,5,765,91,20.39216,67.45098,,26.97607,37,116,29.58666,39,110,29.73169,30,114,23.78535,25,120
4157,2025-11-21 09:20:09+00,4d106730-1088-4892-9045-ffeebc4d23bc,-6.9619075,107.7042498,679,5,764,93,19.60784,56.86274,,26.97607,37,116,29.58666,39,110,29.73169,30,114,23.78535,25,120
4158,2025-11-21 09:20:14+00,4d106730-1088-4892-9045-ffeebc4d23bc,-6.961949667,107.7042572,680,1,757,92,19.60784,56.07843,,26.97607,37,116,29.58666,39,110,29.73169,30,114,23.78535,25,120
4159,2025-11-21 09:20:25+00,4d106730-1088-4892-9045-ffeebc4d23bc,-6.961949833,107.7042715,681.1,6,1120,93,20.78431,59.21569,,26.97607,37,116,29.58666,39,110,29.73169,30,114,23.78535,25,120
4160,2025-11-21 09:20:30+00,4d106730-1088-4892-9045-ffeebc4d23bc,-6.961964667,107.7042157,681,17,1516,91,24.70588,75.68627,,26.97607,37,116,29.58666,39,110,29.73169,30,114,23.78535,25,120
4161,2025-11-21 09:20:35+00,4d106730-1088-4892-9045-ffeebc4d23bc,-6.961958333,107.7040298,678.9,24,1046,92,19.60784,47.05882,,26.97607,37,116,29.58666,39,110,29.73169,30,114,23.78535,25,120
4162,2025-11-21 09:20:40+00,4d106730-1088-4892-9045-ffeebc4d23bc,-6.961890167,107.7037318,677.8,25,1370,93,24.31373,76.47059,,26.97607,37,116,29.58666,39,110,29.73169,30,114,23.78535,25,120
4163,2025-11-21 09:20:45+00,4d106730-1088-4892-9045-ffeebc4d23bc,-6.961727333,107.7034622,677.2,28,1205,92,20,43.52941,,26.97607,37,116,29.58666,39,110,29.73169,30,114,23.78535,25,120
4164,2025-11-21 09:20:50+00,4d106730-1088-4892-9045-ffeebc4d23bc,-6.961494833,107.7031963,678.7,16,821,92,19.60784,50.58823,,26.97607,37,116,29.58666,39,110,29.73169,30,114,23.78535,25,120
4165,2025-11-21 09:20:55+00,4d106730-1088-4892-9045-ffeebc4d23bc,-6.9613105,107.7030473,679.5,10,1403,92,21.96078,60,,26.97607,37,116,29.58666,39,110,29.73169,30,114,23.78535,25,120
4166,2025-11-21 09:21:00+00,4d106730-1088-4892-9045-ffeebc4d23bc,-6.961224167,107.7029778,680.8,16,1239,93,23.13725,72.54902,,26.97607,37,116,29.58666,39,110,29.73169,30,114,23.78535,25,120
4167,2025-11-21 09:21:05+00,4d106730-1088-4892-9045-ffeebc4d23bc,-6.961235167,107.7028118,684,23,1750,93,23.13725,62.35294,,26.97607,37,116,29.58666,39,110,29.73169,30,114,23.78535,25,120
4168,2025-11-21 09:21:10+00,4d106730-1088-4892-9045-ffeebc4d23bc,-6.961379333,107.7025742,683.9,24,1052,93,19.60784,43.13726,,26.97607,37,116,29.58666,39,110,29.73169,30,114,23.78535,25,120
4169,2025-11-21 09:21:15+00,4d106730-1088-4892-9045-ffeebc4d23bc,-6.961599167,107.7023693,683.4,22,1000,93,19.60784,41.96078,,26.97607,37,116,29.58666,39,110,29.73169,30,114,23.78535,25,120
4170,2025-11-21 09:21:20+00,4d106730-1088-4892-9045-ffeebc4d23bc,-6.961873833,107.70231,681.4,20,882,92,20,55.68628,,26.97607,37,116,29.58666,39,110,29.73169,30,114,23.78535,25,120
4171,2025-11-21 09:21:25+00,4d106730-1088-4892-9045-ffeebc4d23bc,-6.962130167,107.702302,678.4,7,871,93,19.60784,50.98039,,26.97607,37,116,29.58666,39,110,29.73169,30,114,23.78535,25,120
4172,2025-11-21 09:21:39+00,4d106730-1088-4892-9045-ffeebc4d23bc,-6.962249667,107.702273,678.9,1,712,91,20,61.56863,,26.97607,37,116,29.58666,39,110,29.73169,30,114,23.78535,25,120
4173,2025-11-21 09:21:44+00,4d106730-1088-4892-9045-ffeebc4d23bc,-6.962247667,107.7022705,677.6,1,735,92,20.78431,73.33334,,26.97607,37,116,29.58666,39,110,29.73169,30,114,23.78535,25,120
4174,2025-11-21 09:21:49+00,4d106730-1088-4892-9045-ffeebc4d23bc,-6.962253333,107.7022587,678,1,760,93,20,63.92157,,26.97607,37,116,29.58666,39,110,29.73169,30,114,23.78535,25,120
4175,2025-11-21 09:21:54+00,4d106730-1088-4892-9045-ffeebc4d23bc,-6.9622425,107.7022365,677.8,5,796,94,19.60784,55.29412,,26.97607,37,116,29.58666,39,110,29.73169,30,114,23.78535,25,120
4176,2025-11-21 09:21:59+00,4d106730-1088-4892-9045-ffeebc4d23bc,-6.962171333,107.7022335,677.9,11,1459,93,21.96078,60,,26.97607,37,116,29.58666,39,110,29.73169,30,114,23.78535,25,120
4177,2025-11-21 09:22:04+00,4d106730-1088-4892-9045-ffeebc4d23bc,-6.961995,107.702237,680.7,21,1585,93,25.09804,78.03922,,26.97607,37,116,29.58666,39,110,29.73169,30,114,23.78535,25,120
4178,2025-11-21 09:22:09+00,4d106730-1088-4892-9045-ffeebc4d23bc,-6.961717833,107.7022635,682.1,25,1082,94,19.60784,45.88235,,26.97607,37,116,29.58666,39,110,29.73169,30,114,23.78535,25,120
4179,2025-11-21 09:22:14+00,4d106730-1088-4892-9045-ffeebc4d23bc,-6.961464667,107.7024258,678.5,23,1028,94,19.60784,41.96078,,26.97607,37,116,29.58666,39,110,29.73169,30,114,23.78535,25,120
4180,2025-11-21 09:22:19+00,4d106730-1088-4892-9045-ffeebc4d23bc,-6.9613295,107.7026102,679,4,783,93,19.60784,53.33333,,26.97607,37,116,29.58666,39,110,29.73169,30,114,23.78535,25,120
4181,2025-11-21 09:22:24+00,4d106730-1088-4892-9045-ffeebc4d23bc,-6.961283667,107.7026767,682.3,11,1542,93,22.35294,60.39216,,26.97607,37,116,29.58666,39,110,29.73169,30,114,23.78535,25,120
4182,2025-11-21 09:22:29+00,4d106730-1088-4892-9045-ffeebc4d23bc,-6.961174833,107.7027998,684.7,11,848,93,19.60784,50.98039,,26.97607,37,116,29.58666,39,110,29.73169,30,114,23.78535,25,120
4183,2025-11-21 09:22:34+00,4d106730-1088-4892-9045-ffeebc4d23bc,-6.9610295,107.7028518,683.4,16,1507,93,24.70588,75.68627,,26.97607,37,116,29.58666,39,110,29.73169,30,114,23.78535,25,120
4184,2025-11-21 09:22:39+00,4d106730-1088-4892-9045-ffeebc4d23bc,-6.9607715,107.7027655,685,24,1164,92,21.56863,54.90196,,26.97607,37,116,29.58666,39,110,29.73169,30,114,23.78535,25,120
4185,2025-11-21 09:22:44+00,4d106730-1088-4892-9045-ffeebc4d23bc,-6.960489,107.7026782,682.1,25,1070,93,19.60784,42.35294,,26.97607,37,116,29.58666,39,110,29.73169,30,114,23.78535,25,120
4186,2025-11-21 09:22:49+00,4d106730-1088-4892-9045-ffeebc4d23bc,-6.960186833,107.7025852,681.9,25,1066,93,20,52.54902,,26.97607,37,116,29.58666,39,110,29.73169,30,114,23.78535,25,120
4187,2025-11-21 09:22:54+00,4d106730-1088-4892-9045-ffeebc4d23bc,-6.959919667,107.7024817,682.8,12,759,93,19.21569,51.76471,,26.97607,37,116,29.58666,39,110,29.73169,30,114,23.78535,25,120
4188,2025-11-21 09:22:59+00,4d106730-1088-4892-9045-ffeebc4d23bc,-6.959794667,107.7024255,684.1,14,1840,92,23.92157,63.13726,,26.97607,37,116,29.58666,39,110,29.73169,30,114,23.78535,25,120
4189,2025-11-21 09:23:04+00,4d106730-1088-4892-9045-ffeebc4d23bc,-6.959652833,107.7022502,684.2,23,1760,92,24.70588,71.37255,,26.97607,37,116,29.58666,39,110,29.73169,30,114,23.78535,25,120
4190,2025-11-21 09:23:09+00,4d106730-1088-4892-9045-ffeebc4d23bc,-6.9596635,107.7019142,688.7,30,1305,93,27.05882,86.66666,,26.97607,37,116,29.58666,39,110,29.73169,30,114,23.78535,25,120
4191,2025-11-21 09:23:14+00,4d106730-1088-4892-9045-ffeebc4d23bc,-6.9597095,107.701488,689.3,38,1601,93,21.17647,53.72549,,26.97607,37,116,29.58666,39,110,29.73169,30,114,23.78535,25,120
4192,2025-11-21 09:23:19+00,4d106730-1088-4892-9045-ffeebc4d23bc,-6.959781667,107.7010178,688.4,37,1109,93,19.60784,41.17647,,26.97607,37,116,29.58666,39,110,29.73169,30,114,23.78535,25,120
4193,2025-11-21 09:23:24+00,4d106730-1088-4892-9045-ffeebc4d23bc,-6.959849667,107.700585,688.3,31,973,93,19.60784,42.35294,,26.97607,37,116,29.58666,39,110,29.73169,30,114,23.78535,25,120
4194,2025-11-21 09:23:29+00,4d106730-1088-4892-9045-ffeebc4d23bc,-6.959893167,107.7003147,686.5,9,837,92,20.39216,67.05882,,26.97607,37,116,29.58666,39,110,29.73169,30,114,23.78535,25,120
4195,2025-11-21 09:23:34+00,4d106730-1088-4892-9045-ffeebc4d23bc,-6.9599205,107.7001685,684.8,18,1569,92,23.92157,71.37255,,26.97607,37,116,29.58666,39,110,29.73169,30,114,23.78535,25,120
4196,2025-11-21 09:23:39+00,4d106730-1088-4892-9045-ffeebc4d23bc,-6.959972333,107.6998875,684,27,1540,91,23.92157,71.37255,,26.97607,37,116,29.58666,39,110,29.73169,30,114,23.78535,25,120
4197,2025-11-21 09:23:44+00,4d106730-1088-4892-9045-ffeebc4d23bc,-6.960038,107.6995167,684.6,35,1471,92,23.92157,72.94118,,26.97607,37,116,29.58666,39,110,29.73169,30,114,23.78535,25,120
4198,2025-11-21 09:23:49+00,4d106730-1088-4892-9045-ffeebc4d23bc,-6.960112,107.6990602,686.9,40,1271,93,23.92157,78.03922,,26.97607,37,116,29.58666,39,110,29.73169,30,114,23.78535,25,120
4199,2025-11-21 09:23:54+00,4d106730-1088-4892-9045-ffeebc4d23bc,-6.960199167,107.698538,686.6,44,1301,93,24.70588,79.21568,,26.97607,37,116,29.58666,39,110,29.73169,30,114,23.78535,25,120
4200,2025-11-21 09:23:59+00,4d106730-1088-4892-9045-ffeebc4d23bc,-6.9602985,107.697976,687.1,47,1392,93,22.35294,63.52941,,26.97607,37,116,29.58666,39,110,29.73169,30,114,23.78535,25,120
4201,2025-11-21 09:24:04+00,4d106730-1088-4892-9045-ffeebc4d23bc,-6.960399167,107.6973858,687.1,46,1320,91,19.60784,37.2549,,26.97607,37,116,29.58666,39,110,29.73169,30,114,23.78535,25,120
4202,2025-11-21 09:24:09+00,4d106730-1088-4892-9045-ffeebc4d23bc,-6.960495,107.6968542,687.8,36,1098,91,19.60784,39.21569,,26.97607,37,116,29.58666,39,110,29.73169,30,114,23.78535,25,120
4203,2025-11-21 09:24:14+00,4d106730-1088-4892-9045-ffeebc4d23bc,-6.96058,107.6964063,686.3,38,1361,91,24.70588,77.64706,,26.97607,37,116,29.58666,39,110,29.73169,30,114,23.78535,25,120
4204,2025-11-21 09:24:19+00,4d106730-1088-4892-9045-ffeebc4d23bc,-6.960667667,107.6959307,687.5,32,980,91,19.60784,43.13726,,26.97607,37,116,29.58666,39,110,29.73169,30,114,23.78535,25,120
4205,2025-11-21 09:24:24+00,4d106730-1088-4892-9045-ffeebc4d23bc,-6.960713167,107.6956698,686.9,15,810,91,20.39216,53.72549,,26.97607,37,116,29.58666,39,110,29.73169,30,114,23.78535,25,120
4206,2025-11-21 09:24:29+00,4d106730-1088-4892-9045-ffeebc4d23bc,-6.960805167,107.6954793,686.6,22,1403,90,23.13725,69.41177,,26.97607,37,116,29.58666,39,110,29.73169,30,114,23.78535,25,120
4207,2025-11-21 09:24:34+00,4d106730-1088-4892-9045-ffeebc4d23bc,-6.960896,107.695207,686.2,22,994,91,19.60784,43.13726,,26.97607,37,116,29.58666,39,110,29.73169,30,114,23.78535,25,120
4208,2025-11-21 09:24:39+00,4d106730-1088-4892-9045-ffeebc4d23bc,-6.960698333,107.6950433,685.8,22,1160,91,23.13725,71.76471,,26.97607,37,116,29.58666,39,110,29.73169,30,114,23.78535,25,120
4209,2025-11-21 09:24:44+00,4d106730-1088-4892-9045-ffeebc4d23bc,-6.9603925,107.6951222,689.3,29,1259,91,23.92157,76.86275,,26.97607,37,116,29.58666,39,110,29.73169,30,114,23.78535,25,120
4210,2025-11-21 09:24:49+00,4d106730-1088-4892-9045-ffeebc4d23bc,-6.959991333,107.6951028,688.7,36,1518,90,24.31373,72.94118,,26.97607,37,116,29.58666,39,110,29.73169,30,114,23.78535,25,120
4211,2025-11-21 09:24:54+00,4d106730-1088-4892-9045-ffeebc4d23bc,-6.959516833,107.6950168,685.2,41,1214,90,24.31373,80.39216,,26.97607,37,116,29.58666,39,110,29.73169,30,114,23.78535,25,120
4212,2025-11-21 09:24:59+00,4d106730-1088-4892-9045-ffeebc4d23bc,-6.959001833,107.6949372,682.9,39,967,91,20,51.37255,,26.97607,37,116,29.58666,39,110,29.73169,30,114,23.78535,25,120
4213,2025-11-21 09:25:04+00,4d106730-1088-4892-9045-ffeebc4d23bc,-6.958522333,107.6949462,683.2,39,1569,91,24.70588,74.11765,,26.97607,37,116,29.58666,39,110,29.73169,30,114,23.78535,25,120
4214,2025-11-21 09:25:09+00,4d106730-1088-4892-9045-ffeebc4d23bc,-6.958021,107.6950162,682,43,1239,90,19.60784,40.78431,,26.97607,37,116,29.58666,39,110,29.73169,30,114,23.78535,25,120
4215,2025-11-21 09:25:14+00,4d106730-1088-4892-9045-ffeebc4d23bc,-6.957507667,107.6950802,683.6,37,1102,90,19.60784,38.43137,,26.97607,37,116,29.58666,39,110,29.73169,30,114,23.78535,25,120
4216,2025-11-21 09:25:19+00,4d106730-1088-4892-9045-ffeebc4d23bc,-6.957096333,107.6951313,684.9,26,868,90,19.60784,46.66667,,26.97607,37,116,29.58666,39,110,29.73169,30,114,23.78535,25,120
4217,2025-11-21 09:25:24+00,4d106730-1088-4892-9045-ffeebc4d23bc,-6.956818167,107.6950868,682.3,22,1335,90,25.88235,84.31373,,26.97607,37,116,29.58666,39,110,29.73169,30,114,23.78535,25,120
4218,2025-11-21 09:25:29+00,4d106730-1088-4892-9045-ffeebc4d23bc,-6.956653333,107.6948192,684.5,32,1379,90,25.88235,82.35294,,26.97607,37,116,29.58666,39,110,29.73169,30,114,23.78535,25,120
4219,2025-11-21 09:25:34+00,4d106730-1088-4892-9045-ffeebc4d23bc,-6.956372167,107.6944862,687.5,37,1218,90,21.17647,52.94118,,26.97607,37,116,29.58666,39,110,29.73169,30,114,23.78535,25,120
4220,2025-11-21 09:25:39+00,4d106730-1088-4892-9045-ffeebc4d23bc,-6.955975833,107.6942428,688.7,38,1165,91,19.21569,45.4902,,26.97607,37,116,29.58666,39,110,29.73169,30,114,23.78535,25,120
4221,2025-11-21 09:25:44+00,4d106730-1088-4892-9045-ffeebc4d23bc,-6.9555815,107.6940638,688.1,24,775,91,20.39216,64.31373,,26.97607,37,116,29.58666,39,110,29.73169,30,114,23.78535,25,120
4222,2025-11-21 09:25:49+00,4d106730-1088-4892-9045-ffeebc4d23bc,-6.955427,107.6939942,688.6,7,868,91,20.39216,54.11765,,26.97607,37,116,29.58666,39,110,29.73169,30,114,23.78535,25,120
4223,2025-11-21 09:25:54+00,4d106730-1088-4892-9045-ffeebc4d23bc,-6.9552855,107.693933,687.5,20,1737,91,25.88235,80.39216,,26.97607,37,116,29.58666,39,110,29.73169,30,114,23.78535,25,120
4224,2025-11-21 09:25:59+00,4d106730-1088-4892-9045-ffeebc4d23bc,-6.9549835,107.6938008,688.7,32,1367,90,23.92157,74.90196,,26.97607,37,116,29.58666,39,110,29.73169,30,114,23.78535,25,120
4225,2025-11-21 09:26:04+00,4d106730-1088-4892-9045-ffeebc4d23bc,-6.954595833,107.693621,688.5,38,1600,91,23.52941,68.23529,,26.97607,37,116,29.58666,39,110,29.73169,30,114,23.78535,25,120
4226,2025-11-21 09:26:09+00,4d106730-1088-4892-9045-ffeebc4d23bc,-6.9541985,107.6933543,686.5,42,1240,91,25.09804,81.96078,,26.97607,37,116,29.58666,39,110,29.73169,30,114,23.78535,25,120
4227,2025-11-21 09:26:14+00,4d106730-1088-4892-9045-ffeebc4d23bc,-6.953827667,107.692954,685.7,46,1349,92,24.31373,76.47059,,26.97607,37,116,29.58666,39,110,29.73169,30,114,23.78535,25,120
4228,2025-11-21 09:26:19+00,4d106730-1088-4892-9045-ffeebc4d23bc,-6.953529667,107.6924562,685,45,1301,91,19.60784,36.86274,,26.97607,37,116,29.58666,39,110,29.73169,30,114,23.78535,25,120
4229,2025-11-21 09:26:24+00,4d106730-1088-4892-9045-ffeebc4d23bc,-6.953276333,107.6919643,684.5,37,1112,91,19.60784,38.43137,,26.97607,37,116,29.58666,39,110,29.73169,30,114,23.78535,25,120
4230,2025-11-21 09:26:29+00,4d106730-1088-4892-9045-ffeebc4d23bc,-6.9531515,107.6915705,683.6,30,954,91,19.60784,43.92157,,26.97607,37,116,29.58666,39,110,29.73169,30,114,23.78535,25,120
4231,2025-11-21 09:26:34+00,4d106730-1088-4892-9045-ffeebc4d23bc,-6.953216167,107.6911682,681.7,33,949,91,19.21569,51.76471,,26.97607,37,116,29.58666,39,110,29.73169,30,114,23.78535,25,120
4232,2025-11-21 09:26:39+00,4d106730-1088-4892-9045-ffeebc4d23bc,-6.953202333,107.6907577,680.1,29,933,91,19.60784,44.70588,,26.97607,37,116,29.58666,39,110,29.73169,30,114,23.78535,25,120
4233,2025-11-21 09:26:44+00,4d106730-1088-4892-9045-ffeebc4d23bc,-6.953015,107.6904887,682.3,22,1479,91,24.70588,78.03922,,26.97607,37,116,29.58666,39,110,29.73169,30,114,23.78535,25,120
4234,2025-11-21 09:26:49+00,4d106730-1088-4892-9045-ffeebc4d23bc,-6.9527495,107.6903678,684.7,24,1042,90,19.21569,46.27451,,26.97607,37,116,29.58666,39,110,29.73169,30,114,23.78535,25,120
4235,2025-11-21 09:26:54+00,4d106730-1088-4892-9045-ffeebc4d23bc,-6.952497833,107.6903017,684,18,972,91,24.70588,80,,26.97607,37,116,29.58666,39,110,29.73169,30,114,23.78535,25,120
4236,2025-11-21 09:26:59+00,4d106730-1088-4892-9045-ffeebc4d23bc,-6.952302,107.6901368,684.6,27,1750,91,28.62745,90.58823,,26.97607,37,116,29.58666,39,110,29.73169,30,114,23.78535,25,120
4237,2025-11-21 09:27:04+00,4d106730-1088-4892-9045-ffeebc4d23bc,-6.952112667,107.6897872,685.1,37,1575,92,25.09804,78.43137,,26.97607,37,116,29.58666,39,110,29.73169,30,114,23.78535,25,120
4238,2025-11-21 09:27:09+00,4d106730-1088-4892-9045-ffeebc4d23bc,-6.9518985,107.689348,684.7,41,1197,91,23.52941,76.07843,,26.97607,37,116,29.58666,39,110,29.73169,30,114,23.78535,25,120
4239,2025-11-21 09:27:14+00,4d106730-1088-4892-9045-ffeebc4d23bc,-6.951658333,107.6888732,683.8,45,1310,92,20.78431,58.82353,,26.97607,37,116,29.58666,39,110,29.73169,30,114,23.78535,25,120
4240,2025-11-21 09:27:19+00,4d106730-1088-4892-9045-ffeebc4d23bc,-6.951413,107.688389,682,37,1005,92,20,49.41177,,26.97607,37,116,29.58666,39,110,29.73169,30,114,23.78535,25,120
4241,2025-11-21 09:27:24+00,4d106730-1088-4892-9045-ffeebc4d23bc,-6.9512195,107.68801,682,30,939,92,19.60784,43.13726,,26.97607,37,116,29.58666,39,110,29.73169,30,114,23.78535,25,120
4242,2025-11-21 09:27:29+00,4d106730-1088-4892-9045-ffeebc4d23bc,-6.951067,107.6876682,682.4,29,939,92,20,48.62745,,26.97607,37,116,29.58666,39,110,29.73169,30,114,23.78535,25,120
4243,2025-11-21 09:27:34+00,4d106730-1088-4892-9045-ffeebc4d23bc,-6.950937333,107.6873347,681.5,27,869,91,19.60784,46.66667,,26.97607,37,116,29.58666,39,110,29.73169,30,114,23.78535,25,120
4244,2025-11-21 09:27:39+00,4d106730-1088-4892-9045-ffeebc4d23bc,-6.950820333,107.6870762,680.1,15,793,91,20.39216,64.70588,,26.97607,37,116,29.58666,39,110,29.73169,30,114,23.78535,25,120
4245,2025-11-21 09:27:44+00,4d106730-1088-4892-9045-ffeebc4d23bc,-6.950751333,107.6869473,680.2,7,879,91,19.60784,52.15686,,26.97607,37,116,29.58666,39,110,29.73169,30,114,23.78535,25,120
4246,2025-11-21 09:27:49+00,4d106730-1088-4892-9045-ffeebc4d23bc,-6.950733333,107.6868815,680.3,5,772,91,19.60784,53.33333,,26.97607,37,116,29.58666,39,110,29.73169,30,114,23.78535,25,120
4247,2025-11-21 09:27:54+00,4d106730-1088-4892-9045-ffeebc4d23bc,-6.950781667,107.6868213,679.1,13,1761,92,25.88235,73.33334,,26.97607,37,116,29.58666,39,110,29.73169,30,114,23.78535,25,120
4248,2025-11-21 09:27:59+00,4d106730-1088-4892-9045-ffeebc4d23bc,-6.951003833,107.686772,680.9,27,1615,91,25.09804,77.64706,,26.97607,37,116,29.58666,39,110,29.73169,30,114,23.78535,25,120
4249,2025-11-21 09:28:05+00,4d106730-1088-4892-9045-ffeebc4d23bc,-6.951426,107.6867342,681,30,1276,91,23.52941,74.5098,,26.97607,37,116,29.58666,39,110,29.73169,30,114,23.78535,25,120
4250,2025-11-21 09:28:09+00,4d106730-1088-4892-9045-ffeebc4d23bc,-6.9517405,107.686701,680.6,35,1472,91,21.96078,60.39216,,26.97607,37,116,29.58666,39,110,29.73169,30,114,23.78535,25,120
4251,2025-11-21 09:28:15+00,4d106730-1088-4892-9045-ffeebc4d23bc,-6.952283833,107.6866653,685.2,37,1122,92,19.60784,42.7451,,26.97607,37,116,29.58666,39,110,29.73169,30,114,23.78535,25,120
4252,2025-11-21 09:28:20+00,4d106730-1088-4892-9045-ffeebc4d23bc,-6.9527125,107.6866168,684.9,31,981,91,19.60784,42.7451,,26.97607,37,116,29.58666,39,110,29.73169,30,114,23.78535,25,120
4253,2025-11-21 09:28:25+00,4d106730-1088-4892-9045-ffeebc4d23bc,-6.9530775,107.6865642,685,30,1507,91,25.4902,82.35294,,26.97607,37,116,29.58666,39,110,29.73169,30,114,23.78535,25,120
4254,2025-11-21 09:28:30+00,4d106730-1088-4892-9045-ffeebc4d23bc,-6.953489167,107.6865158,686.9,36,1484,91,22.7451,66.27451,,26.97607,37,116,29.58666,39,110,29.73169,30,114,23.78535,25,120
4255,2025-11-21 09:28:35+00,4d106730-1088-4892-9045-ffeebc4d23bc,-6.953950833,107.6864787,687.1,35,1058,91,19.60784,41.56863,,26.97607,37,116,29.58666,39,110,29.73169,30,114,23.78535,25,120
4256,2025-11-21 09:28:40+00,4d106730-1088-4892-9045-ffeebc4d23bc,-6.9543785,107.6864297,684.5,33,1028,91,19.60784,40.39216,,26.97607,37,116,29.58666,39,110,29.73169,30,114,23.78535,25,120
4257,2025-11-21 09:28:45+00,4d106730-1088-4892-9045-ffeebc4d23bc,-6.954777667,107.6863675,687.3,31,967,91,19.60784,43.52941,,26.97607,37,116,29.58666,39,110,29.73169,30,114,23.78535,25,120
4258,2025-11-21 09:28:50+00,4d106730-1088-4892-9045-ffeebc4d23bc,-6.955119833,107.6863488,686.8,21,972,91,20.39216,59.60784,,26.97607,37,116,29.58666,39,110,29.73169,30,114,23.78535,25,120
4259,2025-11-21 09:28:55+00,4d106730-1088-4892-9045-ffeebc4d23bc,-6.9553775,107.686344,687.1,22,1471,91,23.92157,72.94118,,26.97607,37,116,29.58666,39,110,29.73169,30,114,23.78535,25,120
4260,2025-11-21 09:29:00+00,4d106730-1088-4892-9045-ffeebc4d23bc,-6.955688167,107.6863203,687.6,24,1277,91,21.96078,62.35294,,26.97607,37,116,29.58666,39,110,29.73169,30,114,23.78535,25,120
4261,2025-11-21 09:29:05+00,4d106730-1088-4892-9045-ffeebc4d23bc,-6.955987167,107.6863343,688.7,24,1050,91,19.60784,42.35294,,26.97607,37,116,29.58666,39,110,29.73169,30,114,23.78535,25,120
4262,2025-11-21 09:29:10+00,4d106730-1088-4892-9045-ffeebc4d23bc,-6.956234667,107.6863887,688.3,19,892,91,19.60784,45.4902,,26.97607,37,116,29.58666,39,110,29.73169,30,114,23.78535,25,120
4263,2025-11-21 09:29:15+00,4d106730-1088-4892-9045-ffeebc4d23bc,-6.956422667,107.6865335,687.6,20,1208,91,25.4902,82.74509,,26.97607,37,116,29.58666,39,110,29.73169,30,114,23.78535,25,120
4264,2025-11-21 09:29:20+00,4d106730-1088-4892-9045-ffeebc4d23bc,-6.956532167,107.6868175,687.7,25,1064,91,19.60784,43.13726,,26.97607,37,116,29.58666,39,110,29.73169,30,114,23.78535,25,120
4265,2025-11-21 09:29:25+00,4d106730-1088-4892-9045-ffeebc4d23bc,-6.956562667,107.6869807,688.8,5,786,91,19.60784,53.33333,,26.97607,37,116,29.58666,39,110,29.73169,30,114,23.78535,25,120
4266,2025-11-21 09:29:30+00,4d106730-1088-4892-9045-ffeebc4d23bc,-6.956584667,107.6870937,688.4,15,2050,91,26.27451,76.47059,,26.97607,37,116,29.58666,39,110,29.73169,30,114,23.78535,25,120
4267,2025-11-21 09:29:35+00,4d106730-1088-4892-9045-ffeebc4d23bc,-6.956641667,107.6873865,686.9,28,1588,91,25.09804,78.82353,,26.97607,37,116,29.58666,39,110,29.73169,30,114,23.78535,25,120
4268,2025-11-21 09:29:40+00,4d106730-1088-4892-9045-ffeebc4d23bc,-6.9567055,107.6877888,686.4,34,1458,91,25.88235,82.74509,,26.97607,37,116,29.58666,39,110,29.73169,30,114,23.78535,25,120
4269,2025-11-21 09:29:45+00,4d106730-1088-4892-9045-ffeebc4d23bc,-6.956759167,107.688253,685.8,38,1084,91,19.60784,45.88235,,26.97607,37,116,29.58666,39,110,29.73169,30,114,23.78535,25,120
4270,2025-11-21 09:29:50+00,4d106730-1088-4892-9045-ffeebc4d23bc,-6.9567795,107.688683,690.2,33,1006,92,19.60784,40.78431,,26.97607,37,116,29.58666,39,110,29.73169,30,114,23.78535,25,120
4271,2025-11-21 09:29:55+00,4d106730-1088-4892-9045-ffeebc4d23bc,-6.956832833,107.6890093,692.8,19,903,92,19.60784,49.80392,,26.97607,37,116,29.58666,39,110,29.73169,30,114,23.78535,25,120
4272,2025-11-21 09:30:00+00,4d106730-1088-4892-9045-ffeebc4d23bc,-6.956860833,107.6891432,693.5,6,835,92,20.39216,52.94118,,26.97607,37,116,29.58666,39,110,29.73169,30,114,23.78535,25,120
4273,2025-11-21 09:30:05+00,4d106730-1088-4892-9045-ffeebc4d23bc,-6.956895167,107.6893028,689.7,18,1531,91,25.88235,85.09804,,26.97607,37,116,29.58666,39,110,29.73169,30,114,23.78535,25,120
4274,2025-11-21 09:30:10+00,4d106730-1088-4892-9045-ffeebc4d23bc,-6.956946333,107.6896188,689,29,1250,91,24.70588,81.56863,,26.97607,37,116,29.58666,39,110,29.73169,30,114,23.78535,25,120
4275,2025-11-21 09:30:15+00,4d106730-1088-4892-9045-ffeebc4d23bc,-6.957008167,107.690003,688.4,30,937,91,19.60784,48.23529,,26.97607,37,116,29.58666,39,110,29.73169,30,114,23.78535,25,120
4276,2025-11-21 09:30:20+00,4d106730-1088-4892-9045-ffeebc4d23bc,-6.9570365,107.6903225,688,22,1001,92,19.60784,46.66667,,26.97607,37,116,29.58666,39,110,29.73169,30,114,23.78535,25,120
4277,2025-11-21 09:30:25+00,4d106730-1088-4892-9045-ffeebc4d23bc,-6.956818833,107.6904663,688.8,25,1578,92,32.54902,97.25491,,26.97607,37,116,29.58666,39,110,29.73169,30,114,23.78535,25,120
4278,2025-11-21 09:30:30+00,4d106730-1088-4892-9045-ffeebc4d23bc,-6.956462333,107.6904993,689,33,1875,91,30.98039,92.54902,,26.97607,37,116,29.58666,39,110,29.73169,30,114,23.78535,25,120
4279,2025-11-21 09:30:35+00,4d106730-1088-4892-9045-ffeebc4d23bc,-6.955977333,107.6905612,687.5,44,2154,91,30.98039,90.19608,,26.97607,37,116,29.58666,39,110,29.73169,30,114,23.78535,25,120
4280,2025-11-21 09:30:40+00,4d106730-1088-4892-9045-ffeebc4d23bc,-6.955399333,107.6906212,685.7,47,1380,91,25.4902,83.13725,,26.97607,37,116,29.58666,39,110,29.73169,30,114,23.78535,25,120
4281,2025-11-21 09:30:45+00,4d106730-1088-4892-9045-ffeebc4d23bc,-6.954786167,107.6906422,685.6,50,1354,92,19.21569,41.17647,,26.97607,37,116,29.58666,39,110,29.73169,30,114,23.78535,25,120
4282,2025-11-21 09:30:50+00,4d106730-1088-4892-9045-ffeebc4d23bc,-6.954194667,107.6906475,684.8,44,1022,92,20,48.62745,,26.97607,37,116,29.58666,39,110,29.73169,30,114,23.78535,25,120
4283,2025-11-21 09:30:55+00,4d106730-1088-4892-9045-ffeebc4d23bc,-6.953687833,107.690654,683.8,35,1040,92,19.60784,40.78431,,26.97607,37,116,29.58666,39,110,29.73169,30,114,23.78535,25,120
4284,2025-11-21 09:31:00+00,4d106730-1088-4892-9045-ffeebc4d23bc,-6.953312333,107.6906097,683.2,27,880,91,19.60784,45.4902,,26.97607,37,116,29.58666,39,110,29.73169,30,114,23.78535,25,120
4285,2025-11-21 09:31:05+00,4d106730-1088-4892-9045-ffeebc4d23bc,-6.953011,107.6904487,683.5,29,1603,91,28.62745,91.37255,,26.97607,37,116,29.58666,39,110,29.73169,30,114,23.78535,25,120
4286,2025-11-21 09:31:10+00,4d106730-1088-4892-9045-ffeebc4d23bc,-6.952626833,107.6904155,681.9,33,1601,91,26.66667,87.05882,,26.97607,37,116,29.58666,39,110,29.73169,30,114,23.78535,25,120
4287,2025-11-21 09:31:15+00,4d106730-1088-4892-9045-ffeebc4d23bc,-6.952269167,107.6906212,680.1,32,1189,91,25.09804,78.43137,,26.97607,37,116,29.58666,39,110,29.73169,30,114,23.78535,25,120
4288,2025-11-21 09:31:20+00,4d106730-1088-4892-9045-ffeebc4d23bc,-6.952129833,107.6910102,679.7,36,1212,92,19.21569,49.01961,,26.97607,37,116,29.58666,39,110,29.73169,30,114,23.78535,25,120
4289,2025-11-21 09:31:25+00,4d106730-1088-4892-9045-ffeebc4d23bc,-6.952343,107.6913863,680.4,35,1054,92,19.60784,42.7451,,26.97607,37,116,29.58666,39,110,29.73169,30,114,23.78535,25,120
4290,2025-11-21 09:31:30+00,4d106730-1088-4892-9045-ffeebc4d23bc,-6.952738667,107.6916017,678.8,34,1035,92,19.60784,41.17647,,26.97607,37,116,29.58666,39,110,29.73169,30,114,23.78535,25,120
4291,2025-11-21 09:31:35+00,4d106730-1088-4892-9045-ffeebc4d23bc,-6.953005833,107.6919155,677.9,32,1398,91,23.92157,72.94118,,26.97607,37,116,29.58666,39,110,29.73169,30,114,23.78535,25,120
4292,2025-11-21 09:31:40+00,4d106730-1088-4892-9045-ffeebc4d23bc,-6.953190667,107.6922718,677.2,32,1367,91,23.92157,76.86275,,26.97607,37,116,29.58666,39,110,29.73169,30,114,23.78535,25,120
4293,2025-11-21 09:31:45+00,4d106730-1088-4892-9045-ffeebc4d23bc,-6.953373667,107.6926227,677.9,30,930,91,19.60784,43.92157,,26.97607,37,116,29.58666,39,110,29.73169,30,114,23.78535,25,120
4294,2025-11-21 09:31:50+00,4d106730-1088-4892-9045-ffeebc4d23bc,-6.953529833,107.6929052,675.7,25,1467,91,24.70588,76.07843,,26.97607,37,116,29.58666,39,110,29.73169,30,114,23.78535,25,120
4295,2025-11-21 09:31:55+00,4d106730-1088-4892-9045-ffeebc4d23bc,-6.953760167,107.6931915,674.2,32,1377,91,19.21569,51.76471,,26.97607,37,116,29.58666,39,110,29.73169,30,114,23.78535,25,120
4296,2025-11-21 09:32:00+00,4d106730-1088-4892-9045-ffeebc4d23bc,-6.954052833,107.6934618,674.7,30,950,91,19.60784,43.92157,,26.97607,37,116,29.58666,39,110,29.73169,30,114,23.78535,25,120
4297,2025-11-21 09:32:05+00,4d106730-1088-4892-9045-ffeebc4d23bc,-6.95435,107.6936677,676.5,28,911,91,19.21569,52.15686,,26.97607,37,116,29.58666,39,110,29.73169,30,114,23.78535,25,120
4298,2025-11-21 09:32:10+00,4d106730-1088-4892-9045-ffeebc4d23bc,-6.954614,107.693808,677.1,19,896,91,19.60784,47.45098,,26.97607,37,116,29.58666,39,110,29.73169,30,114,23.78535,25,120
4299,2025-11-21 09:32:15+00,4d106730-1088-4892-9045-ffeebc4d23bc,-6.954776,107.6938817,676,9,910,92,19.60784,50.19608,,26.97607,37,116,29.58666,39,110,29.73169,30,114,23.78535,25,120
4300,2025-11-21 09:32:20+00,4d106730-1088-4892-9045-ffeebc4d23bc,-6.954869167,107.6939208,676.9,9,1335,92,24.31373,72.54902,,26.97607,37,116,29.58666,39,110,29.73169,30,114,23.78535,25,120
4301,2025-11-21 09:32:25+00,4d106730-1088-4892-9045-ffeebc4d23bc,-6.9550805,107.6940145,678.8,24,1767,91,24.31373,70.58823,,26.97607,37,116,29.58666,39,110,29.73169,30,114,23.78535,25,120
4302,2025-11-21 09:32:30+00,4d106730-1088-4892-9045-ffeebc4d23bc,-6.955404167,107.694144,680.9,31,1310,91,24.70588,79.60784,,26.97607,37,116,29.58666,39,110,29.73169,30,114,23.78535,25,120
4303,2025-11-21 09:32:35+00,4d106730-1088-4892-9045-ffeebc4d23bc,-6.955799833,107.694314,681.4,37,1584,92,22.35294,59.60784,,26.97607,37,116,29.58666,39,110,29.73169,30,114,23.78535,25,120
4304,2025-11-21 09:32:40+00,4d106730-1088-4892-9045-ffeebc4d23bc,-6.956202333,107.6945677,681.7,37,1088,92,19.60784,40.78431,,26.97607,37,116,29.58666,39,110,29.73169,30,114,23.78535,25,120
4305,2025-11-21 09:32:45+00,4d106730-1088-4892-9045-ffeebc4d23bc,-6.956443333,107.6948622,682.1,17,834,91,19.60784,50.98039,,26.97607,37,116,29.58666,39,110,29.73169,30,114,23.78535,25,120
4306,2025-11-21 09:34:06+00,4d106730-1088-4892-9045-ffeebc4d23bc,-6.956462,107.694959,682.3,3,850,94,22.35294,67.84314,,26.97607,37,116,29.58666,39,110,30.02176,30,114,23.78535,25,120
4307,2025-11-21 09:34:11+00,4d106730-1088-4892-9045-ffeebc4d23bc,-6.956477167,107.6950095,682.9,15,1521,91,23.52941,69.01961,,26.97607,37,116,29.58666,39,110,30.02176,30,114,23.78535,25,120
4308,2025-11-21 09:34:16+00,4d106730-1088-4892-9045-ffeebc4d23bc,-6.956531667,107.6951868,682.8,24,1759,93,22.7451,59.60784,,26.97607,37,116,29.58666,39,110,30.02176,30,114,23.78535,25,120
4309,2025-11-21 09:34:21+00,4d106730-1088-4892-9045-ffeebc4d23bc,-6.9566015,107.695466,682.5,31,1278,93,24.31373,77.64706,,26.97607,37,116,29.58666,39,110,30.02176,30,114,23.78535,25,120
4310,2025-11-21 09:34:26+00,4d106730-1088-4892-9045-ffeebc4d23bc,-6.956683833,107.6958155,682.9,37,1559,93,23.52941,67.45098,,26.97607,37,116,29.58666,39,110,30.02176,30,114,23.78535,25,120
4311,2025-11-21 09:34:31+00,4d106730-1088-4892-9045-ffeebc4d23bc,-6.9567315,107.6962653,682.9,42,1238,92,23.52941,75.29412,,26.97607,37,116,29.58666,39,110,30.02176,30,114,23.78535,25,120
4312,2025-11-21 09:34:36+00,4d106730-1088-4892-9045-ffeebc4d23bc,-6.956706167,107.6967777,683.8,45,1338,92,22.7451,67.45098,,26.97607,37,116,29.58666,39,110,30.02176,30,114,23.78535,25,120
4313,2025-11-21 09:34:41+00,4d106730-1088-4892-9045-ffeebc4d23bc,-6.956559333,107.697308,688,47,1396,91,23.92157,73.72549,,26.97607,37,116,29.58666,39,110,30.02176,30,114,23.78535,25,120
4314,2025-11-21 09:34:46+00,4d106730-1088-4892-9045-ffeebc4d23bc,-6.956331833,107.6978447,693.4,49,1452,91,23.13725,67.84314,,26.97607,37,116,29.58666,39,110,30.02176,30,114,23.78535,25,120
4315,2025-11-21 09:34:51+00,4d106730-1088-4892-9045-ffeebc4d23bc,-6.956093,107.6984082,694.6,48,1388,90,20.78431,41.17647,,26.97607,37,116,29.58666,39,110,30.02176,30,114,23.78535,25,120
4316,2025-11-21 09:34:56+00,4d106730-1088-4892-9045-ffeebc4d23bc,-6.955844833,107.6989635,696.2,46,1342,90,20,39.60784,,26.97607,37,116,29.58666,39,110,30.02176,30,114,23.78535,25,120
4317,2025-11-21 09:35:01+00,4d106730-1088-4892-9045-ffeebc4d23bc,-6.955608833,107.6994947,696.5,34,1050,89,19.60784,41.96078,,26.97607,37,116,29.58666,39,110,30.02176,30,114,23.78535,25,120
4318,2025-11-21 09:35:06+00,4d106730-1088-4892-9045-ffeebc4d23bc,-6.955432,107.699908,694.4,5,779,90,20.39216,67.05882,,26.97607,37,116,29.58666,39,110,30.02176,30,114,23.78535,25,120
4319,2025-11-21 09:35:11+00,4d106730-1088-4892-9045-ffeebc4d23bc,-6.955379,107.7000247,693.8,16,1349,90,20,57.64706,,26.97607,37,116,29.58666,39,110,30.02176,30,114,23.78535,25,120
4320,2025-11-21 09:35:16+00,4d106730-1088-4892-9045-ffeebc4d23bc,-6.955299667,107.7001962,691.9,16,1369,90,22.35294,64.70588,,26.97607,37,116,29.58666,39,110,30.02176,30,114,23.78535,25,120
4321,2025-11-21 09:35:21+00,4d106730-1088-4892-9045-ffeebc4d23bc,-6.955162167,107.7003487,691.5,19,1253,90,20,40.39216,,26.97607,37,116,29.58666,39,110,30.02176,30,114,23.78535,25,120
4322,2025-11-21 09:35:26+00,4d106730-1088-4892-9045-ffeebc4d23bc,-6.9550075,107.7005313,690,19,1426,90,20.78431,58.43137,,26.97607,37,116,29.58666,39,110,30.02176,30,114,23.78535,25,120
4323,2025-11-21 09:35:31+00,4d106730-1088-4892-9045-ffeebc4d23bc,-6.955081,107.7007463,687.3,20,1545,91,24.70588,75.68627,,26.97607,37,116,29.58666,39,110,30.02176,30,114,23.78535,25,120
4324,2025-11-21 09:35:36+00,4d106730-1088-4892-9045-ffeebc4d23bc,-6.955331,107.7007935,686,28,1416,91,23.13725,65.88235,,26.97607,37,116,29.58666,39,110,30.02176,30,114,23.78535,25,120
4325,2025-11-21 09:35:41+00,4d106730-1088-4892-9045-ffeebc4d23bc,-6.955668,107.7008265,684.2,33,1403,91,22.7451,65.4902,,26.97607,37,116,29.58666,39,110,30.02176,30,114,23.78535,25,120
4326,2025-11-21 09:35:46+00,4d106730-1088-4892-9045-ffeebc4d23bc,-6.956041,107.700994,685.9,35,1051,91,20,46.66667,,26.97607,37,116,29.58666,39,110,30.02176,30,114,23.78535,25,120
4327,2025-11-21 09:35:51+00,4d106730-1088-4892-9045-ffeebc4d23bc,-6.956443167,107.7011723,684.6,33,1022,91,19.60784,42.7451,,26.97607,37,116,29.58666,39,110,30.02176,30,114,23.78535,25,120
4328,2025-11-21 09:35:56+00,4d106730-1088-4892-9045-ffeebc4d23bc,-6.9568335,107.7013423,682.2,16,802,91,20.39216,66.66666,,26.97607,37,116,29.58666,39,110,30.02176,30,114,23.78535,25,120
4329,2025-11-21 09:36:01+00,4d106730-1088-4892-9045-ffeebc4d23bc,-6.957083833,107.7014528,681.5,20,1542,91,25.88235,84.70588,,26.97607,37,116,29.58666,39,110,30.02176,30,114,23.78535,25,120
4330,2025-11-21 09:36:06+00,4d106730-1088-4892-9045-ffeebc4d23bc,-6.957305,107.7015423,681.8,31,1347,91,24.70588,78.43137,,26.97607,37,116,29.58666,39,110,30.02176,30,114,23.78535,25,120
4331,2025-11-21 09:36:11+00,4d106730-1088-4892-9045-ffeebc4d23bc,-6.957654667,107.7016957,683,39,1658,91,23.52941,67.05882,,26.97607,37,116,29.58666,39,110,30.02176,30,114,23.78535,25,120
4332,2025-11-21 09:36:16+00,4d106730-1088-4892-9045-ffeebc4d23bc,-6.9580925,107.7018887,682.6,39,1171,91,19.60784,40.39216,,26.97607,37,116,29.58666,39,110,30.02176,30,114,23.78535,25,120
4333,2025-11-21 09:36:21+00,4d106730-1088-4892-9045-ffeebc4d23bc,-6.9585475,107.7020853,683.6,31,931,91,20.39216,54.90196,,26.97607,37,116,29.58666,39,110,30.02176,30,114,23.78535,25,120
4334,2025-11-21 09:36:26+00,4d106730-1088-4892-9045-ffeebc4d23bc,-6.958913333,107.7022473,684.4,10,953,91,19.60784,51.37255,,26.97607,37,116,29.58666,39,110,30.02176,30,114,23.78535,25,120
4335,2025-11-21 09:36:31+00,4d106730-1088-4892-9045-ffeebc4d23bc,-6.959046667,107.702306,684.8,12,1521,92,19.60784,41.56863,,26.97607,37,116,29.58666,39,110,30.02176,30,114,23.78535,25,120
4336,2025-11-21 09:36:36+00,4d106730-1088-4892-9045-ffeebc4d23bc,-6.9591755,107.7023595,686.6,11,1477,91,21.56863,50.58823,,26.97607,37,116,29.58666,39,110,30.02176,30,114,23.78535,25,120
4337,2025-11-21 09:36:41+00,4d106730-1088-4892-9045-ffeebc4d23bc,-6.9593115,107.7024175,687.4,14,1019,90,19.60784,48.62745,,26.97607,37,116,29.58666,39,110,30.02176,30,114,23.78535,25,120
4338,2025-11-21 09:36:46+00,4d106730-1088-4892-9045-ffeebc4d23bc,-6.959480833,107.702414,687.6,19,1526,91,24.70588,79.21568,,26.97607,37,116,29.58666,39,110,30.02176,30,114,23.78535,25,120
4339,2025-11-21 09:36:51+00,4d106730-1088-4892-9045-ffeebc4d23bc,-6.959556,107.7022082,687.7,29,1257,91,23.13725,70.98039,,26.97607,37,116,29.58666,39,110,30.02176,30,114,23.78535,25,120
4340,2025-11-21 09:36:56+00,4d106730-1088-4892-9045-ffeebc4d23bc,-6.959618167,107.701865,687.5,35,1471,91,20.78431,50.98039,,26.97607,37,116,29.58666,39,110,30.02176,30,114,23.78535,25,120
4341,2025-11-21 09:37:01+00,4d106730-1088-4892-9045-ffeebc4d23bc,-6.959705667,107.7014437,685.9,33,1014,91,19.60784,43.92157,,26.97607,37,116,29.58666,39,110,30.02176,30,114,23.78535,25,120
4342,2025-11-21 09:37:06+00,4d106730-1088-4892-9045-ffeebc4d23bc,-6.959805667,107.701033,685.9,26,821,91,20.39216,62.35294,,26.97607,37,116,29.58666,39,110,30.02176,30,114,23.78535,25,120
4343,2025-11-21 09:37:11+00,4d106730-1088-4892-9045-ffeebc4d23bc,-6.959877333,107.7007023,683.9,19,903,92,19.60784,50.19608,,26.97607,37,116,29.58666,39,110,30.02176,30,114,23.78535,25,120
4344,2025-11-21 09:37:16+00,4d106730-1088-4892-9045-ffeebc4d23bc,-6.959905167,107.7004465,686.7,10,857,92,20,52.94118,,26.97607,37,116,29.58666,39,110,30.02176,30,114,23.78535,25,120
4345,2025-11-21 09:37:21+00,4d106730-1088-4892-9045-ffeebc4d23bc,-6.9599285,107.7002863,687,8,1053,92,19.60784,42.35294,,26.97607,37,116,29.58666,39,110,30.02176,30,114,23.78535,25,120
4346,2025-11-21 09:37:26+00,4d106730-1088-4892-9045-ffeebc4d23bc,-6.959945667,107.7001685,688.4,9,1061,91,19.60784,41.96078,,26.97607,37,116,29.58666,39,110,30.02176,30,114,23.78535,25,120
4347,2025-11-21 09:37:31+00,4d106730-1088-4892-9045-ffeebc4d23bc,-6.960019833,107.700095,691.2,6,889,91,23.52941,72.54902,,26.97607,37,116,29.58666,39,110,30.02176,30,114,23.78535,25,120
4348,2025-11-21 09:37:36+00,4d106730-1088-4892-9045-ffeebc4d23bc,-6.960070833,107.7001317,690.7,9,1276,92,19.21569,48.23529,,26.97607,37,116,29.58666,39,110,30.02176,30,114,23.78535,25,120
4349,2025-11-21 09:37:41+00,4d106730-1088-4892-9045-ffeebc4d23bc,-6.9600685,107.7002503,685.5,8,980,92,19.60784,43.13726,,26.97607,37,116,29.58666,39,110,30.02176,30,114,23.78535,25,120
4350,2025-11-21 09:37:46+00,4d106730-1088-4892-9045-ffeebc4d23bc,-6.960054167,107.7003505,682.5,3,763,91,19.60784,54.11765,,26.97607,37,116,29.58666,39,110,30.02176,30,114,23.78535,25,120
4351,2025-11-21 09:38:29+00,4d106730-1088-4892-9045-ffeebc4d23bc,-6.960069833,107.700403,677.4,1,764,94,20,60.39216,,26.97607,37,116,29.58666,39,110,30.02176,30,114,23.78535,25,120
4352,2025-11-21 10:15:28+00,4d106730-1088-4892-9045-ffeebc4d23bc,-6.960037,107.7003928,683.3,1,768,100,20,59.60784,,26.97607,37,116,29.58666,39,110,30.02176,30,114,23.78535,25,120
4353,2025-11-21 10:15:38+00,4d106730-1088-4892-9045-ffeebc4d23bc,-6.960065833,107.7004057,682,5,803,98,21.17647,72.54902,,26.97607,37,116,29.58666,39,110,30.02176,30,114,23.78535,25,120
4354,2025-11-21 10:15:43+00,4d106730-1088-4892-9045-ffeebc4d23bc,-6.9600665,107.7003667,681.4,8,1354,98,22.7451,65.4902,,26.97607,37,116,29.58666,39,110,30.02176,30,114,23.78535,25,120
4355,2025-11-21 10:15:48+00,4d106730-1088-4892-9045-ffeebc4d23bc,-6.960089667,107.7002677,681,8,1054,96,20,44.70588,,26.97607,37,116,29.58666,39,110,30.02176,30,114,23.78535,25,120
4356,2025-11-21 10:15:53+00,4d106730-1088-4892-9045-ffeebc4d23bc,-6.960128667,107.7001615,679.5,9,1131,97,20.39216,47.05882,,26.97607,37,116,29.58666,39,110,30.02176,30,114,23.78535,25,120
4357,2025-11-21 10:15:58+00,4d106730-1088-4892-9045-ffeebc4d23bc,-6.960100833,107.7000485,679,15,1700,98,29.80392,90.98039,,26.97607,37,116,29.58666,39,110,30.02176,30,114,23.78535,25,120
4358,2025-11-21 10:16:03+00,4d106730-1088-4892-9045-ffeebc4d23bc,-6.960044,107.6998865,678.1,29,2171,98,36.07843,92.15686,,26.97607,37,116,29.58666,39,110,30.02176,30,114,23.78535,25,120
4359,2025-11-21 10:16:08+00,4d106730-1088-4892-9045-ffeebc4d23bc,-6.960081167,107.6995503,677.5,43,2096,98,34.11765,90.98039,,26.97607,37,116,29.58666,39,110,30.02176,30,114,23.78535,25,120
4360,2025-11-21 10:16:13+00,4d106730-1088-4892-9045-ffeebc4d23bc,-6.960164,107.6990342,679.9,52,1851,99,30.58824,90.19608,,26.97607,37,116,29.58666,39,110,30.02176,30,114,23.78535,25,120
4361,2025-11-21 10:16:18+00,4d106730-1088-4892-9045-ffeebc4d23bc,-6.960273667,107.6984002,680.6,57,1694,100,32.15686,92.15686,,26.97607,37,116,29.58666,39,110,30.02176,30,114,23.78535,25,120
4362,2025-11-21 10:16:23+00,4d106730-1088-4892-9045-ffeebc4d23bc,-6.960394667,107.6976902,680.8,54,1553,99,20,35.68628,,26.97607,37,116,29.58666,39,110,30.02176,30,114,23.78535,25,120
4363,2025-11-21 10:16:28+00,4d106730-1088-4892-9045-ffeebc4d23bc,-6.960514667,107.6970002,680.2,36,1102,98,19.60784,40.39216,,26.97607,37,116,29.58666,39,110,30.02176,30,114,23.78535,25,120
4364,2025-11-21 10:16:33+00,4d106730-1088-4892-9045-ffeebc4d23bc,-6.960601833,107.6965198,678.9,38,1592,98,25.09804,77.64706,,26.97607,37,116,29.58666,39,110,30.02176,30,114,23.78535,25,120
4365,2025-11-21 10:16:38+00,4d106730-1088-4892-9045-ffeebc4d23bc,-6.960681333,107.6960513,678.7,26,899,97,19.60784,45.88235,,26.97607,37,116,29.58666,39,110,30.02176,30,114,23.78535,25,120
4366,2025-11-21 10:16:43+00,4d106730-1088-4892-9045-ffeebc4d23bc,-6.960750333,107.6956513,677.3,22,1142,98,26.66667,86.66666,,26.97607,37,116,29.58666,39,110,30.02176,30,114,23.78535,25,120
4367,2025-11-21 10:16:48+00,4d106730-1088-4892-9045-ffeebc4d23bc,-6.960883333,107.695396,678.5,24,1204,97,20.78431,55.68628,,26.97607,37,116,29.58666,39,110,30.02176,30,114,23.78535,25,120
4368,2025-11-21 10:16:53+00,4d106730-1088-4892-9045-ffeebc4d23bc,-6.960884333,107.6951092,679.7,27,1416,96,24.70588,73.72549,,26.97607,37,116,29.58666,39,110,30.02176,30,114,23.78535,25,120
4369,2025-11-21 10:16:58+00,4d106730-1088-4892-9045-ffeebc4d23bc,-6.960575167,107.6950587,681.5,35,1492,96,25.88235,82.35294,,26.97607,37,116,29.58666,39,110,30.02176,30,114,23.78535,25,120
4370,2025-11-21 10:17:03+00,4d106730-1088-4892-9045-ffeebc4d23bc,-6.960152833,107.6951003,682.4,42,1205,96,29.01961,90.98039,,26.97607,37,116,29.58666,39,110,29.15156,27,114,23.78535,25,120
4371,2025-11-21 10:17:08+00,4d106730-1088-4892-9045-ffeebc4d23bc,-6.959652833,107.6950123,684.9,44,1293,96,29.41176,90.19608,,26.97607,37,116,29.58666,39,110,29.15156,27,114,23.78535,25,120
4372,2025-11-24 07:18:48+00,4d106730-1088-4892-9045-ffeebc4d23bc,-6.956276833,107.694346,662.7,2,740,99,20.78431,72.94118,,,,,,,,,,,,,
4373,2025-11-24 07:18:59+00,4d106730-1088-4892-9045-ffeebc4d23bc,-6.9562995,107.6943377,663.4,1,792,100,20,59.21569,,,,,,,,,,,,,
4374,2025-11-24 07:20:37+00,4d106730-1088-4892-9045-ffeebc4d23bc,-6.956309,107.6943227,698.8,1,711,99,21.17647,75.68627,,,,,0,38,110,,,,24.07542,34,120
4375,2025-11-24 07:20:38+00,4d106730-1088-4892-9045-ffeebc4d23bc,-6.95631,107.694318,698.4,4,826,100,21.56863,72.94118,,27.41117,47,116,0,38,110,,,,24.07542,34,120
4376,2025-11-24 07:20:43+00,4d106730-1088-4892-9045-ffeebc4d23bc,-6.956315667,107.694279,698.3,8,932,100,19.21569,56.86274,,27.41117,47,116,0,38,110,,,,24.07542,34,120
4377,2025-11-24 07:20:48+00,4d106730-1088-4892-9045-ffeebc4d23bc,-6.9562335,107.6942618,697.8,6,851,98,19.60784,51.76471,,27.41117,47,116,0,38,110,,,,24.07542,34,120
4378,2025-11-24 07:20:53+00,4d106730-1088-4892-9045-ffeebc4d23bc,-6.956165,107.6943105,696.8,16,2003,98,26.66667,79.21568,,27.41117,47,116,0,38,110,,,,24.07542,34,120
4379,2025-11-24 07:20:58+00,4d106730-1088-4892-9045-ffeebc4d23bc,-6.956037833,107.6942527,696.8,27,1921,99,29.80392,89.41177,,27.41117,47,116,0,38,110,,,,24.07542,34,120
4380,2025-11-24 07:21:03+00,4d106730-1088-4892-9045-ffeebc4d23bc,-6.955756667,107.6941148,698.4,23,1017,99,19.60784,43.13726,,27.41117,47,116,0,38,110,,,,24.07542,34,120
4381,2025-11-24 07:21:08+00,4d106730-1088-4892-9045-ffeebc4d23bc,-6.955462167,107.6939903,699.2,10,1482,99,24.70588,74.5098,,27.41117,47,116,0,38,110,,,,24.07542,34,120
4382,2025-11-24 07:21:13+00,4d106730-1088-4892-9045-ffeebc4d23bc,-6.955334667,107.693931,700.2,25,1852,99,31.37255,89.80392,,27.41117,47,116,0,38,110,,,,24.07542,34,120
4383,2025-11-24 07:21:18+00,4d106730-1088-4892-9045-ffeebc4d23bc,-6.955056333,107.6938203,699,31,990,99,20,49.80392,,27.41117,47,116,0,38,110,,,,24.07542,34,120
4384,2025-11-24 07:21:23+00,4d106730-1088-4892-9045-ffeebc4d23bc,-6.954701667,107.6936603,698.8,35,1602,99,27.84314,85.88235,,27.41117,47,116,0,38,110,,,,24.07542,34,120
4385,2025-11-24 07:21:28+00,4d106730-1088-4892-9045-ffeebc4d23bc,-6.954339667,107.6934605,700.1,42,1264,98,30.58824,92.15686,,27.41117,47,116,0,38,110,,,,24.07542,34,120
4386,2025-11-24 07:21:33+00,4d106730-1088-4892-9045-ffeebc4d23bc,-6.953926833,107.69313,700,46,1357,99,31.76471,92.54902,,27.41117,47,116,0,38,110,,,,24.07542,34,120
4387,2025-11-24 07:21:38+00,4d106730-1088-4892-9045-ffeebc4d23bc,-6.953584667,107.6926743,698.3,47,1359,98,19.60784,37.64706,,27.41117,47,116,29.44162,38,110,,,,24.07542,34,120
4388,2025-11-24 07:21:43+00,4d106730-1088-4892-9045-ffeebc4d23bc,-6.9533145,107.6921438,699,34,1042,98,19.60784,41.17647,,27.41117,47,116,29.44162,38,110,,,,24.07542,34,120
4389,2025-11-24 07:21:48+00,4d106730-1088-4892-9045-ffeebc4d23bc,-6.953120167,107.6917338,699.1,30,904,97,20,56.86274,,27.41117,47,116,29.44162,38,110,,,,24.07542,34,120
4390,2025-11-24 07:21:53+00,4d106730-1088-4892-9045-ffeebc4d23bc,-6.9531195,107.6913727,698.2,34,1165,97,24.70588,78.82353,,27.41117,47,116,29.44162,38,110,,,,24.07542,34,120
4391,2025-11-24 07:21:58+00,4d106730-1088-4892-9045-ffeebc4d23bc,-6.953193833,107.6909693,697.7,38,1397,95,21.56863,60,,27.41117,47,116,29.44162,38,110,,,,24.22045,35,120
4392,2025-11-24 07:22:03+00,4d106730-1088-4892-9045-ffeebc4d23bc,-6.953004833,107.6905765,699.9,35,1617,95,27.05882,85.88235,,27.41117,47,116,29.44162,38,110,,,,24.22045,35,120
4393,2025-11-24 07:22:08+00,4d106730-1088-4892-9045-ffeebc4d23bc,-6.952615833,107.6904013,703.4,28,874,96,21.56863,63.13726,,27.5562,46,116,29.44162,38,110,,,,24.22045,35,120
4394,2025-11-24 07:22:13+00,4d106730-1088-4892-9045-ffeebc4d23bc,-6.952303,107.6902192,705.2,33,1636,95,29.41176,88.23529,,27.5562,46,116,29.44162,38,110,,,,24.22045,35,120
4395,2025-11-24 07:22:18+00,4d106730-1088-4892-9045-ffeebc4d23bc,-6.952088833,107.6898942,701.8,41,1762,95,32.15686,91.37255,,27.5562,46,116,29.44162,38,110,,,,24.22045,35,120
4396,2025-11-24 07:22:23+00,4d106730-1088-4892-9045-ffeebc4d23bc,-6.951873,107.689458,700.9,47,1403,95,30.98039,90.98039,,27.5562,46,116,29.44162,38,110,30.31182,37,113,24.22045,35,120
4397,2025-11-24 07:22:28+00,4d106730-1088-4892-9045-ffeebc4d23bc,-6.9516075,107.6889653,700.8,45,1250,95,20,40,,27.5562,46,116,29.44162,38,110,30.31182,37,113,24.22045,35,120
4398,2025-11-24 07:22:33+00,4d106730-1088-4892-9045-ffeebc4d23bc,-6.951348,107.6884475,701.4,33,1087,94,21.56863,52.15686,,27.5562,46,116,29.44162,38,110,30.31182,37,113,24.22045,35,120
4399,2025-11-24 07:22:38+00,4d106730-1088-4892-9045-ffeebc4d23bc,-6.9511565,107.6880458,701,40,1636,93,26.66667,84.31373,,27.5562,46,116,29.44162,38,110,30.31182,37,113,24.22045,35,120
4400,2025-11-24 07:22:43+00,4d106730-1088-4892-9045-ffeebc4d23bc,-6.9509495,107.6875962,700.1,36,1004,94,20,51.37255,,27.5562,46,116,29.44162,38,110,30.31182,36,111,24.22045,35,120
4401,2025-11-24 07:22:48+00,4d106730-1088-4892-9045-ffeebc4d23bc,-6.9507285,107.6871692,700.3,9,762,94,19.60784,53.72549,,27.5562,46,116,29.44162,38,110,30.31182,36,111,24.22045,35,120
4402,2025-11-24 07:22:53+00,4d106730-1088-4892-9045-ffeebc4d23bc,-6.9506345,107.6869862,698.9,8,1340,93,21.56863,61.56863,,27.5562,46,116,29.44162,38,110,30.31182,36,111,24.22045,35,120
4403,2025-11-24 07:22:58+00,4d106730-1088-4892-9045-ffeebc4d23bc,-6.950569667,107.6869155,698.6,8,914,93,20,56.07843,,27.5562,46,116,29.44162,38,110,30.31182,36,111,24.22045,35,120
4404,2025-11-24 07:23:03+00,4d106730-1088-4892-9045-ffeebc4d23bc,-6.9504515,107.6869105,700.6,4,785,94,19.21569,58.43137,,27.5562,46,116,29.44162,38,110,30.31182,36,111,24.22045,35,120
4405,2025-11-24 07:23:08+00,4d106730-1088-4892-9045-ffeebc4d23bc,-6.950390167,107.6869278,703.2,1,765,94,19.60784,54.90196,,27.5562,46,116,29.44162,38,110,30.31182,36,111,24.22045,35,120
4406,2025-11-24 07:24:03+00,4d106730-1088-4892-9045-ffeebc4d23bc,-6.950368167,107.686884,704.3,7,1310,95,22.35294,67.05882,,27.5562,46,116,29.44162,38,110,30.31182,36,111,24.22045,35,120
4407,2025-11-24 07:24:08+00,4d106730-1088-4892-9045-ffeebc4d23bc,-6.950318333,107.6869087,705.3,17,1387,95,24.70588,78.43137,,27.5562,46,116,29.44162,38,110,30.31182,36,111,24.22045,35,120
4408,2025-11-24 07:24:13+00,4d106730-1088-4892-9045-ffeebc4d23bc,-6.950154667,107.6869745,706.4,20,928,95,19.60784,47.45098,,27.5562,46,116,29.44162,38,110,30.31182,36,111,24.22045,35,120
4409,2025-11-24 07:24:18+00,4d106730-1088-4892-9045-ffeebc4d23bc,-6.949934,107.6870833,707.4,21,1405,95,23.13725,72.94118,,27.5562,46,116,29.44162,38,110,30.31182,36,111,24.22045,35,120
4410,2025-11-24 07:24:23+00,4d106730-1088-4892-9045-ffeebc4d23bc,-6.949716167,107.6871828,710.1,25,1267,95,23.92157,75.29412,,27.5562,46,116,29.44162,38,110,30.31182,36,111,24.22045,35,120
4411,2025-11-24 07:24:28+00,4d106730-1088-4892-9045-ffeebc4d23bc,-6.949451667,107.6873415,711.8,31,1335,95,23.52941,74.11765,,27.5562,46,116,29.44162,38,110,30.31182,36,111,24.22045,35,120
4412,2025-11-24 07:24:33+00,4d106730-1088-4892-9045-ffeebc4d23bc,-6.949130167,107.6875302,712.1,27,891,95,19.60784,47.45098,,27.5562,46,116,29.44162,38,110,30.31182,36,111,24.22045,35,120
4413,2025-11-24 07:24:38+00,4d106730-1088-4892-9045-ffeebc4d23bc,-6.948789333,107.6877133,712.3,29,1198,95,23.52941,78.03922,,27.5562,46,116,29.44162,38,110,30.31182,36,111,24.22045,35,120
4414,2025-11-24 07:24:43+00,4d106730-1088-4892-9045-ffeebc4d23bc,-6.948494333,107.6878953,713.1,33,1369,95,25.88235,82.74509,,27.5562,46,116,29.44162,38,110,30.31182,36,111,24.22045,35,120
4415,2025-11-24 07:24:48+00,4d106730-1088-4892-9045-ffeebc4d23bc,-6.948146333,107.6881135,712.6,38,1489,94,20.39216,59.60784,,27.5562,46,116,29.44162,38,110,30.31182,36,111,24.22045,35,120
4416,2025-11-24 07:24:53+00,4d106730-1088-4892-9045-ffeebc4d23bc,-6.947742,107.6883558,711,35,1066,95,19.60784,40.39216,,27.5562,46,116,29.44162,38,110,30.31182,36,111,24.22045,35,120
4417,2025-11-24 07:24:58+00,4d106730-1088-4892-9045-ffeebc4d23bc,-6.947350833,107.6885725,707.6,28,842,94,20,58.43137,,27.5562,46,116,29.44162,38,110,30.31182,36,111,24.22045,35,120
4418,2025-11-24 07:25:03+00,4d106730-1088-4892-9045-ffeebc4d23bc,-6.946992833,107.688695,705.6,14,800,94,19.60784,52.94118,,27.5562,46,116,29.44162,38,110,30.31182,36,111,24.22045,35,120
4419,2025-11-24 07:25:08+00,4d106730-1088-4892-9045-ffeebc4d23bc,-6.9467645,107.6887322,703.3,8,940,94,20,50.98039,,27.5562,46,116,29.44162,38,110,30.31182,36,111,24.22045,35,120
4420,2025-11-24 07:26:02+00,4d106730-1088-4892-9045-ffeebc4d23bc,-6.946573833,107.688781,693.8,2,797,95,20.39216,57.64706,,27.5562,46,116,29.44162,38,110,30.60188,37,119,24.22045,35,120
4421,2025-11-24 07:26:04+00,4d106730-1088-4892-9045-ffeebc4d23bc,-6.946560667,107.6887808,694.1,2,821,94,21.56863,72.15686,,27.5562,46,116,29.44162,38,110,30.60188,37,119,24.22045,35,120
4422,2025-11-24 07:27:27+00,4d106730-1088-4892-9045-ffeebc4d23bc,-6.946542167,107.6888018,699.5,1,762,96,19.60784,54.5098,,27.5562,46,116,29.44162,38,110,30.60188,37,119,24.22045,35,120
4423,2025-11-24 07:27:29+00,4d106730-1088-4892-9045-ffeebc4d23bc,-6.9465345,107.6888018,699.3,6,1071,95,25.4902,86.27451,,27.5562,46,116,29.44162,38,110,30.60188,37,119,24.22045,35,120
4424,2025-11-24 07:27:34+00,4d106730-1088-4892-9045-ffeebc4d23bc,-6.9464535,107.6888123,699.1,9,1315,96,20.78431,54.90196,,27.5562,46,116,29.44162,38,110,30.60188,37,119,24.22045,35,120
4425,2025-11-24 07:27:39+00,4d106730-1088-4892-9045-ffeebc4d23bc,-6.946326333,107.6888278,699,12,893,95,19.60784,47.84314,,27.5562,46,116,29.44162,38,110,30.60188,37,119,24.22045,35,120
4426,2025-11-24 07:27:44+00,4d106730-1088-4892-9045-ffeebc4d23bc,-6.946161,107.6888505,703,19,1406,95,20.39216,54.90196,,27.5562,46,116,29.44162,38,110,30.60188,37,119,24.22045,35,120
4427,2025-11-24 07:27:49+00,4d106730-1088-4892-9045-ffeebc4d23bc,-6.945943333,107.6888883,705.9,18,864,96,20.39216,61.17647,,27.5562,46,116,29.44162,38,110,30.60188,37,119,24.22045,35,120
4428,2025-11-24 07:27:54+00,4d106730-1088-4892-9045-ffeebc4d23bc,-6.945714167,107.6889217,712.7,18,1292,96,21.96078,69.01961,,27.5562,46,116,29.44162,38,110,30.60188,37,119,24.22045,35,120
4429,2025-11-24 07:27:59+00,4d106730-1088-4892-9045-ffeebc4d23bc,-6.945494333,107.6889472,715.9,16,828,95,19.60784,49.41177,,27.5562,46,116,29.44162,38,110,30.60188,37,119,24.22045,35,120
4430,2025-11-24 07:28:04+00,4d106730-1088-4892-9045-ffeebc4d23bc,-6.945287,107.688961,714.1,7,884,96,20.39216,61.96078,,27.5562,46,116,29.44162,38,110,30.60188,37,119,24.22045,35,120
4431,2025-11-24 07:28:09+00,4d106730-1088-4892-9045-ffeebc4d23bc,-6.945213833,107.6889163,712.5,14,1773,96,20.39216,46.66667,,27.5562,46,116,29.44162,38,110,30.60188,37,119,24.22045,35,120
4432,2025-11-24 07:28:14+00,4d106730-1088-4892-9045-ffeebc4d23bc,-6.945153333,107.6887527,703.3,6,868,96,19.60784,50.98039,,27.5562,46,116,29.44162,38,110,30.60188,37,119,24.22045,35,120
4433,2025-11-24 07:28:19+00,4d106730-1088-4892-9045-ffeebc4d23bc,-6.945114167,107.6886835,698.9,1,769,96,19.60784,54.11765,,27.5562,46,116,29.44162,38,110,30.60188,37,119,24.22045,35,120
4434,2025-11-24 07:29:04+00,4d106730-1088-4892-9045-ffeebc4d23bc,-6.9451335,107.6887177,693.3,1,749,98,19.60784,56.86274,,27.5562,46,116,29.44162,38,110,30.60188,37,119,24.22045,35,120
4435,2025-11-24 07:29:09+00,4d106730-1088-4892-9045-ffeebc4d23bc,-6.945136,107.6887193,693.3,3,760,97,19.60784,55.68628,,27.5562,46,116,29.44162,38,110,30.60188,37,119,24.22045,35,120
4436,2025-11-24 07:30:09+00,4d106730-1088-4892-9045-ffeebc4d23bc,0,0,0,2,635,99,19.21569,52.15686,,,,,,,,,,,,,
4437,2025-11-24 07:30:23+00,4d106730-1088-4892-9045-ffeebc4d23bc,-6.9449545,107.6886748,677.7,2,632,100,19.21569,55.68628,,,,,,,,,,,,,
4438,2025-11-24 07:30:28+00,4d106730-1088-4892-9045-ffeebc4d23bc,-6.9449525,107.6887048,684.7,1,639,100,19.21569,56.07843,,,,,,,,,,,,,
4439,2025-11-24 07:30:33+00,4d106730-1088-4892-9045-ffeebc4d23bc,-6.944947,107.6887562,691.4,3,644,100,19.21569,58.43137,,,,,,,,,,,,,
4440,2025-11-24 07:31:37+00,4d106730-1088-4892-9045-ffeebc4d23bc,-6.944948333,107.6888597,701.9,3,1337,100,23.92157,77.25491,,27.84627,44,116,0,41,110,30.60188,38,112,,,
4441,2025-11-24 07:31:39+00,4d106730-1088-4892-9045-ffeebc4d23bc,-6.94496,107.6888938,701.9,6,769,100,19.21569,42.35294,,27.84627,44,116,0,41,110,30.60188,38,112,,,
4442,2025-11-24 07:31:49+00,4d106730-1088-4892-9045-ffeebc4d23bc,-6.944976833,107.6889825,702.4,1,612,100,19.21569,54.5098,,27.84627,44,116,0,41,110,30.60188,38,112,,,
4443,2025-11-24 07:32:29+00,4d106730-1088-4892-9045-ffeebc4d23bc,-6.944983167,107.6889738,706.6,1,616,98,18.82353,52.15686,,27.84627,44,116,29.73169,42,110,30.60188,38,112,,,
4444,2025-11-24 07:32:34+00,4d106730-1088-4892-9045-ffeebc4d23bc,-6.944990333,107.6889983,704,3,721,98,20.78431,72.94118,,27.84627,44,116,29.73169,42,110,30.60188,38,112,,,
4445,2025-11-24 07:32:39+00,4d106730-1088-4892-9045-ffeebc4d23bc,-6.945024667,107.6890265,702.3,7,1031,99,21.96078,67.45098,,27.84627,44,116,29.73169,42,110,30.60188,38,112,,,
4446,2025-11-24 07:32:44+00,4d106730-1088-4892-9045-ffeebc4d23bc,-6.945112833,107.6890157,700,15,1714,97,25.09804,76.86275,,27.84627,44,116,29.73169,42,110,30.60188,38,112,,,
4447,2025-11-24 07:32:49+00,4d106730-1088-4892-9045-ffeebc4d23bc,-6.945290333,107.6889843,697.6,27,1715,97,25.4902,77.25491,,27.5562,43,116,29.73169,42,110,30.60188,38,112,,,
4448,2025-11-24 07:32:54+00,4d106730-1088-4892-9045-ffeebc4d23bc,-6.945610667,107.6889365,695.6,30,1239,98,25.09804,83.92157,,27.5562,43,116,29.73169,42,110,30.60188,38,112,,,
4449,2025-11-24 07:32:59+00,4d106730-1088-4892-9045-ffeebc4d23bc,-6.945974333,107.6888898,691.9,31,905,98,20,58.43137,,27.5562,43,116,29.73169,42,110,30.60188,38,112,,,
4450,2025-11-24 07:33:04+00,4d106730-1088-4892-9045-ffeebc4d23bc,-6.946332667,107.6888343,691.7,18,863,98,19.21569,54.11765,,27.5562,43,116,29.73169,42,110,30.60188,38,112,,,
4451,2025-11-24 07:33:09+00,4d106730-1088-4892-9045-ffeebc4d23bc,-6.946563,107.6888022,694.5,21,964,97,20.78431,58.82353,,27.5562,43,116,29.73169,42,110,30.60188,38,112,,,
4452,2025-11-24 07:33:14+00,4d106730-1088-4892-9045-ffeebc4d23bc,-6.946820667,107.6887757,693.4,25,1483,96,34.90196,92.94118,,27.5562,43,116,29.73169,42,110,30.60188,38,112,,,
4453,2025-11-24 07:33:19+00,4d106730-1088-4892-9045-ffeebc4d23bc,-6.947118333,107.6887058,688.4,34,1897,96,29.01961,86.66666,,27.5562,43,116,29.73169,42,110,30.60188,38,112,,,
4454,2025-11-24 07:33:24+00,4d106730-1088-4892-9045-ffeebc4d23bc,-6.947487333,107.6885172,688.2,31,982,96,19.60784,43.52941,,27.5562,43,116,29.73169,42,110,30.60188,38,112,,,
4455,2025-11-24 07:33:29+00,4d106730-1088-4892-9045-ffeebc4d23bc,-6.9478475,107.6883085,685.7,26,816,96,20.39216,62.7451,,27.5562,43,116,29.73169,42,110,30.60188,38,112,,,
4456,2025-11-24 07:33:34+00,4d106730-1088-4892-9045-ffeebc4d23bc,-6.948124333,107.6881468,687.4,20,911,96,20,50.98039,,27.5562,43,116,29.73169,42,110,30.60188,38,112,,,
4457,2025-11-24 07:33:39+00,4d106730-1088-4892-9045-ffeebc4d23bc,-6.948314833,107.6879893,684.1,17,868,95,24.70588,78.03922,,27.5562,43,116,29.73169,42,110,30.60188,38,112,,,
4458,2025-11-24 07:33:44+00,4d106730-1088-4892-9045-ffeebc4d23bc,-6.9485065,107.6878692,682.9,24,1425,95,49.01961,97.25491,,27.5562,43,116,29.73169,42,110,30.60188,38,112,,,
4459,2025-11-24 07:33:49+00,4d106730-1088-4892-9045-ffeebc4d23bc,-6.948774,107.6877348,684.1,33,1795,95,21.96078,67.84314,,27.5562,43,116,29.73169,42,110,30.60188,38,112,,,
4460,2025-11-24 07:33:54+00,4d106730-1088-4892-9045-ffeebc4d23bc,-6.9491225,107.687528,683.9,18,875,95,19.60784,50.58823,,27.5562,43,116,29.73169,42,110,30.60188,38,112,,,
4461,2025-11-24 07:33:59+00,4d106730-1088-4892-9045-ffeebc4d23bc,-6.949362667,107.687386,680.1,22,1333,95,25.88235,84.70588,,27.5562,43,116,29.73169,42,110,30.60188,38,112,,,
4462,2025-11-24 07:34:04+00,4d106730-1088-4892-9045-ffeebc4d23bc,-6.949601333,107.6872787,678.8,22,969,95,19.60784,44.31372,,27.5562,43,116,29.73169,42,110,30.60188,38,112,,,
4463,2025-11-24 07:34:09+00,4d106730-1088-4892-9045-ffeebc4d23bc,-6.949851833,107.6871437,679.4,20,919,95,19.60784,43.52941,,27.5562,43,116,29.73169,42,110,30.60188,38,112,,,
4464,2025-11-24 07:34:14+00,4d106730-1088-4892-9045-ffeebc4d23bc,-6.9500715,107.687037,682.5,15,790,95,20.78431,68.62745,,27.5562,43,116,29.73169,42,110,30.60188,38,112,,,
4465,2025-11-24 07:34:19+00,4d106730-1088-4892-9045-ffeebc4d23bc,-6.950269667,107.686972,683.4,20,1085,94,19.60784,61.96078,,27.5562,43,116,29.73169,42,110,30.60188,38,112,,,
4466,2025-11-24 07:34:24+00,4d106730-1088-4892-9045-ffeebc4d23bc,-6.9504855,107.686886,681,4,764,94,19.60784,53.72549,,27.5562,43,116,29.73169,42,110,30.60188,38,112,,,
4467,2025-11-24 07:34:29+00,4d106730-1088-4892-9045-ffeebc4d23bc,-6.950555,107.686847,679.6,5,795,94,20.39216,64.70588,,27.5562,43,116,29.73169,42,110,30.60188,38,112,,,
4468,2025-11-24 07:34:34+00,4d106730-1088-4892-9045-ffeebc4d23bc,-6.950621667,107.6868222,678.6,2,735,94,19.21569,71.37255,,27.5562,43,116,29.73169,42,110,30.60188,38,112,,,
4469,2025-11-24 07:34:39+00,4d106730-1088-4892-9045-ffeebc4d23bc,-6.950659667,107.6868035,680.8,2,755,95,19.60784,54.90196,,27.5562,43,116,29.73169,42,110,30.60188,38,112,,,
4470,2025-11-24 07:34:44+00,4d106730-1088-4892-9045-ffeebc4d23bc,-6.950699167,107.6867933,681.9,1,709,94,21.56863,76.07843,,27.5562,43,116,29.73169,42,110,30.60188,38,112,,,
4471,2025-11-24 07:34:49+00,4d106730-1088-4892-9045-ffeebc4d23bc,-6.9507265,107.6867922,683.5,4,779,95,20.78431,70.98039,,27.5562,43,116,29.73169,42,110,30.60188,38,112,,,
4472,2025-11-24 07:34:54+00,4d106730-1088-4892-9045-ffeebc4d23bc,-6.950781333,107.6867843,684.4,7,1277,95,27.05882,87.45098,,27.5562,43,116,29.73169,42,110,30.60188,38,112,,,
4473,2025-11-24 07:34:59+00,4d106730-1088-4892-9045-ffeebc4d23bc,-6.950891167,107.6867627,689,24,1855,93,26.27451,78.43137,,27.5562,43,116,29.73169,42,110,30.60188,38,112,,,
4474,2025-11-24 07:35:04+00,4d106730-1088-4892-9045-ffeebc4d23bc,-6.9511745,107.6867365,691.5,34,1440,94,25.88235,83.52941,,27.5562,43,116,29.73169,42,110,30.60188,38,112,,,
4475,2025-11-24 07:35:09+00,4d106730-1088-4892-9045-ffeebc4d23bc,-6.951591667,107.6866802,692.2,39,1139,94,20.78431,55.68628,,27.5562,43,116,29.73169,42,110,30.60188,38,112,,,
4476,2025-11-24 07:35:14+00,4d106730-1088-4892-9045-ffeebc4d23bc,-6.952072667,107.6866363,691.9,34,1347,95,24.31373,74.5098,,27.5562,43,116,29.73169,42,110,30.60188,38,112,,,
4477,2025-11-24 07:35:19+00,4d106730-1088-4892-9045-ffeebc4d23bc,-6.9525075,107.6865872,689.4,41,1689,94,27.84314,86.66666,,27.5562,43,116,29.73169,42,110,30.60188,38,112,,,
4478,2025-11-24 07:35:24+00,4d106730-1088-4892-9045-ffeebc4d23bc,-6.953008833,107.6865185,687.8,45,1313,94,20.78431,49.01961,,27.5562,43,116,29.73169,42,110,30.60188,38,112,,,
4479,2025-11-24 07:35:29+00,4d106730-1088-4892-9045-ffeebc4d23bc,-6.953555333,107.6864637,687,34,939,94,20,54.11765,,27.5562,43,116,29.73169,42,110,30.60188,38,112,,,
4480,2025-11-24 07:35:34+00,4d106730-1088-4892-9045-ffeebc4d23bc,-6.953995,107.686426,687.4,26,871,94,19.60784,47.05882,,27.5562,43,116,29.73169,42,110,30.60188,38,112,,,
4481,2025-11-24 07:35:39+00,4d106730-1088-4892-9045-ffeebc4d23bc,-6.954353,107.6863905,687.1,22,933,93,20,54.11765,,27.5562,43,116,29.73169,42,110,30.60188,38,112,,,
4482,2025-11-24 07:35:44+00,4d106730-1088-4892-9045-ffeebc4d23bc,-6.954648,107.686375,686,28,1572,93,28.62745,88.23529,,27.5562,43,116,29.73169,42,110,30.60188,38,112,,,
4483,2025-11-24 07:35:49+00,4d106730-1088-4892-9045-ffeebc4d23bc,-6.954990167,107.6863575,688.7,27,1234,93,21.96078,50.98039,,27.5562,43,116,29.73169,42,110,30.60188,38,112,,,
4484,2025-11-24 07:35:54+00,4d106730-1088-4892-9045-ffeebc4d23bc,-6.955337833,107.6863312,688.8,34,1454,92,21.56863,72.15686,,27.5562,43,116,29.73169,42,110,30.60188,38,112,,,
4485,2025-11-24 07:35:59+00,4d106730-1088-4892-9045-ffeebc4d23bc,-6.955753167,107.6863043,686.7,30,892,93,19.21569,48.23529,,27.5562,43,116,29.73169,42,110,30.60188,38,112,,,
4486,2025-11-24 07:36:04+00,4d106730-1088-4892-9045-ffeebc4d23bc,-6.956124667,107.6863397,683.4,27,891,93,19.60784,45.4902,,27.5562,43,116,29.73169,42,110,30.74692,38,112,,,
4487,2025-11-24 07:36:09+00,4d106730-1088-4892-9045-ffeebc4d23bc,-6.956459667,107.6864367,682.9,24,957,91,20,52.94118,,27.5562,43,116,29.73169,42,110,30.74692,38,112,,,
4488,2025-11-24 07:36:14+00,4d106730-1088-4892-9045-ffeebc4d23bc,-6.956748833,107.6865048,679.9,25,1429,92,26.66667,85.09804,,27.5562,43,116,29.73169,42,110,30.74692,38,112,,,
4489,2025-11-24 07:36:19+00,4d106730-1088-4892-9045-ffeebc4d23bc,-6.957050333,107.6865847,678.8,34,1449,91,24.70588,77.64706,,27.5562,43,116,29.73169,42,110,30.74692,38,112,,,
4490,2025-11-24 07:36:24+00,4d106730-1088-4892-9045-ffeebc4d23bc,-6.957466167,107.6866463,680.4,30,873,91,20,56.86274,,27.5562,43,116,29.73169,42,110,30.74692,38,112,,,
4491,2025-11-24 07:36:29+00,4d106730-1088-4892-9045-ffeebc4d23bc,-6.957859667,107.6866702,681.7,21,914,92,19.21569,57.64706,,27.5562,43,116,29.73169,42,110,30.74692,38,112,,,
4492,2025-11-24 07:36:34+00,4d106730-1088-4892-9045-ffeebc4d23bc,-6.9581455,107.6866875,681.7,18,857,91,19.60784,49.41177,,27.5562,43,116,29.73169,42,110,30.74692,38,112,,,
4493,2025-11-24 07:36:39+00,4d106730-1088-4892-9045-ffeebc4d23bc,-6.958378667,107.6867042,682.4,20,1331,91,25.88235,84.70588,,27.5562,43,116,29.73169,42,110,30.74692,38,112,,,
4494,2025-11-24 07:36:44+00,4d106730-1088-4892-9045-ffeebc4d23bc,-6.958629833,107.686718,681.7,27,1435,91,25.09804,79.60784,,27.5562,43,116,29.73169,42,110,30.74692,38,112,,,
4495,2025-11-24 07:36:49+00,4d106730-1088-4892-9045-ffeebc4d23bc,-6.958959833,107.6867292,681.5,22,993,91,19.60784,40.78431,,27.5562,43,116,29.73169,42,110,30.74692,38,112,,,
4496,2025-11-24 07:36:54+00,4d106730-1088-4892-9045-ffeebc4d23bc,-6.959257333,107.6867223,681.9,24,1117,91,21.56863,65.09804,,27.5562,43,116,29.73169,42,110,30.74692,38,112,,,
4497,2025-11-24 07:36:59+00,4d106730-1088-4892-9045-ffeebc4d23bc,-6.959556,107.6867107,682.1,21,971,92,19.60784,46.66667,,27.5562,43,116,29.73169,42,110,30.74692,38,112,,,
4498,2025-11-24 07:37:04+00,4d106730-1088-4892-9045-ffeebc4d23bc,-6.95983,107.6867023,681.9,20,945,92,23.13725,63.13726,,27.5562,43,116,29.73169,42,110,30.74692,38,112,,,
4499,2025-11-24 07:37:09+00,4d106730-1088-4892-9045-ffeebc4d23bc,-6.960087667,107.6867102,682.3,28,1110,91,20.39216,52.15686,,27.5562,43,116,29.73169,42,110,30.74692,38,112,,,
4500,2025-11-24 07:37:14+00,4d106730-1088-4892-9045-ffeebc4d23bc,-6.960421333,107.6867227,681.8,25,1432,93,29.01961,90.58823,,27.5562,43,116,29.73169,42,110,30.74692,38,112,,,
4501,2025-11-24 07:37:19+00,4d106730-1088-4892-9045-ffeebc4d23bc,-6.960743333,107.6867112,678.4,23,1032,91,19.60784,39.60784,,27.5562,43,116,29.73169,42,110,30.74692,38,112,,,
4502,2025-11-24 07:37:24+00,4d106730-1088-4892-9045-ffeebc4d23bc,-6.961053167,107.686722,676.2,18,831,92,20.39216,62.35294,,27.5562,43,116,29.73169,42,110,30.74692,38,112,,,
4503,2025-11-24 07:37:29+00,4d106730-1088-4892-9045-ffeebc4d23bc,-6.961278167,107.686747,674,14,775,92,20.39216,67.05882,,27.5562,43,116,29.73169,42,110,30.74692,38,112,,,
4504,2025-11-24 07:37:34+00,4d106730-1088-4892-9045-ffeebc4d23bc,-6.961457167,107.6867583,668.5,12,771,93,19.60784,54.90196,,27.5562,43,116,29.73169,42,110,30.74692,38,112,,,
4505,2025-11-24 07:37:39+00,4d106730-1088-4892-9045-ffeebc4d23bc,-6.961623667,107.68674,671.3,13,778,92,20.39216,67.45098,,27.5562,43,116,29.73169,42,110,30.74692,38,112,,,
4506,2025-11-24 07:37:44+00,4d106730-1088-4892-9045-ffeebc4d23bc,-6.961793333,107.6867417,672.5,9,873,92,20.39216,63.52941,,27.5562,43,116,29.73169,42,110,30.74692,38,112,,,
4507,2025-11-24 07:37:49+00,4d106730-1088-4892-9045-ffeebc4d23bc,-6.961919833,107.6867495,671.4,16,1142,91,19.60784,54.90196,,27.5562,43,116,29.73169,42,110,30.74692,38,112,,,
4508,2025-11-24 07:37:54+00,4d106730-1088-4892-9045-ffeebc4d23bc,-6.962111667,107.6867475,672.9,10,885,92,19.60784,50.98039,,27.5562,43,116,29.73169,42,110,30.74692,38,112,,,
4509,2025-11-24 07:37:59+00,4d106730-1088-4892-9045-ffeebc4d23bc,-6.962243,107.6867417,674,6,1145,93,25.88235,85.88235,,27.5562,43,116,29.73169,42,110,30.74692,38,112,,,
4510,2025-11-24 07:38:04+00,4d106730-1088-4892-9045-ffeebc4d23bc,-6.9623275,107.6867268,677.6,10,1381,93,21.56863,56.07843,,27.5562,43,116,29.73169,42,110,30.74692,38,112,,,
4511,2025-11-24 07:38:09+00,4d106730-1088-4892-9045-ffeebc4d23bc,-6.962465667,107.6867653,679.3,18,1197,92,20,40.78431,,27.5562,43,116,29.73169,42,110,30.74692,38,112,,,
4512,2025-11-24 07:38:14+00,4d106730-1088-4892-9045-ffeebc4d23bc,-6.962684833,107.6868015,679.1,21,1462,93,21.96078,61.17647,,27.5562,43,116,29.73169,42,110,30.74692,38,112,,,
4513,2025-11-24 07:38:19+00,4d106730-1088-4892-9045-ffeebc4d23bc,-6.962947167,107.6868237,677.9,25,1314,93,23.52941,74.11765,,27.5562,43,116,29.73169,42,110,30.74692,38,112,,,
4514,2025-11-24 07:38:24+00,4d106730-1088-4892-9045-ffeebc4d23bc,-6.963255,107.6868733,674.7,24,1045,93,19.60784,40,,27.5562,43,116,29.73169,42,110,30.74692,38,112,,,
4515,2025-11-24 07:38:29+00,4d106730-1088-4892-9045-ffeebc4d23bc,-6.963567,107.6869037,672.6,16,771,93,20.39216,63.52941,,27.5562,43,116,29.73169,42,110,30.74692,38,112,,,
4516,2025-11-24 07:38:34+00,4d106730-1088-4892-9045-ffeebc4d23bc,-6.963803,107.6869298,671.7,13,1303,93,23.13725,74.5098,,27.5562,43,116,29.73169,42,110,30.74692,38,112,,,
4517,2025-11-24 07:38:39+00,4d106730-1088-4892-9045-ffeebc4d23bc,-6.963978833,107.6869452,672.9,20,910,92,19.60784,50.19608,,27.5562,43,116,29.73169,42,110,30.74692,38,112,,,
4518,2025-11-24 07:38:44+00,4d106730-1088-4892-9045-ffeebc4d23bc,-6.964217,107.6869643,673.4,16,1203,93,26.66667,87.45098,,27.5562,43,116,29.73169,42,110,30.74692,38,112,,,
4519,2025-11-24 07:38:49+00,4d106730-1088-4892-9045-ffeebc4d23bc,-6.964427833,107.6869773,673.1,23,999,93,20.39216,57.64706,,27.5562,43,116,29.73169,42,110,30.74692,38,112,,,
4520,2025-11-24 07:38:54+00,4d106730-1088-4892-9045-ffeebc4d23bc,-6.9647,107.6869873,672.5,16,828,93,19.60784,49.80392,,27.5562,43,116,29.73169,42,110,30.74692,38,112,,,
4521,2025-11-24 07:38:59+00,4d106730-1088-4892-9045-ffeebc4d23bc,-6.964914333,107.6869952,672.1,14,742,93,20.39216,67.05882,,27.5562,43,116,29.73169,42,110,30.74692,38,112,,,
4522,2025-11-24 07:39:04+00,4d106730-1088-4892-9045-ffeebc4d23bc,-6.9650955,107.6870092,668.4,13,793,93,19.60784,56.07843,,27.5562,43,116,29.73169,42,110,30.74692,38,112,,,
4523,2025-11-24 07:39:09+00,4d106730-1088-4892-9045-ffeebc4d23bc,-6.965262333,107.6870087,671.1,8,922,94,19.60784,51.76471,,27.5562,43,116,29.73169,42,110,30.74692,38,112,,,
4524,2025-11-24 07:39:14+00,4d106730-1088-4892-9045-ffeebc4d23bc,-6.965383667,107.687001,671.2,4,752,93,20.78431,69.80392,,27.5562,43,116,29.73169,42,110,30.74692,38,112,,,
4525,2025-11-24 07:39:19+00,4d106730-1088-4892-9045-ffeebc4d23bc,-6.965457,107.6869785,671.7,7,852,94,20.39216,61.56863,,27.5562,43,116,29.73169,42,110,30.74692,38,112,,,
4526,2025-11-24 07:39:24+00,4d106730-1088-4892-9045-ffeebc4d23bc,-6.965524833,107.6869127,676.8,8,932,94,20,51.37255,,27.5562,43,116,29.73169,42,110,30.74692,38,112,,,
4527,2025-11-24 07:39:29+00,4d106730-1088-4892-9045-ffeebc4d23bc,-6.965583833,107.686834,677.6,20,1697,92,25.4902,78.43137,,27.5562,43,116,29.73169,42,110,30.74692,38,112,,,
4528,2025-11-24 07:39:34+00,4d106730-1088-4892-9045-ffeebc4d23bc,-6.965811833,107.6867878,680.8,29,1237,93,29.41176,91.76471,,27.5562,43,116,29.73169,42,110,30.74692,38,112,,,
4529,2025-11-24 07:39:39+00,4d106730-1088-4892-9045-ffeebc4d23bc,-6.966174667,107.686718,680.7,35,1078,94,20.39216,53.72549,,27.5562,43,116,29.73169,42,110,30.74692,38,112,,,
4530,2025-11-24 07:39:44+00,4d106730-1088-4892-9045-ffeebc4d23bc,-6.9666005,107.6866495,680.8,29,907,94,19.60784,45.88235,,27.5562,43,116,29.73169,42,110,30.74692,38,112,,,
4531,2025-11-24 07:39:49+00,4d106730-1088-4892-9045-ffeebc4d23bc,-6.966980167,107.6866798,681.4,31,1382,94,27.84314,88.62745,,27.5562,43,116,29.73169,42,110,30.74692,38,112,,,
4532,2025-11-24 07:39:54+00,4d106730-1088-4892-9045-ffeebc4d23bc,-6.967347,107.6867862,679.8,36,1675,93,27.84314,86.27451,,27.5562,43,116,29.73169,42,110,30.74692,38,112,,,
4533,2025-11-24 07:39:59+00,4d106730-1088-4892-9045-ffeebc4d23bc,-6.967782667,107.6869168,681.1,40,1295,93,21.17647,54.5098,,27.5562,43,116,29.73169,42,110,30.74692,38,112,,,
4534,2025-11-24 07:40:04+00,4d106730-1088-4892-9045-ffeebc4d23bc,-6.968203833,107.6871735,680.7,38,1401,93,26.27451,83.92157,,27.5562,43,116,29.73169,42,110,30.74692,38,112,,,
4535,2025-11-24 07:40:09+00,4d106730-1088-4892-9045-ffeebc4d23bc,-6.968485333,107.6875818,682.8,43,1254,92,24.70588,81.96078,,27.5562,43,116,29.73169,42,110,30.74692,38,112,,,
4536,2025-11-24 07:40:14+00,4d106730-1088-4892-9045-ffeebc4d23bc,-6.968687667,107.6880823,686.3,48,1410,92,24.70588,78.03922,,27.5562,43,116,29.73169,42,110,30.74692,38,112,,,
4537,2025-11-24 07:40:19+00,4d106730-1088-4892-9045-ffeebc4d23bc,-6.968838833,107.6886532,686.8,52,1520,91,25.4902,79.21568,,27.5562,43,116,29.73169,42,110,30.74692,38,112,,,
4538,2025-11-24 07:40:24+00,4d106730-1088-4892-9045-ffeebc4d23bc,-6.968979333,107.6892842,688.6,48,1383,91,19.60784,35.68628,,27.5562,43,116,29.73169,42,110,30.74692,38,112,,,
4539,2025-11-24 07:40:29+00,4d106730-1088-4892-9045-ffeebc4d23bc,-6.969075,107.6898885,689.8,50,1480,91,25.4902,80,,27.5562,43,116,29.73169,42,110,30.74692,38,112,,,
4540,2025-11-24 07:40:34+00,4d106730-1088-4892-9045-ffeebc4d23bc,-6.969083833,107.6905107,689.5,54,1589,91,26.27451,82.35294,,27.5562,43,116,29.73169,42,110,30.74692,38,112,,,
4541,2025-11-24 07:40:39+00,4d106730-1088-4892-9045-ffeebc4d23bc,-6.969037833,107.6911888,686.4,56,1363,91,19.60784,37.2549,,27.5562,43,116,29.73169,42,110,30.74692,38,112,,,
4542,2025-11-24 07:40:44+00,4d106730-1088-4892-9045-ffeebc4d23bc,-6.968990167,107.6918863,683.5,48,1375,90,19.60784,33.72549,,27.5562,43,116,29.73169,42,110,30.74692,38,119,,,
4543,2025-11-24 07:40:49+00,4d106730-1088-4892-9045-ffeebc4d23bc,-6.969024,107.6925053,684,42,1035,90,20,49.41177,,27.5562,43,116,29.73169,42,110,30.74692,38,119,,,
4544,2025-11-24 07:40:54+00,4d106730-1088-4892-9045-ffeebc4d23bc,-6.9691225,107.6930357,683.4,42,1248,90,25.09804,82.74509,,27.5562,43,116,29.73169,42,110,30.74692,38,119,,,
4545,2025-11-24 07:40:59+00,4d106730-1088-4892-9045-ffeebc4d23bc,-6.969234333,107.6935535,683.4,47,1403,90,25.4902,80.78432,,27.5562,43,116,29.73169,42,110,30.74692,38,119,,,
4546,2025-11-24 07:41:04+00,4d106730-1088-4892-9045-ffeebc4d23bc,-6.969321667,107.6941318,685.7,51,1511,90,25.88235,82.74509,,27.5562,43,116,29.73169,42,110,30.74692,38,119,,,
4547,2025-11-24 07:41:09+00,4d106730-1088-4892-9045-ffeebc4d23bc,-6.969344667,107.6947648,688.5,55,1628,90,25.4902,76.86275,,27.5562,43,116,29.73169,42,110,30.74692,38,119,,,
4548,2025-11-24 07:41:14+00,4d106730-1088-4892-9045-ffeebc4d23bc,-6.969313,107.6954548,688.1,58,1364,90,19.60784,35.68628,,27.5562,43,116,29.73169,42,110,30.74692,38,119,,,
4549,2025-11-24 07:41:19+00,4d106730-1088-4892-9045-ffeebc4d23bc,-6.969271,107.6961852,689.9,44,1071,90,20,46.27451,,27.5562,43,116,29.73169,42,110,30.74692,38,119,,,
4550,2025-11-24 07:41:24+00,4d106730-1088-4892-9045-ffeebc4d23bc,-6.969222833,107.6967793,690.2,20,781,90,19.60784,50.98039,,27.5562,43,116,29.73169,42,110,30.74692,38,119,,,
4551,2025-11-24 07:41:29+00,4d106730-1088-4892-9045-ffeebc4d23bc,-6.969187667,107.6970877,692.2,7,1150,91,23.52941,66.66666,,27.5562,43,116,29.73169,42,110,30.74692,38,119,,,
4552,2025-11-24 07:41:34+00,4d106730-1088-4892-9045-ffeebc4d23bc,-6.9691705,107.697204,689.6,20,1121,90,20.39216,51.37255,,27.5562,43,116,29.73169,42,110,30.74692,38,119,,,
4553,2025-11-24 07:41:39+00,4d106730-1088-4892-9045-ffeebc4d23bc,-6.969135667,107.6974385,688.9,25,1919,90,28.23529,84.70588,,27.5562,43,116,29.73169,42,110,30.74692,38,119,,,
4554,2025-11-24 07:41:44+00,4d106730-1088-4892-9045-ffeebc4d23bc,-6.969103333,107.697739,691.7,37,1569,91,27.84314,85.88235,,27.5562,43,116,29.73169,42,110,30.74692,38,119,,,
4555,2025-11-24 07:41:49+00,4d106730-1088-4892-9045-ffeebc4d23bc,-6.968998167,107.6981668,691.1,42,1264,91,28.62745,89.80392,,27.5562,43,116,29.73169,42,110,30.74692,38,119,,,
4556,2025-11-24 07:41:54+00,4d106730-1088-4892-9045-ffeebc4d23bc,-6.9688735,107.698694,693.9,48,1405,93,28.62745,88.62745,,27.5562,43,116,29.73169,42,110,30.74692,38,119,,,
4557,2025-11-24 07:41:59+00,4d106730-1088-4892-9045-ffeebc4d23bc,-6.968741667,107.6992715,695.2,51,1360,92,20,38.43137,,27.5562,43,116,29.73169,42,110,30.74692,38,119,,,
4558,2025-11-24 07:42:04+00,4d106730-1088-4892-9045-ffeebc4d23bc,-6.968597,107.6998887,700.6,43,1062,91,20,49.01961,,27.5562,43,116,29.73169,42,110,30.74692,38,119,,,
4559,2025-11-24 07:42:09+00,4d106730-1088-4892-9045-ffeebc4d23bc,-6.968406333,107.7004182,707.3,33,1298,91,29.41176,90.58823,,27.5562,43,116,29.73169,42,110,30.74692,38,119,,,
4560,2025-11-24 07:42:14+00,4d106730-1088-4892-9045-ffeebc4d23bc,-6.9682705,107.7008217,706,43,1835,91,38.43137,95.68627,,27.5562,43,116,29.73169,42,110,30.74692,38,119,,,
4561,2025-11-24 07:42:19+00,4d106730-1088-4892-9045-ffeebc4d23bc,-6.968139167,107.70133,704.9,52,1785,91,38.03922,96.07843,,27.5562,43,116,29.73169,42,110,30.74692,38,119,,,
4562,2025-11-24 07:42:24+00,4d106730-1088-4892-9045-ffeebc4d23bc,-6.967968167,107.7019423,704.8,57,1666,91,36.47059,96.07843,,27.5562,43,116,29.73169,42,110,30.74692,38,119,,,
4563,2025-11-24 07:42:29+00,4d106730-1088-4892-9045-ffeebc4d23bc,-6.967772,107.7026285,702.5,63,1871,92,32.15686,92.54902,,27.5562,43,116,29.73169,42,110,30.74692,38,119,,,
4564,2025-11-24 07:42:37+00,4d106730-1088-4892-9045-ffeebc4d23bc,-6.9673445,107.7037897,700.3,56,1293,91,20,42.7451,,27.5562,43,116,29.73169,42,110,30.74692,38,119,,,
4565,2025-11-24 07:42:39+00,4d106730-1088-4892-9045-ffeebc4d23bc,-6.967238,107.7040418,699.1,38,1128,91,19.60784,37.64706,,27.5562,43,116,29.73169,42,110,31.03698,37,119,,,
4566,2025-11-24 07:42:44+00,4d106730-1088-4892-9045-ffeebc4d23bc,-6.967032667,107.7045127,695.4,20,1050,91,22.35294,64.31373,,27.5562,43,116,29.73169,42,110,31.03698,37,119,,,
4567,2025-11-24 07:42:52+00,4d106730-1088-4892-9045-ffeebc4d23bc,-6.96686,107.7049642,694.7,30,1302,91,22.7451,69.41177,,27.5562,43,116,29.73169,42,110,31.03698,37,119,,,
4568,2025-11-24 07:42:57+00,4d106730-1088-4892-9045-ffeebc4d23bc,-6.966736167,107.7053222,695.1,24,812,91,19.60784,53.72549,,27.5562,43,116,29.73169,42,110,31.03698,37,119,,,
4569,2025-11-24 07:42:59+00,4d106730-1088-4892-9045-ffeebc4d23bc,-6.966695,107.7054208,693.5,18,853,91,19.60784,47.84314,,27.5562,43,116,29.73169,42,110,31.03698,37,119,,,
4570,2025-11-24 07:43:04+00,4d106730-1088-4892-9045-ffeebc4d23bc,-6.966527833,107.705554,693.4,21,1086,92,21.56863,68.62745,,27.5562,43,116,29.73169,42,110,30.74692,37,111,,,
4571,2025-11-24 07:43:09+00,4d106730-1088-4892-9045-ffeebc4d23bc,-6.966285,107.7055243,695.7,25,1605,91,25.4902,78.03922,,27.5562,43,116,29.73169,42,110,30.74692,37,111,,,
4572,2025-11-24 07:43:14+00,4d106730-1088-4892-9045-ffeebc4d23bc,-6.966107833,107.7052942,696.1,29,1196,91,19.60784,38.43137,,27.5562,43,116,29.73169,42,110,30.74692,37,111,,,
4573,2025-11-24 07:43:19+00,4d106730-1088-4892-9045-ffeebc4d23bc,-6.965865167,107.7050433,695,19,828,91,20,58.82353,,27.5562,43,116,29.73169,42,110,30.74692,37,111,,,
4574,2025-11-24 07:43:24+00,4d106730-1088-4892-9045-ffeebc4d23bc,-6.9656155,107.7049308,693.1,13,767,91,19.60784,56.47059,,27.5562,43,116,29.73169,42,110,30.74692,37,111,,,
4575,2025-11-24 07:43:29+00,4d106730-1088-4892-9045-ffeebc4d23bc,-6.9654525,107.7048485,692.4,16,821,92,19.60784,53.33333,,27.5562,43,116,29.73169,42,110,30.74692,37,111,,,
4576,2025-11-24 07:43:34+00,4d106730-1088-4892-9045-ffeebc4d23bc,-6.965260833,107.7048038,692.2,16,972,92,23.52941,78.43137,,27.5562,43,116,29.73169,42,110,30.74692,37,111,,,
4577,2025-11-24 07:43:39+00,4d106730-1088-4892-9045-ffeebc4d23bc,-6.965048167,107.7047925,691.5,22,1189,91,20,61.56863,,27.5562,43,116,29.73169,42,110,30.74692,37,111,,,
4578,2025-11-24 07:43:44+00,4d106730-1088-4892-9045-ffeebc4d23bc,-6.964785333,107.7047853,691.2,18,1348,91,29.41176,88.62745,,27.5562,43,116,29.73169,42,110,30.74692,37,111,,,
4579,2025-11-24 07:43:49+00,4d106730-1088-4892-9045-ffeebc4d23bc,-6.964539667,107.704774,689.5,9,850,91,20,61.96078,,27.5562,43,116,29.73169,42,110,31.03698,37,111,,,
4580,2025-11-24 07:43:54+00,4d106730-1088-4892-9045-ffeebc4d23bc,-6.964394,107.704774,688.3,14,1890,92,25.4902,74.5098,,27.5562,43,116,29.73169,42,110,31.03698,37,111,,,
4581,2025-11-24 07:43:59+00,4d106730-1088-4892-9045-ffeebc4d23bc,-6.964240333,107.7047832,684.1,18,1206,91,19.60784,38.82353,,27.5562,43,116,29.73169,42,110,31.03698,37,111,,,
4582,2025-11-24 07:44:04+00,4d106730-1088-4892-9045-ffeebc4d23bc,-6.964010333,107.7048045,683.1,7,839,91,20,60.39216,,27.5562,43,116,29.73169,42,110,31.03698,37,111,,,
4583,2025-11-24 07:44:09+00,4d106730-1088-4892-9045-ffeebc4d23bc,-6.963901333,107.7048017,685.7,12,1673,92,24.70588,72.54902,,27.5562,43,116,29.73169,42,110,31.03698,37,111,,,
4584,2025-11-24 07:44:14+00,4d106730-1088-4892-9045-ffeebc4d23bc,-6.9637825,107.7048097,688.3,25,1092,91,20,50.19608,,27.5562,43,116,29.73169,42,110,31.03698,37,111,,,
4585,2025-11-24 07:44:19+00,4d106730-1088-4892-9045-ffeebc4d23bc,-6.963510667,107.7048597,686.8,22,896,91,20,56.07843,,27.5562,43,116,29.73169,42,110,31.03698,37,111,,,
4586,2025-11-24 07:44:24+00,4d106730-1088-4892-9045-ffeebc4d23bc,-6.9632365,107.7049098,684.1,5,785,93,19.60784,54.11765,,27.5562,43,116,29.73169,42,110,31.03698,37,111,,,
4587,2025-11-24 07:44:32+00,4d106730-1088-4892-9045-ffeebc4d23bc,-6.9631,107.7049252,685.8,5,795,93,19.60784,51.76471,,27.5562,43,116,29.73169,42,110,31.03698,37,111,,,
4588,2025-11-24 07:44:34+00,4d106730-1088-4892-9045-ffeebc4d23bc,-6.963072167,107.704926,687.3,10,1404,93,23.92157,72.54902,,27.5562,43,116,29.73169,42,110,31.03698,37,111,,,
4589,2025-11-24 07:44:42+00,4d106730-1088-4892-9045-ffeebc4d23bc,-6.962862667,107.7049442,689,18,1186,91,19.60784,41.56863,,27.5562,43,116,29.73169,42,110,31.03698,37,111,,,
4590,2025-11-24 07:44:47+00,4d106730-1088-4892-9045-ffeebc4d23bc,-6.962677167,107.7049683,685.4,9,932,92,19.60784,48.62745,,27.5562,43,116,29.73169,42,110,31.03698,37,111,,,
4591,2025-11-24 07:44:49+00,4d106730-1088-4892-9045-ffeebc4d23bc,-6.962627,107.704979,684.5,7,1106,93,26.66667,87.05882,,27.5562,43,116,29.73169,42,110,31.03698,37,111,,,
4592,2025-11-24 07:44:57+00,4d106730-1088-4892-9045-ffeebc4d23bc,-6.962417667,107.7050113,686,10,1012,92,19.21569,40.39216,,27.5562,43,116,29.73169,42,110,31.03698,37,111,,,
4593,2025-11-24 07:45:02+00,4d106730-1088-4892-9045-ffeebc4d23bc,-6.962289667,107.7050278,687.1,8,953,92,19.60784,41.96078,,27.5562,43,116,29.73169,42,110,31.03698,37,111,,,
4594,2025-11-24 07:45:07+00,4d106730-1088-4892-9045-ffeebc4d23bc,-6.962211167,107.7049842,689.9,7,1271,92,27.05882,86.66666,,27.5562,43,116,29.73169,42,110,31.03698,37,111,,,
4595,2025-11-24 07:45:09+00,4d106730-1088-4892-9045-ffeebc4d23bc,-6.9621825,107.704945,691.2,16,1084,92,19.60784,42.7451,,27.5562,43,116,29.73169,42,110,31.03698,37,111,,,
4596,2025-11-24 07:45:14+00,4d106730-1088-4892-9045-ffeebc4d23bc,-6.962055833,107.7047688,691.4,23,1771,92,23.92157,67.84314,,27.5562,43,116,29.73169,42,110,31.03698,37,111,,,
4597,2025-11-24 07:45:19+00,4d106730-1088-4892-9045-ffeebc4d23bc,-6.961987333,107.7045127,689.1,27,1467,92,25.88235,81.17647,,27.5562,43,116,29.73169,42,110,31.03698,37,111,,,
4598,2025-11-24 07:45:24+00,4d106730-1088-4892-9045-ffeebc4d23bc,-6.961965833,107.7041797,686.4,32,995,93,20,48.62745,,27.5562,43,116,29.73169,42,110,31.03698,37,111,,,
4599,2025-11-24 07:45:29+00,4d106730-1088-4892-9045-ffeebc4d23bc,-6.961907333,107.703791,684.1,33,1310,93,21.96078,63.92157,,27.5562,43,116,29.73169,42,110,31.03698,37,111,,,
4600,2025-11-24 07:45:34+00,4d106730-1088-4892-9045-ffeebc4d23bc,-6.9616935,107.7034348,684.5,25,812,93,20.39216,61.17647,,27.5562,43,116,29.73169,42,110,31.03698,37,111,,,
4601,2025-11-24 07:45:42+00,4d106730-1088-4892-9045-ffeebc4d23bc,-6.96135,107.7030797,685,11,759,93,19.60784,53.72549,,27.5562,43,116,29.73169,42,110,31.03698,37,111,,,
4602,2025-11-24 07:45:47+00,4d106730-1088-4892-9045-ffeebc4d23bc,-6.961271833,107.7030327,683,6,1036,93,23.13725,69.41177,,27.5562,43,116,29.73169,42,110,31.03698,37,111,,,
4603,2025-11-24 07:45:52+00,4d106730-1088-4892-9045-ffeebc4d23bc,-6.9611335,107.7029567,682.8,19,1530,91,26.27451,81.96078,,27.5562,43,116,29.73169,42,110,31.03698,37,111,,,
4604,2025-11-24 07:45:54+00,4d106730-1088-4892-9045-ffeebc4d23bc,-6.961038,107.7029128,683.2,25,1465,93,23.52941,70.58823,,27.5562,43,116,29.73169,42,110,31.03698,37,111,,,
4605,2025-11-24 07:45:59+00,4d106730-1088-4892-9045-ffeebc4d23bc,-6.960752333,107.7027902,684.1,29,1219,92,19.60784,39.60784,,27.5562,43,116,29.73169,42,110,31.03698,37,111,,,
4606,2025-11-24 07:46:04+00,4d106730-1088-4892-9045-ffeebc4d23bc,-6.960400833,107.7026617,685.6,26,987,93,20,51.76471,,27.5562,43,116,29.73169,42,110,31.03698,37,111,,,
4607,2025-11-24 07:46:09+00,4d106730-1088-4892-9045-ffeebc4d23bc,-6.960075,107.702549,684.9,18,841,93,19.60784,46.66667,,27.5562,43,116,29.73169,42,110,31.03698,37,111,,,
4608,2025-11-24 07:46:14+00,4d106730-1088-4892-9045-ffeebc4d23bc,-6.959826167,107.7024502,683.5,17,1407,93,21.56863,68.62745,,27.5562,43,116,29.73169,42,110,31.03698,37,111,,,
4609,2025-11-24 07:46:19+00,4d106730-1088-4892-9045-ffeebc4d23bc,-6.959649667,107.7023583,685.8,20,1252,92,25.09804,80.78432,,27.5562,43,116,29.73169,42,110,31.03698,37,111,,,
4610,2025-11-24 07:46:24+00,4d106730-1088-4892-9045-ffeebc4d23bc,-6.959590333,107.702113,685.7,28,1651,92,25.4902,78.43137,,27.5562,43,116,29.73169,42,110,31.03698,37,111,,,
4611,2025-11-24 07:46:29+00,4d106730-1088-4892-9045-ffeebc4d23bc,-6.9596465,107.701788,683.1,37,1558,92,25.4902,79.21568,,27.5562,43,116,29.73169,42,110,31.03698,37,111,,,
4612,2025-11-24 07:46:34+00,4d106730-1088-4892-9045-ffeebc4d23bc,-6.959719833,107.7013518,680.6,41,1185,92,19.60784,56.86274,,27.5562,43,116,29.73169,42,110,31.03698,37,111,,,
4613,2025-11-24 07:46:39+00,4d106730-1088-4892-9045-ffeebc4d23bc,-6.9598045,107.700853,679.6,31,959,93,19.60784,42.35294,,27.5562,43,116,29.73169,42,110,31.03698,37,111,,,
4614,2025-11-24 07:46:44+00,4d106730-1088-4892-9045-ffeebc4d23bc,-6.959879167,107.7004315,678.8,6,824,92,19.60784,52.54902,,27.5562,43,116,29.73169,42,110,31.03698,37,111,,,
4615,2025-11-24 07:46:49+00,4d106730-1088-4892-9045-ffeebc4d23bc,-6.959903833,107.7002813,678.1,17,1385,91,25.4902,81.56863,,27.5562,43,116,29.73169,42,110,31.03698,37,111,,,
4616,2025-11-24 07:46:54+00,4d106730-1088-4892-9045-ffeebc4d23bc,-6.959934333,107.7001067,676.5,25,1517,91,24.70588,74.90196,,27.5562,43,116,29.73169,42,110,31.03698,37,111,,,
4617,2025-11-24 07:46:59+00,4d106730-1088-4892-9045-ffeebc4d23bc,-6.959977833,107.699809,676.1,34,1439,91,27.05882,85.4902,,27.5562,43,116,29.73169,42,110,31.03698,37,111,,,
4618,2025-11-24 07:47:04+00,4d106730-1088-4892-9045-ffeebc4d23bc,-6.9600325,107.6994055,675.5,42,1231,91,28.62745,90.58823,,27.5562,43,116,29.73169,42,110,31.03698,37,111,,,
4619,2025-11-24 07:47:09+00,4d106730-1088-4892-9045-ffeebc4d23bc,-6.9601225,107.6989075,675.7,46,1338,93,32.15686,92.15686,,27.5562,43,116,29.73169,42,110,31.03698,37,111,,,
4620,2025-11-24 07:47:14+00,4d106730-1088-4892-9045-ffeebc4d23bc,-6.960223333,107.698357,676.3,52,1526,92,32.54902,91.37255,,27.5562,43,116,29.73169,42,110,31.03698,37,111,,,
4621,2025-11-24 07:47:19+00,4d106730-1088-4892-9045-ffeebc4d23bc,-6.960337667,107.6977373,676.5,56,1392,91,19.60784,40.39216,,27.5562,43,116,29.73169,42,110,31.03698,37,111,,,
4622,2025-11-24 07:47:24+00,4d106730-1088-4892-9045-ffeebc4d23bc,-6.960458667,107.697057,676.7,40,1056,91,20,48.62745,,27.5562,43,116,29.73169,42,110,31.03698,37,111,,,
4623,2025-11-24 07:47:29+00,4d106730-1088-4892-9045-ffeebc4d23bc,-6.960554833,107.6965165,676.5,43,1277,91,20.39216,57.64706,,27.5562,43,116,29.73169,42,110,31.03698,37,111,,,
4624,2025-11-24 07:47:34+00,4d106730-1088-4892-9045-ffeebc4d23bc,-6.9606475,107.6959963,676.6,32,1004,91,19.60784,40.39216,,27.5562,43,116,29.73169,42,110,31.03698,37,111,,,
4625,2025-11-24 07:47:39+00,4d106730-1088-4892-9045-ffeebc4d23bc,-6.960745667,107.6955613,676.7,22,877,91,19.60784,48.23529,,27.5562,43,116,29.73169,42,110,31.03698,37,111,,,
4626,2025-11-24 07:47:44+00,4d106730-1088-4892-9045-ffeebc4d23bc,-6.9608895,107.6952808,676.8,20,873,91,20,56.07843,,27.5562,43,116,29.73169,42,110,31.03698,37,111,,,
4627,2025-11-24 07:47:49+00,4d106730-1088-4892-9045-ffeebc4d23bc,-6.9607915,107.695065,679.4,20,1081,91,21.56863,58.82353,,27.5562,43,116,29.73169,42,110,31.03698,37,111,,,
4628,2025-11-24 07:47:54+00,4d106730-1088-4892-9045-ffeebc4d23bc,-6.960546833,107.6950757,680.7,10,754,91,19.60784,52.54902,,27.5562,43,116,29.73169,42,110,31.03698,37,112,,,
4629,2025-11-24 07:47:59+00,4d106730-1088-4892-9045-ffeebc4d23bc,-6.960378833,107.695138,681.3,12,1678,91,25.88235,78.82353,,27.5562,43,116,29.73169,42,110,31.03698,37,112,,,
4630,2025-11-24 07:48:04+00,4d106730-1088-4892-9045-ffeebc4d23bc,-6.960242833,107.6951332,681.7,24,1862,91,25.88235,78.03922,,27.5562,43,116,29.73169,42,110,31.03698,37,112,,,
4631,2025-11-24 07:48:09+00,4d106730-1088-4892-9045-ffeebc4d23bc,-6.959968667,107.6950775,683.1,34,1426,91,25.4902,80.39216,,27.5562,43,116,29.73169,42,110,31.03698,37,112,,,
4632,2025-11-24 07:48:14+00,4d106730-1088-4892-9045-ffeebc4d23bc,-6.9595735,107.6950018,683.7,37,1091,92,19.60784,45.88235,,27.5562,43,116,29.73169,42,110,31.03698,37,112,,,
4633,2025-11-24 07:48:19+00,4d106730-1088-4892-9045-ffeebc4d23bc,-6.9591125,107.6949275,684.4,16,778,92,20.39216,63.92157,,27.5562,43,116,29.73169,42,110,31.03698,37,112,,,
4634,2025-11-24 07:48:24+00,4d106730-1088-4892-9045-ffeebc4d23bc,-6.958849833,107.6949235,686.2,11,887,93,19.21569,56.86274,,27.5562,43,116,29.73169,42,110,31.03698,37,112,,,
4635,2025-11-24 07:48:29+00,4d106730-1088-4892-9045-ffeebc4d23bc,-6.9588335,107.6950072,688.7,22,1782,92,26.27451,79.21568,,27.5562,43,116,29.73169,42,110,31.03698,37,112,,,
4636,2025-11-24 07:48:34+00,4d106730-1088-4892-9045-ffeebc4d23bc,-6.959067333,107.695029,689.7,35,1469,91,27.05882,85.4902,,27.5562,43,116,29.73169,42,110,31.03698,37,112,,,
4637,2025-11-24 07:48:39+00,4d106730-1088-4892-9045-ffeebc4d23bc,-6.959469333,107.6950943,689.9,37,967,92,20,53.72549,,27.5562,43,116,29.73169,42,110,31.03698,37,112,,,
4638,2025-11-24 07:48:44+00,4d106730-1088-4892-9045-ffeebc4d23bc,-6.959937667,107.6951733,689.1,28,904,93,19.60784,46.66667,,27.5562,43,116,29.73169,42,110,31.03698,37,112,,,
4639,2025-11-24 07:48:49+00,4d106730-1088-4892-9045-ffeebc4d23bc,-6.960319667,107.6952505,688.6,23,1032,93,19.60784,44.31372,,27.5562,43,116,29.73169,42,110,31.03698,37,112,,,
4640,2025-11-24 07:48:54+00,4d106730-1088-4892-9045-ffeebc4d23bc,-6.9604945,107.6954778,689.7,30,1287,91,27.45098,89.41177,,27.5562,43,116,29.73169,42,110,31.03698,37,112,,,
4641,2025-11-24 07:48:59+00,4d106730-1088-4892-9045-ffeebc4d23bc,-6.960473333,107.6958275,689.7,37,1576,91,27.05882,84.70588,,27.5562,43,116,29.73169,42,110,31.03698,37,112,,,
4642,2025-11-24 07:49:04+00,4d106730-1088-4892-9045-ffeebc4d23bc,-6.960396333,107.6962737,689.4,32,984,92,19.21569,40.78431,,27.5562,43,116,29.73169,42,110,31.03698,37,112,,,
4643,2025-11-24 07:49:09+00,4d106730-1088-4892-9045-ffeebc4d23bc,-6.9603225,107.6967012,689.8,34,1556,93,24.70588,76.07843,,27.5562,43,116,29.73169,42,110,31.03698,37,112,,,
4644,2025-11-24 07:49:14+00,4d106730-1088-4892-9045-ffeebc4d23bc,-6.960247833,107.6971145,690,42,1221,91,25.09804,83.52941,,27.5562,43,116,29.73169,42,110,31.03698,37,112,,,
4645,2025-11-24 07:49:19+00,4d106730-1088-4892-9045-ffeebc4d23bc,-6.960159167,107.697613,689.8,46,1354,93,25.88235,82.74509,,27.5562,43,116,29.73169,42,110,31.03698,37,112,,,
4646,2025-11-24 07:49:24+00,4d106730-1088-4892-9045-ffeebc4d23bc,-6.960059,107.6981783,688.9,49,1461,93,20,57.2549,,27.5562,43,116,29.73169,42,110,31.03698,37,112,,,
4647,2025-11-24 07:49:29+00,4d106730-1088-4892-9045-ffeebc4d23bc,-6.9599505,107.6987853,689.6,44,1264,92,19.60784,34.90196,,27.5562,43,116,29.73169,42,110,31.03698,37,112,,,
4648,2025-11-24 07:49:34+00,4d106730-1088-4892-9045-ffeebc4d23bc,-6.959849,107.6993538,689.6,24,807,91,19.60784,49.01961,,27.5562,43,116,29.73169,42,110,31.03698,37,112,,,
4649,2025-11-24 07:49:39+00,4d106730-1088-4892-9045-ffeebc4d23bc,-6.959785167,107.6997003,689.4,9,1464,91,25.4902,79.60784,,27.5562,43,116,29.73169,42,110,31.03698,37,112,,,
4650,2025-11-24 07:49:44+00,4d106730-1088-4892-9045-ffeebc4d23bc,-6.959762333,107.6998197,690.3,25,1847,91,25.4902,76.07843,,27.5562,43,116,29.73169,42,110,31.03698,37,112,,,
4651,2025-11-24 07:49:49+00,4d106730-1088-4892-9045-ffeebc4d23bc,-6.959713833,107.7000902,689.9,35,1468,91,25.09804,78.82353,,27.5562,43,116,29.73169,42,110,31.03698,37,112,,,
4652,2025-11-24 07:49:54+00,4d106730-1088-4892-9045-ffeebc4d23bc,-6.959639333,107.7004975,690.1,41,1218,92,24.70588,81.96078,,27.5562,43,116,29.73169,42,110,31.03698,37,112,,,
4653,2025-11-24 07:49:59+00,4d106730-1088-4892-9045-ffeebc4d23bc,-6.959553167,107.7009973,690,43,1105,93,20,50.58823,,27.5562,43,116,29.73169,42,110,31.03698,37,112,,,
4654,2025-11-24 07:50:04+00,4d106730-1088-4892-9045-ffeebc4d23bc,-6.959457333,107.7015313,690.4,25,842,93,19.60784,48.23529,,27.5562,43,116,29.73169,42,110,31.03698,37,112,,,
4655,2025-11-24 07:50:09+00,4d106730-1088-4892-9045-ffeebc4d23bc,-6.959391667,107.7019085,690.7,7,960,93,21.17647,55.68628,,27.5562,43,116,29.73169,42,110,31.03698,37,112,,,
4656,2025-11-24 07:50:14+00,4d106730-1088-4892-9045-ffeebc4d23bc,-6.959370667,107.7020182,691.7,16,1308,91,21.96078,62.7451,,27.5562,43,116,29.73169,42,110,31.03698,37,112,,,
4657,2025-11-24 07:50:19+00,4d106730-1088-4892-9045-ffeebc4d23bc,-6.959331,107.7021978,690.9,17,968,92,20,52.15686,,27.5562,43,116,29.73169,42,110,31.03698,37,112,,,
4658,2025-11-24 07:50:24+00,4d106730-1088-4892-9045-ffeebc4d23bc,-6.959341,107.7024068,692,16,1218,93,24.31373,70.58823,,27.5562,43,116,29.73169,42,110,31.18202,38,113,,,
4659,2025-11-24 07:50:29+00,4d106730-1088-4892-9045-ffeebc4d23bc,-6.959502,107.7023695,692.3,28,1691,91,28.23529,88.62745,,27.5562,43,116,29.73169,42,110,31.18202,38,113,,,
4660,2025-11-24 07:50:34+00,4d106730-1088-4892-9045-ffeebc4d23bc,-6.959574667,107.7020602,690.3,37,1589,93,26.27451,81.17647,,27.5562,43,116,29.73169,42,110,31.18202,38,113,,,
4661,2025-11-24 07:50:39+00,4d106730-1088-4892-9045-ffeebc4d23bc,-6.959646667,107.7016155,689.5,42,1231,93,25.4902,83.92157,,27.5562,43,116,29.73169,42,110,31.18202,38,113,,,
4662,2025-11-24 07:50:44+00,4d106730-1088-4892-9045-ffeebc4d23bc,-6.959734333,107.7011082,690,34,1041,93,19.60784,39.21569,,27.5562,43,116,29.73169,42,110,31.18202,38,113,,,
4663,2025-11-24 07:50:49+00,4d106730-1088-4892-9045-ffeebc4d23bc,-6.959816167,107.7006318,689.9,19,885,92,19.60784,48.23529,,27.5562,43,116,29.73169,42,110,31.18202,38,113,,,
4664,2025-11-24 07:50:54+00,4d106730-1088-4892-9045-ffeebc4d23bc,-6.959865167,107.700357,689.8,10,930,92,23.13725,70.98039,,27.5562,43,116,29.73169,42,110,31.18202,38,113,,,
4665,2025-11-24 07:50:59+00,4d106730-1088-4892-9045-ffeebc4d23bc,-6.959900167,107.7002253,690.9,13,1257,91,19.60784,38.03922,,27.5562,43,116,29.73169,42,110,31.18202,38,113,,,
4666,2025-11-24 07:51:04+00,4d106730-1088-4892-9045-ffeebc4d23bc,-6.960003667,107.7000987,690.6,8,1236,91,22.35294,66.66666,,27.5562,43,116,29.73169,42,110,31.18202,38,113,,,
4667,2025-11-24 07:51:09+00,4d106730-1088-4892-9045-ffeebc4d23bc,-6.96007,107.7001585,689.4,12,1199,91,19.60784,37.2549,,27.5562,43,116,29.73169,42,110,31.18202,38,113,,,
4668,2025-11-24 07:51:14+00,4d106730-1088-4892-9045-ffeebc4d23bc,-6.960064833,107.7003142,688.2,7,810,91,20,60.39216,,27.5562,43,116,29.73169,42,110,31.18202,38,113,,,
4669,2025-11-24 07:51:19+00,4d106730-1088-4892-9045-ffeebc4d23bc,-6.960051667,107.7004272,687.5,3,735,93,19.60784,54.90196,,27.5562,43,116,29.73169,42,110,31.18202,38,113,,,
4670,2025-11-24 07:51:24+00,4d106730-1088-4892-9045-ffeebc4d23bc,-6.960024667,107.7004253,686.1,1,734,93,19.60784,54.5098,,27.5562,43,116,29.73169,42,110,31.18202,38,113,,,
4671,2025-11-24 07:51:29+00,4d106730-1088-4892-9045-ffeebc4d23bc,-6.9600305,107.700425,687,2,741,93,19.60784,55.29412,,27.5562,43,116,29.73169,42,110,31.18202,38,113,,,
4672,2025-11-24 07:51:34+00,4d106730-1088-4892-9045-ffeebc4d23bc,-6.960071,107.700432,686.4,1,765,92,20.78431,73.33334,,27.5562,43,116,29.73169,42,110,31.18202,38,113,,,
4673,2025-11-24 08:08:05+00,4d106730-1088-4892-9045-ffeebc4d23bc,-6.959986833,107.7004738,697.7,3,782,99,19.21569,61.17647,,27.5562,43,116,29.73169,42,110,30.74692,34,112,,,
4674,2025-11-24 08:08:10+00,4d106730-1088-4892-9045-ffeebc4d23bc,-6.9599545,107.7004577,698.3,7,989,100,19.60784,46.66667,,27.5562,43,116,29.73169,42,110,30.74692,34,112,,,
4675,2025-11-24 08:08:15+00,4d106730-1088-4892-9045-ffeebc4d23bc,-6.9599675,107.7003727,696.3,12,1232,98,19.60784,38.43137,,27.5562,43,116,29.73169,42,110,30.74692,34,112,,,
4676,2025-11-24 08:08:20+00,4d106730-1088-4892-9045-ffeebc4d23bc,-6.960023167,107.7002262,695.2,11,890,98,20.39216,60,,27.5562,43,116,29.73169,42,110,30.74692,34,112,,,
4677,2025-11-24 08:08:25+00,4d106730-1088-4892-9045-ffeebc4d23bc,-6.960049667,107.7000907,692.5,16,1394,97,22.7451,67.05882,,27.5562,43,116,29.73169,42,110,30.74692,34,112,,,
4678,2025-11-24 08:08:30+00,4d106730-1088-4892-9045-ffeebc4d23bc,-6.959960167,107.6999335,690.8,24,1570,97,24.70588,77.64706,,27.5562,43,116,29.73169,42,110,30.74692,34,112,,,
4679,2025-11-24 08:08:35+00,4d106730-1088-4892-9045-ffeebc4d23bc,-6.959988833,107.6996473,691.2,35,1714,97,33.33333,93.33334,,27.5562,43,116,29.73169,42,110,30.74692,34,112,,,
4680,2025-11-24 08:08:40+00,4d106730-1088-4892-9045-ffeebc4d23bc,-6.960051,107.6992408,689.5,42,2094,97,36.47059,92.54902,,27.5562,43,116,29.73169,42,110,30.74692,34,112,,,
4681,2025-11-24 08:08:45+00,4d106730-1088-4892-9045-ffeebc4d23bc,-6.960139,107.6987347,688.9,53,2460,96,34.90196,91.37255,,27.5562,43,116,29.73169,42,110,30.74692,34,112,,,
4682,2025-11-24 08:08:50+00,4d106730-1088-4892-9045-ffeebc4d23bc,-6.96025,107.6981052,688.5,56,1504,97,20,36.47059,,27.5562,43,116,29.73169,42,110,30.74692,34,112,,,
4683,2025-11-24 08:08:55+00,4d106730-1088-4892-9045-ffeebc4d23bc,-6.960375833,107.6974077,687.3,47,1162,96,20,45.88235,,27.5562,43,116,29.73169,42,110,30.74692,34,112,,,
4684,2025-11-24 08:09:00+00,4d106730-1088-4892-9045-ffeebc4d23bc,-6.960485833,107.6967898,687.1,41,1590,96,27.05882,87.05882,,27.5562,43,116,29.73169,42,110,30.74692,34,112,,,
4685,2025-11-24 08:09:05+00,4d106730-1088-4892-9045-ffeebc4d23bc,-6.9605735,107.6962925,686.7,36,1085,95,19.60784,40,,27.5562,43,116,29.73169,42,110,30.74692,34,112,,,
4686,2025-11-24 08:09:10+00,4d106730-1088-4892-9045-ffeebc4d23bc,-6.960655333,107.69582,685.8,7,1452,95,24.70588,76.47059,,27.5562,43,116,29.73169,42,110,30.74692,34,112,,,
4687,2025-11-24 08:09:15+00,4d106730-1088-4892-9045-ffeebc4d23bc,-6.960681667,107.6956825,685,7,916,94,23.13725,70.98039,,27.5562,43,116,29.73169,42,110,30.74692,34,112,,,
4688,2025-11-24 08:09:20+00,4d106730-1088-4892-9045-ffeebc4d23bc,-6.960709167,107.6955592,685.3,18,1490,94,23.13725,69.80392,,27.5562,43,116,29.73169,42,110,30.74692,34,112,,,
4689,2025-11-24 08:09:25+00,4d106730-1088-4892-9045-ffeebc4d23bc,-6.960813833,107.6953913,687.1,20,1346,94,21.56863,45.88235,,27.5562,43,116,29.73169,42,110,30.74692,34,112,,,
4690,2025-11-24 08:09:30+00,4d106730-1088-4892-9045-ffeebc4d23bc,-6.96085,107.6951642,687.3,21,1471,94,21.96078,58.82353,,27.5562,43,116,29.73169,42,110,30.74692,34,112,,,
4691,2025-11-24 08:09:35+00,4d106730-1088-4892-9045-ffeebc4d23bc,-6.960635333,107.6950495,687.6,27,1633,95,25.09804,77.64706,,27.5562,43,116,29.73169,42,110,30.74692,34,112,,,
4692,2025-11-24 08:09:40+00,4d106730-1088-4892-9045-ffeebc4d23bc,-6.960340333,107.6951468,689.4,33,1400,94,25.88235,81.96078,,27.5562,43,116,29.73169,42,110,30.74692,34,112,,,
4693,2025-11-24 08:09:45+00,4d106730-1088-4892-9045-ffeebc4d23bc,-6.959939,107.6951007,690.2,40,1689,94,28.62745,87.84314,,27.5562,43,116,29.73169,42,110,30.74692,34,112,,,
4694,2025-11-24 08:09:50+00,4d106730-1088-4892-9045-ffeebc4d23bc,-6.959461,107.6950075,689.7,44,1289,95,25.88235,85.4902,,27.5562,43,116,29.73169,42,110,30.74692,34,112,,,
4695,2025-11-24 08:09:55+00,4d106730-1088-4892-9045-ffeebc4d23bc,-6.958921333,107.6949287,690.4,47,1388,94,26.66667,85.88235,,27.5562,43,116,29.73169,42,110,30.74692,34,112,,,
4696,2025-11-24 08:10:00+00,4d106730-1088-4892-9045-ffeebc4d23bc,-6.958340667,107.6949475,692,50,1331,94,20,39.60784,,27.5562,43,116,29.73169,42,110,30.74692,34,112,,,
4697,2025-11-24 08:10:05+00,4d106730-1088-4892-9045-ffeebc4d23bc,-6.9577185,107.6950318,693.5,36,1075,93,19.60784,40.39216,,27.5562,43,116,29.73169,42,110,30.74692,34,112,,,
4698,2025-11-24 08:10:10+00,4d106730-1088-4892-9045-ffeebc4d23bc,-6.957217333,107.6951063,694.6,6,836,93,21.17647,69.80392,,27.5562,43,116,29.73169,42,110,30.74692,34,112,,,
4699,2025-11-24 08:11:35+00,4d106730-1088-4892-9045-ffeebc4d23bc,-6.957049833,107.6951665,699.5,1,740,94,19.60784,53.72549,,27.5562,43,116,29.73169,42,110,30.74692,34,112,,,
4700,2025-11-24 08:11:40+00,4d106730-1088-4892-9045-ffeebc4d23bc,-6.957040167,107.6951653,700.1,14,1870,94,23.52941,66.27451,,27.5562,43,116,29.73169,42,110,30.74692,34,112,,,
4701,2025-11-24 08:11:45+00,4d106730-1088-4892-9045-ffeebc4d23bc,-6.956910667,107.6951753,701.2,25,1754,94,25.09804,76.47059,,27.5562,43,116,29.73169,42,110,30.74692,34,112,,,
4702,2025-11-24 08:11:50+00,4d106730-1088-4892-9045-ffeebc4d23bc,-6.956698,107.6950195,698.8,33,1425,94,24.70588,77.64706,,27.5562,43,116,29.73169,42,110,30.74692,34,112,,,
4703,2025-11-24 08:11:55+00,4d106730-1088-4892-9045-ffeebc4d23bc,-6.956480833,107.6946908,698.4,37,1125,94,20.39216,48.62745,,27.5562,43,116,29.73169,42,110,30.74692,34,112,,,
4704,2025-11-24 08:12:00+00,4d106730-1088-4892-9045-ffeebc4d23bc,-6.956144333,107.6943755,697.7,36,1079,94,19.21569,47.84314,,27.5562,43,116,29.73169,42,110,30.74692,34,112,,,
4705,2025-11-24 08:12:05+00,4d106730-1088-4892-9045-ffeebc4d23bc,-6.955743667,107.6941655,697.6,18,903,93,19.60784,49.80392,,27.5562,43,116,29.73169,42,110,30.74692,34,112,,,
4706,2025-11-24 08:12:10+00,4d106730-1088-4892-9045-ffeebc4d23bc,-6.955462167,107.6940413,696.2,6,839,93,19.60784,51.37255,,27.5562,43,116,29.73169,42,110,30.74692,34,112,,,
4707,2025-11-24 08:12:15+00,4d106730-1088-4892-9045-ffeebc4d23bc,-6.955384167,107.694005,696.3,19,1590,93,25.4902,80.39216,,27.5562,43,116,29.73169,42,110,30.74692,34,112,,,
4708,2025-11-24 08:12:20+00,4d106730-1088-4892-9045-ffeebc4d23bc,-6.9552035,107.6939287,694.7,28,1488,94,23.92157,71.37255,,27.5562,43,116,29.73169,42,110,30.74692,34,112,,,
4709,2025-11-24 08:12:25+00,4d106730-1088-4892-9045-ffeebc4d23bc,-6.9549,107.6937995,694,29,1253,94,21.96078,65.88235,,27.5562,43,116,29.73169,42,110,30.74692,34,112,,,
4710,2025-11-24 08:12:30+00,4d106730-1088-4892-9045-ffeebc4d23bc,-6.954562167,107.6936337,693.7,35,1440,93,23.52941,69.80392,,27.5562,43,116,29.73169,42,110,30.74692,34,112,,,
4711,2025-11-24 08:12:35+00,4d106730-1088-4892-9045-ffeebc4d23bc,-6.954203167,107.6934017,692.6,38,1264,93,23.13725,70.58823,,27.5562,43,116,29.73169,42,110,30.74692,34,112,,,
4712,2025-11-24 08:12:40+00,4d106730-1088-4892-9045-ffeebc4d23bc,-6.953862333,107.6930702,691.5,31,990,94,19.60784,42.35294,,27.5562,43,116,29.73169,42,110,30.74692,34,112,,,
4713,2025-11-24 08:12:45+00,4d106730-1088-4892-9045-ffeebc4d23bc,-6.953620167,107.6927172,690.1,33,1349,93,22.7451,66.27451,,27.5562,43,116,29.73169,42,110,30.74692,34,112,,,
4714,2025-11-24 08:12:50+00,4d106730-1088-4892-9045-ffeebc4d23bc,-6.953428667,107.692353,690,32,1019,92,19.60784,41.96078,,27.5562,43,116,29.73169,42,110,30.74692,34,112,,,
4715,2025-11-24 08:12:56+00,4d106730-1088-4892-9045-ffeebc4d23bc,-6.953198167,107.691895,688.8,28,860,92,20,57.64706,,27.5562,43,116,29.73169,42,110,30.74692,34,112,,,
4716,2025-11-24 08:13:00+00,4d106730-1088-4892-9045-ffeebc4d23bc,-6.953090667,107.6916198,687,31,1271,92,22.7451,66.27451,,27.5562,43,116,29.73169,42,110,30.74692,34,112,,,
4717,2025-11-24 08:13:05+00,4d106730-1088-4892-9045-ffeebc4d23bc,-6.953158667,107.6912537,686.1,35,1060,91,19.60784,43.92157,,27.5562,43,116,29.73169,42,110,30.74692,34,112,,,
4718,2025-11-24 08:13:10+00,4d106730-1088-4892-9045-ffeebc4d23bc,-6.953206667,107.690821,686,31,1502,91,25.88235,81.17647,,27.5562,43,116,29.73169,42,110,30.74692,34,112,,,
4719,2025-11-24 08:13:16+00,4d106730-1088-4892-9045-ffeebc4d23bc,-6.9529155,107.6904752,687.2,28,1351,91,30.19608,91.37255,,27.5562,43,116,29.73169,42,110,30.74692,34,112,,,
4720,2025-11-24 08:13:21+00,4d106730-1088-4892-9045-ffeebc4d23bc,-6.952575,107.6903527,689.6,30,1164,91,21.96078,63.52941,,27.5562,43,116,29.73169,42,110,30.74692,34,112,,,
4721,2025-11-24 08:13:26+00,4d106730-1088-4892-9045-ffeebc4d23bc,-6.952287667,107.690137,689.5,35,1586,91,25.88235,80.78432,,27.5562,43,116,29.73169,42,110,30.74692,34,112,,,
4722,2025-11-24 08:13:31+00,4d106730-1088-4892-9045-ffeebc4d23bc,-6.952082833,107.689754,690.9,42,1217,91,27.45098,88.62745,,27.5562,43,116,29.73169,42,110,30.74692,34,112,,,
4723,2025-11-24 08:13:36+00,4d106730-1088-4892-9045-ffeebc4d23bc,-6.9518555,107.6892942,691.1,44,1305,91,26.66667,85.4902,,27.5562,43,116,29.73169,42,110,30.74692,34,112,,,
4724,2025-11-24 08:13:41+00,4d106730-1088-4892-9045-ffeebc4d23bc,-6.951607,107.688795,691.2,46,1345,91,19.60784,38.82353,,27.5562,43,116,29.73169,42,110,30.74692,34,112,,,
4725,2025-11-24 08:13:46+00,4d106730-1088-4892-9045-ffeebc4d23bc,-6.951344333,107.6882728,690.7,46,1349,91,23.92157,73.72549,,27.5562,43,116,29.73169,42,110,30.74692,34,112,,,
4726,2025-11-24 08:13:51+00,4d106730-1088-4892-9045-ffeebc4d23bc,-6.951086667,107.687758,690.3,43,1142,91,20,48.62745,,27.5562,43,116,29.73169,42,110,30.74692,34,112,,,
4727,2025-11-24 08:13:56+00,4d106730-1088-4892-9045-ffeebc4d23bc,-6.950848167,107.6872705,689.3,27,878,90,19.60784,49.41177,,27.5562,43,116,29.73169,42,110,30.74692,34,112,,,
4728,2025-11-24 08:14:01+00,4d106730-1088-4892-9045-ffeebc4d23bc,-6.950705333,107.6869518,689,5,793,91,19.60784,52.94118,,27.5562,43,116,29.73169,42,110,30.74692,34,112,,,
4729,2025-11-24 08:14:06+00,4d106730-1088-4892-9045-ffeebc4d23bc,-6.950699167,107.6868555,688.3,9,1282,90,22.7451,62.7451,,27.5562,43,116,29.73169,42,110,30.74692,34,112,,,
4730,2025-11-24 08:14:11+00,4d106730-1088-4892-9045-ffeebc4d23bc,-6.950800167,107.6868168,689,22,1688,90,26.27451,81.17647,,27.5562,43,116,29.73169,42,110,30.60188,36,113,,,
4731,2025-11-24 08:14:16+00,4d106730-1088-4892-9045-ffeebc4d23bc,-6.951049667,107.6867872,690.7,32,1365,91,25.09804,80,,27.5562,43,116,29.73169,42,110,30.60188,36,113,,,
4732,2025-11-24 08:14:21+00,4d106730-1088-4892-9045-ffeebc4d23bc,-6.9514195,107.6867397,691.2,39,1472,91,23.92157,72.15686,,27.5562,43,116,29.73169,42,110,30.60188,36,113,,,
4733,2025-11-24 08:14:26+00,4d106730-1088-4892-9045-ffeebc4d23bc,-6.951907333,107.6866868,690.6,38,1153,91,19.60784,40.78431,,27.5562,43,116,29.73169,42,110,30.60188,36,113,,,
4734,2025-11-24 08:14:31+00,4d106730-1088-4892-9045-ffeebc4d23bc,-6.9524015,107.6866295,690.4,38,1338,91,21.56863,65.09804,,27.5562,43,116,29.73169,42,110,30.60188,36,113,,,
4735,2025-11-24 08:14:36+00,4d106730-1088-4892-9045-ffeebc4d23bc,-6.9528835,107.6865712,690.9,39,1349,91,21.96078,60,,27.5562,43,116,29.73169,42,110,30.60188,36,113,,,
4736,2025-11-24 08:14:41+00,4d106730-1088-4892-9045-ffeebc4d23bc,-6.953369167,107.6865238,690.7,41,1215,91,19.60784,40,,27.5562,43,116,29.73169,42,110,30.60188,36,113,,,
4737,2025-11-24 08:14:46+00,4d106730-1088-4892-9045-ffeebc4d23bc,-6.953865333,107.6864703,690.6,35,1071,91,19.60784,39.60784,,27.5562,43,116,29.73169,42,110,30.60188,36,113,,,
4738,2025-11-24 08:14:51+00,4d106730-1088-4892-9045-ffeebc4d23bc,-6.954318667,107.6864312,689.1,32,926,91,20,53.33333,,27.5562,43,116,29.73169,42,110,30.60188,36,113,,,
4739,2025-11-24 08:14:56+00,4d106730-1088-4892-9045-ffeebc4d23bc,-6.954736333,107.6863928,684.9,35,1044,91,19.60784,44.70588,,27.5562,43,116,29.73169,42,110,30.60188,36,113,,,
4740,2025-11-24 08:15:01+00,4d106730-1088-4892-9045-ffeebc4d23bc,-6.955172,107.6863573,686.4,25,848,90,19.60784,49.01961,,27.5562,43,116,29.73169,42,110,30.60188,36,113,,,
4741,2025-11-24 08:15:06+00,4d106730-1088-4892-9045-ffeebc4d23bc,-6.955495333,107.6863357,686.8,7,898,91,19.60784,48.62745,,27.5562,43,116,29.73169,42,110,30.60188,36,113,,,
4742,2025-11-24 08:15:11+00,4d106730-1088-4892-9045-ffeebc4d23bc,-6.955591167,107.6863253,690.5,17,1468,90,25.4902,82.74509,,27.5562,43,116,29.73169,42,110,30.60188,36,113,,,
4743,2025-11-24 08:15:16+00,4d106730-1088-4892-9045-ffeebc4d23bc,-6.955789667,107.686311,691.3,25,1101,91,19.60784,43.92157,,27.5562,43,116,29.73169,42,110,30.60188,36,113,,,
4744,2025-11-24 08:15:21+00,4d106730-1088-4892-9045-ffeebc4d23bc,-6.956083667,107.6863515,695.7,23,1027,91,19.60784,41.17647,,27.5562,43,116,29.73169,42,110,30.60188,36,113,,,
4745,2025-11-24 08:15:26+00,4d106730-1088-4892-9045-ffeebc4d23bc,-6.956368,107.6864288,693.8,21,982,91,20.39216,49.41177,,27.5562,43,116,29.73169,42,110,30.60188,36,113,,,
4746,2025-11-24 08:15:31+00,4d106730-1088-4892-9045-ffeebc4d23bc,-6.956627833,107.6864758,695,19,1226,91,25.09804,81.56863,,27.5562,43,116,29.73169,42,110,30.60188,36,113,,,
4747,2025-11-24 08:15:36+00,4d106730-1088-4892-9045-ffeebc4d23bc,-6.956866833,107.6865367,697.5,28,1456,91,23.52941,74.90196,,27.5562,43,116,29.73169,42,110,30.60188,36,113,,,
4748,2025-11-24 08:15:41+00,4d106730-1088-4892-9045-ffeebc4d23bc,-6.957201833,107.6866218,699.5,29,922,91,19.60784,47.05882,,27.5562,43,116,29.73169,42,110,30.60188,36,113,,,
4749,2025-11-24 08:15:46+00,4d106730-1088-4892-9045-ffeebc4d23bc,-6.9575695,107.6866533,699.4,24,1051,91,19.60784,42.35294,,27.5562,43,116,29.73169,42,110,30.60188,36,113,,,
4750,2025-11-24 08:15:51+00,4d106730-1088-4892-9045-ffeebc4d23bc,-6.957868,107.6866692,701.2,17,803,91,20.39216,61.17647,,27.5562,43,116,29.73169,42,110,30.60188,36,113,,,
4751,2025-11-24 08:15:56+00,4d106730-1088-4892-9045-ffeebc4d23bc,-6.958085,107.6866763,701.1,12,1619,91,24.31373,68.62745,,27.5562,43,116,29.73169,42,110,30.60188,36,113,,,
4752,2025-11-24 08:16:01+00,4d106730-1088-4892-9045-ffeebc4d23bc,-6.9582255,107.686674,701.8,16,1116,91,19.60784,40.78431,,27.5562,43,116,29.73169,42,110,30.60188,36,113,,,
4753,2025-11-24 08:16:06+00,4d106730-1088-4892-9045-ffeebc4d23bc,-6.958458,107.6866682,704.2,17,1205,91,20.39216,52.54902,,27.5562,43,116,29.73169,42,110,30.60188,36,113,,,
4754,2025-11-24 08:16:11+00,4d106730-1088-4892-9045-ffeebc4d23bc,-6.958686,107.6866783,706.8,21,1566,91,25.09804,77.25491,,27.5562,43,116,29.73169,42,110,30.60188,36,113,,,
4755,2025-11-24 08:16:16+00,4d106730-1088-4892-9045-ffeebc4d23bc,-6.958939167,107.6866908,707.2,29,1264,91,24.31373,78.82353,,27.5562,43,116,29.73169,42,110,30.60188,36,113,,,
4756,2025-11-24 08:16:21+00,4d106730-1088-4892-9045-ffeebc4d23bc,-6.959301,107.6866818,705,35,1441,91,23.13725,69.01961,,27.5562,43,116,29.73169,42,110,30.60188,36,113,,,
4757,2025-11-24 08:16:26+00,4d106730-1088-4892-9045-ffeebc4d23bc,-6.959737167,107.686671,703.2,38,1208,91,21.96078,66.66666,,27.5562,43,116,29.73169,42,110,30.60188,36,113,,,
4758,2025-11-24 08:16:31+00,4d106730-1088-4892-9045-ffeebc4d23bc,-6.960212,107.6866717,703.3,34,1042,92,19.60784,43.92157,,27.5562,43,116,29.73169,42,110,30.60188,36,113,,,
4759,2025-11-24 08:16:36+00,4d106730-1088-4892-9045-ffeebc4d23bc,-6.960654167,107.686679,702.4,26,867,92,19.60784,46.66667,,27.5562,43,116,29.73169,42,110,30.60188,36,113,,,
4760,2025-11-24 08:16:41+00,4d106730-1088-4892-9045-ffeebc4d23bc,-6.960987167,107.68669,701.9,6,820,92,19.21569,50.58823,,27.5562,43,116,29.73169,42,110,30.60188,36,113,,,
4761,2025-11-24 08:16:51+00,4d106730-1088-4892-9045-ffeebc4d23bc,-6.961089667,107.6867098,699.1,2,743,92,20,67.05882,,27.5562,43,116,29.73169,42,110,30.60188,36,113,,,
4762,2025-11-24 08:16:56+00,4d106730-1088-4892-9045-ffeebc4d23bc,-6.9611195,107.6867123,699.5,16,1751,93,22.7451,59.21569,,27.5562,43,116,29.73169,42,110,30.60188,36,113,,,
4763,2025-11-24 08:17:01+00,4d106730-1088-4892-9045-ffeebc4d23bc,-6.961284333,107.6867207,702,21,1322,91,20,39.60784,,27.5562,43,116,29.73169,42,110,30.60188,36,113,,,
4764,2025-11-24 08:17:06+00,4d106730-1088-4892-9045-ffeebc4d23bc,-6.961537667,107.686715,703.4,16,995,93,20,53.72549,,27.5562,43,116,29.73169,42,110,30.60188,36,113,,,
4765,2025-11-24 08:17:11+00,4d106730-1088-4892-9045-ffeebc4d23bc,-6.961753667,107.6867087,699.5,14,953,93,19.60784,47.05882,,27.5562,43,116,29.73169,42,110,30.60188,36,113,,,
4766,2025-11-24 08:17:16+00,4d106730-1088-4892-9045-ffeebc4d23bc,-6.961931667,107.6867093,698.1,16,1109,92,19.60784,43.13726,,27.5562,43,116,29.73169,42,110,30.60188,36,113,,,
4767,2025-11-24 08:17:21+00,4d106730-1088-4892-9045-ffeebc4d23bc,-6.962129333,107.6867148,696.7,11,874,91,21.17647,52.94118,,27.5562,43,116,29.73169,42,110,30.60188,36,113,,,
4768,2025-11-24 08:17:26+00,4d106730-1088-4892-9045-ffeebc4d23bc,-6.962265,107.6867187,695.1,16,1375,92,23.92157,75.68627,,27.5562,43,116,29.73169,42,110,30.60188,36,113,,,
4769,2025-11-24 08:17:31+00,4d106730-1088-4892-9045-ffeebc4d23bc,-6.962455667,107.6867353,694.5,27,1450,92,23.52941,74.5098,,27.5562,43,116,29.73169,42,110,30.60188,36,113,,,
4770,2025-11-24 08:17:36+00,4d106730-1088-4892-9045-ffeebc4d23bc,-6.962786,107.686758,695.4,27,877,93,19.60784,47.05882,,27.5562,43,116,29.73169,42,110,30.60188,36,113,,,
4771,2025-11-24 08:17:41+00,4d106730-1088-4892-9045-ffeebc4d23bc,-6.963146833,107.6868125,693.5,21,1028,93,22.35294,58.03922,,27.5562,43,116,29.73169,42,110,30.60188,36,113,,,
4772,2025-11-24 08:17:46+00,4d106730-1088-4892-9045-ffeebc4d23bc,-6.963428833,107.6868627,693.8,21,914,93,19.21569,53.33333,,27.5562,43,116,29.73169,42,110,30.60188,36,113,,,
4773,2025-11-24 08:17:51+00,4d106730-1088-4892-9045-ffeebc4d23bc,-6.963703667,107.686899,696.2,12,771,93,19.21569,49.41177,,27.5562,43,116,29.73169,42,110,30.60188,36,113,,,
4774,2025-11-24 08:17:56+00,4d106730-1088-4892-9045-ffeebc4d23bc,-6.963885167,107.6869207,695.2,15,1971,92,23.52941,61.17647,,27.5562,43,116,29.73169,42,110,30.60188,36,113,,,
4775,2025-11-24 08:18:01+00,4d106730-1088-4892-9045-ffeebc4d23bc,-6.964066667,107.6869357,695.9,26,1199,92,21.56863,65.4902,,27.5562,43,116,29.73169,42,110,30.60188,36,113,,,
4776,2025-11-24 08:18:06+00,4d106730-1088-4892-9045-ffeebc4d23bc,-6.964378667,107.6869642,695.4,23,1140,93,21.17647,55.29412,,27.5562,43,116,29.73169,42,110,30.60188,36,113,,,
4777,2025-11-24 08:18:11+00,4d106730-1088-4892-9045-ffeebc4d23bc,-6.964672667,107.6869823,694.3,26,1264,93,20.39216,55.68628,,27.5562,43,116,29.73169,42,110,30.60188,36,113,,,
4778,2025-11-24 08:18:16+00,4d106730-1088-4892-9045-ffeebc4d23bc,-6.964991667,107.686991,696,21,971,92,19.60784,41.56863,,27.5562,43,116,29.73169,42,110,30.60188,36,113,,,
4779,2025-11-24 08:18:21+00,4d106730-1088-4892-9045-ffeebc4d23bc,-6.9652745,107.6869883,699.1,8,853,93,20.39216,63.92157,,27.5562,43,116,29.73169,42,110,30.60188,36,113,,,
4780,2025-11-24 08:18:26+00,4d106730-1088-4892-9045-ffeebc4d23bc,-6.965414167,107.6869867,696.9,7,914,93,19.60784,51.37255,,27.5562,43,116,29.73169,42,110,30.60188,36,113,,,
4781,2025-11-24 08:18:31+00,4d106730-1088-4892-9045-ffeebc4d23bc,-6.9654905,107.6869523,695.1,8,958,93,19.60784,43.92157,,27.5562,43,116,29.73169,42,110,30.60188,36,113,,,
4782,2025-11-24 08:18:36+00,4d106730-1088-4892-9045-ffeebc4d23bc,-6.9655335,107.6868708,695.7,2,722,91,19.60784,53.72549,,27.5562,43,116,29.73169,42,110,30.60188,36,113,,,
4783,2025-11-24 08:18:41+00,4d106730-1088-4892-9045-ffeebc4d23bc,-6.9655555,107.6868543,695,11,1491,93,24.70588,74.5098,,27.5562,43,116,29.73169,42,110,30.60188,36,113,,,
4784,2025-11-24 08:18:46+00,4d106730-1088-4892-9045-ffeebc4d23bc,-6.965668,107.6868218,695.1,24,1747,93,23.13725,63.13726,,27.5562,43,116,29.73169,42,110,30.60188,36,113,,,
4785,2025-11-24 08:18:51+00,4d106730-1088-4892-9045-ffeebc4d23bc,-6.9659385,107.686769,694.3,30,1267,93,20.78431,58.43137,,27.5562,43,116,29.73169,42,110,30.60188,36,113,,,
4786,2025-11-24 08:18:56+00,4d106730-1088-4892-9045-ffeebc4d23bc,-6.966305,107.686715,693.2,28,1201,93,19.60784,38.43137,,27.5562,43,116,29.73169,42,110,30.60188,36,113,,,
4787,2025-11-24 08:19:01+00,4d106730-1088-4892-9045-ffeebc4d23bc,-6.966669333,107.6866768,691.9,16,797,93,20.39216,62.35294,,27.5562,43,116,29.73169,42,110,30.60188,36,113,,,
4788,2025-11-24 08:19:06+00,4d106730-1088-4892-9045-ffeebc4d23bc,-6.966907167,107.686695,693.4,24,1605,93,26.66667,81.96078,,27.5562,43,116,29.73169,42,110,30.60188,36,113,,,
4789,2025-11-24 08:19:11+00,4d106730-1088-4892-9045-ffeebc4d23bc,-6.967180333,107.6867753,692.8,35,1494,93,25.4902,81.17647,,27.5562,43,116,29.73169,42,110,30.60188,36,113,,,
4790,2025-11-24 08:19:16+00,4d106730-1088-4892-9045-ffeebc4d23bc,-6.967595667,107.6868835,692.6,34,1053,93,19.60784,43.92157,,27.5562,43,116,29.73169,42,110,30.60188,36,113,,,
4791,2025-11-24 08:19:21+00,4d106730-1088-4892-9045-ffeebc4d23bc,-6.9680095,107.687048,693.4,35,1239,93,22.7451,71.76471,,27.5562,43,116,29.73169,42,110,30.60188,36,113,,,
4792,2025-11-24 08:19:26+00,4d106730-1088-4892-9045-ffeebc4d23bc,-6.968325667,107.6873497,693,37,1360,93,21.96078,63.13726,,27.5562,43,116,29.73169,42,110,30.60188,36,113,,,
4793,2025-11-24 08:19:31+00,4d106730-1088-4892-9045-ffeebc4d23bc,-6.968547833,107.6877573,691.4,40,1182,91,22.35294,68.23529,,27.5562,43,116,29.73169,42,110,30.60188,36,113,,,
4794,2025-11-24 08:19:36+00,4d106730-1088-4892-9045-ffeebc4d23bc,-6.968723833,107.6882308,690.9,41,1223,92,20.78431,54.5098,,27.5562,43,116,29.73169,42,110,30.60188,36,113,,,
4795,2025-11-24 08:19:41+00,4d106730-1088-4892-9045-ffeebc4d23bc,-6.968846833,107.6887392,690.2,41,1204,92,21.56863,64.31373,,27.5562,43,116,29.73169,42,110,30.60188,36,113,,,
4796,2025-11-24 08:19:46+00,4d106730-1088-4892-9045-ffeebc4d23bc,-6.968962333,107.6892447,689.7,41,1218,91,19.60784,41.96078,,27.5562,43,116,29.73169,42,110,30.60188,36,113,,,
4797,2025-11-24 08:19:51+00,4d106730-1088-4892-9045-ffeebc4d23bc,-6.9690555,107.6897573,689.3,38,1142,91,19.60784,38.03922,,27.5562,43,116,29.73169,42,110,30.60188,36,113,,,
4798,2025-11-24 08:19:56+00,4d106730-1088-4892-9045-ffeebc4d23bc,-6.969090833,107.6902498,689.5,36,1096,91,20.39216,40,,27.5562,43,116,29.73169,42,110,30.60188,36,113,,,
4799,2025-11-24 08:20:01+00,4d106730-1088-4892-9045-ffeebc4d23bc,-6.969078833,107.690716,690.1,38,1452,91,24.70588,77.64706,,27.5562,43,116,29.73169,42,110,30.31182,36,112,,,
4800,2025-11-24 08:20:06+00,4d106730-1088-4892-9045-ffeebc4d23bc,-6.969046667,107.6911915,690.3,44,1301,91,24.70588,78.82353,,27.5562,43,116,29.73169,42,110,30.31182,36,112,,,
4801,2025-11-24 08:20:11+00,4d106730-1088-4892-9045-ffeebc4d23bc,-6.9690055,107.6917337,690.5,45,1295,91,19.60784,37.2549,,27.5562,43,116,29.73169,42,110,30.31182,36,112,,,
4802,2025-11-24 08:20:16+00,4d106730-1088-4892-9045-ffeebc4d23bc,-6.969005833,107.6923035,690.1,42,1230,90,19.60784,35.68628,,27.5562,43,116,29.73169,42,110,30.31182,36,112,,,
4803,2025-11-24 08:20:21+00,4d106730-1088-4892-9045-ffeebc4d23bc,-6.9690755,107.6928417,689.4,42,1250,90,23.13725,70.98039,,27.5562,43,116,29.73169,42,110,30.60188,36,112,,,
4804,2025-11-24 08:20:26+00,4d106730-1088-4892-9045-ffeebc4d23bc,-6.969177333,107.6933513,688.6,45,1305,90,22.35294,65.4902,,27.5562,43,116,29.73169,42,110,30.60188,36,112,,,
4805,2025-11-24 08:20:31+00,4d106730-1088-4892-9045-ffeebc4d23bc,-6.969281667,107.6938977,688.2,47,1367,90,20,55.68628,,27.5562,43,116,29.73169,42,110,30.60188,36,112,,,
4806,2025-11-24 08:20:36+00,4d106730-1088-4892-9045-ffeebc4d23bc,-6.969331167,107.6944753,688.6,46,1353,90,20.78431,53.33333,,27.5562,43,116,29.73169,42,110,30.60188,36,112,,,
4807,2025-11-24 08:20:41+00,4d106730-1088-4892-9045-ffeebc4d23bc,-6.969315,107.6950557,690,46,1357,90,22.35294,63.13726,,27.5562,43,116,29.73169,42,110,30.60188,36,112,,,
4808,2025-11-24 08:20:46+00,4d106730-1088-4892-9045-ffeebc4d23bc,-6.969293,107.695637,690,47,1375,90,21.56863,58.82353,,27.5562,43,116,29.73169,42,110,30.60188,36,112,,,
4809,2025-11-24 08:20:51+00,4d106730-1088-4892-9045-ffeebc4d23bc,-6.969244167,107.6962303,692.1,45,1300,90,19.60784,36.07843,,27.5562,43,116,29.73169,42,110,30.60188,36,112,,,
4810,2025-11-24 08:20:56+00,4d106730-1088-4892-9045-ffeebc4d23bc,-6.969192333,107.6968093,691.8,20,790,90,19.60784,49.80392,,27.5562,43,116,29.73169,42,110,30.60188,36,112,,,
4811,2025-11-24 08:21:01+00,4d106730-1088-4892-9045-ffeebc4d23bc,-6.969148,107.6971308,690.9,7,1263,90,25.09804,79.60784,,27.5562,43,116,29.73169,42,110,30.60188,36,112,,,
4812,2025-11-24 08:21:06+00,4d106730-1088-4892-9045-ffeebc4d23bc,-6.969132833,107.697233,692.5,23,1732,90,24.31373,71.76471,,27.5562,43,116,29.73169,42,110,30.60188,36,112,,,
4813,2025-11-24 08:21:11+00,4d106730-1088-4892-9045-ffeebc4d23bc,-6.9690995,107.6974907,692.4,32,1379,90,24.31373,75.29412,,27.5562,43,116,29.73169,42,110,30.60188,36,112,,,
4814,2025-11-24 08:21:16+00,4d106730-1088-4892-9045-ffeebc4d23bc,-6.9690415,107.6978783,692,39,1525,91,24.70588,75.29412,,27.5562,43,116,29.73169,42,110,30.60188,36,112,,,
4815,2025-11-24 08:21:21+00,4d106730-1088-4892-9045-ffeebc4d23bc,-6.968917667,107.6983442,694.4,42,1244,91,25.09804,82.74509,,27.5562,43,116,29.73169,42,110,30.60188,36,112,,,
4816,2025-11-24 08:21:26+00,4d106730-1088-4892-9045-ffeebc4d23bc,-6.968794333,107.6988543,695.9,48,1409,92,24.31373,75.68627,,27.5562,43,116,29.73169,42,110,30.60188,36,112,,,
4817,2025-11-24 08:21:31+00,4d106730-1088-4892-9045-ffeebc4d23bc,-6.968662167,107.6994295,696.3,47,1327,91,20,38.43137,,27.5562,43,116,29.73169,42,110,30.60188,36,112,,,
4818,2025-11-24 08:21:39+00,4d106730-1088-4892-9045-ffeebc4d23bc,-6.968387167,107.7003085,696.2,38,1128,91,19.60784,38.82353,,27.5562,43,116,29.73169,42,110,30.60188,36,112,,,
4819,2025-11-24 08:21:44+00,4d106730-1088-4892-9045-ffeebc4d23bc,-6.968250833,107.7006737,696.4,29,890,91,20.39216,58.03922,,27.5562,43,116,29.73169,42,110,30.60188,36,112,,,
4820,2025-11-24 08:21:46+00,4d106730-1088-4892-9045-ffeebc4d23bc,-6.968205833,107.7008118,695.8,35,1494,91,24.31373,75.29412,,27.5562,43,116,29.73169,42,110,30.60188,36,112,,,
4821,2025-11-24 08:21:54+00,4d106730-1088-4892-9045-ffeebc4d23bc,-6.968050667,107.7015092,696,40,1189,91,24.31373,80,,27.5562,43,116,29.73169,42,110,30.60188,36,112,,,
4822,2025-11-24 08:21:56+00,4d106730-1088-4892-9045-ffeebc4d23bc,-6.968005,107.7017113,695.8,44,1276,91,19.60784,40.78431,,27.5562,43,116,29.73169,42,110,30.60188,36,112,,,
4823,2025-11-24 08:22:04+00,4d106730-1088-4892-9045-ffeebc4d23bc,-6.967778333,107.7025503,695.1,40,1057,91,20,49.01961,,27.5562,43,116,29.73169,42,110,30.60188,36,112,,,
4824,2025-11-24 08:22:09+00,4d106730-1088-4892-9045-ffeebc4d23bc,-6.9676335,107.7030273,695.5,40,1200,91,22.35294,68.62745,,27.5562,43,116,29.73169,42,110,30.60188,36,112,,,
4825,2025-11-24 08:22:14+00,4d106730-1088-4892-9045-ffeebc4d23bc,-6.967451167,107.7035177,694.6,42,1253,91,19.60784,39.21569,,27.5562,43,116,29.73169,42,110,30.60188,36,112,,,
4826,2025-11-24 08:22:16+00,4d106730-1088-4892-9045-ffeebc4d23bc,-6.967379333,107.7037085,692.8,36,1092,91,24.70588,47.84314,,27.5562,43,116,29.73169,42,110,30.60188,36,112,,,
4827,2025-11-24 08:22:21+00,4d106730-1088-4892-9045-ffeebc4d23bc,-6.967193167,107.7041352,692.7,29,891,91,19.60784,48.62745,,27.5562,43,116,29.73169,42,110,30.60188,36,112,,,
4828,2025-11-24 08:22:26+00,4d106730-1088-4892-9045-ffeebc4d23bc,-6.967029333,107.704493,694.8,19,888,91,19.60784,47.45098,,27.5562,43,116,29.73169,42,110,30.60188,36,112,,,
4829,2025-11-24 08:22:31+00,4d106730-1088-4892-9045-ffeebc4d23bc,-6.966941167,107.704728,693.9,23,1012,91,19.60784,43.92157,,27.5562,43,116,29.73169,42,110,30.60188,36,112,,,
4830,2025-11-24 08:22:36+00,4d106730-1088-4892-9045-ffeebc4d23bc,-6.966842333,107.704985,691.8,25,1110,91,19.60784,41.17647,,27.5562,43,116,29.73169,42,110,30.60188,36,112,,,
4831,2025-11-24 08:22:41+00,4d106730-1088-4892-9045-ffeebc4d23bc,-6.966746333,107.705262,693.2,17,804,91,18.82353,61.17647,,27.5562,43,116,29.73169,42,110,30.31182,35,113,,,
4832,2025-11-24 08:22:46+00,4d106730-1088-4892-9045-ffeebc4d23bc,-6.9666485,107.7054818,693.1,17,999,91,22.7451,65.09804,,27.5562,43,116,29.73169,42,110,30.31182,35,113,,,
4833,2025-11-24 08:22:51+00,4d106730-1088-4892-9045-ffeebc4d23bc,-6.966437,107.7055622,691.7,20,912,91,19.60784,44.31372,,27.5562,43,116,29.73169,42,110,30.31182,35,113,,,
4834,2025-11-24 08:22:56+00,4d106730-1088-4892-9045-ffeebc4d23bc,-6.966231833,107.7054675,688.4,24,1210,92,23.13725,74.90196,,27.5562,43,116,29.73169,42,110,30.31182,35,113,,,
4835,2025-11-24 08:23:01+00,4d106730-1088-4892-9045-ffeebc4d23bc,-6.9660655,107.7052447,687.1,24,1309,92,21.56863,61.56863,,27.5562,43,116,29.73169,42,110,30.31182,35,113,,,
4836,2025-11-24 08:23:06+00,4d106730-1088-4892-9045-ffeebc4d23bc,-6.965841667,107.7050568,684.3,25,1090,91,19.60784,41.56863,,27.5562,43,116,29.73169,42,110,30.31182,35,113,,,
4837,2025-11-24 08:23:11+00,4d106730-1088-4892-9045-ffeebc4d23bc,-6.965566833,107.704906,683.5,15,802,91,19.60784,49.80392,,27.5562,43,116,29.73169,42,110,30.31182,35,113,,,
4838,2025-11-24 08:23:16+00,4d106730-1088-4892-9045-ffeebc4d23bc,-6.965374333,107.7048258,680.2,19,1081,91,23.13725,72.15686,,27.5562,43,116,29.73169,42,110,30.31182,35,113,,,
4839,2025-11-24 08:23:21+00,4d106730-1088-4892-9045-ffeebc4d23bc,-6.9651395,107.7048168,679.8,25,1392,91,23.13725,68.62745,,27.5562,43,116,29.73169,42,110,30.31182,35,113,,,
4840,2025-11-24 08:23:26+00,4d106730-1088-4892-9045-ffeebc4d23bc,-6.964841833,107.7048213,680.7,25,1105,91,19.60784,39.60784,,27.5562,43,116,29.73169,42,110,30.31182,35,113,,,
4841,2025-11-24 08:23:34+00,4d106730-1088-4892-9045-ffeebc4d23bc,-6.964420667,107.704812,680.9,5,814,91,19.60784,52.54902,,27.5562,43,116,29.73169,42,110,30.31182,35,113,,,
4842,2025-11-24 08:23:39+00,4d106730-1088-4892-9045-ffeebc4d23bc,-6.9643045,107.7048138,681.9,14,1756,91,22.35294,51.76471,,27.5562,43,116,29.73169,42,110,30.31182,35,113,,,
4843,2025-11-24 08:23:44+00,4d106730-1088-4892-9045-ffeebc4d23bc,-6.964109333,107.7048278,683,11,807,91,20,60.78431,,27.5562,43,116,29.73169,42,110,30.31182,35,113,,,
4844,2025-11-24 08:23:49+00,4d106730-1088-4892-9045-ffeebc4d23bc,-6.963963667,107.704839,682.6,12,896,92,19.60784,49.01961,,27.5562,43,116,29.73169,42,110,30.31182,35,113,,,
4845,2025-11-24 08:23:54+00,4d106730-1088-4892-9045-ffeebc4d23bc,-6.963844167,107.7048637,681.2,12,1560,92,21.96078,57.2549,,27.5562,43,116,29.73169,42,110,30.31182,35,113,,,
4846,2025-11-24 08:23:56+00,4d106730-1088-4892-9045-ffeebc4d23bc,-6.963780667,107.7048722,680.5,20,1489,91,23.13725,63.13726,,27.5562,43,116,29.73169,42,110,30.31182,35,113,,,
4847,2025-11-24 08:24:01+00,4d106730-1088-4892-9045-ffeebc4d23bc,-6.963552333,107.704897,678.9,23,1241,91,19.60784,52.15686,,27.5562,43,116,29.73169,42,110,30.31182,35,113,,,
4848,2025-11-24 08:24:09+00,4d106730-1088-4892-9045-ffeebc4d23bc,-6.9631485,107.704939,674.3,8,783,91,19.60784,51.76471,,27.5562,43,116,29.73169,42,110,30.31182,35,113,,,
4849,2025-11-24 08:24:14+00,4d106730-1088-4892-9045-ffeebc4d23bc,-6.963065,107.7049477,674,10,1456,93,23.52941,65.88235,,27.5562,43,116,29.73169,42,110,30.31182,35,113,,,
4850,2025-11-24 08:24:16+00,4d106730-1088-4892-9045-ffeebc4d23bc,-6.963015667,107.7049567,672.4,15,1030,91,19.60784,55.29412,,27.5562,43,116,29.73169,42,110,30.60188,34,112,,,
4851,2025-11-24 08:24:21+00,4d106730-1088-4892-9045-ffeebc4d23bc,-6.962819833,107.7049867,672.5,4,787,91,19.60784,56.47059,,27.5562,43,116,29.73169,42,110,30.60188,34,112,,,
4852,2025-11-24 08:24:40+00,4d106730-1088-4892-9045-ffeebc4d23bc,-6.9626985,107.7050008,677.6,2,737,93,20.39216,70.19608,,27.5562,43,116,29.73169,42,110,30.60188,34,112,,,
4853,2025-11-24 08:24:41+00,4d106730-1088-4892-9045-ffeebc4d23bc,-6.962690333,107.7050027,677.5,6,808,93,19.21569,63.52941,,27.5562,43,116,29.73169,42,110,30.60188,34,112,,,
4854,2025-11-24 08:24:46+00,4d106730-1088-4892-9045-ffeebc4d23bc,-6.962617167,107.705019,678.2,5,796,93,19.60784,52.15686,,27.5562,43,116,29.73169,42,110,30.31182,34,112,,,
4855,2025-11-24 08:24:51+00,4d106730-1088-4892-9045-ffeebc4d23bc,-6.962552667,107.7050313,678.4,5,803,93,19.60784,52.54902,,27.5562,43,116,29.73169,42,110,30.31182,34,112,,,
4856,2025-11-24 08:24:56+00,4d106730-1088-4892-9045-ffeebc4d23bc,-6.962494333,107.7050403,679.9,7,842,93,20.39216,59.21569,,27.5562,43,116,29.73169,42,110,30.31182,34,112,,,
4857,2025-11-24 08:25:01+00,4d106730-1088-4892-9045-ffeebc4d23bc,-6.962417333,107.7050442,678.4,9,1315,92,19.60784,54.90196,,27.5562,43,116,29.73169,42,110,30.31182,34,112,,,
4858,2025-11-24 08:25:06+00,4d106730-1088-4892-9045-ffeebc4d23bc,-6.962317667,107.705071,674.8,9,1261,93,20.39216,54.5098,,27.5562,43,116,29.73169,42,110,30.31182,34,112,,,
4859,2025-11-24 08:25:11+00,4d106730-1088-4892-9045-ffeebc4d23bc,-6.962216167,107.7050417,673.6,16,1053,91,19.60784,48.62745,,27.5562,43,116,29.73169,42,110,30.31182,34,112,,,
4860,2025-11-24 08:25:16+00,4d106730-1088-4892-9045-ffeebc4d23bc,-6.962116,107.7048913,674.2,18,1482,92,25.09804,79.60784,,27.5562,43,116,29.73169,42,110,30.31182,34,112,,,
4861,2025-11-24 08:25:21+00,4d106730-1088-4892-9045-ffeebc4d23bc,-6.962009167,107.7046945,677.2,22,1676,92,23.13725,63.52941,,27.5562,43,116,29.73169,42,110,30.31182,34,112,,,
4862,2025-11-24 08:25:26+00,4d106730-1088-4892-9045-ffeebc4d23bc,-6.961982167,107.7044113,679.7,27,1378,91,21.56863,59.21569,,27.5562,43,116,29.73169,42,110,30.31182,34,112,,,
4863,2025-11-24 08:25:31+00,4d106730-1088-4892-9045-ffeebc4d23bc,-6.961968333,107.7040727,681.3,28,1300,92,23.13725,54.11765,,27.5562,43,116,29.73169,42,110,30.31182,34,112,,,
4864,2025-11-24 08:25:36+00,4d106730-1088-4892-9045-ffeebc4d23bc,-6.961870833,107.7037188,682.7,32,1139,92,19.60784,63.13726,,27.5562,43,116,29.73169,42,110,30.31182,34,112,,,
4865,2025-11-24 08:25:41+00,4d106730-1088-4892-9045-ffeebc4d23bc,-6.961648667,107.7033883,682.6,28,902,92,19.60784,49.41177,,27.5562,43,116,29.73169,42,110,30.31182,34,112,,,
4866,2025-11-24 08:25:46+00,4d106730-1088-4892-9045-ffeebc4d23bc,-6.961381667,107.7031297,683.4,7,883,93,19.60784,50.98039,,27.5562,43,116,29.73169,42,110,30.31182,34,112,,,
4867,2025-11-24 08:25:51+00,4d106730-1088-4892-9045-ffeebc4d23bc,-6.961263333,107.7030453,684.6,14,1784,91,23.13725,58.82353,,27.5562,43,116,29.73169,42,110,30.31182,34,112,,,
4868,2025-11-24 08:25:56+00,4d106730-1088-4892-9045-ffeebc4d23bc,-6.961135,107.7029718,685.3,23,1537,91,23.52941,70.19608,,27.5562,43,116,29.73169,42,110,30.60188,34,111,,,
4869,2025-11-24 08:26:01+00,4d106730-1088-4892-9045-ffeebc4d23bc,-6.960881833,107.7028583,684.1,27,1346,92,21.96078,60,,27.5562,43,116,29.73169,42,110,30.60188,34,111,,,
4870,2025-11-24 08:26:06+00,4d106730-1088-4892-9045-ffeebc4d23bc,-6.960562833,107.7027402,684,29,1248,91,19.60784,40,,27.5562,43,116,29.73169,42,110,30.60188,34,111,,,
4871,2025-11-24 08:26:11+00,4d106730-1088-4892-9045-ffeebc4d23bc,-6.960215333,107.7026242,684.6,20,923,91,19.60784,44.31372,,27.5562,43,116,29.73169,42,110,30.60188,34,111,,,
4872,2025-11-24 08:26:16+00,4d106730-1088-4892-9045-ffeebc4d23bc,-6.959957333,107.7025352,685.1,6,807,91,20,65.88235,,27.5562,43,116,29.73169,42,110,30.60188,34,111,,,
4873,2025-11-24 08:26:21+00,4d106730-1088-4892-9045-ffeebc4d23bc,-6.959833833,107.7024925,685.6,13,1703,91,21.17647,51.76471,,27.5562,43,116,29.73169,42,110,30.60188,34,111,,,
4874,2025-11-24 08:26:26+00,4d106730-1088-4892-9045-ffeebc4d23bc,-6.9597085,107.7024387,685.2,17,1257,91,21.56863,58.03922,,27.5562,43,116,29.73169,42,110,30.60188,34,111,,,
4875,2025-11-24 08:26:31+00,4d106730-1088-4892-9045-ffeebc4d23bc,-6.959596,107.7022663,685.7,21,1468,91,21.17647,54.11765,,27.5562,43,116,29.73169,42,110,30.60188,34,111,,,
4876,2025-11-24 08:26:36+00,4d106730-1088-4892-9045-ffeebc4d23bc,-6.959616667,107.7020167,685.9,24,1173,91,21.96078,67.45098,,27.5562,43,116,29.73169,42,110,30.60188,34,111,,,
4877,2025-11-24 08:26:41+00,4d106730-1088-4892-9045-ffeebc4d23bc,-6.959663833,107.7017238,685.7,26,1303,91,21.17647,58.43137,,27.5562,43,116,29.73169,42,110,30.74692,34,111,,,
4878,2025-11-24 08:26:46+00,4d106730-1088-4892-9045-ffeebc4d23bc,-6.9597175,107.701405,686.2,27,1164,91,19.60784,40,,27.5562,43,116,29.73169,42,110,30.74692,34,111,,,
4879,2025-11-24 08:26:51+00,4d106730-1088-4892-9045-ffeebc4d23bc,-6.959778167,107.7010635,686.2,20,940,91,19.60784,43.92157,,27.5562,43,116,29.73169,42,110,30.74692,34,111,,,
4880,2025-11-24 08:26:56+00,4d106730-1088-4892-9045-ffeebc4d23bc,-6.959823333,107.7007822,686.8,19,853,91,20,58.03922,,27.5562,43,116,29.73169,42,110,30.74692,34,111,,,
4881,2025-11-24 08:27:01+00,4d106730-1088-4892-9045-ffeebc4d23bc,-6.9598585,107.7005388,687.4,15,788,91,19.60784,53.72549,,27.5562,43,116,29.73169,42,110,30.74692,34,111,,,
4882,2025-11-24 08:27:06+00,4d106730-1088-4892-9045-ffeebc4d23bc,-6.959895333,107.7003443,687.7,12,778,91,19.60784,52.54902,,27.5562,43,116,29.73169,42,110,30.74692,34,111,,,
4883,2025-11-24 08:27:11+00,4d106730-1088-4892-9045-ffeebc4d23bc,-6.959937667,107.7001903,687.6,14,791,91,19.60784,52.15686,,27.5562,43,116,29.73169,42,110,30.74692,34,111,,,
4884,2025-11-24 08:27:16+00,4d106730-1088-4892-9045-ffeebc4d23bc,-6.960068167,107.7001265,688.8,16,820,91,20,62.35294,,27.5562,43,116,29.73169,42,110,30.74692,34,111,,,
4885,2025-11-24 08:27:21+00,4d106730-1088-4892-9045-ffeebc4d23bc,-6.9602705,107.7001672,688.4,15,803,91,19.60784,52.94118,,27.5562,43,116,29.73169,42,110,30.74692,34,111,,,
4886,2025-11-24 08:27:26+00,4d106730-1088-4892-9045-ffeebc4d23bc,-6.960467167,107.7002023,687.7,15,788,91,19.60784,50.98039,,27.5562,43,116,29.73169,42,110,30.74692,34,111,,,
4887,2025-11-24 08:27:31+00,4d106730-1088-4892-9045-ffeebc4d23bc,-6.960609833,107.7003015,688.3,12,780,91,19.60784,51.76471,,27.5562,43,116,29.73169,42,110,30.74692,34,111,,,
4888,2025-11-24 08:27:36+00,4d106730-1088-4892-9045-ffeebc4d23bc,-6.960597333,107.7004578,689.6,14,1096,91,23.92157,77.64706,,27.5562,43,116,29.73169,42,110,30.74692,34,111,,,
4889,2025-11-24 08:27:41+00,4d106730-1088-4892-9045-ffeebc4d23bc,-6.9605735,107.7006278,689.7,18,872,91,19.60784,49.41177,,27.5562,43,116,29.73169,42,110,30.74692,34,111,,,
4890,2025-11-24 08:27:46+00,4d106730-1088-4892-9045-ffeebc4d23bc,-6.9605435,107.7008463,690.5,15,809,91,19.60784,49.01961,,27.5562,43,116,29.73169,42,110,30.74692,34,111,,,
4891,2025-11-24 08:27:51+00,4d106730-1088-4892-9045-ffeebc4d23bc,-6.960517,107.70104,691.3,5,786,92,19.60784,52.54902,,27.5562,43,116,29.73169,42,110,30.74692,34,111,,,
4892,2025-11-24 08:27:56+00,4d106730-1088-4892-9045-ffeebc4d23bc,-6.960509333,107.701101,691.3,14,1711,91,23.52941,69.80392,,27.5562,43,116,29.73169,42,110,30.74692,34,111,,,
4893,2025-11-24 08:28:01+00,4d106730-1088-4892-9045-ffeebc4d23bc,-6.960478667,107.701258,691.8,22,1645,91,23.13725,62.35294,,27.5562,43,116,29.73169,42,110,30.74692,34,111,,,
4894,2025-11-24 08:28:06+00,4d106730-1088-4892-9045-ffeebc4d23bc,-6.960434833,107.701516,692.8,29,1209,91,22.35294,66.66666,,27.5562,43,116,29.73169,42,110,30.74692,34,111,,,
4895,2025-11-24 08:28:11+00,4d106730-1088-4892-9045-ffeebc4d23bc,-6.960371333,107.7018565,694.1,28,1217,91,19.60784,38.03922,,27.5562,43,116,29.73169,42,110,30.74692,34,111,,,
4896,2025-11-24 08:28:16+00,4d106730-1088-4892-9045-ffeebc4d23bc,-6.9603065,107.7022203,695.5,19,847,92,20.39216,58.82353,,27.5562,43,116,29.73169,42,110,30.74692,34,111,,,
4897,2025-11-24 08:28:21+00,4d106730-1088-4892-9045-ffeebc4d23bc,-6.960234667,107.7024897,694.8,15,906,92,21.17647,59.21569,,27.5562,43,116,29.73169,42,110,30.74692,34,111,,,
4898,2025-11-24 08:28:26+00,4d106730-1088-4892-9045-ffeebc4d23bc,-6.960073,107.7025593,693.6,18,860,92,19.60784,50.58823,,27.5562,43,116,29.73169,42,110,30.74692,34,111,,,
4899,2025-11-24 08:28:31+00,4d106730-1088-4892-9045-ffeebc4d23bc,-6.959858167,107.7025017,692.8,9,1349,92,23.13725,64.70588,,27.5562,43,116,29.73169,42,110,30.74692,34,111,,,
4900,2025-11-24 08:28:36+00,4d106730-1088-4892-9045-ffeebc4d23bc,-6.959732667,107.702459,692.3,20,1532,91,24.70588,75.29412,,27.5562,43,116,29.73169,42,110,30.74692,34,111,,,
4901,2025-11-24 08:28:41+00,4d106730-1088-4892-9045-ffeebc4d23bc,-6.959515667,107.7023772,693,27,1528,92,23.92157,70.58823,,27.5562,43,116,29.73169,42,110,30.74692,34,111,,,
4902,2025-11-24 08:28:46+00,4d106730-1088-4892-9045-ffeebc4d23bc,-6.959221,107.702263,692,35,1489,92,23.92157,71.76471,,27.5562,43,116,29.73169,42,110,30.74692,34,111,,,
4903,2025-11-24 08:28:51+00,4d106730-1088-4892-9045-ffeebc4d23bc,-6.9588405,107.702095,689.6,40,1385,91,23.92157,76.86275,,27.5562,43,116,29.73169,42,110,30.74692,34,111,,,
4904,2025-11-24 08:28:56+00,4d106730-1088-4892-9045-ffeebc4d23bc,-6.9583875,107.7019033,688.7,44,1253,92,20,53.33333,,27.5562,43,116,29.73169,42,110,30.74692,34,111,,,
4905,2025-11-24 08:29:01+00,4d106730-1088-4892-9045-ffeebc4d23bc,-6.957895667,107.7016913,688.5,23,821,92,19.60784,50.98039,,27.5562,43,116,29.73169,42,110,30.74692,34,111,,,
4906,2025-11-24 08:29:06+00,4d106730-1088-4892-9045-ffeebc4d23bc,-6.957559833,107.7015468,688.4,15,1287,92,23.52941,74.11765,,27.5562,43,116,29.73169,42,110,30.74692,34,111,,,
4907,2025-11-24 08:29:11+00,4d106730-1088-4892-9045-ffeebc4d23bc,-6.957387667,107.701474,687.5,27,1596,91,24.70588,74.11765,,27.5562,43,116,29.73169,42,110,30.74692,34,111,,,
4908,2025-11-24 08:29:16+00,4d106730-1088-4892-9045-ffeebc4d23bc,-6.957106833,107.7013538,687.2,35,1504,91,25.88235,80.78432,,27.5562,43,116,29.73169,42,110,30.74692,34,111,,,
4909,2025-11-24 08:29:21+00,4d106730-1088-4892-9045-ffeebc4d23bc,-6.956719833,107.7011913,686.8,40,1496,92,23.92157,76.47059,,27.5562,43,116,29.73169,42,110,30.60188,34,117,,,
4910,2025-11-24 08:29:26+00,4d106730-1088-4892-9045-ffeebc4d23bc,-6.956266667,107.7009997,687.1,35,1057,92,19.60784,39.60784,,27.5562,43,116,29.73169,42,110,30.60188,34,117,,,
4911,2025-11-24 08:29:31+00,4d106730-1088-4892-9045-ffeebc4d23bc,-6.955840333,107.7008197,686.4,6,829,91,19.60784,52.94118,,27.5562,43,116,29.73169,42,110,30.60188,34,117,,,
4912,2025-11-24 08:29:36+00,4d106730-1088-4892-9045-ffeebc4d23bc,-6.955671833,107.7007495,686.8,9,1232,91,22.7451,70.58823,,27.5562,43,116,29.73169,42,110,30.60188,35,112,,,
4913,2025-11-24 08:29:41+00,4d106730-1088-4892-9045-ffeebc4d23bc,-6.955587667,107.7007078,686.4,10,1021,91,20,47.05882,,27.5562,43,116,29.73169,42,110,30.60188,35,112,,,
4914,2025-11-24 08:29:46+00,4d106730-1088-4892-9045-ffeebc4d23bc,-6.955486833,107.7006167,686.5,15,1336,91,23.52941,68.23529,,27.5562,43,116,29.73169,42,110,30.60188,35,112,,,
4915,2025-11-24 08:29:51+00,4d106730-1088-4892-9045-ffeebc4d23bc,-6.955378333,107.7004767,686.6,25,1533,91,23.13725,67.84314,,27.5562,43,116,29.73169,42,110,30.60188,35,112,,,
4916,2025-11-24 08:29:56+00,4d106730-1088-4892-9045-ffeebc4d23bc,-6.955110333,107.7003978,687.6,31,1299,91,24.31373,76.07843,,27.5562,43,116,29.73169,42,110,30.60188,35,112,,,
4917,2025-11-24 08:30:01+00,4d106730-1088-4892-9045-ffeebc4d23bc,-6.95474,107.7003693,688.3,36,1501,92,21.96078,58.43137,,27.5562,43,116,29.73169,42,110,30.60188,35,112,,,
4918,2025-11-24 08:30:06+00,4d106730-1088-4892-9045-ffeebc4d23bc,-6.9543335,107.7002245,688.2,38,1450,91,23.13725,64.70588,,27.5562,43,116,29.73169,42,110,30.60188,35,112,,,
4919,2025-11-24 08:30:11+00,4d106730-1088-4892-9045-ffeebc4d23bc,-6.953915667,107.6999982,687.7,36,1097,91,19.60784,40,,27.5562,43,116,29.73169,42,110,30.60188,35,112,,,
4920,2025-11-24 08:30:16+00,4d106730-1088-4892-9045-ffeebc4d23bc,-6.953636333,107.6996272,687,11,739,91,20.78431,67.84314,,27.5562,43,116,29.73169,42,110,30.60188,35,112,,,
4921,2025-11-24 08:30:21+00,4d106730-1088-4892-9045-ffeebc4d23bc,-6.953566167,107.6994295,687.6,16,1696,91,23.92157,69.80392,,27.5562,43,116,29.73169,42,110,30.60188,35,112,,,
4922,2025-11-24 08:30:26+00,4d106730-1088-4892-9045-ffeebc4d23bc,-6.953546667,107.699253,688.1,27,1513,90,23.92157,70.19608,,27.5562,43,116,29.73169,42,110,30.60188,35,112,,,
4923,2025-11-24 08:30:31+00,4d106730-1088-4892-9045-ffeebc4d23bc,-6.953632333,107.6989547,689.3,34,1434,91,23.92157,71.37255,,27.5562,43,116,29.73169,42,110,30.60188,35,112,,,
4924,2025-11-24 08:30:36+00,4d106730-1088-4892-9045-ffeebc4d23bc,-6.953789333,107.6985877,691.8,33,1030,91,20.78431,55.29412,,27.5562,43,116,29.73169,42,110,30.60188,35,112,,,
4925,2025-11-24 08:30:41+00,4d106730-1088-4892-9045-ffeebc4d23bc,-6.953958667,107.698185,692.9,28,1198,91,23.13725,68.62745,,27.5562,43,116,29.73169,42,110,30.60188,35,112,,,
4926,2025-11-24 08:30:46+00,4d106730-1088-4892-9045-ffeebc4d23bc,-6.9541005,107.6978523,693.8,33,1389,91,23.13725,67.84314,,27.5562,43,116,29.73169,42,110,30.60188,35,112,,,
4927,2025-11-24 08:30:51+00,4d106730-1088-4892-9045-ffeebc4d23bc,-6.954255833,107.6974902,695.5,37,1439,91,22.7451,65.88235,,27.5562,43,116,29.73169,42,110,30.60188,35,112,,,
4928,2025-11-24 08:30:56+00,4d106730-1088-4892-9045-ffeebc4d23bc,-6.954437833,107.697065,694.6,41,1206,91,23.92157,76.86275,,27.5562,43,116,29.73169,42,110,30.60188,35,112,,,
4929,2025-11-24 08:31:01+00,4d106730-1088-4892-9045-ffeebc4d23bc,-6.954631167,107.6966037,694.5,37,1071,91,19.60784,44.31372,,27.5562,43,116,29.73169,42,110,30.60188,35,112,,,
4930,2025-11-24 08:31:06+00,4d106730-1088-4892-9045-ffeebc4d23bc,-6.954821167,107.696153,693.3,8,822,91,19.60784,52.54902,,27.5562,43,116,29.73169,42,110,30.60188,35,112,,,
4931,2025-11-24 08:31:12+00,4d106730-1088-4892-9045-ffeebc4d23bc,-6.954913,107.695929,693.4,12,1246,91,19.60784,38.43137,,27.5562,43,116,29.73169,42,110,30.60188,35,112,,,
4932,2025-11-24 08:31:17+00,4d106730-1088-4892-9045-ffeebc4d23bc,-6.9549685,107.6958003,693.9,11,1417,91,24.31373,74.5098,,27.5562,43,116,29.73169,42,110,30.31182,35,112,,,
4933,2025-11-24 08:31:22+00,4d106730-1088-4892-9045-ffeebc4d23bc,-6.955084,107.6957055,693.1,23,1806,90,26.27451,79.60784,,27.5562,43,116,29.73169,42,110,30.31182,35,112,,,
4934,2025-11-24 08:31:27+00,4d106730-1088-4892-9045-ffeebc4d23bc,-6.955360667,107.6956457,692.1,34,1899,91,54.5098,97.64706,,27.5562,43,116,29.73169,42,110,30.60188,36,112,,,
4935,2025-11-24 08:31:32+00,4d106730-1088-4892-9045-ffeebc4d23bc,-6.955773833,107.6955622,690.9,38,1126,91,19.60784,43.52941,,27.5562,43,116,29.73169,42,110,30.60188,36,112,,,
4936,2025-11-24 08:31:37+00,4d106730-1088-4892-9045-ffeebc4d23bc,-6.956248333,107.6954645,690.2,40,1254,92,20.78431,52.15686,,27.5562,43,116,29.73169,42,110,30.60188,36,112,,,
4937,2025-11-24 08:31:42+00,4d106730-1088-4892-9045-ffeebc4d23bc,-6.9567275,107.695365,690.9,36,1236,93,23.92157,64.70588,,27.5562,43,116,29.73169,42,110,30.60188,36,112,,,
4938,2025-11-24 08:31:47+00,4d106730-1088-4892-9045-ffeebc4d23bc,-6.957179,107.6952638,690.5,44,1283,92,20.78431,60,,27.5562,43,116,29.73169,42,110,30.60188,36,112,,,
4939,2025-11-24 08:31:52+00,4d106730-1088-4892-9045-ffeebc4d23bc,-6.957703,107.6951602,690.8,38,1135,91,19.60784,38.43137,,27.5562,43,116,29.73169,42,110,30.60188,36,112,,,
4940,2025-11-24 08:31:57+00,4d106730-1088-4892-9045-ffeebc4d23bc,-6.958185833,107.6950732,691.6,35,1582,91,25.09804,76.47059,,27.5562,43,116,29.73169,42,110,30.60188,36,112,,,
4941,2025-11-24 08:32:02+00,4d106730-1088-4892-9045-ffeebc4d23bc,-6.958636667,107.6950347,692.8,40,1205,91,29.41176,91.37255,,27.5562,43,116,29.73169,42,110,30.60188,36,112,,,
4942,2025-11-24 08:32:07+00,4d106730-1088-4892-9045-ffeebc4d23bc,-6.9591475,107.6950442,692.8,47,1354,91,19.60784,41.56863,,27.5562,43,116,29.73169,42,110,30.60188,36,112,,,
4943,2025-11-24 08:32:12+00,4d106730-1088-4892-9045-ffeebc4d23bc,-6.959716833,107.6951302,692.3,37,1083,91,19.21569,38.43137,,27.5562,43,116,29.73169,42,110,30.60188,36,112,,,
4944,2025-11-24 08:32:17+00,4d106730-1088-4892-9045-ffeebc4d23bc,-6.960182833,107.6952178,692.1,28,895,91,25.09804,58.82353,,27.5562,43,116,29.73169,42,110,30.60188,36,112,,,
4945,2025-11-24 08:32:20+00,4d106730-1088-4892-9045-ffeebc4d23bc,-6.960373,107.6953222,692.4,31,1471,91,33.33333,92.94118,,27.5562,43,116,29.73169,42,110,30.60188,36,112,,,
4946,2025-11-24 08:32:27+00,4d106730-1088-4892-9045-ffeebc4d23bc,-6.960478833,107.6958515,693.4,41,1782,91,30.58824,90.98039,,27.5562,43,116,29.73169,42,110,30.60188,36,112,,,
4947,2025-11-24 08:32:32+00,4d106730-1088-4892-9045-ffeebc4d23bc,-6.960381667,107.6963507,689.3,42,1207,91,19.60784,38.82353,,27.5562,43,116,29.73169,42,110,30.60188,36,112,,,
4948,2025-11-24 08:32:37+00,4d106730-1088-4892-9045-ffeebc4d23bc,-6.960285333,107.6968807,689.1,45,1328,91,24.70588,79.21568,,27.5562,43,116,29.73169,42,110,30.60188,36,112,,,
4949,2025-11-24 08:32:42+00,4d106730-1088-4892-9045-ffeebc4d23bc,-6.960182833,107.6974315,688.4,48,1421,92,23.13725,67.45098,,27.5562,43,116,29.73169,42,110,30.60188,36,112,,,
4950,2025-11-24 08:32:47+00,4d106730-1088-4892-9045-ffeebc4d23bc,-6.960075167,107.6980263,687.5,50,1207,91,19.60784,40.39216,,27.5562,43,116,29.73169,42,110,30.60188,36,112,,,
4951,2025-11-24 08:32:52+00,4d106730-1088-4892-9045-ffeebc4d23bc,-6.9599665,107.6986467,688.3,47,1332,91,19.60784,34.5098,,27.5562,43,116,29.73169,42,110,30.60188,36,112,,,
4952,2025-11-24 08:32:57+00,4d106730-1088-4892-9045-ffeebc4d23bc,-6.959863333,107.6992295,688.7,35,1050,91,19.60784,40,,27.5562,43,116,29.73169,42,110,30.60188,36,112,,,
4953,2025-11-24 08:33:02+00,4d106730-1088-4892-9045-ffeebc4d23bc,-6.959786833,107.699673,689.2,11,860,91,20.39216,66.66666,,27.5562,43,116,29.73169,42,110,30.60188,36,112,,,
4954,2025-11-24 08:33:07+00,4d106730-1088-4892-9045-ffeebc4d23bc,-6.959755,107.6998298,689.6,17,1383,91,21.56863,62.35294,,27.5562,43,116,29.73169,42,110,30.60188,36,112,,,
4955,2025-11-24 08:33:12+00,4d106730-1088-4892-9045-ffeebc4d23bc,-6.959717833,107.7000243,690.4,12,923,91,20.78431,54.11765,,27.5562,43,116,29.73169,42,110,30.60188,36,112,,,
4956,2025-11-24 08:33:17+00,4d106730-1088-4892-9045-ffeebc4d23bc,-6.959785667,107.7001428,691.3,21,1574,91,23.13725,62.35294,,27.5562,43,116,29.73169,42,110,30.60188,36,112,,,
4957,2025-11-24 08:33:22+00,4d106730-1088-4892-9045-ffeebc4d23bc,-6.960032,107.7001137,690.5,23,1314,91,24.70588,78.43137,,27.5562,43,116,29.73169,42,110,30.60188,36,112,,,
4958,2025-11-24 08:33:27+00,4d106730-1088-4892-9045-ffeebc4d23bc,-6.96032,107.7001533,690.4,19,901,91,19.60784,47.45098,,27.5562,43,116,29.73169,42,110,30.60188,36,112,,,
4959,2025-11-24 08:33:31+00,4d106730-1088-4892-9045-ffeebc4d23bc,-6.960571667,107.7001827,665.2,13,781,93,19.21569,50.58823,,27.5562,43,116,29.73169,42,110,30.60188,36,112,,,
4960,2025-11-24 08:33:37+00,4d106730-1088-4892-9045-ffeebc4d23bc,-6.960644167,107.7003627,687.2,14,1189,93,22.35294,68.23529,,27.5562,43,116,29.73169,42,110,30.60188,36,112,,,
4961,2025-11-24 08:33:42+00,4d106730-1088-4892-9045-ffeebc4d23bc,-6.96062,107.7005387,688.1,21,1171,91,21.96078,69.01961,,27.5562,43,116,29.73169,42,110,30.60188,36,112,,,
4962,2025-11-24 08:33:47+00,4d106730-1088-4892-9045-ffeebc4d23bc,-6.960581833,107.7007975,689.2,20,922,92,19.60784,47.45098,,27.5562,43,116,29.73169,42,110,30.60188,36,112,,,
4963,2025-11-24 08:33:52+00,4d106730-1088-4892-9045-ffeebc4d23bc,-6.96054,107.7010365,690.1,6,848,93,20.78431,51.76471,,27.5562,43,116,29.73169,42,110,30.60188,36,112,,,
4964,2025-11-24 08:33:57+00,4d106730-1088-4892-9045-ffeebc4d23bc,-6.960518167,107.7011357,690.1,12,1157,92,19.60784,38.03922,,27.5562,43,116,29.73169,42,110,30.60188,36,112,,,
4965,2025-11-24 08:34:02+00,4d106730-1088-4892-9045-ffeebc4d23bc,-6.9604785,107.7012868,691.7,6,772,91,20,63.92157,,27.5562,43,116,29.73169,42,110,30.60188,36,112,,,
4966,2025-11-24 08:34:12+00,4d106730-1088-4892-9045-ffeebc4d23bc,-6.960415,107.7013537,692.9,3,751,94,19.60784,53.72549,,27.5562,43,116,29.73169,42,110,30.60188,36,112,,,
4967,2025-11-24 08:34:17+00,4d106730-1088-4892-9045-ffeebc4d23bc,-6.960378833,107.701351,692.5,5,767,93,19.60784,53.33333,,27.5562,43,116,29.73169,42,110,30.60188,36,112,,,
4968,2025-11-24 08:34:22+00,4d106730-1088-4892-9045-ffeebc4d23bc,-6.960374667,107.7013005,693.1,6,854,93,20.78431,67.05882,,27.5562,43,116,29.73169,42,110,30.60188,36,112,,,
4969,2025-11-24 08:34:27+00,4d106730-1088-4892-9045-ffeebc4d23bc,-6.9603805,107.7012188,693.5,3,753,93,19.60784,55.68628,,27.5562,43,116,29.73169,42,110,30.60188,36,112,,,
4970,2025-11-24 08:34:32+00,4d106730-1088-4892-9045-ffeebc4d23bc,-6.960384167,107.7011695,694.2,2,748,94,19.60784,53.72549,,27.5562,43,116,29.73169,42,110,30.60188,36,112,,,
4971,2025-11-24 08:34:42+00,4d106730-1088-4892-9045-ffeebc4d23bc,-6.960403,107.7011422,692.5,1,770,93,19.21569,68.23529,,27.5562,43,116,29.73169,42,110,30.60188,36,112,,,
4972,2025-11-24 08:34:47+00,4d106730-1088-4892-9045-ffeebc4d23bc,-6.960381333,107.7011438,692.3,1,760,93,19.60784,58.43137,,27.5562,43,116,29.73169,42,110,30.60188,36,112,,,
4973,2025-11-24 08:34:52+00,4d106730-1088-4892-9045-ffeebc4d23bc,-6.960362667,107.7011433,693.5,1,760,93,19.60784,56.07843,,27.5562,43,116,29.73169,42,110,30.60188,36,112,,,
4974,2025-11-24 09:26:18+00,4d106730-1088-4892-9045-ffeebc4d23bc,-6.960332,107.7011228,694.5,4,725,86,19.21569,54.11765,,,,,28.86149,34,110,30.02176,33,113,24.22045,33,120
4975,2025-11-24 09:26:23+00,4d106730-1088-4892-9045-ffeebc4d23bc,-6.960359333,107.7011388,696.3,6,772,87,19.21569,50.19608,,,,,28.86149,34,110,30.02176,33,113,24.22045,33,120
4976,2025-11-24 09:26:28+00,4d106730-1088-4892-9045-ffeebc4d23bc,-6.960356333,107.7012133,696.3,9,762,87,19.21569,42.35294,,,,,28.86149,34,110,30.02176,33,113,24.22045,33,120
4977,2025-11-24 09:26:33+00,4d106730-1088-4892-9045-ffeebc4d23bc,-6.960361833,107.7013257,697.7,3,632,87,18.82353,49.41177,,,,,28.86149,34,110,30.02176,33,113,24.22045,33,120
4978,2025-11-24 09:26:38+00,4d106730-1088-4892-9045-ffeebc4d23bc,-6.960383167,107.7013545,698.5,4,885,88,21.17647,60.78431,,,,,28.86149,34,110,30.02176,33,113,24.22045,33,120
4979,2025-11-24 09:26:43+00,4d106730-1088-4892-9045-ffeebc4d23bc,-6.960405167,107.7013962,699.6,15,1685,88,23.13725,64.31373,,,,,28.86149,34,110,30.02176,33,113,24.22045,33,120
4980,2025-11-24 09:26:48+00,4d106730-1088-4892-9045-ffeebc4d23bc,-6.960375333,107.7015658,702,25,1542,89,24.31373,74.11765,,,,,28.86149,34,110,30.02176,33,113,24.22045,33,120
4981,2025-11-24 09:26:53+00,4d106730-1088-4892-9045-ffeebc4d23bc,-6.960325833,107.7018618,702.6,27,1052,90,19.21569,36.47059,,,,,28.86149,34,110,30.02176,33,113,24.22045,33,120
4982,2025-11-24 09:26:58+00,4d106730-1088-4892-9045-ffeebc4d23bc,-6.960275833,107.7022167,702.1,17,717,90,19.21569,42.35294,,,,,28.86149,34,110,30.02176,33,113,24.22045,33,120
4983,2025-11-24 09:55:07+00,4d106730-1088-4892-9045-ffeebc4d23bc,-6.960595333,107.6960718,686.1,19,852,91,20.78431,66.66666,,,,,,,,,,,,,
4984,2025-11-24 09:55:07+00,4d106730-1088-4892-9045-ffeebc4d23bc,-6.960595333,107.6960718,686.1,9,1316,91,22.35294,63.13726,,,,,,,,,,,,,
4985,2025-11-24 09:55:17+00,4d106730-1088-4892-9045-ffeebc4d23bc,-6.96067,107.6956622,687.3,14,967,90,20,50.98039,,,,,,,,,,,,,
4986,2025-11-24 09:55:22+00,4d106730-1088-4892-9045-ffeebc4d23bc,-6.960728,107.6954942,686.4,16,1377,91,22.35294,64.70588,,,,,,,,,,,,,
4987,2025-11-24 09:55:48+00,4d106730-1088-4892-9045-ffeebc4d23bc,-6.960485,107.695459,686.7,28,1367,91,25.88235,85.4902,,,,,,,,,,,,,
4988,2025-11-24 09:55:53+00,4d106730-1088-4892-9045-ffeebc4d23bc,-6.9604665,107.69579,687.3,31,964,91,19.60784,45.88235,,,,,,,,,,,,,
4989,2025-11-24 09:55:58+00,4d106730-1088-4892-9045-ffeebc4d23bc,-6.960404833,107.6961702,687.1,27,890,91,19.60784,45.88235,,,,,,,,,,,,,
4990,2025-11-24 09:56:03+00,4d106730-1088-4892-9045-ffeebc4d23bc,-6.960347167,107.6965202,686.9,26,874,91,19.60784,48.23529,,,,,,,,,,,,,
4991,2025-11-24 09:56:08+00,4d106730-1088-4892-9045-ffeebc4d23bc,-6.960291167,107.6968415,686.5,27,1143,91,23.52941,75.68627,,,,,,,,,,,,,
4992,2025-11-24 09:56:35+00,4d106730-1088-4892-9045-ffeebc4d23bc,-6.959869167,107.6990277,683.4,30,945,91,19.60784,44.70588,,,,,,,,,,,,,
4993,2025-11-24 09:56:40+00,4d106730-1088-4892-9045-ffeebc4d23bc,-6.959798833,107.6994082,683.7,19,900,90,19.60784,50.19608,,,,,,,,,,,,,
4994,2025-11-24 09:56:45+00,4d106730-1088-4892-9045-ffeebc4d23bc,-6.959750333,107.6996905,684.1,6,827,90,20.39216,65.88235,,,,,,,,,,,,,
4995,2025-11-24 09:57:11+00,4d106730-1088-4892-9045-ffeebc4d23bc,-6.959564667,107.6998562,686.6,6,853,91,19.60784,54.5098,,,,,,,,,,,,,
4996,2025-11-24 09:57:16+00,4d106730-1088-4892-9045-ffeebc4d23bc,-6.959560167,107.699773,685.8,7,908,91,19.60784,47.84314,,,,,,,,,,,,,
4997,2025-11-24 09:57:21+00,4d106730-1088-4892-9045-ffeebc4d23bc,-6.959558,107.6996772,687.4,5,818,92,19.60784,50.58823,,,,,,,,,,,,,
4998,2025-11-24 09:57:26+00,4d106730-1088-4892-9045-ffeebc4d23bc,-6.959559167,107.6995995,689.8,5,804,91,20.39216,68.23529,,,,,,,,,,,,,
4999,2025-11-24 09:57:48+00,4d106730-1088-4892-9045-ffeebc4d23bc,-6.959634333,107.699464,0,1,793,92,19.21569,58.82353,,,,,,,,,,,,,
5000,2025-11-24 09:57:53+00,4d106730-1088-4892-9045-ffeebc4d23bc,-6.959611667,107.699481,690.1,1,759,93,19.60784,58.03922,,,,,,,,,,,,,
5001,2025-11-24 09:58:01+00,4d106730-1088-4892-9045-ffeebc4d23bc,-6.9596015,107.6994925,689.3,1,761,93,19.60784,59.21569,,,,,,,,,,,,,
5002,2025-11-24 10:34:00+00,4d106730-1088-4892-9045-ffeebc4d23bc,-6.959615833,107.6995172,689,5,808,98,20,58.82353,,0,36,116,,,,29.44162,30,115,23.78535,30,120
5003,2025-11-24 10:34:05+00,4d106730-1088-4892-9045-ffeebc4d23bc,-6.9596135,107.6995655,688.9,6,885,98,19.60784,51.37255,,0,36,116,,,,29.44162,30,115,23.78535,30,120
5004,2025-11-24 10:34:07+00,4d106730-1088-4892-9045-ffeebc4d23bc,-6.959604167,107.6995992,688.8,7,880,98,20.39216,58.03922,,0,36,116,,,,29.44162,30,115,23.78535,30,120
5005,2025-11-24 10:34:12+00,4d106730-1088-4892-9045-ffeebc4d23bc,-6.959591667,107.699692,689.8,8,1181,98,20.78431,52.94118,,0,36,116,,,,29.44162,30,115,23.78535,30,120
5006,2025-11-24 10:34:17+00,4d106730-1088-4892-9045-ffeebc4d23bc,-6.959581333,107.6998007,689.6,11,1047,97,20,41.56863,,0,36,116,,,,29.44162,30,115,23.78535,30,120
5007,2025-11-24 10:34:22+00,4d106730-1088-4892-9045-ffeebc4d23bc,-6.959559167,107.6999425,689.7,7,892,98,25.4902,61.17647,,0,36,116,,,,29.44162,30,115,23.78535,30,120
5008,2025-11-24 10:34:27+00,4d106730-1088-4892-9045-ffeebc4d23bc,-6.959558167,107.700028,690.5,5,820,98,20.78431,69.80392,,0,36,116,,,,29.44162,30,115,23.78535,30,120
5009,2025-11-24 10:34:32+00,4d106730-1088-4892-9045-ffeebc4d23bc,-6.959584667,107.7000823,690.7,7,884,99,20,52.15686,,0,36,116,,,,29.44162,30,115,23.78535,30,120
5010,2025-11-24 10:34:37+00,4d106730-1088-4892-9045-ffeebc4d23bc,-6.959654333,107.7001198,694.3,18,1484,96,24.31373,75.68627,,0,36,116,,,,29.44162,30,115,23.78535,30,120
5011,2025-11-24 10:34:42+00,4d106730-1088-4892-9045-ffeebc4d23bc,-6.959665333,107.7003028,693,26,1466,97,45.09804,95.68627,,0,36,116,,,,29.44162,30,115,23.78535,31,120
5012,2025-11-24 10:34:47+00,4d106730-1088-4892-9045-ffeebc4d23bc,-6.959615167,107.7006215,692.2,35,1893,97,51.76471,96.86275,,0,36,116,,,,29.44162,30,115,23.78535,31,120
5013,2025-11-24 10:34:52+00,4d106730-1088-4892-9045-ffeebc4d23bc,-6.959541,107.7010392,691.4,41,1216,97,19.60784,40.78431,,0,36,116,,,,29.44162,30,115,23.78535,31,120
5014,2025-11-24 10:34:57+00,4d106730-1088-4892-9045-ffeebc4d23bc,-6.9594535,107.7015492,691.1,26,871,97,19.60784,47.84314,,0,36,116,,,,29.44162,30,115,23.78535,31,120
5015,2025-11-24 10:35:02+00,4d106730-1088-4892-9045-ffeebc4d23bc,-6.959386167,107.7019053,689.8,9,1106,97,27.45098,87.05882,,0,36,116,29.73169,43,110,29.44162,30,115,23.78535,31,120
5016,2025-11-24 10:35:07+00,4d106730-1088-4892-9045-ffeebc4d23bc,-6.959341333,107.702051,689,22,1026,95,20.78431,54.5098,,0,36,116,29.73169,43,110,29.44162,30,115,23.78535,31,120
5017,2025-11-24 10:35:12+00,4d106730-1088-4892-9045-ffeebc4d23bc,-6.959145167,107.7022025,688.7,26,1596,96,30.19608,89.80392,,0,36,116,29.73169,43,110,29.44162,30,115,23.78535,31,120
5018,2025-11-24 10:35:17+00,4d106730-1088-4892-9045-ffeebc4d23bc,-6.958846333,107.7021442,687.6,37,1922,95,32.54902,90.58823,,0,36,116,29.73169,43,110,29.44162,30,115,23.78535,31,120
5019,2025-11-24 10:35:22+00,4d106730-1088-4892-9045-ffeebc4d23bc,-6.958436167,107.7019682,687,45,2103,96,25.09804,74.90196,,0,36,116,29.73169,43,110,29.44162,30,115,23.78535,31,120
5020,2025-11-24 10:35:27+00,4d106730-1088-4892-9045-ffeebc4d23bc,-6.957933833,107.7017515,686.5,28,907,96,19.60784,46.66667,,0,36,116,29.73169,43,110,29.44162,30,115,23.78535,31,120
5021,2025-11-24 10:35:32+00,4d106730-1088-4892-9045-ffeebc4d23bc,-6.957549667,107.7015902,686.6,7,1185,96,26.27451,80.39216,,0,36,116,29.73169,43,110,29.44162,30,115,23.78535,31,120
5022,2025-11-24 10:35:37+00,4d106730-1088-4892-9045-ffeebc4d23bc,-6.957448167,107.7015462,686.9,25,1900,96,27.45098,82.35294,,0,36,116,29.73169,43,110,29.44162,30,115,23.78535,31,120
5023,2025-11-24 10:35:42+00,4d106730-1088-4892-9045-ffeebc4d23bc,-6.957189667,107.7014312,687.1,32,1370,97,29.41176,89.80392,,0,36,116,29.73169,43,110,29.44162,30,115,23.78535,31,120
5024,2025-11-24 10:35:47+00,4d106730-1088-4892-9045-ffeebc4d23bc,-6.956825667,107.7012772,687.3,41,1739,96,30.19608,89.41177,,0,36,116,29.73169,43,110,29.44162,30,115,23.78535,31,120
5025,2025-11-24 10:35:52+00,4d106730-1088-4892-9045-ffeebc4d23bc,-6.956371167,107.7010838,686.5,38,1133,96,19.60784,39.60784,,0,36,116,29.73169,43,110,29.44162,30,115,23.78535,31,120
5026,2025-11-24 10:35:57+00,4d106730-1088-4892-9045-ffeebc4d23bc,-6.955914167,107.7008857,685.8,17,862,96,19.60784,50.58823,,0,36,116,29.73169,43,110,29.44162,30,115,23.78535,31,120
5027,2025-11-24 10:36:02+00,4d106730-1088-4892-9045-ffeebc4d23bc,-6.955670833,107.7007775,685.4,7,1277,96,24.70588,79.21568,,0,36,116,29.73169,43,110,29.44162,30,115,23.78535,31,120
5028,2025-11-24 10:36:07+00,4d106730-1088-4892-9045-ffeebc4d23bc,-6.955580333,107.700737,685,21,1664,95,25.09804,76.86275,,0,36,116,29.73169,43,110,29.44162,30,115,23.78535,31,120
5029,2025-11-24 10:36:12+00,4d106730-1088-4892-9045-ffeebc4d23bc,-6.955438,107.7005463,684.3,32,1344,95,27.45098,87.84314,,0,36,116,29.73169,43,110,29.44162,30,115,23.78535,31,120
5030,2025-11-24 10:36:17+00,4d106730-1088-4892-9045-ffeebc4d23bc,-6.9554795,107.7001753,684.1,41,1727,96,30.98039,90.58823,,0,36,116,29.73169,43,110,29.44162,30,115,23.78535,31,120
5031,2025-11-24 10:36:22+00,4d106730-1088-4892-9045-ffeebc4d23bc,-6.95565,107.699715,684.9,46,1361,96,30.58824,90.98039,,0,36,116,29.73169,43,110,29.44162,30,115,23.78535,31,120
5032,2025-11-24 10:36:27+00,4d106730-1088-4892-9045-ffeebc4d23bc,-6.9558735,107.6991972,685.2,52,1531,96,30.98039,90.19608,,0,36,116,29.73169,43,110,29.44162,30,115,23.78535,31,120
5033,2025-11-24 10:36:32+00,4d106730-1088-4892-9045-ffeebc4d23bc,-6.956119333,107.6986047,686,56,1371,95,19.60784,40.39216,,0,36,116,29.73169,43,110,29.44162,30,115,23.78535,31,120
5034,2025-11-24 10:36:37+00,4d106730-1088-4892-9045-ffeebc4d23bc,-6.956391333,107.6979638,686.5,44,1224,95,20.78431,49.80392,,0,36,116,29.73169,43,110,29.44162,30,115,23.78535,31,120
5035,2025-11-24 10:36:42+00,4d106730-1088-4892-9045-ffeebc4d23bc,-6.956623,107.6974142,686.8,43,1267,94,29.01961,90.58823,,0,36,116,29.73169,43,110,29.44162,30,115,23.78535,31,120
5036,2025-11-24 10:36:47+00,4d106730-1088-4892-9045-ffeebc4d23bc,-6.956779833,107.6969007,686.7,48,1439,93,19.60784,48.62745,,0,36,116,29.73169,43,110,29.58666,31,122,23.78535,31,120
5037,2025-11-24 10:36:52+00,4d106730-1088-4892-9045-ffeebc4d23bc,-6.956834,107.6963197,687.4,32,996,93,19.60784,41.56863,,0,36,116,29.73169,43,110,29.58666,31,122,23.78535,31,120
5038,2025-11-24 10:36:57+00,4d106730-1088-4892-9045-ffeebc4d23bc,-6.956769667,107.6958743,687.2,5,785,94,25.09804,69.80392,,0,36,116,29.73169,43,110,29.58666,31,122,23.78535,31,120
5039,2025-11-24 10:37:17+00,4d106730-1088-4892-9045-ffeebc4d23bc,-6.956734833,107.6957303,687.1,2,728,94,20.78431,72.54902,,0,36,116,29.73169,43,110,29.58666,31,122,23.78535,31,120
5040,2025-11-24 10:37:22+00,4d106730-1088-4892-9045-ffeebc4d23bc,-6.956734167,107.6957072,685.8,11,1602,95,23.13725,66.66666,,0,36,116,29.73169,43,110,29.58666,31,122,23.78535,31,120
5041,2025-11-24 10:37:27+00,4d106730-1088-4892-9045-ffeebc4d23bc,-6.956715167,107.695587,685.6,17,1321,94,22.35294,61.56863,,0,36,116,29.73169,43,110,29.58666,31,122,23.78535,31,120
5042,2025-11-24 10:37:32+00,4d106730-1088-4892-9045-ffeebc4d23bc,-6.95663,107.6953982,685.8,24,1438,94,22.35294,65.88235,,0,36,116,29.73169,43,110,29.58666,31,122,23.78535,31,120
5043,2025-11-24 10:37:37+00,4d106730-1088-4892-9045-ffeebc4d23bc,-6.956357833,107.6953447,685.2,32,1351,95,28.62745,89.01961,,0,36,116,29.73169,43,110,29.58666,31,122,23.78535,31,120
5044,2025-11-24 10:37:42+00,4d106730-1088-4892-9045-ffeebc4d23bc,-6.955985,107.695422,684.1,40,1610,95,21.17647,75.29412,,0,36,116,29.73169,43,110,29.58666,31,114,23.78535,31,120
5045,2025-11-24 10:37:47+00,4d106730-1088-4892-9045-ffeebc4d23bc,-6.9555245,107.6955193,683.1,24,828,95,19.60784,50.98039,,0,36,116,29.73169,43,110,29.58666,31,114,23.78535,31,120
5046,2025-11-24 10:37:52+00,4d106730-1088-4892-9045-ffeebc4d23bc,-6.955157667,107.695585,682.8,7,1266,95,24.31373,74.11765,,0,36,116,29.73169,43,110,29.58666,31,114,23.78535,31,120
5047,2025-11-24 10:37:57+00,4d106730-1088-4892-9045-ffeebc4d23bc,-6.955040833,107.695606,682.7,23,1758,95,26.66667,81.96078,,0,36,116,29.73169,43,110,29.58666,31,114,23.78535,31,120
5048,2025-11-24 10:38:02+00,4d106730-1088-4892-9045-ffeebc4d23bc,-6.954784833,107.6956512,683.3,31,1330,95,25.4902,83.52941,,0,36,116,29.73169,43,110,29.58666,31,114,23.78535,31,120
5049,2025-11-24 10:38:07+00,4d106730-1088-4892-9045-ffeebc4d23bc,-6.954414,107.6956843,683.5,35,1057,95,20,48.23529,,0,36,116,29.73169,43,110,29.58666,31,114,23.78535,31,120
5050,2025-11-24 10:38:12+00,4d106730-1088-4892-9045-ffeebc4d23bc,-6.9539775,107.695668,683.7,18,865,95,19.60784,50.98039,,0,36,116,29.73169,43,110,29.73169,31,113,23.78535,31,120
5051,2025-11-24 10:38:17+00,4d106730-1088-4892-9045-ffeebc4d23bc,-6.953694833,107.695624,683.4,7,864,95,20,59.60784,,0,36,116,29.73169,43,110,29.73169,31,113,23.78535,31,120
5052,2025-11-24 10:38:22+00,4d106730-1088-4892-9045-ffeebc4d23bc,-6.953601667,107.6956012,683.9,7,1062,95,21.56863,59.60784,,0,36,116,29.73169,43,110,29.73169,31,113,23.78535,31,120
5053,2025-11-24 10:38:27+00,4d106730-1088-4892-9045-ffeebc4d23bc,-6.95351,107.6956012,683.4,15,1503,94,21.96078,59.60784,,0,36,116,29.73169,43,110,29.73169,31,113,23.78535,31,120
5054,2025-11-24 10:38:32+00,4d106730-1088-4892-9045-ffeebc4d23bc,-6.953383833,107.6956958,682.8,22,1588,94,22.35294,58.43137,,0,36,116,29.73169,43,110,29.73169,31,113,23.78535,31,120
5055,2025-11-24 10:38:37+00,4d106730-1088-4892-9045-ffeebc4d23bc,-6.9532815,107.6959382,683.9,26,1293,95,22.35294,71.76471,,0,36,116,29.73169,43,110,29.73169,31,113,23.78535,31,120
5056,2025-11-24 10:38:42+00,4d106730-1088-4892-9045-ffeebc4d23bc,-6.953164167,107.6962367,684.4,22,1005,95,19.60784,42.7451,,0,36,116,29.73169,43,110,29.73169,31,113,23.78535,31,120
5057,2025-11-24 10:38:47+00,4d106730-1088-4892-9045-ffeebc4d23bc,-6.953056667,107.6965303,683,6,853,94,19.60784,53.33333,,0,36,116,29.73169,43,110,29.73169,31,113,23.78535,31,120
5058,2025-11-24 10:39:27+00,4d106730-1088-4892-9045-ffeebc4d23bc,-6.953003667,107.6966402,680.9,1,750,96,19.60784,55.68628,,0,36,116,29.73169,43,110,29.58666,32,113,23.78535,31,120
5059,2025-11-24 10:39:32+00,4d106730-1088-4892-9045-ffeebc4d23bc,-6.953002833,107.696647,680.2,6,1089,95,23.13725,74.11765,,0,36,116,29.73169,43,110,29.58666,32,113,23.78535,31,120
5060,2025-11-24 10:39:37+00,4d106730-1088-4892-9045-ffeebc4d23bc,-6.952978167,107.6967103,681.8,19,1483,96,25.88235,82.74509,,0,36,116,29.73169,43,110,29.58666,32,113,23.78535,31,120
5061,2025-11-24 10:39:42+00,4d106730-1088-4892-9045-ffeebc4d23bc,-6.9529,107.6968958,682.4,28,1428,95,20,52.54902,,0,36,116,29.73169,43,110,29.58666,32,113,23.78535,31,120
5062,2025-11-24 10:39:47+00,4d106730-1088-4892-9045-ffeebc4d23bc,-6.95277,107.6971995,682.6,20,928,96,19.60784,45.4902,,26.83104,38,116,29.73169,43,110,29.58666,32,113,23.78535,31,120
5063,2025-11-24 10:39:52+00,4d106730-1088-4892-9045-ffeebc4d23bc,-6.952652167,107.6974702,682.6,6,903,96,25.09804,81.96078,,26.83104,38,116,29.73169,43,110,29.58666,32,113,23.78535,31,120
5064,2025-11-24 10:39:57+00,4d106730-1088-4892-9045-ffeebc4d23bc,-6.95261,107.6975582,683.6,16,1292,96,20.39216,56.86274,,26.83104,38,116,29.73169,43,110,29.58666,32,113,23.78535,31,120
5065,2025-11-24 10:40:02+00,4d106730-1088-4892-9045-ffeebc4d23bc,-6.952608667,107.6977223,683.2,25,1853,95,27.05882,82.35294,,26.83104,38,116,29.73169,43,110,29.58666,32,113,23.78535,31,120
5066,2025-11-24 10:40:07+00,4d106730-1088-4892-9045-ffeebc4d23bc,-6.952808833,107.6979005,683.6,35,1496,96,20,66.66666,,26.83104,38,116,29.73169,43,110,29.58666,32,113,23.78535,31,120
5067,2025-11-24 10:40:12+00,4d106730-1088-4892-9045-ffeebc4d23bc,-6.9530845,107.6982012,683.7,31,932,96,20,56.07843,,26.83104,38,116,29.73169,43,110,29.73169,32,113,23.78535,31,120
5068,2025-11-24 10:40:17+00,4d106730-1088-4892-9045-ffeebc4d23bc,-6.953245667,107.698573,684.3,11,767,96,19.21569,56.07843,,26.83104,38,116,29.73169,43,110,29.73169,32,113,23.78535,31,120
5069,2025-11-24 10:40:22+00,4d106730-1088-4892-9045-ffeebc4d23bc,-6.953323833,107.6987942,684.9,18,1713,95,25.88235,79.60784,,26.83104,38,116,29.73169,43,110,29.73169,32,113,23.78535,31,120
5070,2025-11-24 10:40:27+00,4d106730-1088-4892-9045-ffeebc4d23bc,-6.9533885,107.6989645,685.3,31,1353,95,29.41176,90.58823,,26.83104,38,116,29.73169,43,110,29.73169,32,113,23.78535,31,120
5071,2025-11-24 10:40:32+00,4d106730-1088-4892-9045-ffeebc4d23bc,-6.9535075,107.6993038,686.3,40,1473,95,21.96078,64.31373,,26.83104,38,116,29.73169,43,110,29.73169,32,113,23.78535,31,120
5072,2025-11-24 10:40:37+00,4d106730-1088-4892-9045-ffeebc4d23bc,-6.953697333,107.6997477,686.1,42,1217,95,19.21569,55.29412,,26.83104,38,116,29.73169,43,110,29.73169,32,113,23.78535,31,120
5073,2025-11-24 10:40:42+00,4d106730-1088-4892-9045-ffeebc4d23bc,-6.9540575,107.7000903,684.7,39,1171,95,19.60784,38.03922,,26.83104,38,116,29.73169,43,110,29.73169,32,113,23.78535,31,120
5074,2025-11-24 10:40:47+00,4d106730-1088-4892-9045-ffeebc4d23bc,-6.954508333,107.7003037,683.6,32,988,94,19.60784,41.96078,,26.83104,38,116,29.73169,43,110,29.73169,32,113,23.78535,31,120
5075,2025-11-24 10:40:52+00,4d106730-1088-4892-9045-ffeebc4d23bc,-6.954869,107.7005275,683.5,25,814,94,20,60.78431,,26.83104,38,116,29.73169,43,110,29.73169,32,113,23.78535,31,120
5076,2025-11-24 10:40:57+00,4d106730-1088-4892-9045-ffeebc4d23bc,-6.955099,107.7007823,683.7,24,1475,94,25.09804,76.86275,,26.83104,38,116,29.73169,43,110,29.73169,32,113,23.78535,31,120
5077,2025-11-24 10:41:02+00,4d106730-1088-4892-9045-ffeebc4d23bc,-6.955398833,107.7007982,683,33,1421,92,27.05882,86.27451,,26.83104,38,116,29.73169,43,110,29.73169,32,113,23.78535,31,120
5078,2025-11-24 10:41:07+00,4d106730-1088-4892-9045-ffeebc4d23bc,-6.955776333,107.7008953,683.6,42,1306,93,26.27451,87.05882,,26.83104,38,116,29.73169,43,110,29.73169,32,113,23.78535,31,120
5079,2025-11-24 10:41:12+00,4d106730-1088-4892-9045-ffeebc4d23bc,-6.9562385,107.701095,683.5,44,1069,94,20,50.98039,,26.83104,38,116,29.73169,43,110,29.73169,32,113,23.78535,31,120
5080,2025-11-24 10:41:17+00,4d106730-1088-4892-9045-ffeebc4d23bc,-6.956746333,107.701313,683,20,813,93,19.60784,49.80392,,26.83104,38,116,29.73169,43,110,29.73169,32,113,23.78535,31,120
5081,2025-11-24 10:41:22+00,4d106730-1088-4892-9045-ffeebc4d23bc,-6.957072,107.7014547,682.2,23,1567,92,25.88235,81.56863,,26.83104,38,116,29.73169,43,110,29.73169,32,113,23.78535,31,120
5082,2025-11-24 10:41:27+00,4d106730-1088-4892-9045-ffeebc4d23bc,-6.957311667,107.7015555,682.8,34,1450,92,25.88235,82.74509,,26.83104,38,116,29.73169,43,110,29.73169,32,113,23.78535,31,120
5083,2025-11-24 10:41:32+00,4d106730-1088-4892-9045-ffeebc4d23bc,-6.957678333,107.7017122,683,42,1227,93,27.05882,88.62745,,26.83104,38,116,29.73169,43,110,29.73169,32,113,23.78535,31,120
5084,2025-11-24 10:41:37+00,4d106730-1088-4892-9045-ffeebc4d23bc,-6.958141333,107.7019062,683.4,43,1241,93,19.60784,40.39216,,26.83104,38,116,29.73169,43,110,29.73169,32,113,23.78535,31,120
5085,2025-11-24 10:41:42+00,4d106730-1088-4892-9045-ffeebc4d23bc,-6.958637333,107.7021142,683.6,22,798,92,19.60784,49.41177,,26.83104,38,116,29.73169,43,110,29.73169,32,113,23.78535,31,120
5086,2025-11-24 10:41:47+00,4d106730-1088-4892-9045-ffeebc4d23bc,-6.9589685,107.7022587,683,18,1120,92,19.21569,51.76471,,26.83104,38,116,29.73169,43,110,29.73169,32,113,23.78535,31,120
5087,2025-11-24 10:41:52+00,4d106730-1088-4892-9045-ffeebc4d23bc,-6.959165167,107.702343,682.8,22,1315,92,25.88235,83.92157,,26.83104,38,116,29.73169,43,110,29.73169,32,113,23.78535,31,120
5088,2025-11-24 10:41:57+00,4d106730-1088-4892-9045-ffeebc4d23bc,-6.959404833,107.7024298,683,30,1298,93,23.52941,76.47059,,26.83104,38,116,29.73169,43,110,29.73169,32,113,23.78535,31,120
5089,2025-11-24 10:42:02+00,4d106730-1088-4892-9045-ffeebc4d23bc,-6.959751833,107.7024918,682.9,34,1510,92,24.70588,74.90196,,26.83104,38,116,29.73169,43,110,29.73169,32,113,23.78535,31,120
5090,2025-11-24 10:42:07+00,4d106730-1088-4892-9045-ffeebc4d23bc,-6.960145833,107.7026147,682.3,35,1056,93,19.60784,41.96078,,26.83104,38,116,29.73169,43,110,29.73169,32,113,23.78535,31,120
5091,2025-11-24 10:42:12+00,4d106730-1088-4892-9045-ffeebc4d23bc,-6.960565167,107.7027517,681.2,21,803,93,19.60784,49.41177,,26.83104,38,116,29.73169,43,110,29.73169,32,113,23.78535,31,120
5092,2025-11-24 10:42:17+00,4d106730-1088-4892-9045-ffeebc4d23bc,-6.960863667,107.7028607,681,12,1663,93,25.4902,76.86275,,26.83104,38,116,29.73169,43,110,29.73169,32,113,23.78535,31,120
5093,2025-11-24 10:42:22+00,4d106730-1088-4892-9045-ffeebc4d23bc,-6.960988167,107.7029135,681.1,26,1609,91,25.4902,78.82353,,26.83104,38,116,29.73169,43,110,29.73169,32,113,23.78535,31,120
5094,2025-11-24 10:42:27+00,4d106730-1088-4892-9045-ffeebc4d23bc,-6.9612335,107.7030488,679.7,26,1115,92,19.60784,39.60784,,26.83104,38,116,29.73169,43,110,29.73169,32,113,23.78535,31,120
5095,2025-11-24 10:42:32+00,4d106730-1088-4892-9045-ffeebc4d23bc,-6.961490833,107.7032635,680.2,6,821,93,19.21569,51.37255,,26.83104,38,116,29.73169,43,110,29.73169,32,113,23.78535,31,120
5096,2025-11-24 10:42:37+00,4d106730-1088-4892-9045-ffeebc4d23bc,-6.9615745,107.703361,680.3,1,764,93,20.78431,69.80392,,26.83104,38,116,29.73169,43,110,29.73169,32,113,23.78535,31,120
5097,2025-11-24 10:42:42+00,4d106730-1088-4892-9045-ffeebc4d23bc,-6.961585333,107.7033772,680.7,2,745,94,19.60784,54.5098,,26.83104,38,116,29.73169,43,110,29.73169,32,113,23.78535,31,120
5098,2025-11-24 10:42:47+00,4d106730-1088-4892-9045-ffeebc4d23bc,-6.961600333,107.703395,680.1,13,1625,92,21.17647,50.98039,,26.83104,38,116,29.73169,43,110,29.73169,32,113,23.78535,31,120
5099,2025-11-24 10:42:52+00,4d106730-1088-4892-9045-ffeebc4d23bc,-6.961681667,107.703499,680,17,1107,93,19.60784,47.84314,,26.83104,38,116,29.73169,43,110,29.73169,32,113,23.78535,31,120
5100,2025-11-24 10:42:57+00,4d106730-1088-4892-9045-ffeebc4d23bc,-6.961793833,107.703678,680.1,15,1294,94,23.13725,73.72549,,26.83104,38,116,29.73169,43,110,29.73169,32,113,23.78535,31,120
5101,2025-11-24 10:43:02+00,4d106730-1088-4892-9045-ffeebc4d23bc,-6.961855167,107.7038692,681.2,13,948,93,19.60784,43.92157,,26.83104,38,116,29.73169,43,110,29.73169,32,113,23.78535,31,120
5102,2025-11-24 10:43:07+00,4d106730-1088-4892-9045-ffeebc4d23bc,-6.961874,107.7040658,680.6,10,815,93,19.60784,49.80392,,26.83104,38,116,29.73169,43,110,29.73169,32,113,23.78535,31,120
5103,2025-11-24 10:43:12+00,4d106730-1088-4892-9045-ffeebc4d23bc,-6.961884167,107.704217,680.7,9,1050,93,19.60784,42.35294,,26.83104,38,116,29.73169,43,110,29.73169,32,113,23.78535,31,120
5104,2025-11-24 10:43:17+00,4d106730-1088-4892-9045-ffeebc4d23bc,-6.9618945,107.7043472,680.8,9,902,94,18.82353,51.37255,,26.83104,38,116,29.73169,43,110,29.73169,32,113,23.78535,31,120
5105,2025-11-24 10:43:22+00,4d106730-1088-4892-9045-ffeebc4d23bc,-6.961903833,107.7044822,680.4,3,725,94,19.21569,50.98039,,26.83104,38,116,29.73169,43,110,29.73169,32,113,23.78535,31,120
5106,2025-11-24 10:43:27+00,4d106730-1088-4892-9045-ffeebc4d23bc,-6.961915833,107.7045478,680.3,3,754,93,19.60784,52.94118,,26.83104,38,116,29.73169,43,110,29.73169,32,113,23.78535,31,120
5107,2025-11-24 10:43:32+00,4d106730-1088-4892-9045-ffeebc4d23bc,-6.961927,107.7045917,681.2,4,767,93,19.60784,52.54902,,26.83104,38,116,29.73169,43,110,29.73169,32,113,23.78535,31,120
5108,2025-11-24 10:43:37+00,4d106730-1088-4892-9045-ffeebc4d23bc,-6.961941667,107.7046483,682.1,5,790,94,20.39216,68.23529,,26.83104,38,116,29.73169,43,110,29.73169,32,113,23.78535,31,120
5109,2025-11-24 10:43:42+00,4d106730-1088-4892-9045-ffeebc4d23bc,-6.961967,107.7047068,683.2,6,831,95,19.60784,52.15686,,26.83104,38,116,29.73169,43,110,29.73169,32,113,23.78535,31,120
5110,2025-11-24 10:43:47+00,4d106730-1088-4892-9045-ffeebc4d23bc,-6.962001667,107.7047747,683.6,4,782,94,19.21569,50.58823,,26.83104,38,116,29.73169,43,110,29.73169,32,113,23.78535,31,120
5111,2025-11-24 10:43:52+00,4d106730-1088-4892-9045-ffeebc4d23bc,-6.962037167,107.704836,683.5,5,821,94,24.70588,65.09804,,26.83104,38,116,29.73169,43,110,29.73169,32,113,23.78535,31,120
5112,2025-11-24 10:43:57+00,4d106730-1088-4892-9045-ffeebc4d23bc,-6.962082,107.7049042,683.9,6,826,95,20,62.7451,,26.83104,38,116,29.73169,43,110,29.73169,32,113,23.78535,31,120
5113,2025-11-24 10:44:02+00,4d106730-1088-4892-9045-ffeebc4d23bc,-6.9621265,107.7049712,683.2,3,767,95,19.60784,54.11765,,26.83104,38,116,29.73169,43,110,29.73169,32,113,23.78535,31,120
5114,2025-11-24 10:44:07+00,4d106730-1088-4892-9045-ffeebc4d23bc,-6.962155,107.7050152,683.4,6,816,94,19.60784,52.94118,,26.83104,38,116,29.73169,43,110,29.73169,32,113,23.78535,31,120
5115,2025-11-24 10:44:12+00,4d106730-1088-4892-9045-ffeebc4d23bc,-6.962205667,107.7050513,682.5,7,911,94,23.52941,71.76471,,26.83104,38,116,29.73169,43,110,29.73169,32,113,23.78535,31,120
5116,2025-11-24 10:44:17+00,4d106730-1088-4892-9045-ffeebc4d23bc,-6.962273167,107.7050467,684,11,1074,95,19.60784,43.92157,,26.83104,38,116,29.73169,43,110,29.73169,32,113,23.78535,31,120
5117,2025-11-24 10:44:22+00,4d106730-1088-4892-9045-ffeebc4d23bc,-6.962389833,107.7050202,687.9,7,870,94,20.39216,50.19608,,26.83104,38,116,29.73169,43,110,29.73169,30,114,23.78535,31,120
5118,2025-11-24 10:44:28+00,4d106730-1088-4892-9045-ffeebc4d23bc,-6.962493833,107.7050172,686.8,17,1464,94,23.52941,69.80392,,26.83104,38,116,29.73169,43,110,29.73169,30,114,23.78535,31,120
5119,2025-11-24 10:44:32+00,4d106730-1088-4892-9045-ffeebc4d23bc,-6.962644833,107.705006,686.2,20,887,95,20,58.03922,,26.83104,38,116,29.73169,43,110,29.73169,30,114,23.78535,31,120
5120,2025-11-24 10:44:38+00,4d106730-1088-4892-9045-ffeebc4d23bc,-6.962918167,107.7049838,686.4,5,807,95,19.60784,54.5098,,26.83104,38,116,29.73169,43,110,29.73169,30,114,23.78535,31,120
5121,2025-11-24 10:44:43+00,4d106730-1088-4892-9045-ffeebc4d23bc,-6.962986833,107.704979,685.5,17,1372,94,22.7451,67.45098,,26.83104,38,116,29.73169,43,110,29.73169,30,114,23.78535,31,120
5122,2025-11-24 10:44:48+00,4d106730-1088-4892-9045-ffeebc4d23bc,-6.963175167,107.7049527,684.7,26,1483,94,23.52941,71.76471,,26.83104,38,116,29.73169,43,110,29.73169,30,114,23.78535,31,120
5123,2025-11-24 10:44:53+00,4d106730-1088-4892-9045-ffeebc4d23bc,-6.963492333,107.7049112,685,24,990,95,20.39216,53.33333,,26.83104,38,116,29.73169,43,110,29.73169,30,114,23.78535,31,120
5124,2025-11-24 10:44:58+00,4d106730-1088-4892-9045-ffeebc4d23bc,-6.963783167,107.7048798,684.9,11,1487,96,19.60784,52.15686,,26.83104,38,116,29.73169,43,110,29.73169,30,113,23.78535,31,120
5125,2025-11-24 10:45:03+00,4d106730-1088-4892-9045-ffeebc4d23bc,-6.9639085,107.7048782,682,12,1597,94,23.52941,63.52941,,26.83104,38,116,29.73169,43,110,29.73169,30,113,23.78535,31,120
5126,2025-11-24 10:45:08+00,4d106730-1088-4892-9045-ffeebc4d23bc,-6.9640635,107.7048572,681.4,17,1157,94,19.60784,40.78431,,26.83104,38,116,29.73169,43,110,29.73169,30,113,23.78535,31,120
5127,2025-11-24 10:45:13+00,4d106730-1088-4892-9045-ffeebc4d23bc,-6.964264833,107.704838,681.1,6,844,95,20.39216,63.92157,,26.83104,38,116,29.73169,43,110,29.73169,30,113,23.78535,31,120
5128,2025-11-24 10:45:18+00,4d106730-1088-4892-9045-ffeebc4d23bc,-6.964348,107.70483,678.8,12,1646,95,22.7451,61.17647,,26.83104,38,116,29.73169,43,110,29.73169,30,113,23.78535,31,120
5129,2025-11-24 10:45:23+00,4d106730-1088-4892-9045-ffeebc4d23bc,-6.964488,107.7048345,676,22,1601,94,22.35294,58.82353,,26.83104,38,116,29.73169,43,110,29.73169,30,113,23.78535,31,120
5130,2025-11-24 10:45:28+00,4d106730-1088-4892-9045-ffeebc4d23bc,-6.964762167,107.7048542,673.8,27,1160,94,19.60784,44.70588,,26.83104,38,116,29.73169,43,110,29.73169,30,113,23.78535,31,120
5131,2025-11-24 10:45:33+00,4d106730-1088-4892-9045-ffeebc4d23bc,-6.965100333,107.7048682,670.9,22,1099,95,24.31373,75.29412,,26.83104,38,116,29.73169,43,110,29.73169,30,113,23.78535,31,120
5132,2025-11-24 10:45:38+00,4d106730-1088-4892-9045-ffeebc4d23bc,-6.965401667,107.7049275,673.2,29,1233,94,23.52941,74.5098,,26.83104,38,116,29.73169,43,110,29.73169,30,113,23.78535,31,120
5133,2025-11-24 10:45:43+00,4d106730-1088-4892-9045-ffeebc4d23bc,-6.965733333,107.70508,674.4,36,1507,94,23.52941,70.19608,,26.83104,38,116,29.73169,43,110,29.73169,30,113,23.78535,31,120
5134,2025-11-24 10:45:48+00,4d106730-1088-4892-9045-ffeebc4d23bc,-6.9660305,107.705383,677.4,33,1016,94,19.60784,45.4902,,26.83104,38,116,29.73169,43,110,29.73169,30,113,23.78535,31,120
5135,2025-11-24 10:45:53+00,4d106730-1088-4892-9045-ffeebc4d23bc,-6.9662495,107.7057497,679.1,20,835,94,20.39216,63.92157,,26.83104,38,116,29.73169,43,110,29.73169,30,113,23.78535,31,120
5136,2025-11-24 10:45:58+00,4d106730-1088-4892-9045-ffeebc4d23bc,-6.9663855,107.7060093,679.6,12,876,93,21.96078,65.88235,,26.83104,38,116,29.73169,43,110,29.73169,30,113,23.78535,31,120
5137,2025-11-24 10:46:03+00,4d106730-1088-4892-9045-ffeebc4d23bc,-6.966506,107.705993,680.6,24,1673,91,31.76471,92.54902,,26.83104,38,116,29.73169,43,110,29.73169,30,113,23.78535,31,120
5138,2025-11-24 10:46:08+00,4d106730-1088-4892-9045-ffeebc4d23bc,-6.966600167,107.7057187,681.7,37,1746,93,21.17647,54.5098,,26.83104,38,116,29.73169,43,110,29.73169,30,113,23.78535,31,120
5139,2025-11-24 10:46:13+00,4d106730-1088-4892-9045-ffeebc4d23bc,-6.966746333,107.7053173,683.2,38,1307,93,20,60.39216,,26.83104,38,116,29.73169,43,110,29.73169,30,113,23.78535,31,120
5140,2025-11-24 10:46:18+00,4d106730-1088-4892-9045-ffeebc4d23bc,-6.966894167,107.7048967,684.3,15,812,94,19.60784,54.90196,,26.83104,38,116,29.73169,43,110,29.73169,30,113,23.78535,31,120
5141,2025-11-24 10:46:23+00,4d106730-1088-4892-9045-ffeebc4d23bc,-6.966979667,107.7046805,685.3,13,800,93,19.60784,52.94118,,26.83104,38,116,29.73169,43,110,29.73169,30,113,23.78535,31,120
5142,2025-11-24 10:46:28+00,4d106730-1088-4892-9045-ffeebc4d23bc,-6.9670555,107.7044803,685.3,31,1800,93,30.58824,90.19608,,26.83104,38,116,29.73169,43,110,29.73169,30,115,23.78535,31,120
5143,2025-11-24 10:46:33+00,4d106730-1088-4892-9045-ffeebc4d23bc,-6.967199667,107.7041483,684.6,43,2045,93,31.37255,90.58823,,26.83104,38,116,29.73169,43,110,29.73169,30,115,23.78535,31,120
5144,2025-11-24 10:46:38+00,4d106730-1088-4892-9045-ffeebc4d23bc,-6.967398667,107.7036595,684.6,50,1457,94,30.58824,90.19608,,26.83104,38,116,29.73169,43,110,29.73169,30,115,23.78535,31,120
5145,2025-11-24 10:46:43+00,4d106730-1088-4892-9045-ffeebc4d23bc,-6.967612167,107.703085,684.5,54,1342,93,20,39.60784,,26.83104,38,116,29.73169,43,110,29.73169,30,115,23.78535,31,120
5146,2025-11-24 10:46:48+00,4d106730-1088-4892-9045-ffeebc4d23bc,-6.967815333,107.7024468,684.5,52,1515,93,21.17647,51.37255,,26.83104,38,116,29.73169,43,110,29.73169,30,115,23.78535,31,120
5147,2025-11-24 10:46:53+00,4d106730-1088-4892-9045-ffeebc4d23bc,-6.968001333,107.7018242,684.2,48,1109,92,20,46.66667,,26.83104,38,116,29.73169,43,110,29.73169,30,115,23.78535,31,120
5148,2025-11-24 10:46:58+00,4d106730-1088-4892-9045-ffeebc4d23bc,-6.968154833,107.7012328,683.2,43,1228,91,19.60784,37.2549,,26.83104,38,116,29.73169,43,110,29.73169,30,115,23.78535,31,120
5149,2025-11-24 10:47:03+00,4d106730-1088-4892-9045-ffeebc4d23bc,-6.968292833,107.7007188,681.9,27,932,91,23.13725,63.92157,,26.83104,38,116,29.73169,43,110,29.73169,30,115,23.78535,31,120
5150,2025-11-24 10:47:08+00,4d106730-1088-4892-9045-ffeebc4d23bc,-6.968410833,107.7003843,682.6,35,1487,90,24.31373,74.5098,,26.83104,38,116,29.73169,43,110,29.73169,30,115,23.78535,31,120
5151,2025-11-24 10:47:13+00,4d106730-1088-4892-9045-ffeebc4d23bc,-6.968558333,107.6999775,682.7,41,1207,91,23.92157,78.43137,,26.83104,38,116,29.73169,43,110,29.73169,30,115,23.78535,31,120
5152,2025-11-24 10:47:18+00,4d106730-1088-4892-9045-ffeebc4d23bc,-6.968677833,107.6994765,681.9,45,1316,91,24.31373,76.86275,,26.83104,38,116,29.73169,43,110,29.73169,30,115,23.78535,31,120
5153,2025-11-24 10:47:23+00,4d106730-1088-4892-9045-ffeebc4d23bc,-6.968802667,107.6989282,683.2,48,1406,91,20.78431,65.09804,,26.83104,38,116,29.73169,43,110,29.73169,30,115,23.78535,31,120
5154,2025-11-24 10:47:28+00,4d106730-1088-4892-9045-ffeebc4d23bc,-6.968936333,107.698348,683.2,40,1189,90,19.60784,36.86274,,26.83104,38,116,29.73169,43,110,29.73169,30,115,23.78535,31,120
5155,2025-11-24 10:47:33+00,4d106730-1088-4892-9045-ffeebc4d23bc,-6.969062,107.6978425,683.8,15,805,90,19.60784,50.58823,,26.83104,38,116,29.73169,43,110,29.73169,30,115,23.78535,31,120
5156,2025-11-24 10:47:38+00,4d106730-1088-4892-9045-ffeebc4d23bc,-6.969099333,107.6976195,683.3,10,1525,90,27.84314,85.4902,,26.83104,38,116,29.73169,43,110,29.73169,30,115,23.78535,31,120
5157,2025-11-24 10:47:43+00,4d106730-1088-4892-9045-ffeebc4d23bc,-6.969119,107.6975007,683,28,2069,90,28.62745,85.09804,,26.83104,38,116,29.73169,43,110,29.73169,30,115,23.78535,31,120
5158,2025-11-24 10:47:48+00,4d106730-1088-4892-9045-ffeebc4d23bc,-6.969169333,107.6971725,683,39,1729,91,27.84314,86.27451,,26.83104,38,116,29.73169,43,110,29.73169,30,115,23.78535,31,120
5159,2025-11-24 10:47:53+00,4d106730-1088-4892-9045-ffeebc4d23bc,-6.9692245,107.6967045,681.5,45,1346,91,27.84314,87.45098,,26.83104,38,116,29.73169,43,110,29.73169,30,115,23.78535,31,120
5160,2025-11-24 10:47:58+00,4d106730-1088-4892-9045-ffeebc4d23bc,-6.969272833,107.6961417,681.4,50,1478,91,28.62745,87.45098,,26.83104,38,116,29.73169,43,110,29.73169,30,115,23.78535,31,120
5161,2025-11-24 10:48:03+00,4d106730-1088-4892-9045-ffeebc4d23bc,-6.969320667,107.6955122,681.1,55,1616,91,22.7451,61.56863,,26.83104,38,116,29.73169,43,110,29.73169,30,115,23.78535,31,120
5162,2025-11-24 10:48:08+00,4d106730-1088-4892-9045-ffeebc4d23bc,-6.969351333,107.6948295,680.6,49,1407,91,20.39216,36.07843,,26.83104,38,116,29.73169,43,110,29.73169,30,115,23.78535,31,120
5163,2025-11-24 10:48:13+00,4d106730-1088-4892-9045-ffeebc4d23bc,-6.9693385,107.6941963,679,54,1578,90,25.09804,79.21568,,26.83104,38,116,29.73169,43,110,29.73169,30,115,23.78535,31,120
5164,2025-11-24 10:48:18+00,4d106730-1088-4892-9045-ffeebc4d23bc,-6.969242333,107.693546,677.2,39,1001,90,20,51.37255,,26.83104,38,116,29.73169,43,110,29.73169,30,115,23.78535,31,120
5165,2025-11-24 10:48:23+00,4d106730-1088-4892-9045-ffeebc4d23bc,-6.96913,107.6930195,676.9,37,1561,90,25.09804,76.47059,,26.83104,38,116,29.73169,43,110,29.73169,30,115,23.78535,31,120
5166,2025-11-24 10:48:28+00,4d106730-1088-4892-9045-ffeebc4d23bc,-6.969051667,107.6925632,676.7,43,1273,90,25.4902,81.96078,,26.83104,38,116,29.73169,43,110,29.73169,30,115,23.78535,31,120
5167,2025-11-24 10:48:33+00,4d106730-1088-4892-9045-ffeebc4d23bc,-6.969020167,107.6920322,676.2,49,1424,90,25.09804,77.64706,,26.83104,38,116,29.73169,43,110,29.73169,30,115,23.78535,31,120
5168,2025-11-24 10:48:38+00,4d106730-1088-4892-9045-ffeebc4d23bc,-6.9690575,107.6914202,676.7,51,1347,91,20.39216,44.31372,,26.83104,38,116,29.73169,43,110,29.73169,30,115,23.78535,31,120
5169,2025-11-24 10:48:43+00,4d106730-1088-4892-9045-ffeebc4d23bc,-6.969107833,107.6907798,676.8,44,1384,91,22.7451,55.68628,,26.83104,38,116,29.73169,43,110,29.73169,30,115,23.78535,31,120
5170,2025-11-24 10:48:48+00,4d106730-1088-4892-9045-ffeebc4d23bc,-6.96913,107.6902097,677.3,47,1388,91,23.52941,70.19608,,26.83104,38,116,29.73169,43,110,29.73169,30,115,23.78535,31,120
5171,2025-11-24 10:48:53+00,4d106730-1088-4892-9045-ffeebc4d23bc,-6.969075833,107.6896227,676.7,50,1467,90,22.35294,62.35294,,26.83104,38,116,29.73169,43,110,29.73169,30,115,23.78535,31,120
5172,2025-11-24 10:48:58+00,4d106730-1088-4892-9045-ffeebc4d23bc,-6.968959833,107.6890157,674.7,48,1277,90,20.39216,44.31372,,26.83104,38,116,29.73169,43,110,29.73169,30,115,23.78535,31,120
5173,2025-11-24 10:49:03+00,4d106730-1088-4892-9045-ffeebc4d23bc,-6.968830333,107.6884207,674.1,44,1270,91,19.60784,36.07843,,26.83104,38,116,29.73169,43,110,29.73169,30,115,23.78535,31,120
5174,2025-11-24 10:49:08+00,4d106730-1088-4892-9045-ffeebc4d23bc,-6.968663667,107.687886,674.4,41,1190,91,19.60784,36.07843,,26.83104,38,116,29.73169,43,110,29.73169,30,115,23.78535,31,120
5175,2025-11-24 10:49:13+00,4d106730-1088-4892-9045-ffeebc4d23bc,-6.968431833,107.6874277,675.1,37,1150,91,21.17647,48.62745,,26.83104,38,116,29.73169,43,110,29.73169,30,115,23.78535,31,120
5176,2025-11-24 10:49:18+00,4d106730-1088-4892-9045-ffeebc4d23bc,-6.968117667,107.6870877,676.7,36,1075,90,19.60784,41.96078,,26.83104,38,116,29.73169,43,110,29.73169,30,115,23.78535,31,120
5177,2025-11-24 10:49:23+00,4d106730-1088-4892-9045-ffeebc4d23bc,-6.967708667,107.6868943,676.5,26,828,90,18.82353,57.64706,,26.83104,38,116,29.73169,43,110,29.73169,31,115,23.78535,31,120
5178,2025-11-24 10:49:28+00,4d106730-1088-4892-9045-ffeebc4d23bc,-6.967385167,107.6867955,677.3,18,836,91,19.60784,46.66667,,26.83104,38,116,29.73169,43,110,29.73169,31,115,23.78535,31,120
5179,2025-11-24 10:49:33+00,4d106730-1088-4892-9045-ffeebc4d23bc,-6.967167833,107.6867268,678.1,8,880,91,19.60784,51.76471,,26.83104,38,116,29.73169,43,110,29.73169,31,115,23.78535,31,120
5180,2025-11-24 10:49:38+00,4d106730-1088-4892-9045-ffeebc4d23bc,-6.9670595,107.68671,679.1,6,820,93,19.21569,48.23529,,26.83104,38,116,29.73169,43,110,29.73169,31,115,23.78535,31,120
5181,2025-11-24 10:49:43+00,4d106730-1088-4892-9045-ffeebc4d23bc,-6.9670845,107.6867535,677.9,18,1550,93,27.45098,89.01961,,26.83104,38,116,29.73169,43,110,29.73169,31,115,23.78535,31,120
5182,2025-11-24 10:49:48+00,4d106730-1088-4892-9045-ffeebc4d23bc,-6.967263667,107.68679,677.1,29,1278,93,26.27451,86.27451,,26.83104,38,116,29.73169,43,110,29.73169,31,115,23.78535,31,120
5183,2025-11-24 10:49:53+00,4d106730-1088-4892-9045-ffeebc4d23bc,-6.967594667,107.6868955,676.9,35,1032,91,20,47.84314,,26.83104,38,116,29.73169,43,110,29.73169,31,115,23.78535,31,120
5184,2025-11-24 10:49:58+00,4d106730-1088-4892-9045-ffeebc4d23bc,-6.967993167,107.687039,676.6,39,1561,92,24.31373,72.15686,,26.83104,38,116,29.73169,43,110,29.73169,31,115,23.78535,31,120
5185,2025-11-24 10:50:03+00,4d106730-1088-4892-9045-ffeebc4d23bc,-6.968338667,107.6873585,677.3,42,1250,93,25.09804,81.17647,,26.83104,38,116,29.73169,43,110,29.73169,31,115,23.78535,31,120
5186,2025-11-24 10:50:08+00,4d106730-1088-4892-9045-ffeebc4d23bc,-6.968596,107.6878258,678.9,47,1375,93,24.31373,74.5098,,26.83104,38,116,29.73169,43,110,29.73169,31,115,23.78535,31,120
5187,2025-11-24 10:50:13+00,4d106730-1088-4892-9045-ffeebc4d23bc,-6.968776,107.688379,678.7,51,1507,93,25.88235,79.60784,,26.83104,38,116,29.73169,43,110,29.73169,31,115,23.78535,31,120
5188,2025-11-24 10:50:18+00,4d106730-1088-4892-9045-ffeebc4d23bc,-6.968916833,107.6890032,679,50,1478,93,20.78431,54.11765,,26.83104,38,116,29.73169,43,110,29.73169,31,115,23.78535,31,120
5189,2025-11-24 10:50:23+00,4d106730-1088-4892-9045-ffeebc4d23bc,-6.969049667,107.6896305,680.2,49,1434,91,21.17647,52.15686,,26.83104,38,116,29.73169,43,110,29.73169,31,115,23.78535,31,120
5190,2025-11-24 10:50:28+00,4d106730-1088-4892-9045-ffeebc4d23bc,-6.969106667,107.6902493,679.7,47,1382,91,20.78431,54.5098,,26.83104,38,116,29.73169,43,110,29.73169,31,115,23.78535,31,120
5191,2025-11-24 10:50:33+00,4d106730-1088-4892-9045-ffeebc4d23bc,-6.969078,107.6908478,679.2,47,1357,91,19.60784,39.21569,,26.83104,38,116,29.73169,43,110,29.73169,31,115,23.78535,31,120
5192,2025-11-24 10:50:38+00,4d106730-1088-4892-9045-ffeebc4d23bc,-6.969035167,107.6914362,679.5,43,1243,91,19.60784,35.29412,,26.83104,38,116,29.73169,43,110,29.73169,31,115,23.78535,31,120
5193,2025-11-24 10:50:43+00,4d106730-1088-4892-9045-ffeebc4d23bc,-6.9690025,107.6919893,679.2,41,1182,91,25.09804,83.52941,,26.83104,38,116,29.73169,43,110,29.73169,31,115,23.78535,31,120
5194,2025-11-24 10:50:48+00,4d106730-1088-4892-9045-ffeebc4d23bc,-6.969031,107.6925067,679.3,40,1135,92,20,43.92157,,26.83104,38,116,29.73169,43,110,29.73169,31,115,23.78535,31,120
5195,2025-11-24 10:50:53+00,4d106730-1088-4892-9045-ffeebc4d23bc,-6.969120667,107.693005,680.8,36,1082,93,19.60784,39.60784,,26.83104,38,116,29.73169,43,110,30.02176,31,115,23.78535,31,120
5196,2025-11-24 10:50:58+00,4d106730-1088-4892-9045-ffeebc4d23bc,-6.969218,107.693457,681.9,39,1558,93,24.31373,72.94118,,26.83104,38,116,29.73169,43,110,30.02176,31,115,23.78535,31,120
5197,2025-11-24 10:51:03+00,4d106730-1088-4892-9045-ffeebc4d23bc,-6.969303167,107.6939305,682.9,44,1290,94,24.31373,77.25491,,26.83104,38,116,29.73169,43,110,30.02176,31,115,23.78535,31,120
5198,2025-11-24 10:51:08+00,4d106730-1088-4892-9045-ffeebc4d23bc,-6.969347667,107.6944712,683,47,1379,94,23.52941,71.76471,,26.83104,38,116,29.73169,43,110,30.02176,31,115,23.78535,31,120
5199,2025-11-24 10:51:13+00,4d106730-1088-4892-9045-ffeebc4d23bc,-6.969328333,107.69505,683.5,49,1435,95,21.96078,58.43137,,26.83104,38,116,29.73169,43,110,30.02176,31,115,23.78535,31,120
5200,2025-11-24 10:51:18+00,4d106730-1088-4892-9045-ffeebc4d23bc,-6.969298833,107.6956617,683.8,47,1342,95,19.60784,34.11765,,26.83104,38,116,29.73169,43,110,30.02176,31,115,23.78535,31,120
5201,2025-11-24 10:51:23+00,4d106730-1088-4892-9045-ffeebc4d23bc,-6.969251333,107.6962572,683.2,44,1257,94,19.21569,34.90196,,26.83104,38,116,29.73169,43,110,30.02176,31,115,23.78535,31,120
5202,2025-11-24 10:51:28+00,4d106730-1088-4892-9045-ffeebc4d23bc,-6.969217167,107.696802,684.2,18,816,94,20.39216,66.27451,,26.83104,38,116,29.73169,43,110,30.02176,31,115,23.78535,31,120
5203,2025-11-24 10:51:33+00,4d106730-1088-4892-9045-ffeebc4d23bc,-6.969178167,107.6970767,684.3,6,1247,95,23.92157,69.41177,,26.83104,38,116,29.73169,43,110,30.02176,31,115,23.78535,31,120
5204,2025-11-24 10:51:38+00,4d106730-1088-4892-9045-ffeebc4d23bc,-6.969155,107.6971762,680.5,25,1835,95,26.27451,82.35294,,26.83104,38,116,29.73169,43,110,30.02176,31,115,23.78535,31,120
5205,2025-11-24 10:51:43+00,4d106730-1088-4892-9045-ffeebc4d23bc,-6.969109333,107.6974695,678.7,36,1537,95,25.88235,80.78432,,26.83104,38,116,29.73169,43,110,30.02176,31,115,23.78535,31,120
5206,2025-11-24 10:51:48+00,4d106730-1088-4892-9045-ffeebc4d23bc,-6.9690395,107.6978952,677.6,42,1253,95,27.05882,85.88235,,26.83104,38,116,29.73169,43,110,30.02176,31,115,23.78535,31,120
5207,2025-11-24 10:51:53+00,4d106730-1088-4892-9045-ffeebc4d23bc,-6.968918667,107.6984075,678.7,46,1360,96,25.09804,80,,26.83104,38,116,29.73169,43,110,30.02176,31,115,23.78535,31,120
5208,2025-11-24 10:51:58+00,4d106730-1088-4892-9045-ffeebc4d23bc,-6.968805167,107.6989713,678.4,47,1328,96,19.60784,35.29412,,26.83104,38,116,29.73169,43,110,30.02176,31,115,23.78535,31,120
5209,2025-11-24 10:52:06+00,4d106730-1088-4892-9045-ffeebc4d23bc,-6.9686015,107.6998802,678.9,43,1279,96,20.39216,41.17647,,26.83104,38,116,29.73169,43,110,30.02176,31,115,23.78535,31,120
5210,2025-11-24 10:52:11+00,4d106730-1088-4892-9045-ffeebc4d23bc,-6.968427833,107.7003445,678.5,31,929,95,20,55.29412,,26.83104,38,116,29.73169,43,110,30.02176,31,115,23.78535,31,120
5211,2025-11-24 10:52:13+00,4d106730-1088-4892-9045-ffeebc4d23bc,-6.968382667,107.7004703,677.4,29,1315,95,26.66667,88.23529,,26.83104,38,116,29.73169,43,110,30.02176,31,115,23.78535,31,120
5212,2025-11-24 10:52:21+00,4d106730-1088-4892-9045-ffeebc4d23bc,-6.968201667,107.7010575,674.6,40,1671,96,26.66667,84.70588,,26.83104,38,116,29.73169,43,110,30.02176,31,115,23.78535,31,120
5213,2025-11-24 10:52:23+00,4d106730-1088-4892-9045-ffeebc4d23bc,-6.968155333,107.7012505,671.9,45,1339,96,26.27451,82.74509,,26.83104,38,116,29.73169,43,110,30.02176,31,115,23.78535,31,120
5214,2025-11-24 10:52:28+00,4d106730-1088-4892-9045-ffeebc4d23bc,-6.968013333,107.7017947,674.1,50,1500,96,23.92157,71.37255,,26.83104,38,116,29.73169,43,110,30.02176,31,115,23.78535,31,120
5215,2025-11-24 10:52:33+00,4d106730-1088-4892-9045-ffeebc4d23bc,-6.967847333,107.702397,674,51,1502,96,25.4902,81.96078,,26.83104,38,116,29.73169,43,110,30.02176,31,115,23.78535,31,120
5216,2025-11-24 10:52:38+00,4d106730-1088-4892-9045-ffeebc4d23bc,-6.967667667,107.7030188,674.1,53,1531,96,19.60784,36.07843,,26.83104,38,116,29.73169,43,110,30.02176,31,115,23.78535,31,120
5217,2025-11-24 10:52:43+00,4d106730-1088-4892-9045-ffeebc4d23bc,-6.967433167,107.7036398,673,47,1338,96,19.60784,34.11765,,26.83104,38,116,29.73169,43,110,30.02176,31,115,23.78535,31,120
5218,2025-11-24 10:52:48+00,4d106730-1088-4892-9045-ffeebc4d23bc,-6.967185833,107.704199,672.8,24,816,95,19.60784,49.80392,,26.83104,38,116,29.73169,43,110,30.02176,31,115,23.78535,31,120
5219,2025-11-24 10:52:56+00,4d106730-1088-4892-9045-ffeebc4d23bc,-6.966970833,107.7047117,676,19,845,95,20,58.03922,,26.83104,38,116,29.73169,43,110,30.02176,31,115,23.78535,31,120
5220,2025-11-24 10:52:58+00,4d106730-1088-4892-9045-ffeebc4d23bc,-6.966933833,107.7048162,674.4,28,1450,96,22.35294,62.35294,,26.83104,38,116,29.73169,43,110,30.02176,31,115,23.78535,31,120
5221,2025-11-24 10:53:03+00,4d106730-1088-4892-9045-ffeebc4d23bc,-6.966810833,107.7051212,672.6,21,958,96,19.60784,43.13726,,26.83104,38,116,29.73169,43,110,30.02176,31,115,23.78535,31,120
5222,2025-11-24 10:53:08+00,4d106730-1088-4892-9045-ffeebc4d23bc,-6.9667015,107.705397,675.7,18,845,96,19.60784,48.23529,,26.83104,38,116,29.73169,43,110,30.02176,31,115,23.78535,31,120
5223,2025-11-24 10:53:13+00,4d106730-1088-4892-9045-ffeebc4d23bc,-6.9665245,107.7055358,677.1,21,942,96,19.60784,47.84314,,26.83104,38,116,29.73169,43,110,30.02176,31,115,23.78535,31,120
5224,2025-11-24 10:53:18+00,4d106730-1088-4892-9045-ffeebc4d23bc,-6.9662695,107.705523,678,24,1471,96,26.27451,85.09804,,26.83104,38,116,29.73169,43,110,30.02176,31,115,23.78535,31,120
5225,2025-11-24 10:53:23+00,4d106730-1088-4892-9045-ffeebc4d23bc,-6.966093833,107.7052992,680.8,29,1196,96,19.60784,38.82353,,26.83104,38,116,29.73169,43,110,30.02176,31,115,23.78535,31,120
5226,2025-11-24 10:53:28+00,4d106730-1088-4892-9045-ffeebc4d23bc,-6.965845667,107.7050522,681.8,24,1064,96,19.60784,39.60784,,26.83104,38,116,29.73169,43,110,30.02176,31,115,23.78535,31,120
5227,2025-11-24 10:53:33+00,4d106730-1088-4892-9045-ffeebc4d23bc,-6.9655605,107.7049182,680.7,7,901,96,20,51.76471,,26.83104,38,116,29.73169,43,110,30.02176,31,115,23.78535,31,120
5228,2025-11-24 10:53:38+00,4d106730-1088-4892-9045-ffeebc4d23bc,-6.965412167,107.704858,681.3,7,950,96,21.96078,65.88235,,26.83104,38,116,29.73169,43,110,30.02176,31,115,23.78535,31,120
5229,2025-11-24 10:53:43+00,4d106730-1088-4892-9045-ffeebc4d23bc,-6.965319167,107.7048232,682.2,11,1060,96,19.60784,40.78431,,26.83104,38,116,29.73169,43,110,30.02176,31,115,23.78535,31,120
5230,2025-11-24 10:53:48+00,4d106730-1088-4892-9045-ffeebc4d23bc,-6.965175167,107.7048145,682,21,1637,96,23.52941,65.88235,,26.83104,38,116,29.73169,43,110,30.02176,31,115,23.78535,31,120
5231,2025-11-24 10:53:53+00,4d106730-1088-4892-9045-ffeebc4d23bc,-6.964934667,107.704812,681.7,27,1161,95,19.60784,42.35294,,26.83104,38,116,29.73169,43,110,30.02176,31,115,23.78535,31,120
5232,2025-11-24 10:54:01+00,4d106730-1088-4892-9045-ffeebc4d23bc,-6.964443167,107.7048088,685.2,11,775,95,20.78431,65.09804,,26.83104,38,116,29.73169,43,110,30.02176,31,115,23.78535,31,120
5233,2025-11-24 10:54:03+00,4d106730-1088-4892-9045-ffeebc4d23bc,-6.964395667,107.7048105,685.6,13,1765,95,23.52941,62.35294,,26.83104,38,116,29.73169,43,110,30.02176,31,115,23.78535,31,120
5234,2025-11-24 10:54:08+00,4d106730-1088-4892-9045-ffeebc4d23bc,-6.964256833,107.704815,685.5,18,1283,95,21.96078,52.15686,,26.83104,38,116,29.73169,43,110,30.02176,31,115,23.78535,31,120
5235,2025-11-24 10:54:13+00,4d106730-1088-4892-9045-ffeebc4d23bc,-6.964022,107.7048442,683.6,10,854,95,19.60784,50.19608,,26.83104,38,116,29.73169,43,110,30.02176,31,115,23.78535,31,120
5236,2025-11-24 10:54:18+00,4d106730-1088-4892-9045-ffeebc4d23bc,-6.9638405,107.7048508,682.7,16,1415,95,23.13725,68.23529,,26.83104,38,116,29.73169,43,110,30.02176,31,115,23.78535,31,120
5237,2025-11-24 10:54:23+00,4d106730-1088-4892-9045-ffeebc4d23bc,-6.963659833,107.7048752,680.8,17,1042,94,20,49.80392,,26.83104,38,116,29.73169,43,110,30.02176,31,115,23.78535,31,120
5238,2025-11-24 10:54:28+00,4d106730-1088-4892-9045-ffeebc4d23bc,-6.963443167,107.7049193,678.2,17,1534,94,23.13725,68.23529,,26.83104,38,116,29.73169,43,110,30.02176,31,115,23.78535,31,120
5239,2025-11-24 10:54:33+00,4d106730-1088-4892-9045-ffeebc4d23bc,-6.9632555,107.7049337,677,9,800,93,19.60784,50.58823,,26.83104,38,116,29.73169,43,110,30.02176,31,115,23.78535,31,120
5240,2025-11-24 10:54:38+00,4d106730-1088-4892-9045-ffeebc4d23bc,-6.963104833,107.7049628,677.5,8,1267,94,21.17647,60.39216,,26.83104,38,116,29.73169,43,110,30.02176,31,115,23.78535,31,120
5241,2025-11-24 10:54:43+00,4d106730-1088-4892-9045-ffeebc4d23bc,-6.963027667,107.7049612,676.4,13,968,93,20,54.11765,,26.83104,38,116,29.73169,43,110,30.02176,31,115,23.78535,31,120
5242,2025-11-24 10:54:48+00,4d106730-1088-4892-9045-ffeebc4d23bc,-6.962878333,107.7049875,675.8,3,728,93,19.21569,52.15686,,26.83104,38,116,29.73169,43,110,30.02176,31,115,23.78535,31,120
5243,2025-11-24 10:55:17+00,4d106730-1088-4892-9045-ffeebc4d23bc,-6.962749,107.7049932,675.1,1,742,93,19.21569,53.72549,,26.83104,38,116,29.73169,43,110,30.02176,31,115,23.78535,31,120
5244,2025-11-24 10:55:18+00,4d106730-1088-4892-9045-ffeebc4d23bc,-6.962744833,107.7049925,674.7,2,737,94,19.21569,53.72549,,26.83104,38,116,29.73169,43,110,30.02176,31,115,23.78535,31,120
5245,2025-11-24 10:55:23+00,4d106730-1088-4892-9045-ffeebc4d23bc,-6.962710167,107.704996,674.8,3,741,93,20.39216,71.76471,,26.83104,38,116,29.73169,43,110,30.02176,31,115,23.78535,31,120
5246,2025-11-24 10:55:28+00,4d106730-1088-4892-9045-ffeebc4d23bc,-6.962674333,107.7050003,676.2,4,773,93,19.60784,56.07843,,26.83104,38,116,29.73169,43,110,30.02176,31,115,23.78535,31,120
5247,2025-11-24 10:55:33+00,4d106730-1088-4892-9045-ffeebc4d23bc,-6.9626345,107.7050148,678.5,5,796,93,19.60784,51.37255,,26.83104,38,116,29.73169,43,110,30.02176,31,115,23.78535,31,120
5248,2025-11-24 10:55:38+00,4d106730-1088-4892-9045-ffeebc4d23bc,-6.962584167,107.7050218,678.1,4,782,93,19.60784,52.15686,,26.83104,38,116,29.73169,43,110,30.02176,31,115,23.78535,31,120
5249,2025-11-24 10:55:43+00,4d106730-1088-4892-9045-ffeebc4d23bc,-6.962517333,107.7050338,675.8,7,844,92,20,62.35294,,26.83104,38,116,29.73169,43,110,30.02176,31,115,23.78535,31,120
5250,2025-11-24 10:55:48+00,4d106730-1088-4892-9045-ffeebc4d23bc,-6.9624355,107.7050508,674.3,7,889,93,19.60784,50.19608,,26.83104,38,116,29.73169,43,110,30.02176,31,115,23.78535,31,120
5251,2025-11-24 10:55:53+00,4d106730-1088-4892-9045-ffeebc4d23bc,-6.962349833,107.7050672,672.7,7,953,93,19.60784,43.52941,,26.83104,38,116,29.73169,43,110,30.02176,31,115,23.78535,31,120
5252,2025-11-24 10:55:58+00,4d106730-1088-4892-9045-ffeebc4d23bc,-6.962262,107.7050763,675.6,13,1682,91,22.7451,56.86274,,26.83104,38,116,29.73169,43,110,30.02176,31,115,23.78535,31,120
5253,2025-11-24 10:56:03+00,4d106730-1088-4892-9045-ffeebc4d23bc,-6.962163333,107.7049737,678.1,15,1225,92,27.05882,88.62745,,26.83104,38,116,29.73169,43,110,30.02176,31,115,23.78535,31,120
5254,2025-11-24 10:56:08+00,4d106730-1088-4892-9045-ffeebc4d23bc,-6.96204,107.7047992,679.7,25,1937,93,27.05882,83.13725,,26.83104,38,116,29.73169,43,110,30.02176,31,115,23.78535,31,120
5255,2025-11-24 10:56:13+00,4d106730-1088-4892-9045-ffeebc4d23bc,-6.961972333,107.7045147,679.9,32,1367,93,24.31373,74.5098,,26.83104,38,116,29.73169,43,110,30.02176,31,115,23.78535,31,120
5256,2025-11-24 10:56:18+00,4d106730-1088-4892-9045-ffeebc4d23bc,-6.961951833,107.7041175,679.8,33,1000,93,19.60784,46.66667,,26.83104,38,116,29.73169,43,110,30.02176,31,115,23.78535,31,120
5257,2025-11-24 10:56:23+00,4d106730-1088-4892-9045-ffeebc4d23bc,-6.961853,107.7037063,680.1,31,975,93,19.60784,43.52941,,26.83104,38,116,29.73169,43,110,29.73169,30,114,23.78535,31,120
5258,2025-11-24 10:56:28+00,4d106730-1088-4892-9045-ffeebc4d23bc,-6.961626333,107.7033792,680.5,24,816,93,18.82353,55.68628,,26.83104,38,116,29.73169,43,110,29.73169,30,114,23.78535,31,120
5259,2025-11-24 10:56:33+00,4d106730-1088-4892-9045-ffeebc4d23bc,-6.961382333,107.7031357,679.9,8,922,93,19.60784,50.58823,,26.83104,38,116,29.73169,43,110,29.73169,30,114,23.78535,31,120
5260,2025-11-24 10:56:38+00,4d106730-1088-4892-9045-ffeebc4d23bc,-6.961260667,107.7030528,680.5,11,1530,92,23.13725,63.13726,,26.83104,38,116,29.73169,43,110,29.73169,30,114,23.78535,31,120
5261,2025-11-24 10:56:43+00,4d106730-1088-4892-9045-ffeebc4d23bc,-6.961161167,107.7029922,680.6,23,1676,91,23.13725,62.7451,,26.83104,38,116,29.73169,43,110,29.73169,30,114,23.78535,31,120
5262,2025-11-24 10:56:48+00,4d106730-1088-4892-9045-ffeebc4d23bc,-6.960923667,107.7028788,680.3,30,1285,93,22.35294,69.01961,,26.83104,38,116,29.73169,43,110,29.73169,30,114,23.78535,31,120
5263,2025-11-24 10:56:53+00,4d106730-1088-4892-9045-ffeebc4d23bc,-6.960577833,107.702748,679.3,26,1193,93,22.35294,51.76471,,26.83104,38,116,29.73169,43,110,29.73169,30,114,23.78535,31,120
5264,2025-11-24 10:56:58+00,4d106730-1088-4892-9045-ffeebc4d23bc,-6.960249,107.7026387,679.5,23,1025,91,19.60784,40.78431,,26.83104,38,116,29.73169,43,110,29.73169,30,114,23.78535,31,120
5265,2025-11-24 10:57:03+00,4d106730-1088-4892-9045-ffeebc4d23bc,-6.959952167,107.702536,678.7,10,800,91,19.60784,52.94118,,26.83104,38,116,29.73169,43,110,29.73169,30,114,23.78535,31,120
5266,2025-11-24 10:57:08+00,4d106730-1088-4892-9045-ffeebc4d23bc,-6.9597985,107.7024715,678,11,1494,92,22.35294,65.09804,,26.83104,38,116,29.73169,43,110,29.73169,30,114,23.78535,31,120
5267,2025-11-24 10:57:13+00,4d106730-1088-4892-9045-ffeebc4d23bc,-6.9596785,107.702424,677.5,17,1322,91,20.78431,57.2549,,26.83104,38,116,29.73169,43,110,29.73169,30,114,23.78535,31,120
5268,2025-11-24 10:57:18+00,4d106730-1088-4892-9045-ffeebc4d23bc,-6.959560833,107.7022668,678.4,21,1435,91,20.78431,50.19608,,26.83104,38,116,29.73169,43,110,29.73169,30,114,23.78535,31,120
5269,2025-11-24 10:57:23+00,4d106730-1088-4892-9045-ffeebc4d23bc,-6.9595825,107.7020128,678.2,23,1202,91,19.21569,54.11765,,26.83104,38,116,29.73169,43,110,29.73169,30,114,23.78535,31,120
5270,2025-11-24 10:57:28+00,4d106730-1088-4892-9045-ffeebc4d23bc,-6.9596285,107.7017243,678.2,19,852,93,20,58.43137,,26.83104,38,116,29.73169,43,110,29.73169,30,114,23.78535,31,120
5271,2025-11-24 10:57:33+00,4d106730-1088-4892-9045-ffeebc4d23bc,-6.9596705,107.701465,678.1,10,757,93,19.60784,54.90196,,26.83104,38,116,29.73169,43,110,29.73169,30,114,23.78535,31,120
5272,2025-11-24 10:57:38+00,4d106730-1088-4892-9045-ffeebc4d23bc,-6.959707333,107.7013137,678.5,7,894,93,20.39216,50.98039,,26.83104,38,116,29.73169,43,110,29.73169,30,114,23.78535,31,120
5273,2025-11-24 10:57:43+00,4d106730-1088-4892-9045-ffeebc4d23bc,-6.959769833,107.7012502,678.9,7,897,91,19.60784,45.09804,,26.83104,38,116,29.73169,43,110,29.73169,30,114,23.78535,31,120
5274,2025-11-24 10:57:48+00,4d106730-1088-4892-9045-ffeebc4d23bc,-6.95985,107.7012293,678.2,7,884,92,20.39216,57.2549,,26.83104,38,116,29.73169,43,110,29.73169,30,114,23.78535,31,120
5275,2025-11-24 10:57:53+00,4d106730-1088-4892-9045-ffeebc4d23bc,-6.959909667,107.7011528,678.6,5,778,93,19.60784,54.11765,,26.83104,38,116,29.73169,43,110,29.73169,30,114,23.78535,31,120
5276,2025-11-24 10:58:03+00,4d106730-1088-4892-9045-ffeebc4d23bc,-6.959866,107.7011103,678.6,3,739,93,19.60784,56.86274,,26.83104,38,116,29.73169,43,110,29.73169,30,114,23.78535,31,120
5277,2025-11-24 10:58:08+00,4d106730-1088-4892-9045-ffeebc4d23bc,-6.959891667,107.7011177,678.4,1,754,93,20.78431,73.33334,,26.83104,38,116,29.73169,43,110,29.73169,30,114,23.78535,31,120