timestamp,latitude,longitude,altitude,speed,engine_load,fl_pressure,fl_temp,fr_pressure,fr_temp,rl_pressure,rl_temp,rr_pressure,rr_temp,distance_traveled_m,sum_distance_traveled_m,elevation_traveled_m,tr_fl,tr_fr,tr_rl,tr_rr
2025-11-24 07:18:59+00,-6.9562995,107.6943377,663.4,1,59.21569,27.41117,47.0,29.44162,38.0,30.31182,37.0,24.07542,34.0,2.6817902134845752,2.6817902134845752,0.6999999999999318,3.7321045765632624e-07,4.70569703246715e-07,3.245307861815158e-07,3.5698388427151384e-07
2025-11-24 07:20:37+00,-6.956309,107.6943227,698.8,1,75.68627,27.41117,47.0,29.44162,38.0,30.31182,37.0,24.07542,34.0,1.9639382417329494,4.645728455217524,35.39999999999998,3.7321045765632624e-07,4.70569703246715e-07,3.245307861815158e-07,3.5698388427151384e-07
2025-11-24 07:20:38+00,-6.95631,107.694318,698.4,4,72.94118,27.41117,47.0,29.44162,38.0,30.31182,37.0,24.07542,34.0,0.5305529556406979,5.1762814108582225,-0.39999999999997726,3.7321045765632624e-07,4.70569703246715e-07,3.245307861815158e-07,3.5698388427151384e-07
2025-11-24 07:20:43+00,-6.956315667,107.694279,698.3,8,56.86274,27.41117,47.0,29.44162,38.0,30.31182,37.0,24.07542,34.0,4.350562752103659,9.526844162961883,-0.10000000000002274,3.7321045765632624e-07,4.70569703246715e-07,3.245307861815158e-07,3.5698388427151384e-07
2025-11-24 07:20:48+00,-6.9562335,107.6942618,697.8,6,51.76471,27.41117,47.0,29.44162,38.0,30.31182,37.0,24.07542,34.0,9.331723063320421,18.858567226282304,-0.5,3.7321045765632624e-07,4.70569703246715e-07,3.245307861815158e-07,3.5698388427151384e-07
2025-11-24 07:20:53+00,-6.956165,107.6943105,696.8,16,79.21568,27.41117,47.0,29.44162,38.0,30.31182,37.0,24.07542,34.0,9.322600177861482,28.181167404143785,-1.0,3.7321045765632624e-07,4.70569703246715e-07,3.245307861815158e-07,3.5698388427151384e-07
2025-11-24 07:20:58+00,-6.956037833,107.6942527,696.8,27,89.41177,27.41117,47.0,29.44162,38.0,30.31182,37.0,24.07542,34.0,15.512923085871266,43.69409049001505,0.0,3.7321045765632624e-07,4.70569703246715e-07,3.245307861815158e-07,3.5698388427151384e-07
2025-11-24 07:21:03+00,-6.955756667,107.6941148,698.4,23,43.13726,27.41117,47.0,29.44162,38.0,30.31182,37.0,24.07542,34.0,34.77257472790012,78.46666521791516,1.6000000000000227,3.7321045765632624e-07,4.70569703246715e-07,3.245307861815158e-07,3.5698388427151384e-07
2025-11-24 07:21:08+00,-6.955462167,107.6939903,699.2,10,74.5098,27.41117,47.0,29.44162,38.0,30.31182,37.0,24.07542,34.0,35.51341508890303,113.9800803068182,0.8000000000000682,3.7321045765632624e-07,4.70569703246715e-07,3.245307861815158e-07,3.5698388427151384e-07
2025-11-24 07:21:13+00,-6.955334667,107.693931,700.2,25,89.80392,27.41117,47.0,29.44162,38.0,30.31182,37.0,24.07542,34.0,15.615357861196031,129.59543816801423,1.0,3.7321045765632624e-07,4.70569703246715e-07,3.245307861815158e-07,3.5698388427151384e-07
2025-11-24 07:21:18+00,-6.955056333,107.6938203,699.0,31,49.80392,27.41117,47.0,29.44162,38.0,30.31182,37.0,24.07542,34.0,33.2740220555101,162.86946022352433,-1.2000000000000455,3.7321045765632624e-07,4.70569703246715e-07,3.245307861815158e-07,3.5698388427151384e-07
2025-11-24 07:21:23+00,-6.954701667,107.6936603,698.8,35,85.88235,27.41117,47.0,29.44162,38.0,30.31182,37.0,24.07542,34.0,43.21078855410542,206.08024877762975,-0.20000000000004547,3.7321045765632624e-07,4.70569703246715e-07,3.245307861815158e-07,3.5698388427151384e-07
2025-11-24 07:21:28+00,-6.954339667,107.6934605,700.1,42,92.15686,27.41117,47.0,29.44162,38.0,30.31182,37.0,24.07542,34.0,45.89795428734879,251.97820306497854,1.3000000000000682,3.7321045765632624e-07,4.70569703246715e-07,3.245307861815158e-07,3.5698388427151384e-07
2025-11-24 07:21:33+00,-6.953926833,107.69313,700.0,46,92.54902,27.41117,47.0,29.44162,38.0,30.31182,37.0,24.07542,34.0,58.63481642333236,310.6130194883109,-0.10000000000002274,3.7321045765632624e-07,4.70569703246715e-07,3.245307861815158e-07,3.5698388427151384e-07
2025-11-24 07:21:38+00,-6.953584667,107.6926743,698.3,47,37.64706,27.41117,47.0,29.44162,38.0,30.31182,37.0,24.07542,34.0,63.06792889935578,373.68094838766666,-1.7000000000000455,3.7321045765632624e-07,4.70569703246715e-07,3.245307861815158e-07,3.5698388427151384e-07
2025-11-24 07:21:43+00,-6.9533145,107.6921438,699.0,34,41.17647,27.41117,47.0,29.44162,38.0,30.31182,37.0,24.07542,34.0,65.81168467983788,439.4926330675045,0.7000000000000455,3.7321045765632624e-07,4.70569703246715e-07,3.245307861815158e-07,3.5698388427151384e-07
2025-11-24 07:21:48+00,-6.953120167,107.6917338,699.1,30,56.86274,27.41117,47.0,29.44162,38.0,30.31182,37.0,24.07542,34.0,50.149075745905456,489.64170881341,0.10000000000002274,3.7321045765632624e-07,4.70569703246715e-07,3.245307861815158e-07,3.5698388427151384e-07
2025-11-24 07:21:53+00,-6.9531195,107.6913727,698.2,34,78.82353,27.41117,47.0,29.44162,38.0,30.31182,37.0,24.07542,34.0,39.8573119810538,529.4990207944638,-0.8999999999999773,3.7321045765632624e-07,4.70569703246715e-07,3.245307861815158e-07,3.5698388427151384e-07
2025-11-24 07:21:58+00,-6.953193833,107.6909693,697.7,38,60.0,27.41117,47.0,29.44162,38.0,30.31182,37.0,24.22045,35.0,45.28686691455194,574.7858877090158,-0.5,3.7321045765632624e-07,4.70569703246715e-07,3.245307861815158e-07,3.5698388427151384e-07
2025-11-24 07:22:03+00,-6.953004833,107.6905765,699.9,35,85.88235,27.41117,47.0,29.44162,38.0,30.31182,37.0,24.22045,35.0,48.181192746166275,622.9670804551821,2.199999999999932,3.7321045765632624e-07,4.70569703246715e-07,3.245307861815158e-07,3.5698388427151384e-07
2025-11-24 07:22:08+00,-6.952615833,107.6904013,703.4,28,63.13726,27.5562,46.0,29.44162,38.0,30.31182,37.0,24.22045,35.0,47.380881153706895,670.347961608889,3.5,3.7321045765632624e-07,4.70569703246715e-07,3.245307861815158e-07,3.5698388427151384e-07
2025-11-24 07:22:13+00,-6.952303,107.6902192,705.2,33,88.23529,27.5562,46.0,29.44162,38.0,30.31182,37.0,24.22045,35.0,40.1749882512072,710.5229498600962,1.8000000000000682,3.7321045765632624e-07,4.70569703246715e-07,3.245307861815158e-07,3.5698388427151384e-07
2025-11-24 07:22:18+00,-6.952088833,107.6898942,701.8,41,91.37255,27.5562,46.0,29.44162,38.0,30.31182,37.0,24.22045,35.0,43.05777264037908,753.5807225004753,-3.400000000000091,3.7321045765632624e-07,4.70569703246715e-07,3.245307861815158e-07,3.5698388427151384e-07
2025-11-24 07:22:23+00,-6.951873,107.689458,700.9,47,90.98039,27.5562,46.0,29.44162,38.0,30.31182,37.0,24.22045,35.0,53.79668653666743,807.3774090371427,-0.8999999999999773,3.7321045765632624e-07,4.70569703246715e-07,3.245307861815158e-07,3.5698388427151384e-07
2025-11-24 07:22:28+00,-6.9516075,107.6889653,700.8,45,40.0,27.5562,46.0,29.44162,38.0,30.31182,37.0,24.22045,35.0,61.879580933879915,869.2569899710226,-0.10000000000002274,3.7321045765632624e-07,4.70569703246715e-07,3.245307861815158e-07,3.5698388427151384e-07
2025-11-24 07:22:33+00,-6.951348,107.6884475,701.4,33,52.15686,27.5562,46.0,29.44162,38.0,30.31182,37.0,24.22045,35.0,64.02459061027096,933.2815805812935,0.6000000000000227,3.7321045765632624e-07,4.70569703246715e-07,3.245307861815158e-07,3.5698388427151384e-07
2025-11-24 07:22:38+00,-6.9511565,107.6880458,701.0,40,84.31373,27.5562,46.0,29.44162,38.0,30.31182,37.0,24.22045,35.0,49.186909162671064,982.4684897439646,-0.39999999999997726,3.7321045765632624e-07,4.70569703246715e-07,3.245307861815158e-07,3.5698388427151384e-07
2025-11-24 07:22:43+00,-6.9509495,107.6875962,700.1,36,51.37255,27.5562,46.0,29.44162,38.0,30.31182,36.0,24.22045,35.0,54.70397674997151,1037.172466493936,-0.8999999999999773,3.7321045765632624e-07,4.70569703246715e-07,3.245307861815158e-07,3.5698388427151384e-07
2025-11-24 07:22:48+00,-6.9507285,107.6871692,700.3,9,53.72549,27.5562,46.0,29.44162,38.0,30.31182,36.0,24.22045,35.0,53.153079230626226,1090.3255457245623,0.1999999999999318,3.7321045765632624e-07,4.70569703246715e-07,3.245307861815158e-07,3.5698388427151384e-07
2025-11-24 07:22:53+00,-6.9506345,107.6869862,698.9,8,61.56863,27.5562,46.0,29.44162,38.0,30.31182,36.0,24.22045,35.0,22.74328579136004,1113.0688315159223,-1.3999999999999773,3.7321045765632624e-07,4.70569703246715e-07,3.245307861815158e-07,3.5698388427151384e-07
2025-11-24 07:22:58+00,-6.950569667,107.6869155,698.6,8,56.07843,27.5562,46.0,29.44162,38.0,30.31182,36.0,24.22045,35.0,10.623995191593355,1123.6928267075157,-0.2999999999999545,3.7321045765632624e-07,4.70569703246715e-07,3.245307861815158e-07,3.5698388427151384e-07
2025-11-24 07:23:03+00,-6.9504515,107.6869105,700.6,4,58.43137,27.5562,46.0,29.44162,38.0,30.31182,36.0,24.22045,35.0,13.15117418282207,1136.8440008903378,2.0,3.7321045765632624e-07,4.70569703246715e-07,3.245307861815158e-07,3.5698388427151384e-07
2025-11-24 07:23:08+00,-6.950390167,107.6869278,703.2,1,54.90196,27.5562,46.0,29.44162,38.0,30.31182,36.0,24.22045,35.0,7.082213800229778,1143.9262146905676,2.6000000000000227,3.7321045765632624e-07,4.70569703246715e-07,3.245307861815158e-07,3.5698388427151384e-07
2025-11-24 07:24:03+00,-6.950368167,107.686884,704.3,7,67.05882,27.5562,46.0,29.44162,38.0,30.31182,36.0,24.22045,35.0,5.4182335779371815,1149.3444482685047,1.099999999999909,3.7321045765632624e-07,4.70569703246715e-07,3.245307861815158e-07,3.5698388427151384e-07
2025-11-24 07:24:08+00,-6.950318333,107.6869087,705.3,17,78.43137,27.5562,46.0,29.44162,38.0,30.31182,36.0,24.22045,35.0,6.175666930185976,1155.5201151986907,1.0,3.7321045765632624e-07,4.70569703246715e-07,3.245307861815158e-07,3.5698388427151384e-07
2025-11-24 07:24:13+00,-6.950154667,107.6869745,706.4,20,47.45098,27.5562,46.0,29.44162,38.0,30.31182,36.0,24.22045,35.0,19.594580388336585,1175.1146955870274,1.1000000000000227,3.7321045765632624e-07,4.70569703246715e-07,3.245307861815158e-07,3.5698388427151384e-07
2025-11-24 07:24:18+00,-6.949934,107.6870833,707.4,21,72.94118,27.5562,46.0,29.44162,38.0,30.31182,36.0,24.22045,35.0,27.3182668563457,1202.432962443373,1.0,3.7321045765632624e-07,4.70569703246715e-07,3.245307861815158e-07,3.5698388427151384e-07
2025-11-24 07:24:23+00,-6.949716167,107.6871828,710.1,25,75.29412,27.5562,46.0,29.44162,38.0,30.31182,36.0,24.22045,35.0,26.5955099713028,1229.028472414676,2.7000000000000455,3.7321045765632624e-07,4.70569703246715e-07,3.245307861815158e-07,3.5698388427151384e-07
2025-11-24 07:24:28+00,-6.949451667,107.6873415,711.8,31,74.11765,27.5562,46.0,29.44162,38.0,30.31182,36.0,24.22045,35.0,34.232416543978374,1263.2608889586543,1.6999999999999318,3.7321045765632624e-07,4.70569703246715e-07,3.245307861815158e-07,3.5698388427151384e-07
2025-11-24 07:24:33+00,-6.949130167,107.6875302,712.1,27,47.45098,27.5562,46.0,29.44162,38.0,30.31182,36.0,24.22045,35.0,41.374236506397295,1304.6351254650515,0.3000000000000682,3.7321045765632624e-07,4.70569703246715e-07,3.245307861815158e-07,3.5698388427151384e-07
2025-11-24 07:24:38+00,-6.948789333,107.6877133,712.3,29,78.03922,27.5562,46.0,29.44162,38.0,30.31182,36.0,24.22045,35.0,42.95106239473624,1347.5861878597877,0.1999999999999318,3.7321045765632624e-07,4.70569703246715e-07,3.245307861815158e-07,3.5698388427151384e-07
2025-11-24 07:24:43+00,-6.948494333,107.6878953,713.1,33,82.74509,27.5562,46.0,29.44162,38.0,30.31182,36.0,24.22045,35.0,38.465172489643194,1386.051360349431,0.8000000000000682,3.7321045765632624e-07,4.70569703246715e-07,3.245307861815158e-07,3.5698388427151384e-07
2025-11-24 07:24:48+00,-6.948146333,107.6881135,712.6,38,59.60784,27.5562,46.0,29.44162,38.0,30.31182,36.0,24.22045,35.0,45.57892482445352,1431.6302851738844,-0.5,3.7321045765632624e-07,4.70569703246715e-07,3.245307861815158e-07,3.5698388427151384e-07
2025-11-24 07:24:53+00,-6.947742,107.6883558,711.0,35,40.39216,27.5562,46.0,29.44162,38.0,30.31182,36.0,24.22045,35.0,52.313162666266464,1483.9434478401508,-1.6000000000000227,3.7321045765632624e-07,4.70569703246715e-07,3.245307861815158e-07,3.5698388427151384e-07
2025-11-24 07:24:58+00,-6.947350833,107.6885725,707.6,28,58.43137,27.5562,46.0,29.44162,38.0,30.31182,36.0,24.22045,35.0,49.63878831502623,1533.582236155177,-3.3999999999999773,3.7321045765632624e-07,4.70569703246715e-07,3.245307861815158e-07,3.5698388427151384e-07
2025-11-24 07:25:03+00,-6.946992833,107.688695,705.6,14,52.94118,27.5562,46.0,29.44162,38.0,30.31182,36.0,24.22045,35.0,42.04155112011461,1575.6237872752918,-2.0,3.7321045765632624e-07,4.70569703246715e-07,3.245307861815158e-07,3.5698388427151384e-07
2025-11-24 07:25:08+00,-6.9467645,107.6887322,703.3,8,50.98039,27.5562,46.0,29.44162,38.0,30.31182,36.0,24.22045,35.0,25.71938964262751,1601.3431769179192,-2.300000000000068,3.7321045765632624e-07,4.70569703246715e-07,3.245307861815158e-07,3.5698388427151384e-07
2025-11-24 07:26:02+00,-6.946573833,107.688781,693.8,2,57.64706,27.5562,46.0,29.44162,38.0,30.60188,37.0,24.22045,35.0,21.874791126208564,1623.2179680441277,-9.5,3.7321045765632624e-07,4.70569703246715e-07,3.245307861815158e-07,3.5698388427151384e-07
2025-11-24 07:26:04+00,-6.946560667,107.6887808,694.1,2,72.15686,27.5562,46.0,29.44162,38.0,30.60188,37.0,24.22045,35.0,1.4641608586632415,1624.682128902791,0.3000000000000682,3.7321045765632624e-07,4.70569703246715e-07,3.245307861815158e-07,3.5698388427151384e-07
2025-11-24 07:27:27+00,-6.946542167,107.6888018,699.5,1,54.5098,27.5562,46.0,29.44162,38.0,30.60188,37.0,24.22045,35.0,3.099131482056303,1627.7812603848472,5.399999999999977,3.7321045765632624e-07,4.70569703246715e-07,3.245307861815158e-07,3.5698388427151384e-07
2025-11-24 07:27:29+00,-6.9465345,107.6888018,699.3,6,86.27451,27.5562,46.0,29.44162,38.0,30.60188,37.0,24.22045,35.0,0.8525326801241364,1628.6337930649713,-0.20000000000004547,3.7321045765632624e-07,4.70569703246715e-07,3.245307861815158e-07,3.5698388427151384e-07
2025-11-24 07:27:34+00,-6.9464535,107.6888123,699.1,9,54.90196,27.5562,46.0,29.44162,38.0,30.60188,37.0,24.22045,35.0,9.081062890113344,1637.7148559550847,-0.1999999999999318,3.7321045765632624e-07,4.70569703246715e-07,3.245307861815158e-07,3.5698388427151384e-07
2025-11-24 07:27:39+00,-6.946326333,107.6888278,699.0,12,47.84314,27.5562,46.0,29.44162,38.0,30.60188,37.0,24.22045,35.0,14.2434699198331,1651.9583258749178,-0.10000000000002274,3.7321045765632624e-07,4.70569703246715e-07,3.245307861815158e-07,3.5698388427151384e-07
2025-11-24 07:27:44+00,-6.946161,107.6888505,703.0,19,54.90196,27.5562,46.0,29.44162,38.0,30.60188,37.0,24.22045,35.0,18.554175904054265,1670.5125017789721,4.0,3.7321045765632624e-07,4.70569703246715e-07,3.245307861815158e-07,3.5698388427151384e-07
2025-11-24 07:27:49+00,-6.945943333,107.6888883,705.9,18,61.17647,27.5562,46.0,29.44162,38.0,30.60188,37.0,24.22045,35.0,24.560490276018047,1695.0729920549902,2.8999999999999773,3.7321045765632624e-07,4.70569703246715e-07,3.245307861815158e-07,3.5698388427151384e-07
2025-11-24 07:27:54+00,-6.945714167,107.6889217,712.7,18,69.01961,27.5562,46.0,29.44162,38.0,30.60188,37.0,24.22045,35.0,25.74743663805048,1720.8204286930406,6.800000000000068,3.7321045765632624e-07,4.70569703246715e-07,3.245307861815158e-07,3.5698388427151384e-07
2025-11-24 07:27:59+00,-6.945494333,107.6889472,715.9,16,49.41177,27.5562,46.0,29.44162,38.0,30.60188,37.0,24.22045,35.0,24.605973551748097,1745.4264022447887,3.199999999999932,3.7321045765632624e-07,4.70569703246715e-07,3.245307861815158e-07,3.5698388427151384e-07
2025-11-24 07:28:04+00,-6.945287,107.688961,714.1,7,61.96078,27.5562,46.0,29.44162,38.0,30.60188,37.0,24.22045,35.0,23.104675623994282,1768.531077868783,-1.7999999999999545,3.7321045765632624e-07,4.70569703246715e-07,3.245307861815158e-07,3.5698388427151384e-07
2025-11-24 07:28:09+00,-6.945213833,107.6889163,712.5,14,46.66667,27.5562,46.0,29.44162,38.0,30.60188,37.0,24.22045,35.0,9.515001488327377,1778.0460793571106,-1.6000000000000227,3.7321045765632624e-07,4.70569703246715e-07,3.245307861815158e-07,3.5698388427151384e-07
2025-11-24 07:28:14+00,-6.945153333,107.6887527,703.3,6,50.98039,27.5562,46.0,29.44162,38.0,30.60188,37.0,24.22045,35.0,19.27041994625486,1797.3164993033654,-9.200000000000045,3.7321045765632624e-07,4.70569703246715e-07,3.245307861815158e-07,3.5698388427151384e-07
2025-11-24 07:28:19+00,-6.945114167,107.6886835,698.9,1,54.11765,27.5562,46.0,29.44162,38.0,30.60188,37.0,24.22045,35.0,8.79257061227551,1806.109069915641,-4.399999999999977,3.7321045765632624e-07,4.70569703246715e-07,3.245307861815158e-07,3.5698388427151384e-07
2025-11-24 07:29:04+00,-6.9451335,107.6887177,693.3,1,56.86274,27.5562,46.0,29.44162,38.0,30.60188,37.0,24.22045,35.0,4.3441616838410715,1810.453231599482,-5.600000000000023,3.7321045765632624e-07,4.70569703246715e-07,3.245307861815158e-07,3.5698388427151384e-07
2025-11-24 07:29:09+00,-6.945136,107.6887193,693.3,3,55.68628,27.5562,46.0,29.44162,38.0,30.60188,37.0,24.22045,35.0,0.32934340988923083,1810.7825750093712,0.0,3.7321045765632624e-07,4.70569703246715e-07,3.245307861815158e-07,3.5698388427151384e-07
2025-11-24 07:30:09+00,-6.94504525,107.68869705,685.5,2,52.15686,27.84627,44.0,29.73169,41.0,30.60188,38.0,24.22045,33.0,10.385517275413042,1821.1680922847843,-7.7999999999999545,3.7321045765632624e-07,4.70569703246715e-07,3.245307861815158e-07,3.5698388427151384e-07
2025-11-24 07:30:23+00,-6.9449545,107.6886748,677.7,2,55.68628,27.84627,44.0,29.73169,41.0,30.60188,38.0,24.22045,33.0,10.385517387464398,1831.5536096722487,-7.7999999999999545,3.7321045765632624e-07,4.70569703246715e-07,3.245307861815158e-07,3.5698388427151384e-07
2025-11-24 07:30:28+00,-6.9449525,107.6887048,684.7,1,56.07843,27.84627,44.0,29.73169,41.0,30.60188,38.0,24.22045,33.0,3.3188359163851278,1834.8724455886338,7.0,3.7321045765632624e-07,4.70569703246715e-07,3.245307861815158e-07,3.5698388427151384e-07
2025-11-24 07:30:33+00,-6.944947,107.6887562,691.4,3,58.43137,27.84627,44.0,29.73169,41.0,30.60188,38.0,24.22045,33.0,5.706358807714344,1840.5788043963482,6.699999999999932,3.7321045765632624e-07,4.70569703246715e-07,3.245307861815158e-07,3.5698388427151384e-07
2025-11-24 07:31:37+00,-6.944948333,107.6888597,701.9,3,77.25491,27.84627,44.0,29.73169,41.0,30.60188,38.0,24.22045,33.0,11.425210646320718,1852.004015042669,10.5,3.7321045765632624e-07,4.70569703246715e-07,3.245307861815158e-07,3.5698388427151384e-07
2025-11-24 07:31:39+00,-6.94496,107.6888938,701.9,6,42.35294,27.84627,44.0,29.73169,41.0,30.60188,38.0,24.22045,33.0,3.9812309523960683,1855.985245995065,0.0,3.7321045765632624e-07,4.70569703246715e-07,3.245307861815158e-07,3.5698388427151384e-07
2025-11-24 07:31:49+00,-6.944976833,107.6889825,702.4,1,54.5098,27.84627,44.0,29.73169,41.0,30.60188,38.0,24.22045,33.0,9.96794835891261,1865.9531943539776,0.5,3.7321045765632624e-07,4.70569703246715e-07,3.245307861815158e-07,3.5698388427151384e-07
2025-11-24 07:32:29+00,-6.944983167,107.6889738,706.6,1,52.15686,27.84627,44.0,29.73169,42.0,30.60188,38.0,24.22045,33.0,1.1908931506607545,1867.1440875046383,4.2000000000000455,3.7321045765632624e-07,4.70569703246715e-07,3.245307861815158e-07,3.5698388427151384e-07
2025-11-24 07:32:34+00,-6.944990333,107.6889983,704.0,3,72.94118,27.84627,44.0,29.73169,42.0,30.60188,38.0,24.22045,33.0,2.819240362969294,1869.9633278676076,-2.6000000000000227,3.7321045765632624e-07,4.70569703246715e-07,3.245307861815158e-07,3.5698388427151384e-07
2025-11-24 07:32:39+00,-6.945024667,107.6890265,702.3,7,67.45098,27.84627,44.0,29.73169,42.0,30.60188,38.0,24.22045,33.0,4.925874890153534,1874.8892027577613,-1.7000000000000455,3.7321045765632624e-07,4.70569703246715e-07,3.245307861815158e-07,3.5698388427151384e-07
2025-11-24 07:32:44+00,-6.945112833,107.6890157,700.0,15,76.86275,27.84627,44.0,29.73169,42.0,30.60188,38.0,24.22045,33.0,9.8758373284692,1884.7650400862306,-2.2999999999999545,3.7321045765632624e-07,4.70569703246715e-07,3.245307861815158e-07,3.5698388427151384e-07
2025-11-24 07:32:49+00,-6.945290333,107.6889843,697.6,27,77.25491,27.5562,43.0,29.73169,42.0,30.60188,38.0,24.22045,33.0,20.03912856408755,1904.8041686503182,-2.3999999999999773,3.7321045765632624e-07,4.70569703246715e-07,3.245307861815158e-07,3.5698388427151384e-07
2025-11-24 07:32:54+00,-6.945610667,107.6889365,695.6,30,83.92157,27.5562,43.0,29.73169,42.0,30.60188,38.0,24.22045,33.0,36.00820533903117,1940.8123739893492,-2.0,3.7321045765632624e-07,4.70569703246715e-07,3.245307861815158e-07,3.5698388427151384e-07
2025-11-24 07:32:59+00,-6.945974333,107.6888898,691.9,31,58.43137,27.5562,43.0,29.73169,42.0,30.60188,38.0,24.22045,33.0,40.765086394322005,1981.5774603836712,-3.7000000000000455,3.7321045765632624e-07,4.70569703246715e-07,3.245307861815158e-07,3.5698388427151384e-07
2025-11-24 07:33:04+00,-6.946332667,107.6888343,691.7,18,54.11765,27.5562,43.0,29.73169,42.0,30.60188,38.0,24.22045,33.0,40.31315563512732,2021.8906160187985,-0.1999999999999318,3.7321045765632624e-07,4.70569703246715e-07,3.245307861815158e-07,3.5698388427151384e-07
2025-11-24 07:33:09+00,-6.946563,107.6888022,694.5,21,58.82353,27.5562,43.0,29.73169,42.0,30.60188,38.0,24.22045,33.0,25.85581621694517,2047.7464322357437,2.7999999999999545,3.7321045765632624e-07,4.70569703246715e-07,3.245307861815158e-07,3.5698388427151384e-07
2025-11-24 07:33:14+00,-6.946820667,107.6887757,693.4,25,92.94118,27.5562,43.0,29.73169,42.0,30.60188,38.0,24.22045,33.0,28.800225668141213,2076.546657903885,-1.1000000000000227,3.7321045765632624e-07,4.70569703246715e-07,3.245307861815158e-07,3.5698388427151384e-07
2025-11-24 07:33:19+00,-6.947118333,107.6887058,688.4,34,86.66666,27.5562,43.0,29.73169,42.0,30.60188,38.0,24.22045,33.0,33.98635014294174,2110.5330080468266,-5.0,3.7321045765632624e-07,4.70569703246715e-07,3.245307861815158e-07,3.5698388427151384e-07
2025-11-24 07:33:24+00,-6.947487333,107.6885172,688.2,31,43.52941,27.5562,43.0,29.73169,42.0,30.60188,38.0,24.22045,33.0,46.00985245537481,2156.5428605022016,-0.1999999999999318,3.7321045765632624e-07,4.70569703246715e-07,3.245307861815158e-07,3.5698388427151384e-07
2025-11-24 07:33:29+00,-6.9478475,107.6883085,685.7,26,62.7451,27.5562,43.0,29.73169,42.0,30.60188,38.0,24.22045,33.0,46.201341992091514,2202.744202494293,-2.5,3.7321045765632624e-07,4.70569703246715e-07,3.245307861815158e-07,3.5698388427151384e-07
2025-11-24 07:33:34+00,-6.948124333,107.6881468,687.4,20,50.98039,27.5562,43.0,29.73169,42.0,30.60188,38.0,24.22045,33.0,35.58256192203206,2238.326764416325,1.6999999999999318,3.7321045765632624e-07,4.70569703246715e-07,3.245307861815158e-07,3.5698388427151384e-07
2025-11-24 07:33:39+00,-6.948314833,107.6879893,684.1,17,78.03922,27.5562,43.0,29.73169,42.0,30.60188,38.0,24.22045,33.0,27.403097049899515,2265.7298614662245,-3.2999999999999545,3.7321045765632624e-07,4.70569703246715e-07,3.245307861815158e-07,3.5698388427151384e-07
2025-11-24 07:33:44+00,-6.9485065,107.6878692,682.9,24,97.25491,27.5562,43.0,29.73169,42.0,30.60188,38.0,24.22045,33.0,25.09886328960473,2290.828724755829,-1.2000000000000455,3.7321045765632624e-07,4.70569703246715e-07,3.245307861815158e-07,3.5698388427151384e-07
2025-11-24 07:33:49+00,-6.948774,107.6877348,684.1,33,67.84314,27.5562,43.0,29.73169,42.0,30.60188,38.0,24.22045,33.0,33.23881787024234,2324.0675426260714,1.2000000000000455,3.7321045765632624e-07,4.70569703246715e-07,3.245307861815158e-07,3.5698388427151384e-07
2025-11-24 07:33:54+00,-6.9491225,107.687528,683.9,18,50.58823,27.5562,43.0,29.73169,42.0,30.60188,38.0,24.22045,33.0,44.97459639029175,2369.0421390163633,-0.20000000000004547,3.7321045765632624e-07,4.70569703246715e-07,3.245307861815158e-07,3.5698388427151384e-07
2025-11-24 07:33:59+00,-6.949362667,107.687386,680.1,22,84.70588,27.5562,43.0,29.73169,42.0,30.60188,38.0,24.22045,33.0,30.965187698794324,2400.0073267151574,-3.7999999999999545,3.7321045765632624e-07,4.70569703246715e-07,3.245307861815158e-07,3.5698388427151384e-07
2025-11-24 07:34:04+00,-6.949601333,107.6872787,678.8,22,44.31372,27.5562,43.0,29.73169,42.0,30.60188,38.0,24.22045,33.0,29.061339930502548,2429.06866664566,-1.3000000000000682,3.7321045765632624e-07,4.70569703246715e-07,3.245307861815158e-07,3.5698388427151384e-07
2025-11-24 07:34:09+00,-6.949851833,107.6871437,679.4,20,43.52941,27.5562,43.0,29.73169,42.0,30.60188,38.0,24.22045,33.0,31.58966411787715,2460.658330763537,0.6000000000000227,3.7321045765632624e-07,4.70569703246715e-07,3.245307861815158e-07,3.5698388427151384e-07
2025-11-24 07:34:14+00,-6.9500715,107.687037,682.5,15,68.62745,27.5562,43.0,29.73169,42.0,30.60188,38.0,24.22045,33.0,27.116964338885133,2487.775295102422,3.1000000000000227,3.7321045765632624e-07,4.70569703246715e-07,3.245307861815158e-07,3.5698388427151384e-07
2025-11-24 07:34:19+00,-6.950269667,107.686972,683.4,20,61.96078,27.5562,43.0,29.73169,42.0,30.60188,38.0,24.22045,33.0,23.17378447620118,2510.9490795786232,0.8999999999999773,3.7321045765632624e-07,4.70569703246715e-07,3.245307861815158e-07,3.5698388427151384e-07
2025-11-24 07:34:24+00,-6.9504855,107.686886,681.0,4,53.72549,27.5562,43.0,29.73169,42.0,30.60188,38.0,24.22045,33.0,25.808658798054676,2536.757738376678,-2.3999999999999773,3.7321045765632624e-07,4.70569703246715e-07,3.245307861815158e-07,3.5698388427151384e-07
2025-11-24 07:34:29+00,-6.950555,107.686847,679.6,5,64.70588,27.5562,43.0,29.73169,42.0,30.60188,38.0,24.22045,33.0,8.846109611440447,2545.6038479881186,-1.3999999999999773,3.7321045765632624e-07,4.70569703246715e-07,3.245307861815158e-07,3.5698388427151384e-07
2025-11-24 07:34:34+00,-6.950621667,107.6868222,678.6,2,71.37255,27.5562,43.0,29.73169,42.0,30.60188,38.0,24.22045,33.0,7.902303595852157,2553.5061515839707,-1.0,3.7321045765632624e-07,4.70569703246715e-07,3.245307861815158e-07,3.5698388427151384e-07
2025-11-24 07:34:39+00,-6.950659667,107.6868035,680.8,2,54.90196,27.5562,43.0,29.73169,42.0,30.60188,38.0,24.22045,33.0,4.702604121329578,2558.2087557053,2.199999999999932,3.7321045765632624e-07,4.70569703246715e-07,3.245307861815158e-07,3.5698388427151384e-07
2025-11-24 07:34:44+00,-6.950699167,107.6867933,681.9,1,76.07843,27.5562,43.0,29.73169,42.0,30.60188,38.0,24.22045,33.0,4.5342053942290805,2562.742961099529,1.1000000000000227,3.7321045765632624e-07,4.70569703246715e-07,3.245307861815158e-07,3.5698388427151384e-07
2025-11-24 07:34:49+00,-6.9507265,107.6867922,683.5,4,70.98039,27.5562,43.0,29.73169,42.0,30.60188,38.0,24.22045,33.0,3.041719355225668,2565.784680454755,1.6000000000000227,3.7321045765632624e-07,4.70569703246715e-07,3.245307861815158e-07,3.5698388427151384e-07
2025-11-24 07:34:54+00,-6.950781333,107.6867843,684.4,7,87.45098,27.5562,43.0,29.73169,42.0,30.60188,38.0,24.22045,33.0,6.159197674178032,2571.9438781289327,0.8999999999999773,3.7321045765632624e-07,4.70569703246715e-07,3.245307861815158e-07,3.5698388427151384e-07
2025-11-24 07:34:59+00,-6.950891167,107.6867627,689.0,24,78.43137,27.5562,43.0,29.73169,42.0,30.60188,38.0,24.22045,33.0,12.443536665235282,2584.387414794168,4.600000000000023,3.7321045765632624e-07,4.70569703246715e-07,3.245307861815158e-07,3.5698388427151384e-07
2025-11-24 07:35:04+00,-6.9511745,107.6867365,691.5,34,83.52941,27.5562,43.0,29.73169,42.0,30.60188,38.0,24.22045,33.0,31.6376824230543,2616.025097217222,2.5,3.7321045765632624e-07,4.70569703246715e-07,3.245307861815158e-07,3.5698388427151384e-07
2025-11-24 07:35:09+00,-6.951591667,107.6866802,692.2,39,55.68628,27.5562,43.0,29.73169,42.0,30.60188,38.0,24.22045,33.0,46.80131679489471,2662.826414012117,0.7000000000000455,3.7321045765632624e-07,4.70569703246715e-07,3.245307861815158e-07,3.5698388427151384e-07
2025-11-24 07:35:14+00,-6.952072667,107.6866363,691.9,34,74.5098,27.5562,43.0,29.73169,42.0,30.60188,38.0,24.22045,33.0,53.70388289851672,2716.5302969106338,-0.3000000000000682,3.7321045765632624e-07,4.70569703246715e-07,3.245307861815158e-07,3.5698388427151384e-07
2025-11-24 07:35:19+00,-6.9525075,107.6865872,689.4,41,86.66666,27.5562,43.0,29.73169,42.0,30.60188,38.0,24.22045,33.0,48.65407110883858,2765.1843680194725,-2.5,3.7321045765632624e-07,4.70569703246715e-07,3.245307861815158e-07,3.5698388427151384e-07
2025-11-24 07:35:24+00,-6.953008833,107.6865185,687.8,45,49.01961,27.5562,43.0,29.73169,42.0,30.60188,38.0,24.22045,33.0,56.25914043055068,2821.4435084500233,-1.6000000000000227,3.7321045765632624e-07,4.70569703246715e-07,3.245307861815158e-07,3.5698388427151384e-07
2025-11-24 07:35:29+00,-6.953555333,107.6864637,687.0,34,54.11765,27.5562,43.0,29.73169,42.0,30.60188,38.0,24.22045,33.0,61.06840274002513,2882.5119111900485,-0.7999999999999545,3.7321045765632624e-07,4.70569703246715e-07,3.245307861815158e-07,3.5698388427151384e-07
2025-11-24 07:35:34+00,-6.953995,107.686426,687.4,26,47.05882,27.5562,43.0,29.73169,42.0,30.60188,38.0,24.22045,33.0,49.065580826187265,2931.5774920162357,0.39999999999997726,3.7321045765632624e-07,4.70569703246715e-07,3.245307861815158e-07,3.5698388427151384e-07
2025-11-24 07:35:39+00,-6.954353,107.6863905,687.1,22,54.11765,27.5562,43.0,29.73169,42.0,30.60188,38.0,24.22045,33.0,40.000222094414184,2971.57771411065,-0.2999999999999545,3.7321045765632624e-07,4.70569703246715e-07,3.245307861815158e-07,3.5698388427151384e-07
2025-11-24 07:35:44+00,-6.954648,107.686375,686.0,28,88.23529,27.5562,43.0,29.73169,42.0,30.60188,38.0,24.22045,33.0,32.84713356371139,3004.4248476743614,-1.1000000000000227,3.7321045765632624e-07,4.70569703246715e-07,3.245307861815158e-07,3.5698388427151384e-07
2025-11-24 07:35:49+00,-6.954990167,107.6863575,688.7,27,50.98039,27.5562,43.0,29.73169,42.0,30.60188,38.0,24.22045,33.0,38.096287373385614,3042.521135047747,2.7000000000000455,3.7321045765632624e-07,4.70569703246715e-07,3.245307861815158e-07,3.5698388427151384e-07
2025-11-24 07:35:54+00,-6.955337833,107.6863312,688.8,34,72.15686,27.5562,43.0,29.73169,42.0,30.60188,38.0,24.22045,33.0,38.76758626169887,3081.288721309446,0.09999999999990905,3.7321045765632624e-07,4.70569703246715e-07,3.245307861815158e-07,3.5698388427151384e-07
2025-11-24 07:35:59+00,-6.955753167,107.6863043,686.7,30,48.23529,27.5562,43.0,29.73169,42.0,30.60188,38.0,24.22045,33.0,46.27844257674169,3127.5671638861877,-2.099999999999909,3.7321045765632624e-07,4.70569703246715e-07,3.245307861815158e-07,3.5698388427151384e-07
2025-11-24 07:36:04+00,-6.956124667,107.6863397,683.4,27,45.4902,27.5562,43.0,29.73169,42.0,30.74692,38.0,24.22045,33.0,41.493354214037616,3169.060518100225,-3.300000000000068,3.7321045765632624e-07,4.70569703246715e-07,3.245307861815158e-07,3.5698388427151384e-07
2025-11-24 07:36:09+00,-6.956459667,107.6864367,682.9,24,52.94118,27.5562,43.0,29.73169,42.0,30.74692,38.0,24.22045,33.0,38.75846242080937,3207.8189805210345,-0.5,3.7321045765632624e-07,4.70569703246715e-07,3.245307861815158e-07,3.5698388427151384e-07
2025-11-24 07:36:14+00,-6.956748833,107.6865048,679.9,25,85.09804,27.5562,43.0,29.73169,42.0,30.74692,38.0,24.22045,33.0,33.02073679374986,3240.8397173147846,-3.0,3.7321045765632624e-07,4.70569703246715e-07,3.245307861815158e-07,3.5698388427151384e-07
2025-11-24 07:36:19+00,-6.957050333,107.6865847,678.8,34,77.64706,27.5562,43.0,29.73169,42.0,30.74692,38.0,24.22045,33.0,34.665875845222146,3275.505593160007,-1.1000000000000227,3.7321045765632624e-07,4.70569703246715e-07,3.245307861815158e-07,3.5698388427151384e-07
2025-11-24 07:36:24+00,-6.957466167,107.6866463,680.4,30,56.86274,27.5562,43.0,29.73169,42.0,30.74692,38.0,24.22045,33.0,46.7359153903325,3322.2415085503394,1.6000000000000227,3.7321045765632624e-07,4.70569703246715e-07,3.245307861815158e-07,3.5698388427151384e-07
2025-11-24 07:36:29+00,-6.957859667,107.6866702,681.7,21,57.64706,27.5562,43.0,29.73169,42.0,30.74692,38.0,24.22045,33.0,43.83471381813641,3366.076222368476,1.3000000000000682,3.7321045765632624e-07,4.70569703246715e-07,3.245307861815158e-07,3.5698388427151384e-07
2025-11-24 07:36:34+00,-6.9581455,107.6866875,681.7,18,49.41177,27.5562,43.0,29.73169,42.0,30.74692,38.0,24.22045,33.0,31.84053244422987,3397.9167548127057,0.0,3.7321045765632624e-07,4.70569703246715e-07,3.245307861815158e-07,3.5698388427151384e-07
2025-11-24 07:36:39+00,-6.958378667,107.6867042,682.4,20,84.70588,27.5562,43.0,29.73169,42.0,30.74692,38.0,24.22045,33.0,25.992464669838864,3423.9092194825444,0.6999999999999318,3.7321045765632624e-07,4.70569703246715e-07,3.245307861815158e-07,3.5698388427151384e-07
2025-11-24 07:36:44+00,-6.958629833,107.686718,681.7,27,79.60784,27.5562,43.0,29.73169,42.0,30.74692,38.0,24.22045,33.0,27.96992931681516,3451.8791487993594,-0.6999999999999318,3.7321045765632624e-07,4.70569703246715e-07,3.245307861815158e-07,3.5698388427151384e-07
2025-11-24 07:36:49+00,-6.958959833,107.6867292,681.5,22,40.78431,27.5562,43.0,29.73169,42.0,30.74692,38.0,24.22045,33.0,36.71519416033972,3488.594342959699,-0.20000000000004547,3.7321045765632624e-07,4.70569703246715e-07,3.245307861815158e-07,3.5698388427151384e-07
2025-11-24 07:36:54+00,-6.959257333,107.6867223,681.9,24,65.09804,27.5562,43.0,29.73169,42.0,30.74692,38.0,24.22045,33.0,33.089302068690074,3521.683645028389,0.39999999999997726,3.7321045765632624e-07,4.70569703246715e-07,3.245307861815158e-07,3.5698388427151384e-07
2025-11-24 07:36:59+00,-6.959556,107.6867107,682.1,21,46.66667,27.5562,43.0,29.73169,42.0,30.74692,38.0,24.22045,33.0,33.234972768521885,3554.918617796911,0.20000000000004547,3.7321045765632624e-07,4.70569703246715e-07,3.245307861815158e-07,3.5698388427151384e-07
2025-11-24 07:37:04+00,-6.95983,107.6867023,681.9,20,63.13726,27.5562,43.0,29.73169,42.0,30.74692,38.0,24.22045,33.0,30.48155588673525,3585.4001736836462,-0.20000000000004547,3.7321045765632624e-07,4.70569703246715e-07,3.245307861815158e-07,3.5698388427151384e-07
2025-11-24 07:37:09+00,-6.960087667,107.6867102,682.3,28,52.15686,27.5562,43.0,29.73169,42.0,30.74692,38.0,24.22045,33.0,28.664568316185385,3614.0647419998318,0.39999999999997726,3.7321045765632624e-07,4.70569703246715e-07,3.245307861815158e-07,3.5698388427151384e-07
2025-11-24 07:37:14+00,-6.960421333,107.6867227,681.8,25,90.58823,27.5562,43.0,29.73169,42.0,30.74692,38.0,24.22045,33.0,37.12766181879946,3651.192403818631,-0.5,3.7321045765632624e-07,4.70569703246715e-07,3.245307861815158e-07,3.5698388427151384e-07
2025-11-24 07:37:19+00,-6.960743333,107.6867112,678.4,23,39.60784,27.5562,43.0,29.73169,42.0,30.74692,38.0,24.22045,33.0,35.82730812028652,3687.0197119389177,-3.3999999999999773,3.7321045765632624e-07,4.70569703246715e-07,3.245307861815158e-07,3.5698388427151384e-07
2025-11-24 07:37:24+00,-6.961053167,107.686722,676.2,18,62.35294,27.5562,43.0,29.73169,42.0,30.74692,38.0,24.22045,33.0,34.47263313850503,3721.4923450774227,-2.199999999999932,3.7321045765632624e-07,4.70569703246715e-07,3.245307861815158e-07,3.5698388427151384e-07
2025-11-24 07:37:29+00,-6.961278167,107.686747,674.0,14,67.05882,27.5562,43.0,29.73169,42.0,30.74692,38.0,24.22045,33.0,25.170602223908727,3746.6629473013313,-2.2000000000000455,3.7321045765632624e-07,4.70569703246715e-07,3.245307861815158e-07,3.5698388427151384e-07
2025-11-24 07:37:34+00,-6.961457167,107.6867583,668.5,12,54.90196,27.5562,43.0,29.73169,42.0,30.74692,38.0,24.22045,33.0,19.942959096326504,3766.6059063976577,-5.5,3.7321045765632624e-07,4.70569703246715e-07,3.245307861815158e-07,3.5698388427151384e-07
2025-11-24 07:37:39+00,-6.961623667,107.68674,671.3,13,67.45098,27.5562,43.0,29.73169,42.0,30.74692,38.0,24.22045,33.0,18.623838364727998,3785.2297447623855,2.7999999999999545,3.7321045765632624e-07,4.70569703246715e-07,3.245307861815158e-07,3.5698388427151384e-07
2025-11-24 07:37:44+00,-6.961793333,107.6867417,672.5,9,63.52941,27.5562,43.0,29.73169,42.0,30.74692,38.0,24.22045,33.0,18.866957566212687,3804.096702328598,1.2000000000000455,3.7321045765632624e-07,4.70569703246715e-07,3.245307861815158e-07,3.5698388427151384e-07
2025-11-24 07:37:49+00,-6.961919833,107.6867495,671.4,16,54.90196,27.5562,43.0,29.73169,42.0,30.74692,38.0,24.22045,33.0,14.09249973655634,3818.1892020651544,-1.1000000000000227,3.7321045765632624e-07,4.70569703246715e-07,3.245307861815158e-07,3.5698388427151384e-07
2025-11-24 07:37:54+00,-6.962111667,107.6867475,672.9,10,50.98039,27.5562,43.0,29.73169,42.0,30.74692,38.0,24.22045,33.0,21.33213924301084,3839.521341308165,1.5,3.7321045765632624e-07,4.70569703246715e-07,3.245307861815158e-07,3.5698388427151384e-07
2025-11-24 07:37:59+00,-6.962243,107.6867417,674.0,6,85.88235,27.5562,43.0,29.73169,42.0,30.74692,38.0,24.22045,33.0,14.617608406540187,3854.138949714705,1.1000000000000227,3.7321045765632624e-07,4.70569703246715e-07,3.245307861815158e-07,3.5698388427151384e-07
2025-11-24 07:38:04+00,-6.9623275,107.6867268,677.6,10,56.07843,27.5562,43.0,29.73169,42.0,30.74692,38.0,24.22045,33.0,9.538825700309362,3863.6777754150144,3.6000000000000227,3.7321045765632624e-07,4.70569703246715e-07,3.245307861815158e-07,3.5698388427151384e-07
2025-11-24 07:38:09+00,-6.962465667,107.6867653,679.3,18,40.78431,27.5562,43.0,29.73169,42.0,30.74692,38.0,24.22045,33.0,15.940345132984454,3879.618120547999,1.6999999999999318,3.7321045765632624e-07,4.70569703246715e-07,3.245307861815158e-07,3.5698388427151384e-07
2025-11-24 07:38:14+00,-6.962684833,107.6868015,679.1,21,61.17647,27.5562,43.0,29.73169,42.0,30.74692,38.0,24.22045,33.0,24.69555347789936,3904.3136740258983,-0.1999999999999318,3.7321045765632624e-07,4.70569703246715e-07,3.245307861815158e-07,3.5698388427151384e-07
2025-11-24 07:38:19+00,-6.962947167,107.6868237,677.9,25,74.11765,27.5562,43.0,29.73169,42.0,30.74692,38.0,24.22045,33.0,29.27298396583749,3933.5866579917356,-1.2000000000000455,3.7321045765632624e-07,4.70569703246715e-07,3.245307861815158e-07,3.5698388427151384e-07
2025-11-24 07:38:24+00,-6.963255,107.6868733,674.7,24,40.0,27.5562,43.0,29.73169,42.0,30.74692,38.0,24.22045,33.0,34.66454854761615,3968.2512065393516,-3.199999999999932,3.7321045765632624e-07,4.70569703246715e-07,3.245307861815158e-07,3.5698388427151384e-07
2025-11-24 07:38:29+00,-6.963567,107.6869037,672.6,16,63.52941,27.5562,43.0,29.73169,42.0,30.74692,38.0,24.22045,33.0,34.85474958923644,4003.105956128588,-2.1000000000000227,3.7321045765632624e-07,4.70569703246715e-07,3.245307861815158e-07,3.5698388427151384e-07
2025-11-24 07:38:34+00,-6.963803,107.6869298,671.7,13,74.5098,27.5562,43.0,29.73169,42.0,30.74692,38.0,24.22045,33.0,26.399687808701906,4029.5056439372897,-0.8999999999999773,3.7321045765632624e-07,4.70569703246715e-07,3.245307861815158e-07,3.5698388427151384e-07
2025-11-24 07:38:39+00,-6.963978833,107.6869452,672.9,20,50.19608,27.5562,43.0,29.73169,42.0,30.74692,38.0,24.22045,33.0,19.625511957543722,4049.1311558948337,1.1999999999999318,3.7321045765632624e-07,4.70569703246715e-07,3.245307861815158e-07,3.5698388427151384e-07
2025-11-24 07:38:44+00,-6.964217,107.6869643,673.4,16,87.45098,27.5562,43.0,29.73169,42.0,30.74692,38.0,24.22045,33.0,26.566775213398675,4075.6979311082323,0.5,3.7321045765632624e-07,4.70569703246715e-07,3.245307861815158e-07,3.5698388427151384e-07
2025-11-24 07:38:49+00,-6.964427833,107.6869773,673.1,23,57.64706,27.5562,43.0,29.73169,42.0,30.74692,38.0,24.22045,33.0,23.487462104545703,4099.185393212778,-0.2999999999999545,3.7321045765632624e-07,4.70569703246715e-07,3.245307861815158e-07,3.5698388427151384e-07
2025-11-24 07:38:54+00,-6.9647,107.6869873,672.5,16,49.80392,27.5562,43.0,29.73169,42.0,30.74692,38.0,24.22045,33.0,30.28375209674909,4129.4691453095265,-0.6000000000000227,3.7321045765632624e-07,4.70569703246715e-07,3.245307861815158e-07,3.5698388427151384e-07
2025-11-24 07:38:59+00,-6.964914333,107.6869952,672.1,14,67.05882,27.5562,43.0,29.73169,42.0,30.74692,38.0,24.22045,33.0,23.848720781431382,4153.317866090958,-0.39999999999997726,3.7321045765632624e-07,4.70569703246715e-07,3.245307861815158e-07,3.5698388427151384e-07
2025-11-24 07:39:04+00,-6.9650955,107.6870092,668.4,13,56.07843,27.5562,43.0,29.73169,42.0,30.74692,38.0,24.22045,33.0,20.204057269236145,4173.521923360194,-3.7000000000000455,3.7321045765632624e-07,4.70569703246715e-07,3.245307861815158e-07,3.5698388427151384e-07
2025-11-24 07:39:09+00,-6.965262333,107.6870087,671.1,8,51.76471,27.5562,43.0,29.73169,42.0,30.74692,38.0,24.22045,33.0,18.551090908339468,4192.073014268533,2.7000000000000455,3.7321045765632624e-07,4.70569703246715e-07,3.245307861815158e-07,3.5698388427151384e-07
2025-11-24 07:39:14+00,-6.965383667,107.687001,671.2,4,69.80392,27.5562,43.0,29.73169,42.0,30.74692,38.0,24.22045,33.0,13.518485633787703,4205.591499902321,0.10000000000002274,3.7321045765632624e-07,4.70569703246715e-07,3.245307861815158e-07,3.5698388427151384e-07
2025-11-24 07:39:19+00,-6.965457,107.6869785,671.7,7,61.56863,27.5562,43.0,29.73169,42.0,30.74692,38.0,24.22045,33.0,8.52405393952426,4214.115553841845,0.5,3.7321045765632624e-07,4.70569703246715e-07,3.245307861815158e-07,3.5698388427151384e-07
2025-11-24 07:39:24+00,-6.965524833,107.6869127,676.8,8,51.37255,27.5562,43.0,29.73169,42.0,30.74692,38.0,24.22045,33.0,10.470822653447494,4224.586376495293,5.099999999999909,3.7321045765632624e-07,4.70569703246715e-07,3.245307861815158e-07,3.5698388427151384e-07
2025-11-24 07:39:29+00,-6.965583833,107.686834,677.6,20,78.43137,27.5562,43.0,29.73169,42.0,30.74692,38.0,24.22045,33.0,10.885537840400476,4235.471914335693,0.8000000000000682,3.7321045765632624e-07,4.70569703246715e-07,3.245307861815158e-07,3.5698388427151384e-07
2025-11-24 07:39:34+00,-6.965811833,107.6867878,680.8,29,91.76471,27.5562,43.0,29.73169,42.0,30.74692,38.0,24.22045,33.0,25.860219664495144,4261.3321340001885,3.199999999999932,3.7321045765632624e-07,4.70569703246715e-07,3.245307861815158e-07,3.5698388427151384e-07
2025-11-24 07:39:39+00,-6.966174667,107.686718,680.7,35,53.72549,27.5562,43.0,29.73169,42.0,30.74692,38.0,24.22045,33.0,41.07433821773817,4302.406472217926,-0.09999999999990905,3.7321045765632624e-07,4.70569703246715e-07,3.245307861815158e-07,3.5698388427151384e-07
2025-11-24 07:39:44+00,-6.9666005,107.6866495,680.8,29,45.88235,27.5562,43.0,29.73169,42.0,30.74692,38.0,24.22045,33.0,47.950352166668885,4350.356824384596,0.09999999999990905,3.7321045765632624e-07,4.70569703246715e-07,3.245307861815158e-07,3.5698388427151384e-07
2025-11-24 07:39:49+00,-6.966980167,107.6866798,681.4,31,88.62745,27.5562,43.0,29.73169,42.0,30.74692,38.0,24.22045,33.0,42.349360335996174,4392.706184720592,0.6000000000000227,3.7321045765632624e-07,4.70569703246715e-07,3.245307861815158e-07,3.5698388427151384e-07
2025-11-24 07:39:54+00,-6.967347,107.6867862,679.8,36,86.27451,27.5562,43.0,29.73169,42.0,30.74692,38.0,24.22045,33.0,42.44694111020932,4435.153125830801,-1.6000000000000227,3.7321045765632624e-07,4.70569703246715e-07,3.245307861815158e-07,3.5698388427151384e-07
2025-11-24 07:39:59+00,-6.967782667,107.6869168,681.1,40,54.5098,27.5562,43.0,29.73169,42.0,30.74692,38.0,24.22045,33.0,50.5431610262673,4485.696286857069,1.3000000000000682,3.7321045765632624e-07,4.70569703246715e-07,3.245307861815158e-07,3.5698388427151384e-07
2025-11-24 07:40:04+00,-6.968203833,107.6871735,680.7,38,83.92157,27.5562,43.0,29.73169,42.0,30.74692,38.0,24.22045,33.0,54.73530753218217,4540.431594389252,-0.39999999999997726,3.7321045765632624e-07,4.70569703246715e-07,3.245307861815158e-07,3.5698388427151384e-07
2025-11-24 07:40:09+00,-6.968485333,107.6875818,682.8,43,81.96078,27.5562,43.0,29.73169,42.0,30.74692,38.0,24.22045,33.0,54.8697179095315,4595.301312298783,2.099999999999909,3.7321045765632624e-07,4.70569703246715e-07,3.245307861815158e-07,3.5698388427151384e-07
2025-11-24 07:40:14+00,-6.968687667,107.6880823,686.3,48,78.03922,27.5562,43.0,29.73169,42.0,30.74692,38.0,24.22045,33.0,59.647842243522284,4654.949154542305,3.5,3.7321045765632624e-07,4.70569703246715e-07,3.245307861815158e-07,3.5698388427151384e-07
2025-11-24 07:40:19+00,-6.968838833,107.6886532,686.8,52,79.21568,27.5562,43.0,29.73169,42.0,30.74692,38.0,24.22045,33.0,65.21571577899864,4720.164870321304,0.5,3.7321045765632624e-07,4.70569703246715e-07,3.245307861815158e-07,3.5698388427151384e-07
2025-11-24 07:40:24+00,-6.968979333,107.6892842,688.6,48,35.68628,27.5562,43.0,29.73169,42.0,30.74692,38.0,24.22045,33.0,71.37649042581201,4791.541360747116,1.8000000000000682,3.7321045765632624e-07,4.70569703246715e-07,3.245307861815158e-07,3.5698388427151384e-07
2025-11-24 07:40:29+00,-6.969075,107.6898885,689.8,50,80.0,27.5562,43.0,29.73169,42.0,30.74692,38.0,24.22045,33.0,67.54171117777825,4859.083071924894,1.1999999999999318,3.7321045765632624e-07,4.70569703246715e-07,3.245307861815158e-07,3.5698388427151384e-07
2025-11-24 07:40:34+00,-6.969083833,107.6905107,689.5,54,82.35294,27.5562,43.0,29.73169,42.0,30.74692,38.0,24.22045,33.0,68.6814436439671,4927.7645155688615,-0.2999999999999545,3.7321045765632624e-07,4.70569703246715e-07,3.245307861815158e-07,3.5698388427151384e-07
2025-11-24 07:40:39+00,-6.969037833,107.6911888,686.4,56,37.2549,27.5562,43.0,29.73169,42.0,30.74692,38.0,24.22045,33.0,75.01888348267647,5002.783399051538,-3.1000000000000227,3.7321045765632624e-07,4.70569703246715e-07,3.245307861815158e-07,3.5698388427151384e-07
2025-11-24 07:40:44+00,-6.968990167,107.6918863,683.5,48,33.72549,27.5562,43.0,29.73169,42.0,30.74692,38.0,24.22045,33.0,77.16779570688877,5079.951194758427,-2.8999999999999773,3.7321045765632624e-07,4.70569703246715e-07,3.245307861815158e-07,3.5698388427151384e-07
2025-11-24 07:40:49+00,-6.969024,107.6925053,684.0,42,49.41177,27.5562,43.0,29.73169,42.0,30.74692,38.0,24.22045,33.0,68.42473490272747,5148.375929661154,0.5,3.7321045765632624e-07,4.70569703246715e-07,3.245307861815158e-07,3.5698388427151384e-07
2025-11-24 07:40:54+00,-6.9691225,107.6930357,683.4,42,82.74509,27.5562,43.0,29.73169,42.0,30.74692,38.0,24.22045,33.0,59.5578954680723,5207.9338251292265,-0.6000000000000227,3.7321045765632624e-07,4.70569703246715e-07,3.245307861815158e-07,3.5698388427151384e-07
2025-11-24 07:40:59+00,-6.969234333,107.6935535,683.4,47,80.78432,27.5562,43.0,29.73169,42.0,30.74692,38.0,24.22045,33.0,58.48863007238489,5266.422455201611,0.0,3.7321045765632624e-07,4.70569703246715e-07,3.245307861815158e-07,3.5698388427151384e-07
2025-11-24 07:41:04+00,-6.969321667,107.6941318,685.7,51,82.74509,27.5562,43.0,29.73169,42.0,30.74692,38.0,24.22045,33.0,64.56350545380326,5330.985960655415,2.300000000000068,3.7321045765632624e-07,4.70569703246715e-07,3.245307861815158e-07,3.5698388427151384e-07
2025-11-24 07:41:09+00,-6.969344667,107.6947648,688.5,55,76.86275,27.5562,43.0,29.73169,42.0,30.74692,38.0,24.22045,33.0,69.9132100516144,5400.899170707029,2.7999999999999545,3.7321045765632624e-07,4.70569703246715e-07,3.245307861815158e-07,3.5698388427151384e-07
2025-11-24 07:41:14+00,-6.969313,107.6954548,688.1,58,35.68628,27.5562,43.0,29.73169,42.0,30.74692,38.0,24.22045,33.0,76.2390659287559,5477.138236635785,-0.39999999999997726,3.7321045765632624e-07,4.70569703246715e-07,3.245307861815158e-07,3.5698388427151384e-07
2025-11-24 07:41:19+00,-6.969271,107.6961852,689.9,44,46.27451,27.5562,43.0,29.73169,42.0,30.74692,38.0,24.22045,33.0,80.75196212242192,5557.890198758207,1.7999999999999545,3.7321045765632624e-07,4.70569703246715e-07,3.245307861815158e-07,3.5698388427151384e-07
2025-11-24 07:41:24+00,-6.969222833,107.6967793,690.2,20,50.98039,27.5562,43.0,29.73169,42.0,30.74692,38.0,24.22045,33.0,65.79127049974025,5623.681469257947,0.3000000000000682,3.7321045765632624e-07,4.70569703246715e-07,3.245307861815158e-07,3.5698388427151384e-07
2025-11-24 07:41:29+00,-6.969187667,107.6970877,692.2,7,66.66666,27.5562,43.0,29.73169,42.0,30.74692,38.0,24.22045,33.0,34.263055346908395,5657.944524604855,2.0,3.7321045765632624e-07,4.70569703246715e-07,3.245307861815158e-07,3.5698388427151384e-07
2025-11-24 07:41:34+00,-6.9691705,107.697204,689.6,20,51.37255,27.5562,43.0,29.73169,42.0,30.74692,38.0,24.22045,33.0,12.977598191103134,5670.922122795959,-2.6000000000000227,3.7321045765632624e-07,4.70569703246715e-07,3.245307861815158e-07,3.5698388427151384e-07
2025-11-24 07:41:39+00,-6.969135667,107.6974385,688.9,25,84.70588,27.5562,43.0,29.73169,42.0,30.74692,38.0,24.22045,33.0,26.170799049833615,5697.092921845792,-0.7000000000000455,3.7321045765632624e-07,4.70569703246715e-07,3.245307861815158e-07,3.5698388427151384e-07
2025-11-24 07:41:44+00,-6.969103333,107.697739,691.7,37,85.88235,27.5562,43.0,29.73169,42.0,30.74692,38.0,24.22045,33.0,33.361551121361586,5730.454472967154,2.800000000000068,3.7321045765632624e-07,4.70569703246715e-07,3.245307861815158e-07,3.5698388427151384e-07
2025-11-24 07:41:49+00,-6.968998167,107.6981668,691.1,42,89.80392,27.5562,43.0,29.73169,42.0,30.74692,38.0,24.22045,33.0,48.644315887382604,5779.098788854537,-0.6000000000000227,3.7321045765632624e-07,4.70569703246715e-07,3.245307861815158e-07,3.5698388427151384e-07
2025-11-24 07:41:54+00,-6.9688735,107.698694,693.9,48,88.62745,27.5562,43.0,29.73169,42.0,30.74692,38.0,24.22045,33.0,59.81738039669682,5838.916169251233,2.7999999999999545,3.7321045765632624e-07,4.70569703246715e-07,3.245307861815158e-07,3.5698388427151384e-07
2025-11-24 07:41:59+00,-6.968741667,107.6992715,695.2,51,38.43137,27.5562,43.0,29.73169,42.0,30.74692,38.0,24.22045,33.0,65.40470968732926,5904.320878938563,1.3000000000000682,3.7321045765632624e-07,4.70569703246715e-07,3.245307861815158e-07,3.5698388427151384e-07
2025-11-24 07:42:04+00,-6.968597,107.6998887,700.6,43,49.01961,27.5562,43.0,29.73169,42.0,30.74692,38.0,24.22045,33.0,69.9961285662412,5974.317007504804,5.399999999999977,3.7321045765632624e-07,4.70569703246715e-07,3.245307861815158e-07,3.5698388427151384e-07
2025-11-24 07:42:09+00,-6.968406333,107.7004182,707.3,33,90.58823,27.5562,43.0,29.73169,42.0,30.74692,38.0,24.22045,33.0,62.16961222671616,6036.48661973152,6.699999999999932,3.7321045765632624e-07,4.70569703246715e-07,3.245307861815158e-07,3.5698388427151384e-07
2025-11-24 07:42:14+00,-6.9682705,107.7008217,706.0,43,95.68627,27.5562,43.0,29.73169,42.0,30.74692,38.0,24.22045,33.0,47.02729839474485,6083.513918126265,-1.2999999999999545,3.7321045765632624e-07,4.70569703246715e-07,3.245307861815158e-07,3.5698388427151384e-07
2025-11-24 07:42:19+00,-6.968139167,107.70133,704.9,52,96.07843,27.5562,43.0,29.73169,42.0,30.74692,38.0,24.22045,33.0,57.972483176365174,6141.48640130263,-1.1000000000000227,3.7321045765632624e-07,4.70569703246715e-07,3.245307861815158e-07,3.5698388427151384e-07
2025-11-24 07:42:24+00,-6.967968167,107.7019423,704.8,57,96.07843,27.5562,43.0,29.73169,42.0,30.74692,38.0,24.22045,33.0,70.20580466251597,6211.692205965146,-0.10000000000002274,3.7321045765632624e-07,4.70569703246715e-07,3.245307861815158e-07,3.5698388427151384e-07
2025-11-24 07:42:29+00,-6.967772,107.7026285,702.5,63,92.54902,27.5562,43.0,29.73169,42.0,30.74692,38.0,24.22045,33.0,78.81701780109195,6290.509223766238,-2.2999999999999545,3.7321045765632624e-07,4.70569703246715e-07,3.245307861815158e-07,3.5698388427151384e-07
2025-11-24 07:42:37+00,-6.9673445,107.7037897,700.3,56,42.7451,27.5562,43.0,29.73169,42.0,30.74692,38.0,24.22045,33.0,136.69758797346228,6427.2068117397,-2.2000000000000455,3.7321045765632624e-07,4.70569703246715e-07,3.245307861815158e-07,3.5698388427151384e-07
2025-11-24 07:42:39+00,-6.967238,107.7040418,699.1,38,37.64706,27.5562,43.0,29.73169,42.0,31.03698,37.0,24.22045,33.0,30.240462091954555,6457.4472738316545,-1.1999999999999318,3.7321045765632624e-07,4.70569703246715e-07,3.245307861815158e-07,3.5698388427151384e-07
2025-11-24 07:42:44+00,-6.967032667,107.7045127,695.4,20,64.31373,27.5562,43.0,29.73169,42.0,31.03698,37.0,24.22045,33.0,56.76895313992463,6514.216226971579,-3.7000000000000455,3.7321045765632624e-07,4.70569703246715e-07,3.245307861815158e-07,3.5698388427151384e-07
2025-11-24 07:42:52+00,-6.96686,107.7049642,694.7,30,69.41177,27.5562,43.0,29.73169,42.0,31.03698,37.0,24.22045,33.0,53.404542481807354,6567.620769453387,-0.6999999999999318,3.7321045765632624e-07,4.70569703246715e-07,3.245307861815158e-07,3.5698388427151384e-07
2025-11-24 07:42:57+00,-6.966736167,107.7053222,695.1,24,53.72549,27.5562,43.0,29.73169,42.0,31.03698,37.0,24.22045,33.0,41.844383839869764,6609.465153293257,0.39999999999997726,3.7321045765632624e-07,4.70569703246715e-07,3.245307861815158e-07,3.5698388427151384e-07
2025-11-24 07:42:59+00,-6.966695,107.7054208,693.5,18,47.84314,27.5562,43.0,29.73169,42.0,31.03698,37.0,24.22045,33.0,11.806411244077143,6621.271564537334,-1.6000000000000227,3.7321045765632624e-07,4.70569703246715e-07,3.245307861815158e-07,3.5698388427151384e-07
2025-11-24 07:43:04+00,-6.966527833,107.705554,693.4,21,68.62745,27.5562,43.0,29.73169,42.0,30.74692,37.0,24.22045,33.0,23.69943375496272,6644.970998292297,-0.10000000000002274,3.7321045765632624e-07,4.70569703246715e-07,3.245307861815158e-07,3.5698388427151384e-07
2025-11-24 07:43:09+00,-6.966285,107.7055243,695.7,25,78.03922,27.5562,43.0,29.73169,42.0,30.74692,37.0,24.22045,33.0,27.200094004610484,6672.171092296907,2.300000000000068,3.7321045765632624e-07,4.70569703246715e-07,3.245307861815158e-07,3.5698388427151384e-07
2025-11-24 07:43:14+00,-6.966107833,107.7052942,696.1,29,38.43137,27.5562,43.0,29.73169,42.0,30.74692,37.0,24.22045,33.0,32.14198257444719,6704.313074871354,0.39999999999997726,3.7321045765632624e-07,4.70569703246715e-07,3.245307861815158e-07,3.5698388427151384e-07
2025-11-24 07:43:19+00,-6.965865167,107.7050433,695.0,19,58.82353,27.5562,43.0,29.73169,42.0,30.74692,37.0,24.22045,33.0,38.665147324611326,6742.978222195965,-1.1000000000000227,3.7321045765632624e-07,4.70569703246715e-07,3.245307861815158e-07,3.5698388427151384e-07
2025-11-24 07:43:24+00,-6.9656155,107.7049308,693.1,13,56.47059,27.5562,43.0,29.73169,42.0,30.74692,37.0,24.22045,33.0,30.41215223777716,6773.390374433742,-1.8999999999999773,3.7321045765632624e-07,4.70569703246715e-07,3.245307861815158e-07,3.5698388427151384e-07
2025-11-24 07:43:29+00,-6.9654525,107.7048485,692.4,16,53.33333,27.5562,43.0,29.73169,42.0,30.74692,37.0,24.22045,33.0,20.2737252945137,6793.664099728256,-0.7000000000000455,3.7321045765632624e-07,4.70569703246715e-07,3.245307861815158e-07,3.5698388427151384e-07
2025-11-24 07:43:34+00,-6.965260833,107.7048038,692.2,16,78.43137,27.5562,43.0,29.73169,42.0,30.74692,37.0,24.22045,33.0,21.87604445909541,6815.540144187351,-0.1999999999999318,3.7321045765632624e-07,4.70569703246715e-07,3.245307861815158e-07,3.5698388427151384e-07
2025-11-24 07:43:39+00,-6.965048167,107.7047925,691.5,22,61.56863,27.5562,43.0,29.73169,42.0,30.74692,37.0,24.22045,33.0,23.680281351050745,6839.220425538401,-0.7000000000000455,3.7321045765632624e-07,4.70569703246715e-07,3.245307861815158e-07,3.5698388427151384e-07
2025-11-24 07:43:44+00,-6.964785333,107.7047853,691.2,18,88.62745,27.5562,43.0,29.73169,42.0,30.74692,37.0,24.22045,33.0,29.236650244296953,6868.457075782699,-0.2999999999999545,3.7321045765632624e-07,4.70569703246715e-07,3.245307861815158e-07,3.5698388427151384e-07
2025-11-24 07:43:49+00,-6.964539667,107.704774,689.5,9,61.96078,27.5562,43.0,29.73169,42.0,31.03698,37.0,24.22045,33.0,27.345308836232146,6895.802384618931,-1.7000000000000455,3.7321045765632624e-07,4.70569703246715e-07,3.245307861815158e-07,3.5698388427151384e-07
2025-11-24 07:43:54+00,-6.964394,107.704774,688.3,14,74.5098,27.5562,43.0,29.73169,42.0,31.03698,37.0,24.22045,33.0,16.197453752372507,6911.999838371304,-1.2000000000000455,3.7321045765632624e-07,4.70569703246715e-07,3.245307861815158e-07,3.5698388427151384e-07
2025-11-24 07:43:59+00,-6.964240333,107.7047832,684.1,18,38.82353,27.5562,43.0,29.73169,42.0,31.03698,37.0,24.22045,33.0,17.117160786522117,6929.116999157825,-4.199999999999932,3.7321045765632624e-07,4.70569703246715e-07,3.245307861815158e-07,3.5698388427151384e-07
2025-11-24 07:44:04+00,-6.964010333,107.7048045,683.1,7,60.39216,27.5562,43.0,29.73169,42.0,31.03698,37.0,24.22045,33.0,25.68269864763973,6954.799697805465,-1.0,3.7321045765632624e-07,4.70569703246715e-07,3.245307861815158e-07,3.5698388427151384e-07
2025-11-24 07:44:09+00,-6.963901333,107.7048017,685.7,12,72.54902,27.5562,43.0,29.73169,42.0,31.03698,37.0,24.22045,33.0,12.12420326175136,6966.923901067216,2.6000000000000227,3.7321045765632624e-07,4.70569703246715e-07,3.245307861815158e-07,3.5698388427151384e-07
2025-11-24 07:44:14+00,-6.9637825,107.7048097,688.3,25,50.19608,27.5562,43.0,29.73169,42.0,31.03698,37.0,24.22045,33.0,13.24311516422291,6980.167016231439,2.599999999999909,3.7321045765632624e-07,4.70569703246715e-07,3.245307861815158e-07,3.5698388427151384e-07
2025-11-24 07:44:19+00,-6.963510667,107.7048597,686.8,22,56.07843,27.5562,43.0,29.73169,42.0,31.03698,37.0,24.22045,33.0,30.726166997404817,7010.8931832288445,-1.5,3.7321045765632624e-07,4.70569703246715e-07,3.245307861815158e-07,3.5698388427151384e-07
2025-11-24 07:44:24+00,-6.9632365,107.7049098,684.1,5,54.11765,27.5562,43.0,29.73169,42.0,31.03698,37.0,24.22045,33.0,30.98347945337969,7041.876662682224,-2.699999999999932,3.7321045765632624e-07,4.70569703246715e-07,3.245307861815158e-07,3.5698388427151384e-07
2025-11-24 07:44:32+00,-6.9631,107.7049252,685.8,5,51.76471,27.5562,43.0,29.73169,42.0,31.03698,37.0,24.22045,33.0,15.273009365512898,7057.149672047737,1.6999999999999318,3.7321045765632624e-07,4.70569703246715e-07,3.245307861815158e-07,3.5698388427151384e-07
2025-11-24 07:44:34+00,-6.963072167,107.704926,687.3,10,72.54902,27.5562,43.0,29.73169,42.0,31.03698,37.0,24.22045,33.0,3.0961520490784697,7060.245824096815,1.5,3.7321045765632624e-07,4.70569703246715e-07,3.245307861815158e-07,3.5698388427151384e-07
2025-11-24 07:44:42+00,-6.962862667,107.7049442,689.0,18,41.56863,27.5562,43.0,29.73169,42.0,31.03698,37.0,24.22045,33.0,23.381822170147437,7083.627646266963,1.7000000000000455,3.7321045765632624e-07,4.70569703246715e-07,3.245307861815158e-07,3.5698388427151384e-07
2025-11-24 07:44:47+00,-6.962677167,107.7049683,685.4,9,48.62745,27.5562,43.0,29.73169,42.0,31.03698,37.0,24.22045,33.0,20.797500713006066,7104.425146979969,-3.6000000000000227,3.7321045765632624e-07,4.70569703246715e-07,3.245307861815158e-07,3.5698388427151384e-07
2025-11-24 07:44:49+00,-6.962627,107.704979,684.5,7,87.05882,27.5562,43.0,29.73169,42.0,31.03698,37.0,24.22045,33.0,5.701972122278196,7110.127119102247,-0.8999999999999773,3.7321045765632624e-07,4.70569703246715e-07,3.245307861815158e-07,3.5698388427151384e-07
2025-11-24 07:44:57+00,-6.962417667,107.7050113,686.0,10,40.39216,27.5562,43.0,29.73169,42.0,31.03698,37.0,24.22045,33.0,23.548236736724917,7133.675355838972,1.5,3.7321045765632624e-07,4.70569703246715e-07,3.245307861815158e-07,3.5698388427151384e-07
2025-11-24 07:45:02+00,-6.962289667,107.7050278,687.1,8,41.96078,27.5562,43.0,29.73169,42.0,31.03698,37.0,24.22045,33.0,14.349013010251625,7148.024368849224,1.1000000000000227,3.7321045765632624e-07,4.70569703246715e-07,3.245307861815158e-07,3.5698388427151384e-07
2025-11-24 07:45:07+00,-6.962211167,107.7049842,689.9,7,86.66666,27.5562,43.0,29.73169,42.0,31.03698,37.0,24.22045,33.0,9.967495532108073,7157.991864381332,2.7999999999999545,3.7321045765632624e-07,4.70569703246715e-07,3.245307861815158e-07,3.5698388427151384e-07
2025-11-24 07:45:09+00,-6.9621825,107.704945,691.2,16,42.7451,27.5562,43.0,29.73169,42.0,31.03698,37.0,24.22045,33.0,5.374139015277094,7163.366003396609,1.3000000000000682,3.7321045765632624e-07,4.70569703246715e-07,3.245307861815158e-07,3.5698388427151384e-07
2025-11-24 07:45:14+00,-6.962055833,107.7047688,691.4,23,67.84314,27.5562,43.0,29.73169,42.0,31.03698,37.0,24.22045,33.0,24.012683900227604,7187.378687296837,0.1999999999999318,3.7321045765632624e-07,4.70569703246715e-07,3.245307861815158e-07,3.5698388427151384e-07
2025-11-24 07:45:19+00,-6.961987333,107.7045127,689.1,27,81.17647,27.5562,43.0,29.73169,42.0,31.03698,37.0,24.22045,33.0,29.27533108775971,7216.654018384596,-2.2999999999999545,3.7321045765632624e-07,4.70569703246715e-07,3.245307861815158e-07,3.5698388427151384e-07
2025-11-24 07:45:24+00,-6.961965833,107.7041797,686.4,32,48.62745,27.5562,43.0,29.73169,42.0,31.03698,37.0,24.22045,33.0,36.83261578045596,7253.486634165052,-2.7000000000000455,3.7321045765632624e-07,4.70569703246715e-07,3.245307861815158e-07,3.5698388427151384e-07
2025-11-24 07:45:29+00,-6.961907333,107.703791,684.1,33,63.92157,27.5562,43.0,29.73169,42.0,31.03698,37.0,24.22045,33.0,43.39318482249386,7296.879818987546,-2.2999999999999545,3.7321045765632624e-07,4.70569703246715e-07,3.245307861815158e-07,3.5698388427151384e-07
2025-11-24 07:45:34+00,-6.9616935,107.7034348,684.5,25,61.17647,27.5562,43.0,29.73169,42.0,31.03698,37.0,24.22045,33.0,45.94644568529962,7342.826264672845,0.39999999999997726,3.7321045765632624e-07,4.70569703246715e-07,3.245307861815158e-07,3.5698388427151384e-07
2025-11-24 07:45:42+00,-6.96135,107.7030797,685.0,11,53.72549,27.5562,43.0,29.73169,42.0,31.03698,37.0,24.22045,33.0,54.727400834325266,7397.553665507171,0.5,3.7321045765632624e-07,4.70569703246715e-07,3.245307861815158e-07,3.5698388427151384e-07
2025-11-24 07:45:47+00,-6.961271833,107.7030327,683.0,6,69.41177,27.5562,43.0,29.73169,42.0,31.03698,37.0,24.22045,33.0,10.122192288073636,7407.675857795245,-2.0,3.7321045765632624e-07,4.70569703246715e-07,3.245307861815158e-07,3.5698388427151384e-07
2025-11-24 07:45:52+00,-6.9611335,107.7029567,682.8,19,81.96078,27.5562,43.0,29.73169,42.0,31.03698,37.0,24.22045,33.0,17.520610664980822,7425.196468460226,-0.20000000000004547,3.7321045765632624e-07,4.70569703246715e-07,3.245307861815158e-07,3.5698388427151384e-07
2025-11-24 07:45:54+00,-6.961038,107.7029128,683.2,25,70.58823,27.5562,43.0,29.73169,42.0,31.03698,37.0,24.22045,33.0,11.672386818310708,7436.868855278537,0.40000000000009095,3.7321045765632624e-07,4.70569703246715e-07,3.245307861815158e-07,3.5698388427151384e-07
2025-11-24 07:45:59+00,-6.960752333,107.7027902,684.1,29,39.60784,27.5562,43.0,29.73169,42.0,31.03698,37.0,24.22045,33.0,34.527035905387336,7471.3958911839245,0.8999999999999773,3.7321045765632624e-07,4.70569703246715e-07,3.245307861815158e-07,3.5698388427151384e-07
2025-11-24 07:46:04+00,-6.960400833,107.7026617,685.6,26,51.76471,27.5562,43.0,29.73169,42.0,31.03698,37.0,24.22045,33.0,41.57893160615505,7512.97482279008,1.5,3.7321045765632624e-07,4.70569703246715e-07,3.245307861815158e-07,3.5698388427151384e-07
2025-11-24 07:46:09+00,-6.960075,107.702549,684.9,18,46.66667,27.5562,43.0,29.73169,42.0,31.03698,37.0,24.22045,33.0,38.30697450202005,7551.2817972921,-0.7000000000000455,3.7321045765632624e-07,4.70569703246715e-07,3.245307861815158e-07,3.5698388427151384e-07
2025-11-24 07:46:14+00,-6.959826167,107.7024502,683.5,17,68.62745,27.5562,43.0,29.73169,42.0,31.03698,37.0,24.22045,33.0,29.74046857974453,7581.022265871845,-1.3999999999999773,3.7321045765632624e-07,4.70569703246715e-07,3.245307861815158e-07,3.5698388427151384e-07
2025-11-24 07:46:19+00,-6.959649667,107.7023583,685.8,20,80.78432,27.5562,43.0,29.73169,42.0,31.03698,37.0,24.22045,33.0,22.09227042865278,7603.114536300498,2.2999999999999545,3.7321045765632624e-07,4.70569703246715e-07,3.245307861815158e-07,3.5698388427151384e-07
2025-11-24 07:46:24+00,-6.959590333,107.702113,685.7,28,78.43137,27.5562,43.0,29.73169,42.0,31.03698,37.0,24.22045,33.0,27.867439307369217,7630.981975607867,-0.09999999999990905,3.7321045765632624e-07,4.70569703246715e-07,3.245307861815158e-07,3.5698388427151384e-07
2025-11-24 07:46:29+00,-6.9596465,107.701788,683.1,37,79.21568,27.5562,43.0,29.73169,42.0,31.03698,37.0,24.22045,33.0,36.41175114686675,7667.3937267547335,-2.6000000000000227,3.7321045765632624e-07,4.70569703246715e-07,3.245307861815158e-07,3.5698388427151384e-07
2025-11-24 07:46:34+00,-6.959719833,107.7013518,680.6,41,56.86274,27.5562,43.0,29.73169,42.0,31.03698,37.0,24.22045,33.0,48.8315501923374,7716.225276947071,-2.5,3.7321045765632624e-07,4.70569703246715e-07,3.245307861815158e-07,3.5698388427151384e-07
2025-11-24 07:46:39+00,-6.9598045,107.700853,679.6,31,42.35294,27.5562,43.0,29.73169,42.0,31.03698,37.0,24.22045,33.0,55.85456937125056,7772.079846318321,-1.0,3.7321045765632624e-07,4.70569703246715e-07,3.245307861815158e-07,3.5698388427151384e-07
2025-11-24 07:46:44+00,-6.959879167,107.7004315,678.8,6,52.54902,27.5562,43.0,29.73169,42.0,31.03698,37.0,24.22045,33.0,47.25840447243778,7819.338250790759,-0.8000000000000682,3.7321045765632624e-07,4.70569703246715e-07,3.245307861815158e-07,3.5698388427151384e-07
2025-11-24 07:46:49+00,-6.959903833,107.7002813,678.1,17,81.56863,27.5562,43.0,29.73169,42.0,31.03698,37.0,24.22045,33.0,16.80377925985812,7836.142030050617,-0.6999999999999318,3.7321045765632624e-07,4.70569703246715e-07,3.245307861815158e-07,3.5698388427151384e-07
2025-11-24 07:46:54+00,-6.959934333,107.7001067,676.5,25,74.90196,27.5562,43.0,29.73169,42.0,31.03698,37.0,24.22045,33.0,19.56773884252878,7855.709768893145,-1.6000000000000227,3.7321045765632624e-07,4.70569703246715e-07,3.245307861815158e-07,3.5698388427151384e-07
2025-11-24 07:46:59+00,-6.959977833,107.699809,676.1,34,85.4902,27.5562,43.0,29.73169,42.0,31.03698,37.0,24.22045,33.0,33.212950022333814,7888.922718915479,-0.39999999999997726,3.7321045765632624e-07,4.70569703246715e-07,3.245307861815158e-07,3.5698388427151384e-07
2025-11-24 07:47:04+00,-6.9600325,107.6994055,675.5,42,90.58823,27.5562,43.0,29.73169,42.0,31.03698,37.0,24.22045,33.0,44.94950760162058,7933.8722265171,-0.6000000000000227,3.7321045765632624e-07,4.70569703246715e-07,3.245307861815158e-07,3.5698388427151384e-07
2025-11-24 07:47:09+00,-6.9601225,107.6989075,675.7,46,92.15686,27.5562,43.0,29.73169,42.0,31.03698,37.0,24.22045,33.0,55.87066476954007,7989.74289128664,0.20000000000004547,3.7321045765632624e-07,4.70569703246715e-07,3.245307861815158e-07,3.5698388427151384e-07
2025-11-24 07:47:14+00,-6.960223333,107.698357,676.3,52,91.37255,27.5562,43.0,29.73169,42.0,31.03698,37.0,24.22045,33.0,61.78759724103231,8051.530488527672,0.599999999999909,3.7321045765632624e-07,4.70569703246715e-07,3.245307861815158e-07,3.5698388427151384e-07
2025-11-24 07:47:19+00,-6.960337667,107.6977373,676.5,56,40.39216,27.5562,43.0,29.73169,42.0,31.03698,37.0,24.22045,33.0,69.57124748431804,8121.1017360119895,0.20000000000004547,3.7321045765632624e-07,4.70569703246715e-07,3.245307861815158e-07,3.5698388427151384e-07
2025-11-24 07:47:24+00,-6.960458667,107.697057,676.7,40,48.62745,27.5562,43.0,29.73169,42.0,31.03698,37.0,24.22045,33.0,76.28440995703403,8197.386145969023,0.20000000000004547,3.7321045765632624e-07,4.70569703246715e-07,3.245307861815158e-07,3.5698388427151384e-07
2025-11-24 07:47:29+00,-6.960554833,107.6965165,676.5,43,57.64706,27.5562,43.0,29.73169,42.0,31.03698,37.0,24.22045,33.0,60.60874726093537,8257.99489322996,-0.20000000000004547,3.7321045765632624e-07,4.70569703246715e-07,3.245307861815158e-07,3.5698388427151384e-07
2025-11-24 07:47:34+00,-6.9606475,107.6959963,676.6,32,40.39216,27.5562,43.0,29.73169,42.0,31.03698,37.0,24.22045,33.0,58.3346175979963,8316.329510827956,0.10000000000002274,3.7321045765632624e-07,4.70569703246715e-07,3.245307861815158e-07,3.5698388427151384e-07
2025-11-24 07:47:39+00,-6.960745667,107.6955613,676.7,22,48.23529,27.5562,43.0,29.73169,42.0,31.03698,37.0,24.22045,33.0,49.238542592447786,8365.568053420404,0.10000000000002274,3.7321045765632624e-07,4.70569703246715e-07,3.245307861815158e-07,3.5698388427151384e-07
2025-11-24 07:47:44+00,-6.9608895,107.6952808,676.8,20,56.07843,27.5562,43.0,29.73169,42.0,31.03698,37.0,24.22045,33.0,34.84730221964909,8400.415355640052,0.09999999999990905,3.7321045765632624e-07,4.70569703246715e-07,3.245307861815158e-07,3.5698388427151384e-07
2025-11-24 07:47:49+00,-6.9607915,107.695065,679.4,20,58.82353,27.5562,43.0,29.73169,42.0,31.03698,37.0,24.22045,33.0,26.193383737264764,8426.608739377318,2.6000000000000227,3.7321045765632624e-07,4.70569703246715e-07,3.245307861815158e-07,3.5698388427151384e-07
2025-11-24 07:47:54+00,-6.960546833,107.6950757,680.7,10,52.54902,27.5562,43.0,29.73169,42.0,31.03698,37.0,24.22045,33.0,27.231388971088144,8453.840128348405,1.3000000000000682,3.7321045765632624e-07,4.70569703246715e-07,3.245307861815158e-07,3.5698388427151384e-07
2025-11-24 07:47:59+00,-6.960378833,107.695138,681.3,12,78.82353,27.5562,43.0,29.73169,42.0,31.03698,37.0,24.22045,33.0,19.9061837285968,8473.746312077003,0.599999999999909,3.7321045765632624e-07,4.70569703246715e-07,3.245307861815158e-07,3.5698388427151384e-07
2025-11-24 07:48:04+00,-6.960242833,107.6951332,681.7,24,78.03922,27.5562,43.0,29.73169,42.0,31.03698,37.0,24.22045,33.0,15.131808626795372,8488.878120703797,0.40000000000009095,3.7321045765632624e-07,4.70569703246715e-07,3.245307861815158e-07,3.5698388427151384e-07
2025-11-24 07:48:09+00,-6.959968667,107.6950775,683.1,34,80.39216,27.5562,43.0,29.73169,42.0,31.03698,37.0,24.22045,33.0,31.099641511460266,8519.977762215258,1.3999999999999773,3.7321045765632624e-07,4.70569703246715e-07,3.245307861815158e-07,3.5698388427151384e-07
2025-11-24 07:48:14+00,-6.9595735,107.6950018,683.7,37,45.88235,27.5562,43.0,29.73169,42.0,31.03698,37.0,24.22045,33.0,44.72797859235124,8564.705740807609,0.6000000000000227,3.7321045765632624e-07,4.70569703246715e-07,3.245307861815158e-07,3.5698388427151384e-07
2025-11-24 07:48:19+00,-6.9591125,107.6949275,684.4,16,63.92157,27.5562,43.0,29.73169,42.0,31.03698,37.0,24.22045,33.0,51.91279528367398,8616.618536091282,0.6999999999999318,3.7321045765632624e-07,4.70569703246715e-07,3.245307861815158e-07,3.5698388427151384e-07
2025-11-24 07:48:24+00,-6.958849833,107.6949235,686.2,11,56.86274,27.5562,43.0,29.73169,42.0,31.03698,37.0,24.22045,33.0,29.21061488288421,8645.829150974167,1.8000000000000682,3.7321045765632624e-07,4.70569703246715e-07,3.245307861815158e-07,3.5698388427151384e-07
2025-11-24 07:48:29+00,-6.9588335,107.6950072,688.7,22,79.21568,27.5562,43.0,29.73169,42.0,31.03698,37.0,24.22045,33.0,9.415289620118156,8655.244440594284,2.5,3.7321045765632624e-07,4.70569703246715e-07,3.245307861815158e-07,3.5698388427151384e-07
2025-11-24 07:48:34+00,-6.959067333,107.695029,689.7,35,85.4902,27.5562,43.0,29.73169,42.0,31.03698,37.0,24.22045,33.0,26.11217905520493,8681.356619649488,1.0,3.7321045765632624e-07,4.70569703246715e-07,3.245307861815158e-07,3.5698388427151384e-07
2025-11-24 07:48:39+00,-6.959469333,107.6950943,689.9,37,53.72549,27.5562,43.0,29.73169,42.0,31.03698,37.0,24.22045,33.0,45.27776971395376,8726.634389363442,0.1999999999999318,3.7321045765632624e-07,4.70569703246715e-07,3.245307861815158e-07,3.5698388427151384e-07
2025-11-24 07:48:44+00,-6.959937667,107.6951733,689.1,28,46.66667,27.5562,43.0,29.73169,42.0,31.03698,37.0,24.22045,33.0,52.80140298010371,8779.435792343545,-0.7999999999999545,3.7321045765632624e-07,4.70569703246715e-07,3.245307861815158e-07,3.5698388427151384e-07
2025-11-24 07:48:49+00,-6.960319667,107.6952505,688.6,23,44.31372,27.5562,43.0,29.73169,42.0,31.03698,37.0,24.22045,33.0,43.32276830588444,8822.75856064943,-0.5,3.7321045765632624e-07,4.70569703246715e-07,3.245307861815158e-07,3.5698388427151384e-07
2025-11-24 07:48:54+00,-6.9604945,107.6954778,689.7,30,89.41177,27.5562,43.0,29.73169,42.0,31.03698,37.0,24.22045,33.0,31.738968093462383,8854.497528742893,1.1000000000000227,3.7321045765632624e-07,4.70569703246715e-07,3.245307861815158e-07,3.5698388427151384e-07
2025-11-24 07:48:59+00,-6.960473333,107.6958275,689.7,37,84.70588,27.5562,43.0,29.73169,42.0,31.03698,37.0,24.22045,33.0,38.670031282157005,8893.167560025051,0.0,3.7321045765632624e-07,4.70569703246715e-07,3.245307861815158e-07,3.5698388427151384e-07
2025-11-24 07:49:04+00,-6.960396333,107.6962737,689.4,32,40.78431,27.5562,43.0,29.73169,42.0,31.03698,37.0,24.22045,33.0,49.988295906414294,8943.155855931465,-0.3000000000000682,3.7321045765632624e-07,4.70569703246715e-07,3.245307861815158e-07,3.5698388427151384e-07
2025-11-24 07:49:09+00,-6.9603225,107.6967012,689.8,34,76.07843,27.5562,43.0,29.73169,42.0,31.03698,37.0,24.22045,33.0,47.89446472718483,8991.05032065865,0.39999999999997726,3.7321045765632624e-07,4.70569703246715e-07,3.245307861815158e-07,3.5698388427151384e-07
2025-11-24 07:49:14+00,-6.960247833,107.6971145,690.0,42,83.52941,27.5562,43.0,29.73169,42.0,31.03698,37.0,24.22045,33.0,46.36763109244729,9037.417951751098,0.20000000000004547,3.7321045765632624e-07,4.70569703246715e-07,3.245307861815158e-07,3.5698388427151384e-07
2025-11-24 07:49:19+00,-6.960159167,107.697613,689.8,46,82.74509,27.5562,43.0,29.73169,42.0,31.03698,37.0,24.22045,33.0,55.89859306535219,9093.316544816451,-0.20000000000004547,3.7321045765632624e-07,4.70569703246715e-07,3.245307861815158e-07,3.5698388427151384e-07
2025-11-24 07:49:24+00,-6.960059,107.6981783,688.9,49,57.2549,27.5562,43.0,29.73169,42.0,31.03698,37.0,24.22045,33.0,63.38168177240003,9156.698226588851,-0.8999999999999773,3.7321045765632624e-07,4.70569703246715e-07,3.245307861815158e-07,3.5698388427151384e-07
2025-11-24 07:49:29+00,-6.9599505,107.6987853,689.6,44,34.90196,27.5562,43.0,29.73169,42.0,31.03698,37.0,24.22045,33.0,68.07564438606876,9224.77387097492,0.7000000000000455,3.7321045765632624e-07,4.70569703246715e-07,3.245307861815158e-07,3.5698388427151384e-07
2025-11-24 07:49:34+00,-6.959849,107.6993538,689.6,24,49.01961,27.5562,43.0,29.73169,42.0,31.03698,37.0,24.22045,33.0,63.7555174224569,9288.529388397375,0.0,3.7321045765632624e-07,4.70569703246715e-07,3.245307861815158e-07,3.5698388427151384e-07
2025-11-24 07:49:39+00,-6.959785167,107.6997003,689.4,9,79.60784,27.5562,43.0,29.73169,42.0,31.03698,37.0,24.22045,33.0,38.89826323166765,9327.427651629043,-0.20000000000004547,3.7321045765632624e-07,4.70569703246715e-07,3.245307861815158e-07,3.5698388427151384e-07
2025-11-24 07:49:44+00,-6.959762333,107.6998197,690.3,25,76.07843,27.5562,43.0,29.73169,42.0,31.03698,37.0,24.22045,33.0,13.421217971397134,9340.84886960044,0.8999999999999773,3.7321045765632624e-07,4.70569703246715e-07,3.245307861815158e-07,3.5698388427151384e-07
2025-11-24 07:49:49+00,-6.959713833,107.7000902,689.9,35,78.82353,27.5562,43.0,29.73169,42.0,31.03698,37.0,24.22045,33.0,30.339790934766484,9371.188660535207,-0.39999999999997726,3.7321045765632624e-07,4.70569703246715e-07,3.245307861815158e-07,3.5698388427151384e-07
2025-11-24 07:49:54+00,-6.959639333,107.7004975,690.1,41,81.96078,27.5562,43.0,29.73169,42.0,31.03698,37.0,24.22045,33.0,45.71292299851695,9416.901583533723,0.20000000000004547,3.7321045765632624e-07,4.70569703246715e-07,3.245307861815158e-07,3.5698388427151384e-07
2025-11-24 07:49:59+00,-6.959553167,107.7009973,690.0,43,50.58823,27.5562,43.0,29.73169,42.0,31.03698,37.0,24.22045,33.0,55.99166959485778,9472.89325312858,-0.10000000000002274,3.7321045765632624e-07,4.70569703246715e-07,3.245307861815158e-07,3.5698388427151384e-07
2025-11-24 07:50:04+00,-6.959457333,107.7015313,690.4,25,48.23529,27.5562,43.0,29.73169,42.0,31.03698,37.0,24.22045,33.0,59.89623895497004,9532.789492083552,0.39999999999997726,3.7321045765632624e-07,4.70569703246715e-07,3.245307861815158e-07,3.5698388427151384e-07
2025-11-24 07:50:09+00,-6.959391667,107.7019085,690.7,7,55.68628,27.5562,43.0,29.73169,42.0,31.03698,37.0,24.22045,33.0,42.26919919982179,9575.058691283373,0.3000000000000682,3.7321045765632624e-07,4.70569703246715e-07,3.245307861815158e-07,3.5698388427151384e-07
2025-11-24 07:50:14+00,-6.959370667,107.7020182,691.7,16,62.7451,27.5562,43.0,29.73169,42.0,31.03698,37.0,24.22045,33.0,12.331336922331998,9587.390028205706,1.0,3.7321045765632624e-07,4.70569703246715e-07,3.245307861815158e-07,3.5698388427151384e-07
2025-11-24 07:50:19+00,-6.959331,107.7021978,690.9,17,52.15686,27.5562,43.0,29.73169,42.0,31.03698,37.0,24.22045,33.0,20.308276423729627,9607.698304629435,-0.8000000000000682,3.7321045765632624e-07,4.70569703246715e-07,3.245307861815158e-07,3.5698388427151384e-07
2025-11-24 07:50:24+00,-6.959341,107.7024068,692.0,16,70.58823,27.5562,43.0,29.73169,42.0,31.18202,38.0,24.22045,33.0,23.09533389892576,9630.793638528361,1.1000000000000227,3.7321045765632624e-07,4.70569703246715e-07,3.245307861815158e-07,3.5698388427151384e-07
2025-11-24 07:50:29+00,-6.959502,107.7023695,692.3,28,88.62745,27.5562,43.0,29.73169,42.0,31.18202,38.0,24.22045,33.0,18.369704591057445,9649.163343119419,0.2999999999999545,3.7321045765632624e-07,4.70569703246715e-07,3.245307861815158e-07,3.5698388427151384e-07
2025-11-24 07:50:34+00,-6.959574667,107.7020602,690.3,37,81.17647,27.5562,43.0,29.73169,42.0,31.18202,38.0,24.22045,33.0,35.082431744775285,9684.245774864194,-2.0,3.7321045765632624e-07,4.70569703246715e-07,3.245307861815158e-07,3.5698388427151384e-07
2025-11-24 07:50:39+00,-6.959646667,107.7016155,689.5,42,83.92157,27.5562,43.0,29.73169,42.0,31.18202,38.0,24.22045,33.0,49.7327488481776,9733.97852371237,-0.7999999999999545,3.7321045765632624e-07,4.70569703246715e-07,3.245307861815158e-07,3.5698388427151384e-07
2025-11-24 07:50:44+00,-6.959734333,107.7011082,690.0,34,39.21569,27.5562,43.0,29.73169,42.0,31.18202,38.0,24.22045,33.0,56.83581274501689,9790.814336457388,0.5,3.7321045765632624e-07,4.70569703246715e-07,3.245307861815158e-07,3.5698388427151384e-07
2025-11-24 07:50:49+00,-6.959816167,107.7006318,689.9,19,48.23529,27.5562,43.0,29.73169,42.0,31.18202,38.0,24.22045,33.0,53.36453434014651,9844.178870797534,-0.10000000000002274,3.7321045765632624e-07,4.70569703246715e-07,3.245307861815158e-07,3.5698388427151384e-07
2025-11-24 07:50:54+00,-6.959865167,107.700357,689.8,10,70.98039,27.5562,43.0,29.73169,42.0,31.18202,38.0,24.22045,33.0,30.816738841047368,9874.995609638581,-0.10000000000002274,3.7321045765632624e-07,4.70569703246715e-07,3.245307861815158e-07,3.5698388427151384e-07
2025-11-24 07:50:59+00,-6.959900167,107.7002253,690.9,13,38.03922,27.5562,43.0,29.73169,42.0,31.18202,38.0,24.22045,33.0,15.04844193529191,9890.044051573874,1.1000000000000227,3.7321045765632624e-07,4.70569703246715e-07,3.245307861815158e-07,3.5698388427151384e-07
2025-11-24 07:51:04+00,-6.960003667,107.7000987,690.6,8,66.66666,27.5562,43.0,29.73169,42.0,31.18202,38.0,24.22045,33.0,18.10277389987633,9908.14682547375,-0.2999999999999545,3.7321045765632624e-07,4.70569703246715e-07,3.245307861815158e-07,3.5698388427151384e-07
2025-11-24 07:51:09+00,-6.96007,107.7001585,689.4,12,37.2549,27.5562,43.0,29.73169,42.0,31.18202,38.0,24.22045,33.0,9.897984194196798,9918.044809667947,-1.2000000000000455,3.7321045765632624e-07,4.70569703246715e-07,3.245307861815158e-07,3.5698388427151384e-07
2025-11-24 07:51:14+00,-6.960064833,107.7003142,688.2,7,60.39216,27.5562,43.0,29.73169,42.0,31.18202,38.0,24.22045,33.0,17.19509272322366,9935.23990239117,-1.1999999999999318,3.7321045765632624e-07,4.70569703246715e-07,3.245307861815158e-07,3.5698388427151384e-07
2025-11-24 07:51:19+00,-6.960051667,107.7004272,687.5,3,54.90196,27.5562,43.0,29.73169,42.0,31.18202,38.0,24.22045,33.0,12.558077218357214,9947.797979609526,-0.7000000000000455,3.7321045765632624e-07,4.70569703246715e-07,3.245307861815158e-07,3.5698388427151384e-07
2025-11-24 07:51:24+00,-6.960024667,107.7004253,686.1,1,54.5098,27.5562,43.0,29.73169,42.0,31.18202,38.0,24.22045,33.0,3.0095826964566603,9950.807562305983,-1.3999999999999773,3.7321045765632624e-07,4.70569703246715e-07,3.245307861815158e-07,3.5698388427151384e-07
2025-11-24 07:51:29+00,-6.9600305,107.700425,687.0,2,55.29412,27.5562,43.0,29.73169,42.0,31.18202,38.0,24.22045,33.0,0.649445596376833,9951.45700790236,0.8999999999999773,3.7321045765632624e-07,4.70569703246715e-07,3.245307861815158e-07,3.5698388427151384e-07
2025-11-24 07:51:34+00,-6.960071,107.700432,686.4,1,73.33334,27.5562,43.0,29.73169,42.0,31.18202,38.0,24.22045,33.0,4.569198502868384,9956.026206405228,-0.6000000000000227,3.7321045765632624e-07,4.70569703246715e-07,3.245307861815158e-07,3.5698388427151384e-07
2025-11-24 08:08:05+00,-6.959986833,107.7004738,697.7,3,61.17647,27.5562,43.0,29.73169,42.0,30.74692,34.0,24.22045,33.0,10.434381679619731,9966.460588084847,11.300000000000068,3.7321045765632624e-07,4.70569703246715e-07,3.245307861815158e-07,3.5698388427151384e-07
2025-11-24 08:08:10+00,-6.9599545,107.7004577,698.3,7,46.66667,27.5562,43.0,29.73169,42.0,30.74692,34.0,24.22045,33.0,4.010470285356387,9970.471058370204,0.599999999999909,3.7321045765632624e-07,4.70569703246715e-07,3.245307861815158e-07,3.5698388427151384e-07
2025-11-24 08:08:15+00,-6.9599675,107.7003727,696.3,12,38.43137,27.5562,43.0,29.73169,42.0,30.74692,34.0,24.22045,33.0,9.492642222800697,9979.963700593004,-2.0,3.7321045765632624e-07,4.70569703246715e-07,3.245307861815158e-07,3.5698388427151384e-07
2025-11-24 08:08:20+00,-6.960023167,107.7002262,695.2,11,60.0,27.5562,43.0,29.73169,42.0,30.74692,34.0,24.22045,33.0,17.314298635256034,9997.27799922826,-1.099999999999909,3.7321045765632624e-07,4.70569703246715e-07,3.245307861815158e-07,3.5698388427151384e-07
2025-11-24 08:08:25+00,-6.960049667,107.7000907,692.5,16,67.05882,27.5562,43.0,29.73169,42.0,30.74692,34.0,24.22045,33.0,15.243422236906722,10012.521421465166,-2.7000000000000455,3.7321045765632624e-07,4.70569703246715e-07,3.245307861815158e-07,3.5698388427151384e-07
2025-11-24 08:08:30+00,-6.959960167,107.6999335,690.8,24,77.64706,27.5562,43.0,29.73169,42.0,30.74692,34.0,24.22045,33.0,20.002516967400492,10032.523938432567,-1.7000000000000455,3.7321045765632624e-07,4.70569703246715e-07,3.245307861815158e-07,3.5698388427151384e-07
2025-11-24 08:08:35+00,-6.959988833,107.6996473,691.2,35,93.33334,27.5562,43.0,29.73169,42.0,30.74692,34.0,24.22045,33.0,31.749931934380918,10064.273870366947,0.40000000000009095,3.7321045765632624e-07,4.70569703246715e-07,3.245307861815158e-07,3.5698388427151384e-07
2025-11-24 08:08:40+00,-6.960051,107.6992408,689.5,42,92.54902,27.5562,43.0,29.73169,42.0,30.74692,34.0,24.22045,33.0,45.39709912792782,10109.670969494875,-1.7000000000000455,3.7321045765632624e-07,4.70569703246715e-07,3.245307861815158e-07,3.5698388427151384e-07
2025-11-24 08:08:45+00,-6.960139,107.6987347,688.9,53,91.37255,27.5562,43.0,29.73169,42.0,30.74692,34.0,24.22045,33.0,56.71167789323584,10166.38264738811,-0.6000000000000227,3.7321045765632624e-07,4.70569703246715e-07,3.245307861815158e-07,3.5698388427151384e-07
2025-11-24 08:08:50+00,-6.96025,107.6981052,688.5,56,36.47059,27.5562,43.0,29.73169,42.0,30.74692,34.0,24.22045,33.0,70.56922038616418,10236.951867774274,-0.39999999999997726,3.7321045765632624e-07,4.70569703246715e-07,3.245307861815158e-07,3.5698388427151384e-07
2025-11-24 08:08:55+00,-6.960375833,107.6974077,687.3,47,45.88235,27.5562,43.0,29.73169,42.0,30.74692,34.0,24.22045,33.0,78.2481474183565,10315.200015192631,-1.2000000000000455,3.7321045765632624e-07,4.70569703246715e-07,3.245307861815158e-07,3.5698388427151384e-07
2025-11-24 08:09:00+00,-6.960485833,107.6967898,687.1,41,87.05882,27.5562,43.0,29.73169,42.0,30.74692,34.0,24.22045,33.0,69.28921103499052,10384.489226227623,-0.1999999999999318,3.7321045765632624e-07,4.70569703246715e-07,3.245307861815158e-07,3.5698388427151384e-07
2025-11-24 08:09:05+00,-6.9605735,107.6962925,686.7,36,40.0,27.5562,43.0,29.73169,42.0,30.74692,34.0,24.22045,33.0,55.748654881651596,10440.237881109275,-0.39999999999997726,3.7321045765632624e-07,4.70569703246715e-07,3.245307861815158e-07,3.5698388427151384e-07
2025-11-24 08:09:10+00,-6.960655333,107.69582,685.8,7,76.47059,27.5562,43.0,29.73169,42.0,30.74692,34.0,24.22045,33.0,52.94031313323523,10493.17819424251,-0.900000000000091,3.7321045765632624e-07,4.70569703246715e-07,3.245307861815158e-07,3.5698388427151384e-07
2025-11-24 08:09:15+00,-6.960681667,107.6956825,685.0,7,70.98039,27.5562,43.0,29.73169,42.0,30.74692,34.0,24.22045,33.0,15.456541116390275,10508.634735358899,-0.7999999999999545,3.7321045765632624e-07,4.70569703246715e-07,3.245307861815158e-07,3.5698388427151384e-07
2025-11-24 08:09:20+00,-6.960709167,107.6955592,685.3,18,69.80392,27.5562,43.0,29.73169,42.0,30.74692,34.0,24.22045,33.0,13.948606524915297,10522.583341883814,0.2999999999999545,3.7321045765632624e-07,4.70569703246715e-07,3.245307861815158e-07,3.5698388427151384e-07
2025-11-24 08:09:25+00,-6.960813833,107.6953913,687.1,20,45.88235,27.5562,43.0,29.73169,42.0,30.74692,34.0,24.22045,33.0,21.883505777005492,10544.466847660819,1.8000000000000682,3.7321045765632624e-07,4.70569703246715e-07,3.245307861815158e-07,3.5698388427151384e-07
2025-11-24 08:09:30+00,-6.96085,107.6951642,687.3,21,58.82353,27.5562,43.0,29.73169,42.0,30.74692,34.0,24.22045,33.0,25.386832272283844,10569.853679933103,0.1999999999999318,3.7321045765632624e-07,4.70569703246715e-07,3.245307861815158e-07,3.5698388427151384e-07
2025-11-24 08:09:35+00,-6.960635333,107.6950495,687.6,27,77.64706,27.5562,43.0,29.73169,42.0,30.74692,34.0,24.22045,33.0,27.019441147720276,10596.873121080824,0.3000000000000682,3.7321045765632624e-07,4.70569703246715e-07,3.245307861815158e-07,3.5698388427151384e-07
2025-11-24 08:09:40+00,-6.960340333,107.6951468,689.4,33,81.96078,27.5562,43.0,29.73169,42.0,30.74692,34.0,24.22045,33.0,34.51586559611118,10631.388986676935,1.7999999999999545,3.7321045765632624e-07,4.70569703246715e-07,3.245307861815158e-07,3.5698388427151384e-07
2025-11-24 08:09:45+00,-6.959939,107.6951007,690.2,40,87.84314,27.5562,43.0,29.73169,42.0,30.74692,34.0,24.22045,33.0,44.91540517393849,10676.304391850874,0.8000000000000682,3.7321045765632624e-07,4.70569703246715e-07,3.245307861815158e-07,3.5698388427151384e-07
2025-11-24 08:09:50+00,-6.959461,107.6950075,689.7,44,85.4902,27.5562,43.0,29.73169,42.0,30.74692,34.0,24.22045,33.0,54.137583856941326,10730.441975707816,-0.5,3.7321045765632624e-07,4.70569703246715e-07,3.245307861815158e-07,3.5698388427151384e-07
2025-11-24 08:09:55+00,-6.958921333,107.6949287,690.4,47,85.88235,27.5562,43.0,29.73169,42.0,30.74692,34.0,24.22045,33.0,60.635356726222724,10791.077332434039,0.6999999999999318,3.7321045765632624e-07,4.70569703246715e-07,3.245307861815158e-07,3.5698388427151384e-07
2025-11-24 08:10:00+00,-6.958340667,107.6949475,692.0,50,39.60784,27.5562,43.0,29.73169,42.0,30.74692,34.0,24.22045,33.0,64.60053826591859,10855.677870699958,1.6000000000000227,3.7321045765632624e-07,4.70569703246715e-07,3.245307861815158e-07,3.5698388427151384e-07
2025-11-24 08:10:05+00,-6.9577185,107.6950318,693.5,36,40.39216,27.5562,43.0,29.73169,42.0,30.74692,34.0,24.22045,33.0,69.80482942679541,10925.482700126753,1.5,3.7321045765632624e-07,4.70569703246715e-07,3.245307861815158e-07,3.5698388427151384e-07
2025-11-24 08:10:10+00,-6.957217333,107.6951063,694.6,6,69.80392,27.5562,43.0,29.73169,42.0,30.74692,34.0,24.22045,33.0,56.33072664651967,10981.813426773273,1.1000000000000227,3.7321045765632624e-07,4.70569703246715e-07,3.245307861815158e-07,3.5698388427151384e-07
2025-11-24 08:11:35+00,-6.957049833,107.6951665,699.5,1,53.72549,27.5562,43.0,29.73169,42.0,30.74692,34.0,24.22045,33.0,19.774949834965987,11001.588376608239,4.899999999999977,3.7321045765632624e-07,4.70569703246715e-07,3.245307861815158e-07,3.5698388427151384e-07
2025-11-24 08:11:40+00,-6.957040167,107.6951653,700.1,14,66.27451,27.5562,43.0,29.73169,42.0,30.74692,34.0,24.22045,33.0,1.082942063964654,11002.671318672203,0.6000000000000227,3.7321045765632624e-07,4.70569703246715e-07,3.245307861815158e-07,3.5698388427151384e-07
2025-11-24 08:11:45+00,-6.956910667,107.6951753,701.2,25,76.47059,27.5562,43.0,29.73169,42.0,30.74692,34.0,24.22045,33.0,14.44200353572241,11017.113322207924,1.1000000000000227,3.7321045765632624e-07,4.70569703246715e-07,3.245307861815158e-07,3.5698388427151384e-07
2025-11-24 08:11:50+00,-6.956698,107.6950195,698.8,33,77.64706,27.5562,43.0,29.73169,42.0,30.74692,34.0,24.22045,33.0,29.239187986817615,11046.352510194742,-2.400000000000091,3.7321045765632624e-07,4.70569703246715e-07,3.245307861815158e-07,3.5698388427151384e-07
2025-11-24 08:11:55+00,-6.956480833,107.6946908,698.4,37,48.62745,27.5562,43.0,29.73169,42.0,30.74692,34.0,24.22045,33.0,43.582267315266016,11089.934777510007,-0.39999999999997726,3.7321045765632624e-07,4.70569703246715e-07,3.245307861815158e-07,3.5698388427151384e-07
2025-11-24 08:12:00+00,-6.956144333,107.6943755,697.7,36,47.84314,27.5562,43.0,29.73169,42.0,30.74692,34.0,24.22045,33.0,51.09992994942852,11141.034707459436,-0.6999999999999318,3.7321045765632624e-07,4.70569703246715e-07,3.245307861815158e-07,3.5698388427151384e-07
2025-11-24 08:12:05+00,-6.955743667,107.6941655,697.6,18,49.80392,27.5562,43.0,29.73169,42.0,30.74692,34.0,24.22045,33.0,50.22110041629066,11191.255807875727,-0.10000000000002274,3.7321045765632624e-07,4.70569703246715e-07,3.245307861815158e-07,3.5698388427151384e-07
2025-11-24 08:12:10+00,-6.955462167,107.6940413,696.2,6,51.37255,27.5562,43.0,29.73169,42.0,30.74692,34.0,24.22045,33.0,34.17176406887236,11225.4275719446,-1.3999999999999773,3.7321045765632624e-07,4.70569703246715e-07,3.245307861815158e-07,3.5698388427151384e-07
2025-11-24 08:12:15+00,-6.955384167,107.694005,696.3,19,80.39216,27.5562,43.0,29.73169,42.0,30.74692,34.0,24.22045,33.0,9.553959155079566,11234.981531099678,0.09999999999990905,3.7321045765632624e-07,4.70569703246715e-07,3.245307861815158e-07,3.5698388427151384e-07
2025-11-24 08:12:20+00,-6.9552035,107.6939287,694.7,28,71.37255,27.5562,43.0,29.73169,42.0,30.74692,34.0,24.22045,33.0,21.783137741721713,11256.7646688414,-1.599999999999909,3.7321045765632624e-07,4.70569703246715e-07,3.245307861815158e-07,3.5698388427151384e-07
2025-11-24 08:12:25+00,-6.9549,107.6937995,694.0,29,65.88235,27.5562,43.0,29.73169,42.0,30.74692,34.0,24.22045,33.0,36.637070760730765,11293.401739602132,-0.7000000000000455,3.7321045765632624e-07,4.70569703246715e-07,3.245307861815158e-07,3.5698388427151384e-07
2025-11-24 08:12:30+00,-6.954562167,107.6936337,693.7,35,69.80392,27.5562,43.0,29.73169,42.0,30.74692,34.0,24.22045,33.0,41.78594144528371,11335.187681047415,-0.2999999999999545,3.7321045765632624e-07,4.70569703246715e-07,3.245307861815158e-07,3.5698388427151384e-07
2025-11-24 08:12:35+00,-6.954203167,107.6934017,692.6,38,70.58823,27.5562,43.0,29.73169,42.0,30.74692,34.0,24.22045,33.0,47.42648531890934,11382.614166366324,-1.1000000000000227,3.7321045765632624e-07,4.70569703246715e-07,3.245307861815158e-07,3.5698388427151384e-07
2025-11-24 08:12:40+00,-6.953862333,107.6930702,691.5,31,42.35294,27.5562,43.0,29.73169,42.0,30.74692,34.0,24.22045,33.0,52.67985789767239,11435.294024263996,-1.1000000000000227,3.7321045765632624e-07,4.70569703246715e-07,3.245307861815158e-07,3.5698388427151384e-07
2025-11-24 08:12:45+00,-6.953620167,107.6927172,690.1,33,66.27451,27.5562,43.0,29.73169,42.0,30.74692,34.0,24.22045,33.0,47.36269846768444,11482.656722731681,-1.3999999999999773,3.7321045765632624e-07,4.70569703246715e-07,3.245307861815158e-07,3.5698388427151384e-07
2025-11-24 08:12:50+00,-6.953428667,107.692353,690.0,32,41.96078,27.5562,43.0,29.73169,42.0,30.74692,34.0,24.22045,33.0,45.49086032839373,11528.147583060074,-0.10000000000002274,3.7321045765632624e-07,4.70569703246715e-07,3.245307861815158e-07,3.5698388427151384e-07
2025-11-24 08:12:56+00,-6.953198167,107.691895,688.8,28,57.64706,27.5562,43.0,29.73169,42.0,30.74692,34.0,24.22045,33.0,56.67896087326599,11584.826543933339,-1.2000000000000455,3.7321045765632624e-07,4.70569703246715e-07,3.245307861815158e-07,3.5698388427151384e-07
2025-11-24 08:13:00+00,-6.953090667,107.6916198,687.0,31,66.27451,27.5562,43.0,29.73169,42.0,30.74692,34.0,24.22045,33.0,32.643170816182206,11617.46971474952,-1.7999999999999545,3.7321045765632624e-07,4.70569703246715e-07,3.245307861815158e-07,3.5698388427151384e-07
2025-11-24 08:13:05+00,-6.953158667,107.6912537,686.1,35,43.92157,27.5562,43.0,29.73169,42.0,30.74692,34.0,24.22045,33.0,41.11046638815578,11658.580181137677,-0.8999999999999773,3.7321045765632624e-07,4.70569703246715e-07,3.245307861815158e-07,3.5698388427151384e-07
2025-11-24 08:13:10+00,-6.953206667,107.690821,686.0,31,81.17647,27.5562,43.0,29.73169,42.0,30.74692,34.0,24.22045,33.0,48.057559793508375,11706.637740931184,-0.10000000000002274,3.7321045765632624e-07,4.70569703246715e-07,3.245307861815158e-07,3.5698388427151384e-07
2025-11-24 08:13:16+00,-6.9529155,107.6904752,687.2,28,91.37255,27.5562,43.0,29.73169,42.0,30.74692,34.0,24.22045,33.0,50.05057188540221,11756.688312816586,1.2000000000000455,3.7321045765632624e-07,4.70569703246715e-07,3.245307861815158e-07,3.5698388427151384e-07
2025-11-24 08:13:21+00,-6.952575,107.6903527,689.6,30,63.52941,27.5562,43.0,29.73169,42.0,30.74692,34.0,24.22045,33.0,40.203843249512865,11796.8921560661,2.3999999999999773,3.7321045765632624e-07,4.70569703246715e-07,3.245307861815158e-07,3.5698388427151384e-07
2025-11-24 08:13:26+00,-6.952287667,107.690137,689.5,35,80.78432,27.5562,43.0,29.73169,42.0,30.74692,34.0,24.22045,33.0,39.84525456841671,11836.737410634516,-0.10000000000002274,3.7321045765632624e-07,4.70569703246715e-07,3.245307861815158e-07,3.5698388427151384e-07
2025-11-24 08:13:31+00,-6.952082833,107.689754,690.9,42,88.62745,27.5562,43.0,29.73169,42.0,30.74692,34.0,24.22045,33.0,48.019906418423936,11884.75731705294,1.3999999999999773,3.7321045765632624e-07,4.70569703246715e-07,3.245307861815158e-07,3.5698388427151384e-07
2025-11-24 08:13:36+00,-6.9518555,107.6892942,691.1,44,85.4902,27.5562,43.0,29.73169,42.0,30.74692,34.0,24.22045,33.0,56.698488557361344,11941.455805610301,0.20000000000004547,3.7321045765632624e-07,4.70569703246715e-07,3.245307861815158e-07,3.5698388427151384e-07
2025-11-24 08:13:41+00,-6.951607,107.688795,691.2,46,38.82353,27.5562,43.0,29.73169,42.0,30.74692,34.0,24.22045,33.0,61.640834528845296,12003.096640139147,0.10000000000002274,3.7321045765632624e-07,4.70569703246715e-07,3.245307861815158e-07,3.5698388427151384e-07
2025-11-24 08:13:46+00,-6.951344333,107.6882728,690.7,46,73.72549,27.5562,43.0,29.73169,42.0,30.74692,34.0,24.22045,33.0,64.6169146824928,12067.71355482164,-0.5,3.7321045765632624e-07,4.70569703246715e-07,3.245307861815158e-07,3.5698388427151384e-07
2025-11-24 08:13:51+00,-6.951086667,107.687758,690.3,43,48.62745,27.5562,43.0,29.73169,42.0,30.74692,34.0,24.22045,33.0,63.6371214048663,12131.350676226506,-0.40000000000009095,3.7321045765632624e-07,4.70569703246715e-07,3.245307861815158e-07,3.5698388427151384e-07
2025-11-24 08:13:56+00,-6.950848167,107.6872705,689.3,27,49.41177,27.5562,43.0,29.73169,42.0,30.74692,34.0,24.22045,33.0,59.98949643452746,12191.340172661034,-1.0,3.7321045765632624e-07,4.70569703246715e-07,3.245307861815158e-07,3.5698388427151384e-07
2025-11-24 08:14:01+00,-6.950705333,107.6869518,689.0,5,52.94118,27.5562,43.0,29.73169,42.0,30.74692,34.0,24.22045,33.0,38.59666797554985,12229.936840636583,-0.2999999999999545,3.7321045765632624e-07,4.70569703246715e-07,3.245307861815158e-07,3.5698388427151384e-07
2025-11-24 08:14:06+00,-6.950699167,107.6868555,688.3,9,62.7451,27.5562,43.0,29.73169,42.0,30.74692,34.0,24.22045,33.0,10.651478316640446,12240.588318953223,-0.7000000000000455,3.7321045765632624e-07,4.70569703246715e-07,3.245307861815158e-07,3.5698388427151384e-07
2025-11-24 08:14:11+00,-6.950800167,107.6868168,689.0,22,81.17647,27.5562,43.0,29.73169,42.0,30.60188,36.0,24.22045,33.0,12.015633802257392,12252.60395275548,0.7000000000000455,3.7321045765632624e-07,4.70569703246715e-07,3.245307861815158e-07,3.5698388427151384e-07
2025-11-24 08:14:16+00,-6.951049667,107.6867872,690.7,32,80.0,27.5562,43.0,29.73169,42.0,30.60188,36.0,24.22045,33.0,27.934890519720433,12280.5388432752,1.7000000000000455,3.7321045765632624e-07,4.70569703246715e-07,3.245307861815158e-07,3.5698388427151384e-07
2025-11-24 08:14:21+00,-6.9514195,107.6867397,691.2,39,72.15686,27.5562,43.0,29.73169,42.0,30.60188,36.0,24.22045,33.0,41.456480280824266,12321.995323556024,0.5,3.7321045765632624e-07,4.70569703246715e-07,3.245307861815158e-07,3.5698388427151384e-07
2025-11-24 08:14:26+00,-6.951907333,107.6866868,690.6,38,40.78431,27.5562,43.0,29.73169,42.0,30.60188,36.0,24.22045,33.0,54.55798285546824,12376.553306411492,-0.6000000000000227,3.7321045765632624e-07,4.70569703246715e-07,3.245307861815158e-07,3.5698388427151384e-07
2025-11-24 08:14:31+00,-6.9524015,107.6866295,690.4,38,65.09804,27.5562,43.0,29.73169,42.0,30.60188,36.0,24.22045,33.0,55.31172474395302,12431.865031155445,-0.20000000000004547,3.7321045765632624e-07,4.70569703246715e-07,3.245307861815158e-07,3.5698388427151384e-07
2025-11-24 08:14:36+00,-6.9528835,107.6865712,690.9,39,60.0,27.5562,43.0,29.73169,42.0,30.60188,36.0,24.22045,33.0,53.980955480820484,12485.845986636265,0.5,3.7321045765632624e-07,4.70569703246715e-07,3.245307861815158e-07,3.5698388427151384e-07
2025-11-24 08:14:41+00,-6.953369167,107.6865238,690.7,41,40.0,27.5562,43.0,29.73169,42.0,30.60188,36.0,24.22045,33.0,54.256621487911495,12540.102608124176,-0.1999999999999318,3.7321045765632624e-07,4.70569703246715e-07,3.245307861815158e-07,3.5698388427151384e-07
2025-11-24 08:14:46+00,-6.953865333,107.6864703,690.6,35,39.60784,27.5562,43.0,29.73169,42.0,30.60188,36.0,24.22045,33.0,55.486344787136474,12595.588952911312,-0.10000000000002274,3.7321045765632624e-07,4.70569703246715e-07,3.245307861815158e-07,3.5698388427151384e-07
2025-11-24 08:14:51+00,-6.954318667,107.6864312,689.1,32,53.33333,27.5562,43.0,29.73169,42.0,30.60188,36.0,24.22045,33.0,50.592920186357865,12646.18187309767,-1.5,3.7321045765632624e-07,4.70569703246715e-07,3.245307861815158e-07,3.5698388427151384e-07
2025-11-24 08:14:56+00,-6.954736333,107.6863928,684.9,35,44.70588,27.5562,43.0,29.73169,42.0,30.60188,36.0,24.22045,33.0,46.63541144013013,12692.8172845378,-4.2000000000000455,3.7321045765632624e-07,4.70569703246715e-07,3.245307861815158e-07,3.5698388427151384e-07
2025-11-24 08:15:01+00,-6.955172,107.6863573,686.4,25,49.01961,27.5562,43.0,29.73169,42.0,30.60188,36.0,24.22045,33.0,48.60223705445552,12741.419521592255,1.5,3.7321045765632624e-07,4.70569703246715e-07,3.245307861815158e-07,3.5698388427151384e-07
2025-11-24 08:15:06+00,-6.955495333,107.6863357,686.8,7,48.62745,27.5562,43.0,29.73169,42.0,30.60188,36.0,24.22045,33.0,36.03200134053107,12777.451522932786,0.39999999999997726,3.7321045765632624e-07,4.70569703246715e-07,3.245307861815158e-07,3.5698388427151384e-07
2025-11-24 08:15:11+00,-6.955591167,107.6863253,690.5,17,82.74509,27.5562,43.0,29.73169,42.0,30.60188,36.0,24.22045,33.0,10.717919179018228,12788.169442111805,3.7000000000000455,3.7321045765632624e-07,4.70569703246715e-07,3.245307861815158e-07,3.5698388427151384e-07
2025-11-24 08:15:16+00,-6.955789667,107.686311,691.3,25,43.92157,27.5562,43.0,29.73169,42.0,30.60188,36.0,24.22045,33.0,22.128586753690612,12810.298028865494,0.7999999999999545,3.7321045765632624e-07,4.70569703246715e-07,3.245307861815158e-07,3.5698388427151384e-07
2025-11-24 08:15:21+00,-6.956083667,107.6863515,695.7,23,41.17647,27.5562,43.0,29.73169,42.0,30.60188,36.0,24.22045,33.0,32.995571957802824,12843.293600823297,4.400000000000091,3.7321045765632624e-07,4.70569703246715e-07,3.245307861815158e-07,3.5698388427151384e-07
2025-11-24 08:15:26+00,-6.956368,107.6864288,693.8,21,49.41177,27.5562,43.0,29.73169,42.0,30.60188,36.0,24.22045,33.0,32.74745142478443,12876.041052248082,-1.900000000000091,3.7321045765632624e-07,4.70569703246715e-07,3.245307861815158e-07,3.5698388427151384e-07
2025-11-24 08:15:31+00,-6.956627833,107.6864758,695.0,19,81.56863,27.5562,43.0,29.73169,42.0,30.60188,36.0,24.22045,33.0,29.354192089860792,12905.395244337942,1.2000000000000455,3.7321045765632624e-07,4.70569703246715e-07,3.245307861815158e-07,3.5698388427151384e-07
2025-11-24 08:15:36+00,-6.956866833,107.6865367,697.5,28,74.90196,27.5562,43.0,29.73169,42.0,30.60188,36.0,24.22045,33.0,27.412553415382977,12932.807797753325,2.5,3.7321045765632624e-07,4.70569703246715e-07,3.245307861815158e-07,3.5698388427151384e-07
2025-11-24 08:15:41+00,-6.957201833,107.6866218,699.5,29,47.05882,27.5562,43.0,29.73169,42.0,30.60188,36.0,24.22045,33.0,38.41637315435586,12971.22417090768,2.0,3.7321045765632624e-07,4.70569703246715e-07,3.245307861815158e-07,3.5698388427151384e-07
2025-11-24 08:15:46+00,-6.9575695,107.6866533,699.4,24,42.35294,27.5562,43.0,29.73169,42.0,30.60188,36.0,24.22045,33.0,41.03033880500992,13012.254509712691,-0.10000000000002274,3.7321045765632624e-07,4.70569703246715e-07,3.245307861815158e-07,3.5698388427151384e-07
2025-11-24 08:15:51+00,-6.957868,107.6866692,701.2,17,61.17647,27.5562,43.0,29.73169,42.0,30.60188,36.0,24.22045,33.0,33.23809558377259,13045.492605296464,1.8000000000000682,3.7321045765632624e-07,4.70569703246715e-07,3.245307861815158e-07,3.5698388427151384e-07
2025-11-24 08:15:56+00,-6.958085,107.6866763,701.1,12,68.62745,27.5562,43.0,29.73169,42.0,30.60188,36.0,24.22045,33.0,24.14205505722576,13069.63466035369,-0.10000000000002274,3.7321045765632624e-07,4.70569703246715e-07,3.245307861815158e-07,3.5698388427151384e-07
2025-11-24 08:16:01+00,-6.9582255,107.686674,701.8,16,40.78431,27.5562,43.0,29.73169,42.0,30.60188,36.0,24.22045,33.0,15.624971231913927,13085.259631585603,0.6999999999999318,3.7321045765632624e-07,4.70569703246715e-07,3.245307861815158e-07,3.5698388427151384e-07
2025-11-24 08:16:06+00,-6.958458,107.6866682,704.2,17,52.54902,27.5562,43.0,29.73169,42.0,30.60188,36.0,24.22045,33.0,25.86078118173548,13111.120412767337,2.400000000000091,3.7321045765632624e-07,4.70569703246715e-07,3.245307861815158e-07,3.5698388427151384e-07
2025-11-24 08:16:11+00,-6.958686,107.6866783,706.8,21,77.25491,27.5562,43.0,29.73169,42.0,30.60188,36.0,24.22045,33.0,25.37697637050529,13136.497389137843,2.599999999999909,3.7321045765632624e-07,4.70569703246715e-07,3.245307861815158e-07,3.5698388427151384e-07
2025-11-24 08:16:16+00,-6.958939167,107.6866908,707.2,29,78.82353,27.5562,43.0,29.73169,42.0,30.60188,36.0,24.22045,33.0,28.184714691288676,13164.682103829131,0.40000000000009095,3.7321045765632624e-07,4.70569703246715e-07,3.245307861815158e-07,3.5698388427151384e-07
2025-11-24 08:16:21+00,-6.959301,107.6866818,705.0,35,69.01961,27.5562,43.0,29.73169,42.0,30.60188,36.0,24.22045,33.0,40.246310964388144,13204.92841479352,-2.2000000000000455,3.7321045765632624e-07,4.70569703246715e-07,3.245307861815158e-07,3.5698388427151384e-07
2025-11-24 08:16:26+00,-6.959737167,107.686671,703.2,38,66.66666,27.5562,43.0,29.73169,42.0,30.60188,36.0,24.22045,33.0,48.51427198432068,13253.44268677784,-1.7999999999999545,3.7321045765632624e-07,4.70569703246715e-07,3.245307861815158e-07,3.5698388427151384e-07
2025-11-24 08:16:31+00,-6.960212,107.6866717,703.3,34,43.92157,27.5562,43.0,29.73169,42.0,30.60188,36.0,24.22045,33.0,52.799150063529,13306.24183684137,0.09999999999990905,3.7321045765632624e-07,4.70569703246715e-07,3.245307861815158e-07,3.5698388427151384e-07
2025-11-24 08:16:36+00,-6.960654167,107.686679,702.4,26,46.66667,27.5562,43.0,29.73169,42.0,30.60188,36.0,24.22045,33.0,49.17339681594341,13355.415233657313,-0.8999999999999773,3.7321045765632624e-07,4.70569703246715e-07,3.245307861815158e-07,3.5698388427151384e-07
2025-11-24 08:16:41+00,-6.960987167,107.68669,701.9,6,50.58823,27.5562,43.0,29.73169,42.0,30.60188,36.0,24.22045,33.0,37.047861767684964,13392.463095424999,-0.5,3.7321045765632624e-07,4.70569703246715e-07,3.245307861815158e-07,3.5698388427151384e-07
2025-11-24 08:16:51+00,-6.961089667,107.6867098,699.1,2,67.05882,27.5562,43.0,29.73169,42.0,30.60188,36.0,24.22045,33.0,11.605129432921949,13404.068224857921,-2.7999999999999545,3.7321045765632624e-07,4.70569703246715e-07,3.245307861815158e-07,3.5698388427151384e-07
2025-11-24 08:16:56+00,-6.9611195,107.6867123,699.5,16,59.21569,27.5562,43.0,29.73169,42.0,30.60188,36.0,24.22045,33.0,3.3287396190448812,13407.396964476966,0.39999999999997726,3.7321045765632624e-07,4.70569703246715e-07,3.245307861815158e-07,3.5698388427151384e-07
2025-11-24 08:17:01+00,-6.961284333,107.6867207,702.0,21,39.60784,27.5562,43.0,29.73169,42.0,30.60188,36.0,24.22045,33.0,18.352053709164732,13425.74901818613,2.5,3.7321045765632624e-07,4.70569703246715e-07,3.245307861815158e-07,3.5698388427151384e-07
2025-11-24 08:17:06+00,-6.961537667,107.686715,703.4,16,53.72549,27.5562,43.0,29.73169,42.0,30.60188,36.0,24.22045,33.0,28.17651920319838,13453.925537389328,1.3999999999999773,3.7321045765632624e-07,4.70569703246715e-07,3.245307861815158e-07,3.5698388427151384e-07
2025-11-24 08:17:11+00,-6.961753667,107.6867087,699.5,14,47.05882,27.5562,43.0,29.73169,42.0,30.60188,36.0,24.22045,33.0,24.028201189880942,13477.95373857921,-3.8999999999999773,3.7321045765632624e-07,4.70569703246715e-07,3.245307861815158e-07,3.5698388427151384e-07
2025-11-24 08:17:16+00,-6.961931667,107.6867093,698.1,16,43.13726,27.5562,43.0,29.73169,42.0,30.60188,36.0,24.22045,33.0,19.792835073673537,13497.746573652883,-1.3999999999999773,3.7321045765632624e-07,4.70569703246715e-07,3.245307861815158e-07,3.5698388427151384e-07
2025-11-24 08:17:21+00,-6.962129333,107.6867148,696.7,11,52.94118,27.5562,43.0,29.73169,42.0,30.60188,36.0,24.22045,33.0,21.987868544772773,13519.734442197656,-1.3999999999999773,3.7321045765632624e-07,4.70569703246715e-07,3.245307861815158e-07,3.5698388427151384e-07
2025-11-24 08:17:26+00,-6.962265,107.6867187,695.1,16,75.68627,27.5562,43.0,29.73169,42.0,30.60188,36.0,24.22045,33.0,15.091643309341148,13534.826085506997,-1.6000000000000227,3.7321045765632624e-07,4.70569703246715e-07,3.245307861815158e-07,3.5698388427151384e-07
2025-11-24 08:17:31+00,-6.962455667,107.6867353,694.5,27,74.5098,27.5562,43.0,29.73169,42.0,30.60188,36.0,24.22045,33.0,21.280256340291164,13556.106341847288,-0.6000000000000227,3.7321045765632624e-07,4.70569703246715e-07,3.245307861815158e-07,3.5698388427151384e-07
2025-11-24 08:17:36+00,-6.962786,107.686758,695.4,27,47.05882,27.5562,43.0,29.73169,42.0,30.60188,36.0,24.22045,33.0,36.81675803842683,13592.923099885715,0.8999999999999773,3.7321045765632624e-07,4.70569703246715e-07,3.245307861815158e-07,3.5698388427151384e-07
2025-11-24 08:17:41+00,-6.963146833,107.6868125,693.5,21,58.03922,27.5562,43.0,29.73169,42.0,30.60188,36.0,24.22045,33.0,40.571281991921815,13633.494381877637,-1.8999999999999773,3.7321045765632624e-07,4.70569703246715e-07,3.245307861815158e-07,3.5698388427151384e-07
2025-11-24 08:17:46+00,-6.963428833,107.6868627,693.8,21,53.33333,27.5562,43.0,29.73169,42.0,30.60188,36.0,24.22045,33.0,31.84278461516791,13665.337166492805,0.2999999999999545,3.7321045765632624e-07,4.70569703246715e-07,3.245307861815158e-07,3.5698388427151384e-07
2025-11-24 08:17:51+00,-6.963703667,107.686899,696.2,12,49.41177,27.5562,43.0,29.73169,42.0,30.60188,36.0,24.22045,33.0,30.82171362000384,13696.15888011281,2.400000000000091,3.7321045765632624e-07,4.70569703246715e-07,3.245307861815158e-07,3.5698388427151384e-07
2025-11-24 08:17:56+00,-6.963885167,107.6869207,695.2,15,61.17647,27.5562,43.0,29.73169,42.0,30.60188,36.0,24.22045,33.0,20.32353400610767,13716.482414118916,-1.0,3.7321045765632624e-07,4.70569703246715e-07,3.245307861815158e-07,3.5698388427151384e-07
2025-11-24 08:18:01+00,-6.964066667,107.6869357,695.9,26,65.4902,27.5562,43.0,29.73169,42.0,30.60188,36.0,24.22045,33.0,20.24970257244056,13736.732116691357,0.6999999999999318,3.7321045765632624e-07,4.70569703246715e-07,3.245307861815158e-07,3.5698388427151384e-07
2025-11-24 08:18:06+00,-6.964378667,107.6869642,695.4,23,55.29412,27.5562,43.0,29.73169,42.0,30.60188,36.0,24.22045,33.0,34.835185923460685,13771.567302614818,-0.5,3.7321045765632624e-07,4.70569703246715e-07,3.245307861815158e-07,3.5698388427151384e-07
2025-11-24 08:18:11+00,-6.964672667,107.6869823,694.3,26,55.68628,27.5562,43.0,29.73169,42.0,30.60188,36.0,24.22045,33.0,32.75233925584769,13804.319641870665,-1.1000000000000227,3.7321045765632624e-07,4.70569703246715e-07,3.245307861815158e-07,3.5698388427151384e-07
2025-11-24 08:18:16+00,-6.964991667,107.686991,696.0,21,41.56863,27.5562,43.0,29.73169,42.0,30.60188,36.0,24.22045,33.0,35.48422602170184,13839.803867892366,1.7000000000000455,3.7321045765632624e-07,4.70569703246715e-07,3.245307861815158e-07,3.5698388427151384e-07
2025-11-24 08:18:21+00,-6.9652745,107.6869883,699.1,8,63.92157,27.5562,43.0,29.73169,42.0,30.60188,36.0,24.22045,33.0,31.451050045550968,13871.254917937917,3.1000000000000227,3.7321045765632624e-07,4.70569703246715e-07,3.245307861815158e-07,3.5698388427151384e-07
2025-11-24 08:18:26+00,-6.965414167,107.6869867,696.9,7,51.37255,27.5562,43.0,29.73169,42.0,30.60188,36.0,24.22045,33.0,15.531287316638005,13886.786205254555,-2.2000000000000455,3.7321045765632624e-07,4.70569703246715e-07,3.245307861815158e-07,3.5698388427151384e-07
2025-11-24 08:18:31+00,-6.9654905,107.6869523,695.1,8,43.92157,27.5562,43.0,29.73169,42.0,30.60188,36.0,24.22045,33.0,9.298384773033728,13896.084590027589,-1.7999999999999545,3.7321045765632624e-07,4.70569703246715e-07,3.245307861815158e-07,3.5698388427151384e-07
2025-11-24 08:18:36+00,-6.9655335,107.6868708,695.7,2,53.72549,27.5562,43.0,29.73169,42.0,30.60188,36.0,24.22045,33.0,10.187292072278195,13906.271882099867,0.6000000000000227,3.7321045765632624e-07,4.70569703246715e-07,3.245307861815158e-07,3.5698388427151384e-07
2025-11-24 08:18:41+00,-6.9655555,107.6868543,695.0,11,74.5098,27.5562,43.0,29.73169,42.0,30.60188,36.0,24.22045,33.0,3.04975899751347,13909.32164109738,-0.7000000000000455,3.7321045765632624e-07,4.70569703246715e-07,3.245307861815158e-07,3.5698388427151384e-07
2025-11-24 08:18:46+00,-6.965668,107.6868218,695.1,24,63.13726,27.5562,43.0,29.73169,42.0,30.60188,36.0,24.22045,33.0,13.0136089490606,13922.33525004644,0.10000000000002274,3.7321045765632624e-07,4.70569703246715e-07,3.245307861815158e-07,3.5698388427151384e-07
2025-11-24 08:18:51+00,-6.9659385,107.686769,694.3,30,58.43137,27.5562,43.0,29.73169,42.0,30.60188,36.0,24.22045,33.0,30.6376420595834,13952.972892106023,-0.8000000000000682,3.7321045765632624e-07,4.70569703246715e-07,3.245307861815158e-07,3.5698388427151384e-07
2025-11-24 08:18:56+00,-6.966305,107.686715,693.2,28,38.43137,27.5562,43.0,29.73169,42.0,30.60188,36.0,24.22045,33.0,41.18653723191208,13994.159429337935,-1.099999999999909,3.7321045765632624e-07,4.70569703246715e-07,3.245307861815158e-07,3.5698388427151384e-07
2025-11-24 08:19:01+00,-6.966669333,107.6866768,691.9,16,62.35294,27.5562,43.0,29.73169,42.0,30.60188,36.0,24.22045,33.0,40.730851699199135,14034.890281037135,-1.3000000000000682,3.7321045765632624e-07,4.70569703246715e-07,3.245307861815158e-07,3.5698388427151384e-07
2025-11-24 08:19:06+00,-6.966907167,107.686695,693.4,24,81.96078,27.5562,43.0,29.73169,42.0,30.60188,36.0,24.22045,33.0,26.522154473656723,14061.41243551079,1.5,3.7321045765632624e-07,4.70569703246715e-07,3.245307861815158e-07,3.5698388427151384e-07
2025-11-24 08:19:11+00,-6.967180333,107.6867753,692.8,35,81.17647,27.5562,43.0,29.73169,42.0,30.60188,36.0,24.22045,33.0,31.64137646491706,14093.053811975708,-0.6000000000000227,3.7321045765632624e-07,4.70569703246715e-07,3.245307861815158e-07,3.5698388427151384e-07
2025-11-24 08:19:16+00,-6.967595667,107.6868835,692.6,34,43.92157,27.5562,43.0,29.73169,42.0,30.60188,36.0,24.22045,33.0,47.70221021854399,14140.756022194251,-0.1999999999999318,3.7321045765632624e-07,4.70569703246715e-07,3.245307861815158e-07,3.5698388427151384e-07
2025-11-24 08:19:21+00,-6.9680095,107.687048,693.4,35,71.76471,27.5562,43.0,29.73169,42.0,30.60188,36.0,24.22045,33.0,49.46866168209873,14190.22468387635,0.7999999999999545,3.7321045765632624e-07,4.70569703246715e-07,3.245307861815158e-07,3.5698388427151384e-07
2025-11-24 08:19:26+00,-6.968325667,107.6873497,693.0,37,63.13726,27.5562,43.0,29.73169,42.0,30.60188,36.0,24.22045,33.0,48.42348299667089,14238.648166873021,-0.39999999999997726,3.7321045765632624e-07,4.70569703246715e-07,3.245307861815158e-07,3.5698388427151384e-07
2025-11-24 08:19:31+00,-6.968547833,107.6877573,691.4,40,68.23529,27.5562,43.0,29.73169,42.0,30.60188,36.0,24.22045,33.0,51.32470083014961,14289.97286770317,-1.6000000000000227,3.7321045765632624e-07,4.70569703246715e-07,3.245307861815158e-07,3.5698388427151384e-07
2025-11-24 08:19:36+00,-6.968723833,107.6882308,690.9,41,54.5098,27.5562,43.0,29.73169,42.0,30.60188,36.0,24.22045,33.0,55.80597304081951,14345.778840743991,-0.5,3.7321045765632624e-07,4.70569703246715e-07,3.245307861815158e-07,3.5698388427151384e-07
2025-11-24 08:19:41+00,-6.968846833,107.6887392,690.2,41,64.31373,27.5562,43.0,29.73169,42.0,30.60188,36.0,24.22045,33.0,57.756689020719364,14403.535529764711,-0.6999999999999318,3.7321045765632624e-07,4.70569703246715e-07,3.245307861815158e-07,3.5698388427151384e-07
2025-11-24 08:19:46+00,-6.968962333,107.6892447,689.7,41,41.96078,27.5562,43.0,29.73169,42.0,30.60188,36.0,24.22045,33.0,57.25292112867028,14460.788450893382,-0.5,3.7321045765632624e-07,4.70569703246715e-07,3.245307861815158e-07,3.5698388427151384e-07
2025-11-24 08:19:51+00,-6.9690555,107.6897573,689.3,38,38.03922,27.5562,43.0,29.73169,42.0,30.60188,36.0,24.22045,33.0,57.51813458764131,14518.306585481023,-0.40000000000009095,3.7321045765632624e-07,4.70569703246715e-07,3.245307861815158e-07,3.5698388427151384e-07
2025-11-24 08:19:56+00,-6.969090833,107.6902498,689.5,36,40.0,27.5562,43.0,29.73169,42.0,30.60188,36.0,24.22045,33.0,54.5007684515991,14572.807353932621,0.20000000000004547,3.7321045765632624e-07,4.70569703246715e-07,3.245307861815158e-07,3.5698388427151384e-07
2025-11-24 08:20:01+00,-6.969078833,107.690716,690.1,38,77.64706,27.5562,43.0,29.73169,42.0,30.31182,36.0,24.22045,33.0,51.47344447613663,14624.280798408758,0.6000000000000227,3.7321045765632624e-07,4.70569703246715e-07,3.245307861815158e-07,3.5698388427151384e-07
2025-11-24 08:20:06+00,-6.969046667,107.6911915,690.3,44,78.82353,27.5562,43.0,29.73169,42.0,30.31182,36.0,24.22045,33.0,52.60435826434506,14676.885156673103,0.1999999999999318,3.7321045765632624e-07,4.70569703246715e-07,3.245307861815158e-07,3.5698388427151384e-07
2025-11-24 08:20:11+00,-6.9690055,107.6917337,690.5,45,37.2549,27.5562,43.0,29.73169,42.0,30.31182,36.0,24.22045,33.0,60.019359475425766,14736.904516148528,0.20000000000004547,3.7321045765632624e-07,4.70569703246715e-07,3.245307861815158e-07,3.5698388427151384e-07
2025-11-24 08:20:16+00,-6.969005833,107.6923035,690.1,42,35.68628,27.5562,43.0,29.73169,42.0,30.31182,36.0,24.22045,33.0,62.89086733744022,14799.795383485969,-0.39999999999997726,3.7321045765632624e-07,4.70569703246715e-07,3.245307861815158e-07,3.5698388427151384e-07
2025-11-24 08:20:21+00,-6.9690755,107.6928417,689.4,42,70.98039,27.5562,43.0,29.73169,42.0,30.60188,36.0,24.22045,33.0,59.90602874784001,14859.70141223381,-0.7000000000000455,3.7321045765632624e-07,4.70569703246715e-07,3.245307861815158e-07,3.5698388427151384e-07
2025-11-24 08:20:26+00,-6.969177333,107.6933513,688.6,45,65.4902,27.5562,43.0,29.73169,42.0,30.60188,36.0,24.22045,33.0,57.374820652561716,14917.076232886371,-0.7999999999999545,3.7321045765632624e-07,4.70569703246715e-07,3.245307861815158e-07,3.5698388427151384e-07
2025-11-24 08:20:31+00,-6.969281667,107.6938977,688.2,47,55.68628,27.5562,43.0,29.73169,42.0,30.60188,36.0,24.22045,33.0,61.41382896024889,14978.49006184662,-0.39999999999997726,3.7321045765632624e-07,4.70569703246715e-07,3.245307861815158e-07,3.5698388427151384e-07
2025-11-24 08:20:36+00,-6.969331167,107.6944753,688.6,46,53.33333,27.5562,43.0,29.73169,42.0,30.60188,36.0,24.22045,33.0,63.98889537010382,15042.478957216725,0.39999999999997726,3.7321045765632624e-07,4.70569703246715e-07,3.245307861815158e-07,3.5698388427151384e-07
2025-11-24 08:20:41+00,-6.969315,107.6950557,690.0,46,63.13726,27.5562,43.0,29.73169,42.0,30.60188,36.0,24.22045,33.0,64.0859915106019,15106.564948727326,1.3999999999999773,3.7321045765632624e-07,4.70569703246715e-07,3.245307861815158e-07,3.5698388427151384e-07
2025-11-24 08:20:46+00,-6.969293,107.695637,690.0,47,58.82353,27.5562,43.0,29.73169,42.0,30.60188,36.0,24.22045,33.0,64.20673065508369,15170.77167938241,0.0,3.7321045765632624e-07,4.70569703246715e-07,3.245307861815158e-07,3.5698388427151384e-07
2025-11-24 08:20:51+00,-6.969244167,107.6962303,692.1,45,36.07843,27.5562,43.0,29.73169,42.0,30.60188,36.0,24.22045,33.0,65.7093404169758,15236.481019799385,2.1000000000000227,3.7321045765632624e-07,4.70569703246715e-07,3.245307861815158e-07,3.5698388427151384e-07
2025-11-24 08:20:56+00,-6.969192333,107.6968093,691.8,20,49.80392,27.5562,43.0,29.73169,42.0,30.60188,36.0,24.22045,33.0,64.16565033300593,15300.64667013239,-0.3000000000000682,3.7321045765632624e-07,4.70569703246715e-07,3.245307861815158e-07,3.5698388427151384e-07
2025-11-24 08:21:01+00,-6.969148,107.6971308,690.9,7,79.60784,27.5562,43.0,29.73169,42.0,30.60188,36.0,24.22045,33.0,35.825864303121826,15336.472534435512,-0.8999999999999773,3.7321045765632624e-07,4.70569703246715e-07,3.245307861815158e-07,3.5698388427151384e-07
2025-11-24 08:21:06+00,-6.969132833,107.697233,692.5,23,71.76471,27.5562,43.0,29.73169,42.0,30.60188,36.0,24.22045,33.0,11.405551922379537,15347.878086357892,1.6000000000000227,3.7321045765632624e-07,4.70569703246715e-07,3.245307861815158e-07,3.5698388427151384e-07
2025-11-24 08:21:11+00,-6.9690995,107.6974907,692.4,32,75.29412,27.5562,43.0,29.73169,42.0,30.60188,36.0,24.22045,33.0,28.683740346642473,15376.561826704534,-0.10000000000002274,3.7321045765632624e-07,4.70569703246715e-07,3.245307861815158e-07,3.5698388427151384e-07
2025-11-24 08:21:16+00,-6.9690415,107.6978783,692.0,39,75.29412,27.5562,43.0,29.73169,42.0,30.60188,36.0,24.22045,33.0,43.26418170430863,15419.826008408843,-0.39999999999997726,3.7321045765632624e-07,4.70569703246715e-07,3.245307861815158e-07,3.5698388427151384e-07
2025-11-24 08:21:21+00,-6.968917667,107.6983442,694.4,42,82.74509,27.5562,43.0,29.73169,42.0,30.60188,36.0,24.22045,33.0,53.234688982494234,15473.060697391338,2.3999999999999773,3.7321045765632624e-07,4.70569703246715e-07,3.245307861815158e-07,3.5698388427151384e-07
2025-11-24 08:21:26+00,-6.968794333,107.6988543,695.9,48,75.68627,27.5562,43.0,29.73169,42.0,30.60188,36.0,24.22045,33.0,57.94777440232814,15531.008471793666,1.5,3.7321045765632624e-07,4.70569703246715e-07,3.245307861815158e-07,3.5698388427151384e-07
2025-11-24 08:21:31+00,-6.968662167,107.6994295,696.3,47,38.43137,27.5562,43.0,29.73169,42.0,30.60188,36.0,24.22045,33.0,65.16568467240742,15596.174156466073,0.39999999999997726,3.7321045765632624e-07,4.70569703246715e-07,3.245307861815158e-07,3.5698388427151384e-07
2025-11-24 08:21:39+00,-6.968387167,107.7003085,696.2,38,38.82353,27.5562,43.0,29.73169,42.0,30.60188,36.0,24.22045,33.0,101.72332862562146,15697.897485091695,-0.09999999999990905,3.7321045765632624e-07,4.70569703246715e-07,3.245307861815158e-07,3.5698388427151384e-07
2025-11-24 08:21:44+00,-6.968250833,107.7006737,696.4,29,58.03922,27.5562,43.0,29.73169,42.0,30.60188,36.0,24.22045,33.0,43.064945277779934,15740.962430369475,0.1999999999999318,3.7321045765632624e-07,4.70569703246715e-07,3.245307861815158e-07,3.5698388427151384e-07
2025-11-24 08:21:46+00,-6.968205833,107.7008118,695.8,35,75.29412,27.5562,43.0,29.73169,42.0,30.60188,36.0,24.22045,33.0,16.042914127575475,15757.00534449705,-0.6000000000000227,3.7321045765632624e-07,4.70569703246715e-07,3.245307861815158e-07,3.5698388427151384e-07
2025-11-24 08:21:54+00,-6.968050667,107.7015092,696.0,40,80.0,27.5562,43.0,29.73169,42.0,30.60188,36.0,24.22045,33.0,78.88465891029897,15835.89000340735,0.20000000000004547,3.7321045765632624e-07,4.70569703246715e-07,3.245307861815158e-07,3.5698388427151384e-07
2025-11-24 08:21:56+00,-6.968005,107.7017113,695.8,44,40.78431,27.5562,43.0,29.73169,42.0,30.60188,36.0,24.22045,33.0,22.87722501896706,15858.767228426317,-0.20000000000004547,3.7321045765632624e-07,4.70569703246715e-07,3.245307861815158e-07,3.5698388427151384e-07
2025-11-24 08:22:04+00,-6.967778333,107.7025503,695.1,40,49.01961,27.5562,43.0,29.73169,42.0,30.60188,36.0,24.22045,33.0,95.97233238196074,15954.739560808277,-0.6999999999999318,3.7321045765632624e-07,4.70569703246715e-07,3.245307861815158e-07,3.5698388427151384e-07
2025-11-24 08:22:09+00,-6.9676335,107.7030273,695.5,40,68.62745,27.5562,43.0,29.73169,42.0,30.60188,36.0,24.22045,33.0,55.056418029962735,16009.79597883824,0.39999999999997726,3.7321045765632624e-07,4.70569703246715e-07,3.245307861815158e-07,3.5698388427151384e-07
2025-11-24 08:22:14+00,-6.967451167,107.7035177,694.6,42,39.21569,27.5562,43.0,29.73169,42.0,30.60188,36.0,24.22045,33.0,57.799898394509995,16067.59587723275,-0.8999999999999773,3.7321045765632624e-07,4.70569703246715e-07,3.245307861815158e-07,3.5698388427151384e-07
2025-11-24 08:22:16+00,-6.967379333,107.7037085,692.8,36,47.84314,27.5562,43.0,29.73169,42.0,30.60188,36.0,24.22045,33.0,22.52326936968974,16090.11914660244,-1.8000000000000682,3.7321045765632624e-07,4.70569703246715e-07,3.245307861815158e-07,3.5698388427151384e-07
2025-11-24 08:22:21+00,-6.967193167,107.7041352,692.7,29,48.62745,27.5562,43.0,29.73169,42.0,30.60188,36.0,24.22045,33.0,51.44519308101473,16141.564339683455,-0.09999999999990905,3.7321045765632624e-07,4.70569703246715e-07,3.245307861815158e-07,3.5698388427151384e-07
2025-11-24 08:22:26+00,-6.967029333,107.704493,694.8,19,47.45098,27.5562,43.0,29.73169,42.0,30.60188,36.0,24.22045,33.0,43.49117687395907,16185.055516557413,2.099999999999909,3.7321045765632624e-07,4.70569703246715e-07,3.245307861815158e-07,3.5698388427151384e-07
2025-11-24 08:22:31+00,-6.966941167,107.704728,693.9,23,43.92157,27.5562,43.0,29.73169,42.0,30.60188,36.0,24.22045,33.0,27.72878804232847,16212.784304599742,-0.8999999999999773,3.7321045765632624e-07,4.70569703246715e-07,3.245307861815158e-07,3.5698388427151384e-07
2025-11-24 08:22:36+00,-6.966842333,107.704985,691.8,25,41.17647,27.5562,43.0,29.73169,42.0,30.60188,36.0,24.22045,33.0,30.4206253160435,16243.204929915784,-2.1000000000000227,3.7321045765632624e-07,4.70569703246715e-07,3.245307861815158e-07,3.5698388427151384e-07
2025-11-24 08:22:41+00,-6.966746333,107.705262,693.2,17,61.17647,27.5562,43.0,29.73169,42.0,30.31182,35.0,24.22045,33.0,32.383578089143,16275.588508004927,1.400000000000091,3.7321045765632624e-07,4.70569703246715e-07,3.245307861815158e-07,3.5698388427151384e-07
2025-11-24 08:22:46+00,-6.9666485,107.7054818,693.1,17,65.09804,27.5562,43.0,29.73169,42.0,30.31182,35.0,24.22045,33.0,26.58761946387102,16302.176127468798,-0.10000000000002274,3.7321045765632624e-07,4.70569703246715e-07,3.245307861815158e-07,3.5698388427151384e-07
2025-11-24 08:22:51+00,-6.966437,107.7055622,691.7,20,44.31372,27.5562,43.0,29.73169,42.0,30.31182,35.0,24.22045,33.0,25.136314888350274,16327.312442357148,-1.3999999999999773,3.7321045765632624e-07,4.70569703246715e-07,3.245307861815158e-07,3.5698388427151384e-07
2025-11-24 08:22:56+00,-6.966231833,107.7054675,688.4,24,74.90196,27.5562,43.0,29.73169,42.0,30.31182,35.0,24.22045,33.0,25.094062750044426,16352.406505107192,-3.300000000000068,3.7321045765632624e-07,4.70569703246715e-07,3.245307861815158e-07,3.5698388427151384e-07
2025-11-24 08:23:01+00,-6.9660655,107.7052447,687.1,24,61.56863,27.5562,43.0,29.73169,42.0,30.31182,35.0,24.22045,33.0,30.7703785847308,16383.176883691924,-1.2999999999999545,3.7321045765632624e-07,4.70569703246715e-07,3.245307861815158e-07,3.5698388427151384e-07
2025-11-24 08:23:06+00,-6.965841667,107.7050568,684.3,25,41.56863,27.5562,43.0,29.73169,42.0,30.31182,35.0,24.22045,33.0,32.39735206184602,16415.57423575377,-2.800000000000068,3.7321045765632624e-07,4.70569703246715e-07,3.245307861815158e-07,3.5698388427151384e-07
2025-11-24 08:23:11+00,-6.965566833,107.704906,683.5,15,49.80392,27.5562,43.0,29.73169,42.0,30.31182,35.0,24.22045,33.0,34.798891748291396,16450.373127502062,-0.7999999999999545,3.7321045765632624e-07,4.70569703246715e-07,3.245307861815158e-07,3.5698388427151384e-07
2025-11-24 08:23:16+00,-6.965374333,107.7048258,680.2,19,72.15686,27.5562,43.0,29.73169,42.0,30.31182,35.0,24.22045,33.0,23.16321793782464,16473.536345439887,-3.2999999999999545,3.7321045765632624e-07,4.70569703246715e-07,3.245307861815158e-07,3.5698388427151384e-07
2025-11-24 08:23:21+00,-6.9651395,107.7048168,679.8,25,68.62745,27.5562,43.0,29.73169,42.0,30.31182,35.0,24.22045,33.0,26.131162466798134,16499.667507906684,-0.40000000000009095,3.7321045765632624e-07,4.70569703246715e-07,3.245307861815158e-07,3.5698388427151384e-07
2025-11-24 08:23:26+00,-6.964841833,107.7048213,680.7,25,39.60784,27.5562,43.0,29.73169,42.0,30.31182,35.0,24.22045,33.0,33.10283236858261,16532.770340275267,0.900000000000091,3.7321045765632624e-07,4.70569703246715e-07,3.245307861815158e-07,3.5698388427151384e-07
2025-11-24 08:23:34+00,-6.964420667,107.704812,680.9,5,52.54902,27.5562,43.0,29.73169,42.0,30.31182,35.0,24.22045,33.0,46.842835363676436,16579.613175638944,0.1999999999999318,3.7321045765632624e-07,4.70569703246715e-07,3.245307861815158e-07,3.5698388427151384e-07
2025-11-24 08:23:39+00,-6.9643045,107.7048138,681.9,14,51.76471,27.5562,43.0,29.73169,42.0,30.31182,35.0,24.22045,33.0,12.91872666162032,16592.531902300565,1.0,3.7321045765632624e-07,4.70569703246715e-07,3.245307861815158e-07,3.5698388427151384e-07
2025-11-24 08:23:44+00,-6.964109333,107.7048278,683.0,11,60.78431,27.5562,43.0,29.73169,42.0,30.31182,35.0,24.22045,33.0,21.756554658158638,16614.288456958722,1.1000000000000227,3.7321045765632624e-07,4.70569703246715e-07,3.245307861815158e-07,3.5698388427151384e-07
2025-11-24 08:23:49+00,-6.963963667,107.704839,682.6,12,49.01961,27.5562,43.0,29.73169,42.0,30.31182,35.0,24.22045,33.0,16.2444479427888,16630.532904901513,-0.39999999999997726,3.7321045765632624e-07,4.70569703246715e-07,3.245307861815158e-07,3.5698388427151384e-07
2025-11-24 08:23:54+00,-6.963844167,107.7048637,681.2,12,57.2549,27.5562,43.0,29.73169,42.0,30.31182,35.0,24.22045,33.0,13.564601931497581,16644.09750683301,-1.3999999999999773,3.7321045765632624e-07,4.70569703246715e-07,3.245307861815158e-07,3.5698388427151384e-07
2025-11-24 08:23:56+00,-6.963780667,107.7048722,680.5,20,63.13726,27.5562,43.0,29.73169,42.0,30.31182,35.0,24.22045,33.0,7.1229436328126,16651.220450465826,-0.7000000000000455,3.7321045765632624e-07,4.70569703246715e-07,3.245307861815158e-07,3.5698388427151384e-07
2025-11-24 08:24:01+00,-6.963552333,107.704897,678.9,23,52.15686,27.5562,43.0,29.73169,42.0,30.31182,35.0,24.22045,33.0,25.536747270106236,16676.757197735933,-1.6000000000000227,3.7321045765632624e-07,4.70569703246715e-07,3.245307861815158e-07,3.5698388427151384e-07
2025-11-24 08:24:09+00,-6.9631485,107.704939,674.3,8,51.76471,27.5562,43.0,29.73169,42.0,30.31182,35.0,24.22045,33.0,45.14289713398522,16721.900094869918,-4.600000000000023,3.7321045765632624e-07,4.70569703246715e-07,3.245307861815158e-07,3.5698388427151384e-07
2025-11-24 08:24:14+00,-6.963065,107.7049477,674.0,10,65.88235,27.5562,43.0,29.73169,42.0,30.31182,35.0,24.22045,33.0,9.3343137801384,16731.234408650056,-0.2999999999999545,3.7321045765632624e-07,4.70569703246715e-07,3.245307861815158e-07,3.5698388427151384e-07
2025-11-24 08:24:16+00,-6.963015667,107.7049567,672.4,15,55.29412,27.5562,43.0,29.73169,42.0,30.60188,34.0,24.22045,33.0,5.574805545413928,16736.80921419547,-1.6000000000000227,3.7321045765632624e-07,4.70569703246715e-07,3.245307861815158e-07,3.5698388427151384e-07
2025-11-24 08:24:21+00,-6.962819833,107.7049867,672.5,4,56.47059,27.5562,43.0,29.73169,42.0,30.60188,34.0,24.22045,33.0,22.0260948584751,16758.835309053946,0.10000000000002274,3.7321045765632624e-07,4.70569703246715e-07,3.245307861815158e-07,3.5698388427151384e-07
2025-11-24 08:24:40+00,-6.9626985,107.7050008,677.6,2,70.19608,27.5562,43.0,29.73169,42.0,30.60188,34.0,24.22045,33.0,13.58109658152147,16772.416405635468,5.100000000000023,3.7321045765632624e-07,4.70569703246715e-07,3.245307861815158e-07,3.5698388427151384e-07
2025-11-24 08:24:41+00,-6.962690333,107.7050027,677.5,6,63.52941,27.5562,43.0,29.73169,42.0,30.60188,34.0,24.22045,33.0,0.9320299718763494,16773.348435607342,-0.10000000000002274,3.7321045765632624e-07,4.70569703246715e-07,3.245307861815158e-07,3.5698388427151384e-07
2025-11-24 08:24:46+00,-6.962617167,107.705019,678.2,5,52.15686,27.5562,43.0,29.73169,42.0,30.31182,34.0,24.22045,33.0,8.332251276935214,16781.680686884276,0.7000000000000455,3.7321045765632624e-07,4.70569703246715e-07,3.245307861815158e-07,3.5698388427151384e-07
2025-11-24 08:24:51+00,-6.962552667,107.7050313,678.4,5,52.54902,27.5562,43.0,29.73169,42.0,30.31182,34.0,24.22045,33.0,7.2994440950234525,16788.9801309793,0.1999999999999318,3.7321045765632624e-07,4.70569703246715e-07,3.245307861815158e-07,3.5698388427151384e-07
2025-11-24 08:24:56+00,-6.962494333,107.7050403,679.9,7,59.21569,27.5562,43.0,29.73169,42.0,30.31182,34.0,24.22045,33.0,6.562078825572066,16795.542209804873,1.5,3.7321045765632624e-07,4.70569703246715e-07,3.245307861815158e-07,3.5698388427151384e-07
2025-11-24 08:25:01+00,-6.962417333,107.7050442,678.4,9,54.90196,27.5562,43.0,29.73169,42.0,30.31182,34.0,24.22045,33.0,8.57283529354431,16804.115045098417,-1.5,3.7321045765632624e-07,4.70569703246715e-07,3.245307861815158e-07,3.5698388427151384e-07
2025-11-24 08:25:06+00,-6.962317667,107.705071,674.8,9,54.5098,27.5562,43.0,29.73169,42.0,30.31182,34.0,24.22045,33.0,11.470352193327356,16815.585397291743,-3.6000000000000227,3.7321045765632624e-07,4.70569703246715e-07,3.245307861815158e-07,3.5698388427151384e-07
2025-11-24 08:25:11+00,-6.962216167,107.7050417,673.6,16,48.62745,27.5562,43.0,29.73169,42.0,30.31182,34.0,24.22045,33.0,11.7404976766851,16827.325894968428,-1.1999999999999318,3.7321045765632624e-07,4.70569703246715e-07,3.245307861815158e-07,3.5698388427151384e-07
2025-11-24 08:25:16+00,-6.962116,107.7048913,674.2,18,79.60784,27.5562,43.0,29.73169,42.0,30.31182,34.0,24.22045,33.0,19.990770808462447,16847.31666577689,0.6000000000000227,3.7321045765632624e-07,4.70569703246715e-07,3.245307861815158e-07,3.5698388427151384e-07
2025-11-24 08:25:21+00,-6.962009167,107.7046945,677.2,22,63.52941,27.5562,43.0,29.73169,42.0,30.31182,34.0,24.22045,33.0,24.75795119932271,16872.074616976213,3.0,3.7321045765632624e-07,4.70569703246715e-07,3.245307861815158e-07,3.5698388427151384e-07
2025-11-24 08:25:26+00,-6.961982167,107.7044113,679.7,27,59.21569,27.5562,43.0,29.73169,42.0,30.31182,34.0,24.22045,33.0,31.40210902108068,16903.476725997294,2.5,3.7321045765632624e-07,4.70569703246715e-07,3.245307861815158e-07,3.5698388427151384e-07
2025-11-24 08:25:31+00,-6.961968333,107.7040727,681.3,28,54.11765,27.5562,43.0,29.73169,42.0,30.31182,34.0,24.22045,33.0,37.40469305230597,16940.8814190496,1.599999999999909,3.7321045765632624e-07,4.70569703246715e-07,3.245307861815158e-07,3.5698388427151384e-07
2025-11-24 08:25:36+00,-6.961870833,107.7037188,682.7,32,63.13726,27.5562,43.0,29.73169,42.0,30.31182,34.0,24.22045,33.0,40.53840570583867,16981.41982475544,1.400000000000091,3.7321045765632624e-07,4.70569703246715e-07,3.245307861815158e-07,3.5698388427151384e-07
2025-11-24 08:25:41+00,-6.961648667,107.7033883,682.6,28,49.41177,27.5562,43.0,29.73169,42.0,30.31182,34.0,24.22045,33.0,44.05672963037647,17025.47655438582,-0.10000000000002274,3.7321045765632624e-07,4.70569703246715e-07,3.245307861815158e-07,3.5698388427151384e-07
2025-11-24 08:25:46+00,-6.961381667,107.7031297,683.4,7,50.98039,27.5562,43.0,29.73169,42.0,30.31182,34.0,24.22045,33.0,41.18431850981178,17066.66087289563,0.7999999999999545,3.7321045765632624e-07,4.70569703246715e-07,3.245307861815158e-07,3.5698388427151384e-07
2025-11-24 08:25:51+00,-6.961263333,107.7030453,684.6,14,58.82353,27.5562,43.0,29.73169,42.0,30.31182,34.0,24.22045,33.0,16.122005385720257,17082.782878281352,1.2000000000000455,3.7321045765632624e-07,4.70569703246715e-07,3.245307861815158e-07,3.5698388427151384e-07
2025-11-24 08:25:56+00,-6.961135,107.7029718,685.3,23,70.19608,27.5562,43.0,29.73169,42.0,30.60188,34.0,24.22045,33.0,16.414840772705244,17099.197719054057,0.6999999999999318,3.7321045765632624e-07,4.70569703246715e-07,3.245307861815158e-07,3.5698388427151384e-07
2025-11-24 08:26:01+00,-6.960881833,107.7028583,684.1,27,60.0,27.5562,43.0,29.73169,42.0,30.60188,34.0,24.22045,33.0,30.812589318123194,17130.01030837218,-1.1999999999999318,3.7321045765632624e-07,4.70569703246715e-07,3.245307861815158e-07,3.5698388427151384e-07
2025-11-24 08:26:06+00,-6.960562833,107.7027402,684.0,29,40.0,27.5562,43.0,29.73169,42.0,30.60188,34.0,24.22045,33.0,37.790587437680635,17167.80089580986,-0.10000000000002274,3.7321045765632624e-07,4.70569703246715e-07,3.245307861815158e-07,3.5698388427151384e-07
2025-11-24 08:26:11+00,-6.960215333,107.7026242,684.6,20,44.31372,27.5562,43.0,29.73169,42.0,30.60188,34.0,24.22045,33.0,40.70630674587883,17208.507202555742,0.6000000000000227,3.7321045765632624e-07,4.70569703246715e-07,3.245307861815158e-07,3.5698388427151384e-07
2025-11-24 08:26:16+00,-6.959957333,107.7025352,685.1,6,65.88235,27.5562,43.0,29.73169,42.0,30.60188,34.0,24.22045,33.0,30.32359102935673,17238.830793585097,0.5,3.7321045765632624e-07,4.70569703246715e-07,3.245307861815158e-07,3.5698388427151384e-07
2025-11-24 08:26:21+00,-6.959833833,107.7024925,685.6,13,51.76471,27.5562,43.0,29.73169,42.0,30.60188,34.0,24.22045,33.0,14.518845192827133,17253.349638777923,0.5,3.7321045765632624e-07,4.70569703246715e-07,3.245307861815158e-07,3.5698388427151384e-07
2025-11-24 08:26:26+00,-6.9597085,107.7024387,685.2,17,58.03922,27.5562,43.0,29.73169,42.0,30.60188,34.0,24.22045,33.0,15.148795329872778,17268.498434107794,-0.39999999999997726,3.7321045765632624e-07,4.70569703246715e-07,3.245307861815158e-07,3.5698388427151384e-07
2025-11-24 08:26:31+00,-6.959596,107.7022663,685.7,21,54.11765,27.5562,43.0,29.73169,42.0,30.60188,34.0,24.22045,33.0,22.77236897312118,17291.270803080915,0.5,3.7321045765632624e-07,4.70569703246715e-07,3.245307861815158e-07,3.5698388427151384e-07
2025-11-24 08:26:36+00,-6.959616667,107.7020167,685.9,24,67.45098,27.5562,43.0,29.73169,42.0,30.60188,34.0,24.22045,33.0,27.645474159087613,17318.91627724,0.1999999999999318,3.7321045765632624e-07,4.70569703246715e-07,3.245307861815158e-07,3.5698388427151384e-07
2025-11-24 08:26:41+00,-6.959663833,107.7017238,685.7,26,58.43137,27.5562,43.0,29.73169,42.0,30.74692,34.0,24.22045,33.0,32.75170802245746,17351.66798526246,-0.1999999999999318,3.7321045765632624e-07,4.70569703246715e-07,3.245307861815158e-07,3.5698388427151384e-07
2025-11-24 08:26:46+00,-6.9597175,107.701405,686.2,27,40.0,27.5562,43.0,29.73169,42.0,30.74692,34.0,24.22045,33.0,35.6902193163398,17387.3582045788,0.5,3.7321045765632624e-07,4.70569703246715e-07,3.245307861815158e-07,3.5698388427151384e-07
2025-11-24 08:26:51+00,-6.959778167,107.7010635,686.2,20,43.92157,27.5562,43.0,29.73169,42.0,30.74692,34.0,24.22045,33.0,38.29220351074601,17425.650408089547,0.0,3.7321045765632624e-07,4.70569703246715e-07,3.245307861815158e-07,3.5698388427151384e-07
2025-11-24 08:26:56+00,-6.959823333,107.7007822,686.8,19,58.03922,27.5562,43.0,29.73169,42.0,30.74692,34.0,24.22045,33.0,31.452252436084347,17457.10266052563,0.599999999999909,3.7321045765632624e-07,4.70569703246715e-07,3.245307861815158e-07,3.5698388427151384e-07
2025-11-24 08:27:01+00,-6.9598585,107.7005388,687.4,15,53.72549,27.5562,43.0,29.73169,42.0,30.74692,34.0,24.22045,33.0,27.148547391079457,17484.25120791671,0.6000000000000227,3.7321045765632624e-07,4.70569703246715e-07,3.245307861815158e-07,3.5698388427151384e-07
2025-11-24 08:27:06+00,-6.959895333,107.7003443,687.7,12,52.54902,27.5562,43.0,29.73169,42.0,30.74692,34.0,24.22045,33.0,21.85526524159498,17506.106473158306,0.3000000000000682,3.7321045765632624e-07,4.70569703246715e-07,3.245307861815158e-07,3.5698388427151384e-07
2025-11-24 08:27:11+00,-6.959937667,107.7001903,687.6,14,52.15686,27.5562,43.0,29.73169,42.0,30.74692,34.0,24.22045,33.0,17.637634797007436,17523.744107955314,-0.10000000000002274,3.7321045765632624e-07,4.70569703246715e-07,3.245307861815158e-07,3.5698388427151384e-07
2025-11-24 08:27:16+00,-6.960068167,107.7001265,688.8,16,62.35294,27.5562,43.0,29.73169,42.0,30.74692,34.0,24.22045,33.0,16.1293899979216,17539.873497953235,1.1999999999999318,3.7321045765632624e-07,4.70569703246715e-07,3.245307861815158e-07,3.5698388427151384e-07
2025-11-24 08:27:21+00,-6.9602705,107.7001672,688.4,15,52.94118,27.5562,43.0,29.73169,42.0,30.74692,34.0,24.22045,33.0,22.94254121685743,17562.81603917009,-0.39999999999997726,3.7321045765632624e-07,4.70569703246715e-07,3.245307861815158e-07,3.5698388427151384e-07
2025-11-24 08:27:26+00,-6.960467167,107.7002023,687.7,15,50.98039,27.5562,43.0,29.73169,42.0,30.74692,34.0,24.22045,33.0,22.20892478505369,17585.024963955144,-0.6999999999999318,3.7321045765632624e-07,4.70569703246715e-07,3.245307861815158e-07,3.5698388427151384e-07
2025-11-24 08:27:31+00,-6.960609833,107.7003015,688.3,12,51.76471,27.5562,43.0,29.73169,42.0,30.74692,34.0,24.22045,33.0,19.275502188932414,17604.300466144075,0.599999999999909,3.7321045765632624e-07,4.70569703246715e-07,3.245307861815158e-07,3.5698388427151384e-07
2025-11-24 08:27:36+00,-6.960597333,107.7004578,689.6,14,77.64706,27.5562,43.0,29.73169,42.0,30.74692,34.0,24.22045,33.0,17.307598873749075,17621.608065017823,1.3000000000000682,3.7321045765632624e-07,4.70569703246715e-07,3.245307861815158e-07,3.5698388427151384e-07
2025-11-24 08:27:41+00,-6.9605735,107.7006278,689.7,18,49.41177,27.5562,43.0,29.73169,42.0,30.74692,34.0,24.22045,33.0,18.950062962143967,17640.558127979966,0.10000000000002274,3.7321045765632624e-07,4.70569703246715e-07,3.245307861815158e-07,3.5698388427151384e-07
2025-11-24 08:27:46+00,-6.9605435,107.7008463,690.5,15,49.01961,27.5562,43.0,29.73169,42.0,30.74692,34.0,24.22045,33.0,24.346671143327644,17664.904799123295,0.7999999999999545,3.7321045765632624e-07,4.70569703246715e-07,3.245307861815158e-07,3.5698388427151384e-07
2025-11-24 08:27:51+00,-6.960517,107.70104,691.3,5,52.54902,27.5562,43.0,29.73169,42.0,30.74692,34.0,24.22045,33.0,21.581853087646902,17686.48665221094,0.7999999999999545,3.7321045765632624e-07,4.70569703246715e-07,3.245307861815158e-07,3.5698388427151384e-07
2025-11-24 08:27:56+00,-6.960509333,107.701101,691.3,14,69.80392,27.5562,43.0,29.73169,42.0,30.74692,34.0,24.22045,33.0,6.7866692357697405,17693.27332144671,0.0,3.7321045765632624e-07,4.70569703246715e-07,3.245307861815158e-07,3.5698388427151384e-07
2025-11-24 08:28:01+00,-6.960478667,107.701258,691.8,22,62.35294,27.5562,43.0,29.73169,42.0,30.74692,34.0,24.22045,33.0,17.661270222557327,17710.93459166927,0.5,3.7321045765632624e-07,4.70569703246715e-07,3.245307861815158e-07,3.5698388427151384e-07
2025-11-24 08:28:06+00,-6.960434833,107.701516,692.8,29,66.66666,27.5562,43.0,29.73169,42.0,30.74692,34.0,24.22045,33.0,28.891016578142843,17739.82560824741,1.0,3.7321045765632624e-07,4.70569703246715e-07,3.245307861815158e-07,3.5698388427151384e-07
2025-11-24 08:28:11+00,-6.960371333,107.7018565,694.1,28,38.03922,27.5562,43.0,29.73169,42.0,30.74692,34.0,24.22045,33.0,38.24041812969178,17778.066026377102,1.3000000000000682,3.7321045765632624e-07,4.70569703246715e-07,3.245307861815158e-07,3.5698388427151384e-07
2025-11-24 08:28:16+00,-6.9603065,107.7022203,695.5,19,58.82353,27.5562,43.0,29.73169,42.0,30.74692,34.0,24.22045,33.0,40.79665107463127,17818.862677451732,1.3999999999999773,3.7321045765632624e-07,4.70569703246715e-07,3.245307861815158e-07,3.5698388427151384e-07
2025-11-24 08:28:21+00,-6.960234667,107.7024897,694.8,15,59.21569,27.5562,43.0,29.73169,42.0,30.74692,34.0,24.22045,33.0,30.78930666767236,17849.651984119406,-0.7000000000000455,3.7321045765632624e-07,4.70569703246715e-07,3.245307861815158e-07,3.5698388427151384e-07
2025-11-24 08:28:26+00,-6.960073,107.7025593,693.6,18,50.58823,27.5562,43.0,29.73169,42.0,30.74692,34.0,24.22045,33.0,19.5492353238121,17869.201219443217,-1.1999999999999318,3.7321045765632624e-07,4.70569703246715e-07,3.245307861815158e-07,3.5698388427151384e-07
2025-11-24 08:28:31+00,-6.959858167,107.7025017,692.8,9,64.70588,27.5562,43.0,29.73169,42.0,30.74692,34.0,24.22045,33.0,24.71990963888954,17893.921129082108,-0.8000000000000682,3.7321045765632624e-07,4.70569703246715e-07,3.245307861815158e-07,3.5698388427151384e-07
2025-11-24 08:28:36+00,-6.959732667,107.702459,692.3,20,75.29412,27.5562,43.0,29.73169,42.0,30.74692,34.0,24.22045,33.0,14.729369282453426,17908.65049836456,-0.5,3.7321045765632624e-07,4.70569703246715e-07,3.245307861815158e-07,3.5698388427151384e-07
2025-11-24 08:28:41+00,-6.959515667,107.7023772,693.0,27,70.58823,27.5562,43.0,29.73169,42.0,30.74692,34.0,24.22045,33.0,25.763206200705913,17934.413704565268,0.7000000000000455,3.7321045765632624e-07,4.70569703246715e-07,3.245307861815158e-07,3.5698388427151384e-07
2025-11-24 08:28:46+00,-6.959221,107.702263,692.0,35,71.76471,27.5562,43.0,29.73169,42.0,30.74692,34.0,24.22045,33.0,35.10645743159487,17969.52016199686,-1.0,3.7321045765632624e-07,4.70569703246715e-07,3.245307861815158e-07,3.5698388427151384e-07
2025-11-24 08:28:51+00,-6.9588405,107.702095,689.6,40,76.86275,27.5562,43.0,29.73169,42.0,30.74692,34.0,24.22045,33.0,46.19482230886004,18015.71498430572,-2.3999999999999773,3.7321045765632624e-07,4.70569703246715e-07,3.245307861815158e-07,3.5698388427151384e-07
2025-11-24 08:28:56+00,-6.9583875,107.7019033,688.7,44,53.33333,27.5562,43.0,29.73169,42.0,30.74692,34.0,24.22045,33.0,54.634986531151576,18070.349970836873,-0.8999999999999773,3.7321045765632624e-07,4.70569703246715e-07,3.245307861815158e-07,3.5698388427151384e-07
2025-11-24 08:29:01+00,-6.957895667,107.7016913,688.5,23,50.98039,27.5562,43.0,29.73169,42.0,30.74692,34.0,24.22045,33.0,59.48511799981646,18129.835088836688,-0.20000000000004547,3.7321045765632624e-07,4.70569703246715e-07,3.245307861815158e-07,3.5698388427151384e-07
2025-11-24 08:29:06+00,-6.957559833,107.7015468,688.4,15,74.11765,27.5562,43.0,29.73169,42.0,30.74692,34.0,24.22045,33.0,40.60650754972039,18170.44159638641,-0.10000000000002274,3.7321045765632624e-07,4.70569703246715e-07,3.245307861815158e-07,3.5698388427151384e-07
2025-11-24 08:29:11+00,-6.957387667,107.701474,687.5,27,74.11765,27.5562,43.0,29.73169,42.0,30.74692,34.0,24.22045,33.0,20.762002364105946,18191.203598750515,-0.8999999999999773,3.7321045765632624e-07,4.70569703246715e-07,3.245307861815158e-07,3.5698388427151384e-07
2025-11-24 08:29:16+00,-6.957106833,107.7013538,687.2,35,80.78432,27.5562,43.0,29.73169,42.0,30.74692,34.0,24.22045,33.0,33.92885911505899,18225.132457865573,-0.2999999999999545,3.7321045765632624e-07,4.70569703246715e-07,3.245307861815158e-07,3.5698388427151384e-07
2025-11-24 08:29:21+00,-6.956719833,107.7011913,686.8,40,76.47059,27.5562,43.0,29.73169,42.0,30.60188,34.0,24.22045,33.0,46.62082989458174,18271.753287760155,-0.40000000000009095,3.7321045765632624e-07,4.70569703246715e-07,3.245307861815158e-07,3.5698388427151384e-07
2025-11-24 08:29:26+00,-6.956266667,107.7009997,687.1,35,39.60784,27.5562,43.0,29.73169,42.0,30.60188,34.0,24.22045,33.0,54.647769518194046,18326.401057278348,0.3000000000000682,3.7321045765632624e-07,4.70569703246715e-07,3.245307861815158e-07,3.5698388427151384e-07
2025-11-24 08:29:31+00,-6.955840333,107.7008197,686.4,6,52.94118,27.5562,43.0,29.73169,42.0,30.60188,34.0,24.22045,33.0,51.40117685625319,18377.8022341346,-0.7000000000000455,3.7321045765632624e-07,4.70569703246715e-07,3.245307861815158e-07,3.5698388427151384e-07
2025-11-24 08:29:36+00,-6.955671833,107.7007495,686.8,9,70.58823,27.5562,43.0,29.73169,42.0,30.60188,35.0,24.22045,33.0,20.275353691305195,18398.077587825905,0.39999999999997726,3.7321045765632624e-07,4.70569703246715e-07,3.245307861815158e-07,3.5698388427151384e-07
2025-11-24 08:29:41+00,-6.955587667,107.7007078,686.4,10,47.05882,27.5562,43.0,29.73169,42.0,30.60188,35.0,24.22045,33.0,10.429425219994426,18408.5070130459,-0.39999999999997726,3.7321045765632624e-07,4.70569703246715e-07,3.245307861815158e-07,3.5698388427151384e-07
2025-11-24 08:29:46+00,-6.955486833,107.7006167,686.5,15,68.23529,27.5562,43.0,29.73169,42.0,30.60188,35.0,24.22045,33.0,15.0606738690215,18423.56768691492,0.10000000000002274,3.7321045765632624e-07,4.70569703246715e-07,3.245307861815158e-07,3.5698388427151384e-07
2025-11-24 08:29:51+00,-6.955378333,107.7004767,686.6,25,67.84314,27.5562,43.0,29.73169,42.0,30.60188,35.0,24.22045,33.0,19.60468123670941,18443.17236815163,0.10000000000002274,3.7321045765632624e-07,4.70569703246715e-07,3.245307861815158e-07,3.5698388427151384e-07
2025-11-24 08:29:56+00,-6.955110333,107.7003978,687.6,31,76.07843,27.5562,43.0,29.73169,42.0,30.60188,35.0,24.22045,33.0,31.046718801928904,18474.21908695356,1.0,3.7321045765632624e-07,4.70569703246715e-07,3.245307861815158e-07,3.5698388427151384e-07
2025-11-24 08:30:01+00,-6.95474,107.7003693,688.3,36,58.43137,27.5562,43.0,29.73169,42.0,30.60188,35.0,24.22045,33.0,41.29918678009013,18515.518273733647,0.6999999999999318,3.7321045765632624e-07,4.70569703246715e-07,3.245307861815158e-07,3.5698388427151384e-07
2025-11-24 08:30:06+00,-6.9543335,107.7002245,688.2,38,64.70588,27.5562,43.0,29.73169,42.0,30.60188,35.0,24.22045,33.0,47.94325133227737,18563.461525065926,-0.09999999999990905,3.7321045765632624e-07,4.70569703246715e-07,3.245307861815158e-07,3.5698388427151384e-07
2025-11-24 08:30:11+00,-6.953915667,107.6999982,687.7,36,40.0,27.5562,43.0,29.73169,42.0,30.60188,35.0,24.22045,33.0,52.749777701667576,18616.211302767595,-0.5,3.7321045765632624e-07,4.70569703246715e-07,3.245307861815158e-07,3.5698388427151384e-07
2025-11-24 08:30:16+00,-6.953636333,107.6996272,687.0,11,67.84314,27.5562,43.0,29.73169,42.0,30.60188,35.0,24.22045,33.0,51.39703131313226,18667.608334080727,-0.7000000000000455,3.7321045765632624e-07,4.70569703246715e-07,3.245307861815158e-07,3.5698388427151384e-07
2025-11-24 08:30:21+00,-6.953566167,107.6994295,687.6,16,69.80392,27.5562,43.0,29.73169,42.0,30.60188,35.0,24.22045,33.0,23.17442323459048,18690.78275731532,0.6000000000000227,3.7321045765632624e-07,4.70569703246715e-07,3.245307861815158e-07,3.5698388427151384e-07
2025-11-24 08:30:26+00,-6.953546667,107.699253,688.1,27,70.19608,27.5562,43.0,29.73169,42.0,30.60188,35.0,24.22045,33.0,19.601870304832975,18710.38462762015,0.5,3.7321045765632624e-07,4.70569703246715e-07,3.245307861815158e-07,3.5698388427151384e-07
2025-11-24 08:30:31+00,-6.953632333,107.6989547,689.3,34,71.37255,27.5562,43.0,29.73169,42.0,30.60188,35.0,24.22045,33.0,34.27575460737562,18744.66038222753,1.1999999999999318,3.7321045765632624e-07,4.70569703246715e-07,3.245307861815158e-07,3.5698388427151384e-07
2025-11-24 08:30:36+00,-6.953789333,107.6985877,691.8,33,55.29412,27.5562,43.0,29.73169,42.0,30.60188,35.0,24.22045,33.0,44.11009745132349,18788.770479678853,2.5,3.7321045765632624e-07,4.70569703246715e-07,3.245307861815158e-07,3.5698388427151384e-07
2025-11-24 08:30:41+00,-6.953958667,107.698185,692.9,28,68.62745,27.5562,43.0,29.73169,42.0,30.60188,35.0,24.22045,33.0,48.272529468843246,18837.043009147696,1.1000000000000227,3.7321045765632624e-07,4.70569703246715e-07,3.245307861815158e-07,3.5698388427151384e-07
2025-11-24 08:30:46+00,-6.9541005,107.6978523,693.8,33,67.84314,27.5562,43.0,29.73169,42.0,30.60188,35.0,24.22045,33.0,39.96582807269072,18877.008837220386,0.8999999999999773,3.7321045765632624e-07,4.70569703246715e-07,3.245307861815158e-07,3.5698388427151384e-07
2025-11-24 08:30:51+00,-6.954255833,107.6974902,695.5,37,65.88235,27.5562,43.0,29.73169,42.0,30.60188,35.0,24.22045,33.0,43.540034739101586,18920.548871959487,1.7000000000000455,3.7321045765632624e-07,4.70569703246715e-07,3.245307861815158e-07,3.5698388427151384e-07
2025-11-24 08:30:56+00,-6.954437833,107.697065,694.6,41,76.86275,27.5562,43.0,29.73169,42.0,30.60188,35.0,24.22045,33.0,51.10966517822487,18971.65853713771,-0.8999999999999773,3.7321045765632624e-07,4.70569703246715e-07,3.245307861815158e-07,3.5698388427151384e-07
2025-11-24 08:31:01+00,-6.954631167,107.6966037,694.5,37,44.31372,27.5562,43.0,29.73169,42.0,30.60188,35.0,24.22045,33.0,55.26920630068058,19026.92774343839,-0.10000000000002274,3.7321045765632624e-07,4.70569703246715e-07,3.245307861815158e-07,3.5698388427151384e-07
2025-11-24 08:31:06+00,-6.954821167,107.696153,693.3,8,52.54902,27.5562,43.0,29.73169,42.0,30.60188,35.0,24.22045,33.0,54.04724645656704,19080.97498989496,-1.2000000000000455,3.7321045765632624e-07,4.70569703246715e-07,3.245307861815158e-07,3.5698388427151384e-07
2025-11-24 08:31:12+00,-6.954913,107.695929,693.4,12,38.43137,27.5562,43.0,29.73169,42.0,30.60188,35.0,24.22045,33.0,26.75012783896979,19107.725117733928,0.10000000000002274,3.7321045765632624e-07,4.70569703246715e-07,3.245307861815158e-07,3.5698388427151384e-07
2025-11-24 08:31:17+00,-6.9549685,107.6958003,693.9,11,74.5098,27.5562,43.0,29.73169,42.0,30.31182,35.0,24.22045,33.0,15.48811169634022,19123.21322943027,0.5,3.7321045765632624e-07,4.70569703246715e-07,3.245307861815158e-07,3.5698388427151384e-07
2025-11-24 08:31:22+00,-6.955084,107.6957055,693.1,23,79.60784,27.5562,43.0,29.73169,42.0,30.31182,35.0,24.22045,33.0,16.566019967590154,19139.77924939786,-0.7999999999999545,3.7321045765632624e-07,4.70569703246715e-07,3.245307861815158e-07,3.5698388427151384e-07
2025-11-24 08:31:27+00,-6.955360667,107.6956457,692.1,34,97.64706,27.5562,43.0,29.73169,42.0,30.60188,36.0,24.22045,33.0,31.464127219319206,19171.243376617178,-1.0,3.7321045765632624e-07,4.70569703246715e-07,3.245307861815158e-07,3.5698388427151384e-07
2025-11-24 08:31:32+00,-6.955773833,107.6955622,690.9,38,43.52941,27.5562,43.0,29.73169,42.0,30.60188,36.0,24.22045,33.0,46.85736731276339,19218.100743929943,-1.2000000000000455,3.7321045765632624e-07,4.70569703246715e-07,3.245307861815158e-07,3.5698388427151384e-07
2025-11-24 08:31:37+00,-6.956248333,107.6954645,690.2,40,52.15686,27.5562,43.0,29.73169,42.0,30.60188,36.0,24.22045,33.0,53.85281622654502,19271.95356015649,-0.6999999999999318,3.7321045765632624e-07,4.70569703246715e-07,3.245307861815158e-07,3.5698388427151384e-07
2025-11-24 08:31:42+00,-6.9567275,107.695365,690.9,36,64.70588,27.5562,43.0,29.73169,42.0,30.60188,36.0,24.22045,33.0,54.40111057491173,19326.3546707314,0.6999999999999318,3.7321045765632624e-07,4.70569703246715e-07,3.245307861815158e-07,3.5698388427151384e-07
2025-11-24 08:31:47+00,-6.957179,107.6952638,690.5,44,60.0,27.5562,43.0,29.73169,42.0,30.60188,36.0,24.22045,33.0,51.43219488632923,19377.78686561773,-0.39999999999997726,3.7321045765632624e-07,4.70569703246715e-07,3.245307861815158e-07,3.5698388427151384e-07
2025-11-24 08:31:52+00,-6.957703,107.6951602,690.8,38,38.43137,27.5562,43.0,29.73169,42.0,30.60188,36.0,24.22045,33.0,59.37770177933122,19437.164567397063,0.2999999999999545,3.7321045765632624e-07,4.70569703246715e-07,3.245307861815158e-07,3.5698388427151384e-07
2025-11-24 08:31:57+00,-6.958185833,107.6950732,691.6,35,76.47059,27.5562,43.0,29.73169,42.0,30.60188,36.0,24.22045,33.0,54.54066319885196,19491.705230595915,0.8000000000000682,3.7321045765632624e-07,4.70569703246715e-07,3.245307861815158e-07,3.5698388427151384e-07
2025-11-24 08:32:02+00,-6.958636667,107.6950347,692.8,40,91.37255,27.5562,43.0,29.73169,42.0,30.60188,36.0,24.22045,33.0,50.310310882394454,19542.01554147831,1.1999999999999318,3.7321045765632624e-07,4.70569703246715e-07,3.245307861815158e-07,3.5698388427151384e-07
2025-11-24 08:32:07+00,-6.9591475,107.6950442,692.8,47,41.56863,27.5562,43.0,29.73169,42.0,30.60188,36.0,24.22045,33.0,56.81179395161679,19598.827335429927,0.0,3.7321045765632624e-07,4.70569703246715e-07,3.245307861815158e-07,3.5698388427151384e-07
2025-11-24 08:32:12+00,-6.959716833,107.6951302,692.3,37,38.43137,27.5562,43.0,29.73169,42.0,30.60188,36.0,24.22045,33.0,64.01471717195625,19662.84205260188,-0.5,3.7321045765632624e-07,4.70569703246715e-07,3.245307861815158e-07,3.5698388427151384e-07
2025-11-24 08:32:17+00,-6.960182833,107.6952178,692.1,28,58.82353,27.5562,43.0,29.73169,42.0,30.60188,36.0,24.22045,33.0,52.71128653373684,19715.55333913562,-0.1999999999999318,3.7321045765632624e-07,4.70569703246715e-07,3.245307861815158e-07,3.5698388427151384e-07
2025-11-24 08:32:20+00,-6.960373,107.6953222,692.4,31,92.94118,27.5562,43.0,29.73169,42.0,30.60188,36.0,24.22045,33.0,24.08157684225227,19739.63491597787,0.2999999999999545,3.7321045765632624e-07,4.70569703246715e-07,3.245307861815158e-07,3.5698388427151384e-07
2025-11-24 08:32:27+00,-6.960478833,107.6958515,693.4,41,90.98039,27.5562,43.0,29.73169,42.0,30.60188,36.0,24.22045,33.0,59.5952566300743,19799.230172607942,1.0,3.7321045765632624e-07,4.70569703246715e-07,3.245307861815158e-07,3.5698388427151384e-07
2025-11-24 08:32:32+00,-6.960381667,107.6963507,689.3,42,38.82353,27.5562,43.0,29.73169,42.0,30.60188,36.0,24.22045,33.0,56.14880657404237,19855.378979181984,-4.100000000000023,3.7321045765632624e-07,4.70569703246715e-07,3.245307861815158e-07,3.5698388427151384e-07
2025-11-24 08:32:37+00,-6.960285333,107.6968807,689.1,45,79.21568,27.5562,43.0,29.73169,42.0,30.60188,36.0,24.22045,33.0,59.471718569617174,19914.8506977516,-0.1999999999999318,3.7321045765632624e-07,4.70569703246715e-07,3.245307861815158e-07,3.5698388427151384e-07
2025-11-24 08:32:42+00,-6.960182833,107.6974315,688.4,48,67.45098,27.5562,43.0,29.73169,42.0,30.60188,36.0,24.22045,33.0,61.85403987798724,19976.70473762959,-0.7000000000000455,3.7321045765632624e-07,4.70569703246715e-07,3.245307861815158e-07,3.5698388427151384e-07
2025-11-24 08:32:47+00,-6.960075167,107.6980263,687.5,50,40.39216,27.5562,43.0,29.73169,42.0,30.60188,36.0,24.22045,33.0,66.73408729096626,20043.438824920555,-0.8999999999999773,3.7321045765632624e-07,4.70569703246715e-07,3.245307861815158e-07,3.5698388427151384e-07
2025-11-24 08:32:52+00,-6.9599665,107.6986467,688.3,47,34.5098,27.5562,43.0,29.73169,42.0,30.60188,36.0,24.22045,33.0,69.53498233011462,20112.97380725067,0.7999999999999545,3.7321045765632624e-07,4.70569703246715e-07,3.245307861815158e-07,3.5698388427151384e-07
2025-11-24 08:32:57+00,-6.959863333,107.6992295,688.7,35,40.0,27.5562,43.0,29.73169,42.0,30.60188,36.0,24.22045,33.0,65.34184545538031,20178.31565270605,0.40000000000009095,3.7321045765632624e-07,4.70569703246715e-07,3.245307861815158e-07,3.5698388427151384e-07
2025-11-24 08:33:02+00,-6.959786833,107.699673,689.2,11,66.66666,27.5562,43.0,29.73169,42.0,30.60188,36.0,24.22045,33.0,49.68522582307437,20228.000878529125,0.5,3.7321045765632624e-07,4.70569703246715e-07,3.245307861815158e-07,3.5698388427151384e-07
2025-11-24 08:33:07+00,-6.959755,107.6998298,689.6,17,62.35294,27.5562,43.0,29.73169,42.0,30.60188,36.0,24.22045,33.0,17.665180679930998,20245.666059209056,0.39999999999997726,3.7321045765632624e-07,4.70569703246715e-07,3.245307861815158e-07,3.5698388427151384e-07
2025-11-24 08:33:12+00,-6.959717833,107.7000243,690.4,12,54.11765,27.5562,43.0,29.73169,42.0,30.60188,36.0,24.22045,33.0,21.862261818384905,20267.52832102744,0.7999999999999545,3.7321045765632624e-07,4.70569703246715e-07,3.245307861815158e-07,3.5698388427151384e-07
2025-11-24 08:33:17+00,-6.959785667,107.7001428,691.3,21,62.35294,27.5562,43.0,29.73169,42.0,30.60188,36.0,24.22045,33.0,15.098606589067368,20282.626927616508,0.8999999999999773,3.7321045765632624e-07,4.70569703246715e-07,3.245307861815158e-07,3.5698388427151384e-07
2025-11-24 08:33:22+00,-6.960032,107.7001137,690.5,23,78.43137,27.5562,43.0,29.73169,42.0,30.60188,36.0,24.22045,33.0,27.578694024847152,20310.205621641355,-0.7999999999999545,3.7321045765632624e-07,4.70569703246715e-07,3.245307861815158e-07,3.5698388427151384e-07
2025-11-24 08:33:27+00,-6.96032,107.7001533,690.4,19,47.45098,27.5562,43.0,29.73169,42.0,30.60188,36.0,24.22045,33.0,32.321089947417846,20342.526711588773,-0.10000000000002274,3.7321045765632624e-07,4.70569703246715e-07,3.245307861815158e-07,3.5698388427151384e-07
2025-11-24 08:33:31+00,-6.960571667,107.7001827,665.2,13,50.58823,27.5562,43.0,29.73169,42.0,30.60188,36.0,24.22045,33.0,28.171651632114315,20370.698363220887,-25.199999999999932,3.7321045765632624e-07,4.70569703246715e-07,3.245307861815158e-07,3.5698388427151384e-07
2025-11-24 08:33:37+00,-6.960644167,107.7003627,687.2,14,68.23529,27.5562,43.0,29.73169,42.0,30.60188,36.0,24.22045,33.0,21.44088405667695,20392.139247277562,22.0,3.7321045765632624e-07,4.70569703246715e-07,3.245307861815158e-07,3.5698388427151384e-07
2025-11-24 08:33:42+00,-6.96062,107.7005387,688.1,21,69.01961,27.5562,43.0,29.73169,42.0,30.60188,36.0,24.22045,33.0,19.611079726363773,20411.750327003927,0.8999999999999773,3.7321045765632624e-07,4.70569703246715e-07,3.245307861815158e-07,3.5698388427151384e-07
2025-11-24 08:33:47+00,-6.960581833,107.7007975,689.2,20,47.45098,27.5562,43.0,29.73169,42.0,30.60188,36.0,24.22045,33.0,28.87873739635643,20440.629064400284,1.1000000000000227,3.7321045765632624e-07,4.70569703246715e-07,3.245307861815158e-07,3.5698388427151384e-07
2025-11-24 08:33:52+00,-6.96054,107.7010365,690.1,6,51.76471,27.5562,43.0,29.73169,42.0,30.60188,36.0,24.22045,33.0,26.78673484253965,20467.415799242823,0.8999999999999773,3.7321045765632624e-07,4.70569703246715e-07,3.245307861815158e-07,3.5698388427151384e-07
2025-11-24 08:33:57+00,-6.960518167,107.7011357,690.1,12,38.03922,27.5562,43.0,29.73169,42.0,30.60188,36.0,24.22045,33.0,11.215169560101456,20478.630968802925,0.0,3.7321045765632624e-07,4.70569703246715e-07,3.245307861815158e-07,3.5698388427151384e-07
2025-11-24 08:34:02+00,-6.9604785,107.7012868,691.7,6,63.92157,27.5562,43.0,29.73169,42.0,30.60188,36.0,24.22045,33.0,17.251151110403807,20495.882119913327,1.6000000000000227,3.7321045765632624e-07,4.70569703246715e-07,3.245307861815158e-07,3.5698388427151384e-07
2025-11-24 08:34:12+00,-6.960415,107.7013537,692.9,3,53.72549,27.5562,43.0,29.73169,42.0,30.60188,36.0,24.22045,33.0,10.21672415485122,20506.09884406818,1.1999999999999318,3.7321045765632624e-07,4.70569703246715e-07,3.245307861815158e-07,3.5698388427151384e-07
2025-11-24 08:34:17+00,-6.960378833,107.701351,692.5,5,53.33333,27.5562,43.0,29.73169,42.0,30.60188,36.0,24.22045,33.0,4.032619293635489,20510.131463361817,-0.39999999999997726,3.7321045765632624e-07,4.70569703246715e-07,3.245307861815158e-07,3.5698388427151384e-07
2025-11-24 08:34:22+00,-6.960374667,107.7013005,693.1,6,67.05882,27.5562,43.0,29.73169,42.0,30.60188,36.0,24.22045,33.0,5.59318368845161,20515.72464705027,0.6000000000000227,3.7321045765632624e-07,4.70569703246715e-07,3.245307861815158e-07,3.5698388427151384e-07
2025-11-24 08:34:27+00,-6.9603805,107.7012188,693.5,3,55.68628,27.5562,43.0,29.73169,42.0,30.60188,36.0,24.22045,33.0,9.040981375614466,20524.765628425885,0.39999999999997726,3.7321045765632624e-07,4.70569703246715e-07,3.245307861815158e-07,3.5698388427151384e-07
2025-11-24 08:34:32+00,-6.960384167,107.7011695,694.2,2,53.72549,27.5562,43.0,29.73169,42.0,30.60188,36.0,24.22045,33.0,5.456772508739965,20530.222400934625,0.7000000000000455,3.7321045765632624e-07,4.70569703246715e-07,3.245307861815158e-07,3.5698388427151384e-07
2025-11-24 08:34:42+00,-6.960403,107.7011422,692.5,1,68.23529,27.5562,43.0,29.73169,42.0,30.60188,36.0,24.22045,33.0,3.669483187227015,20533.89188412185,-1.7000000000000455,3.7321045765632624e-07,4.70569703246715e-07,3.245307861815158e-07,3.5698388427151384e-07
2025-11-24 08:34:47+00,-6.960381333,107.7011438,692.3,1,58.43137,27.5562,43.0,29.73169,42.0,30.60188,36.0,24.22045,33.0,2.4157276270129313,20536.307611748864,-0.20000000000004547,3.7321045765632624e-07,4.70569703246715e-07,3.245307861815158e-07,3.5698388427151384e-07
2025-11-24 08:34:52+00,-6.960362667,107.7011433,693.5,1,56.07843,27.5562,43.0,29.73169,42.0,30.60188,36.0,24.22045,33.0,2.076300939293856,20538.383912688158,1.2000000000000455,3.7321045765632624e-07,4.70569703246715e-07,3.245307861815158e-07,3.5698388427151384e-07
2025-11-24 09:26:18+00,-6.960332,107.7011228,694.5,4,54.11765,26.83104,36.0,28.86149,34.0,30.02176,33.0,24.22045,33.0,4.0924373716297,20542.476350059787,1.0,3.0119452074027196e-07,1.3252560539022114e-06,9.63822592870584e-07,5.42150191547441e-07
2025-11-24 09:26:23+00,-6.960359333,107.7011388,696.3,6,50.19608,26.83104,36.0,28.86149,34.0,30.02176,33.0,24.22045,33.0,3.515125155510895,20545.991475215298,1.7999999999999545,3.0119452074027196e-07,1.3252560539022114e-06,9.63822592870584e-07,5.42150191547441e-07
2025-11-24 09:26:28+00,-6.960356333,107.7012133,696.3,9,42.35294,26.83104,36.0,28.86149,34.0,30.02176,33.0,24.22045,33.0,8.229745655264296,20554.221220870564,0.0,3.0119452074027196e-07,1.3252560539022114e-06,9.63822592870584e-07,5.42150191547441e-07
2025-11-24 09:26:33+00,-6.960361833,107.7013257,697.7,3,49.41177,26.83104,36.0,28.86149,34.0,30.02176,33.0,24.22045,33.0,12.421282042059218,20566.642502912622,1.400000000000091,3.0119452074027196e-07,1.3252560539022114e-06,9.63822592870584e-07,5.42150191547441e-07
2025-11-24 09:26:38+00,-6.960383167,107.7013545,698.5,4,60.78431,26.83104,36.0,28.86149,34.0,30.02176,33.0,24.22045,33.0,3.9664065946408957,20570.608909507264,0.7999999999999545,3.0119452074027196e-07,1.3252560539022114e-06,9.63822592870584e-07,5.42150191547441e-07
2025-11-24 09:26:43+00,-6.960405167,107.7013962,699.6,15,64.31373,26.83104,36.0,28.86149,34.0,30.02176,33.0,24.22045,33.0,5.212373915405632,20575.82128342267,1.1000000000000227,3.0119452074027196e-07,1.3252560539022114e-06,9.63822592870584e-07,5.42150191547441e-07
2025-11-24 09:26:48+00,-6.960375333,107.7015658,702.0,25,74.11765,26.83104,36.0,28.86149,34.0,30.02176,33.0,24.22045,33.0,19.011372360060523,20594.832655782728,2.3999999999999773,3.0119452074027196e-07,1.3252560539022114e-06,9.63822592870584e-07,5.42150191547441e-07
2025-11-24 09:26:53+00,-6.960325833,107.7018618,702.6,27,36.47059,26.83104,36.0,28.86149,34.0,30.02176,33.0,24.22045,33.0,33.131579921409156,20627.964235704138,0.6000000000000227,3.0119452074027196e-07,1.3252560539022114e-06,9.63822592870584e-07,5.42150191547441e-07
2025-11-24 09:26:58+00,-6.960275833,107.7022167,702.1,17,42.35294,26.83104,36.0,28.86149,34.0,30.02176,33.0,24.22045,33.0,39.56488742693879,20667.529123131077,-0.5,3.0119452074027196e-07,1.3252560539022114e-06,9.63822592870584e-07,5.42150191547441e-07
