timestamp,latitude,longitude,altitude,speed,engine_load,fl_pressure,fl_temp,fr_pressure,fr_temp,rl_pressure,rl_temp,rr_pressure,rr_temp,distance_traveled_m,sum_distance_traveled_m,elevation_traveled_m,tr_fl,tr_fr,tr_rl,tr_rr
2025-11-14 05:33:57+00,-6.908889667,107.6577782,717.2,3,60.0,27.41117,35.0,28.86149,35.0,29.58666,35.0,24.22045,34.0,1.5482004901891293,1.5482004901891293,0.10000000000002274,5.968783039934295e-07,1.526897986959939e-06,2.151538072534453e-06,1.4436126422166665e-06
2025-11-14 05:34:02+00,-6.908884667,107.657801,717.5,1,81.56863,27.41117,35.0,28.86149,35.0,29.58666,35.0,24.22045,34.0,2.577515335357077,4.125715825546207,0.2999999999999545,5.968783039934295e-07,1.526897986959939e-06,2.151538072534453e-06,1.4436126422166665e-06
2025-11-14 05:34:07+00,-6.908887,107.6578203,718.2,1,62.35294,27.41117,35.0,28.86149,35.0,29.58666,35.0,24.22045,34.0,2.14621773258779,6.2719335581339966,0.7000000000000455,5.968783039934295e-07,1.526897986959939e-06,2.151538072534453e-06,1.4436126422166665e-06
2025-11-14 05:34:12+00,-6.908886833,107.6578295,719.1,1,59.60784,27.41117,35.0,28.86149,35.0,29.58666,35.0,24.22045,34.0,1.0157362221479471,7.287669780281943,0.8999999999999773,5.968783039934295e-07,1.526897986959939e-06,2.151538072534453e-06,1.4436126422166665e-06
2025-11-14 05:34:17+00,-6.908890833,107.6578455,719.5,1,84.70588,27.41117,35.0,28.86149,35.0,29.58666,35.0,24.22045,34.0,1.821345911012367,9.10901569129431,0.39999999999997726,5.968783039934295e-07,1.526897986959939e-06,2.151538072534453e-06,1.4436126422166665e-06
2025-11-14 05:34:27+00,-6.908896167,107.6578748,718.4,1,60.78431,27.41117,35.0,28.86149,35.0,29.58666,35.0,24.22045,33.0,3.288291182380429,12.39730687367474,-1.1000000000000227,5.968783039934295e-07,1.526897986959939e-06,2.151538072534453e-06,1.4436126422166665e-06
2025-11-14 05:34:55+00,-6.908882167,107.6578925,708.6,1,78.43137,27.41117,35.0,28.86149,35.0,29.58666,35.0,24.22045,33.0,2.4981967023867004,14.89550357606144,-9.799999999999955,5.968783039934295e-07,1.526897986959939e-06,2.151538072534453e-06,1.4436126422166665e-06
2025-11-14 05:35:00+00,-6.908852,107.6578942,708.4,5,58.82353,27.41117,35.0,28.86149,35.0,29.58666,35.0,24.22045,33.0,3.3596670618220386,18.255170637883477,-0.20000000000004547,5.968783039934295e-07,1.526897986959939e-06,2.151538072534453e-06,1.4436126422166665e-06
2025-11-14 05:35:05+00,-6.908824667,107.6578517,708.3,6,53.33333,27.41117,35.0,28.86149,35.0,29.58666,35.0,24.22045,33.0,5.589925028272597,23.845095666156073,-0.10000000000002274,5.968783039934295e-07,1.526897986959939e-06,2.151538072534453e-06,1.4436126422166665e-06
2025-11-14 05:35:10+00,-6.908816333,107.6577882,703.6,5,69.01961,27.41117,35.0,28.86149,35.0,29.58666,35.0,24.22045,33.0,7.070608715120886,30.91570438127696,-4.699999999999932,5.968783039934295e-07,1.526897986959939e-06,2.151538072534453e-06,1.4436126422166665e-06
2025-11-14 05:35:15+00,-6.908829,107.6577258,704.6,5,56.86274,27.41117,35.0,28.86149,35.0,29.58666,35.0,24.22045,33.0,7.0307231691140855,37.94642755039104,1.0,5.968783039934295e-07,1.526897986959939e-06,2.151538072534453e-06,1.4436126422166665e-06
2025-11-14 05:35:47+00,-6.908835833,107.6577008,710.5,1,60.78431,27.41117,35.0,28.86149,35.0,29.58666,35.0,24.22045,33.0,2.862374663394735,40.808802213785775,5.899999999999977,5.968783039934295e-07,1.526897986959939e-06,2.151538072534453e-06,1.4436126422166665e-06
2025-11-14 05:35:52+00,-6.908848333,107.6576888,711.0,4,56.86274,27.41117,35.0,28.86149,35.0,29.58666,35.0,24.22045,33.0,1.9200604285967375,42.72886264238251,0.5,5.968783039934295e-07,1.526897986959939e-06,2.151538072534453e-06,1.4436126422166665e-06
2025-11-14 05:35:57+00,-6.908902333,107.6576823,709.9,6,62.35294,27.41117,35.0,28.86149,35.0,29.58666,35.0,24.22045,33.0,6.047252865280933,48.77611550766344,-1.1000000000000227,5.968783039934295e-07,1.526897986959939e-06,2.151538072534453e-06,1.4436126422166665e-06
2025-11-14 05:36:02+00,-6.908987,107.6577015,706.3,19,48.62745,27.41117,35.0,28.86149,35.0,29.58666,35.0,24.22045,33.0,9.65017420038865,58.42628970805209,-3.6000000000000227,5.968783039934295e-07,1.526897986959939e-06,2.151538072534453e-06,1.4436126422166665e-06
2025-11-14 05:36:07+00,-6.909152333,107.6577048,702.5,12,55.29412,27.41117,35.0,28.86149,35.0,29.58666,35.0,24.22045,33.0,18.387824900839362,76.81411460889146,-3.7999999999999545,5.968783039934295e-07,1.526897986959939e-06,2.151538072534453e-06,1.4436126422166665e-06
2025-11-14 05:36:12+00,-6.909304667,107.6576552,699.6,13,92.54902,27.41117,35.0,28.86149,35.0,29.58666,35.0,24.22045,33.0,17.80170580505285,94.6158204139443,-2.8999999999999773,5.968783039934295e-07,1.526897986959939e-06,2.151538072534453e-06,1.4436126422166665e-06
2025-11-14 05:36:17+00,-6.9094745,107.6576287,697.6,19,45.09804,27.41117,35.0,28.86149,35.0,29.58666,35.0,24.22045,33.0,19.109816759037173,113.72563717298148,-2.0,5.968783039934295e-07,1.526897986959939e-06,2.151538072534453e-06,1.4436126422166665e-06
2025-11-14 05:36:22+00,-6.9097065,107.6576367,696.5,3,55.29412,27.41117,35.0,28.86149,35.0,29.58666,35.0,24.22045,33.0,25.81236946782942,139.5380066408109,-1.1000000000000227,5.968783039934295e-07,1.526897986959939e-06,2.151538072534453e-06,1.4436126422166665e-06
2025-11-14 05:36:27+00,-6.909782,107.657664,695.8,11,61.17647,27.41117,35.0,28.86149,35.0,29.58666,35.0,24.22045,33.0,8.919726040439665,148.45773268125055,-0.7000000000000455,5.968783039934295e-07,1.526897986959939e-06,2.151538072534453e-06,1.4436126422166665e-06
2025-11-14 05:36:35+00,-6.9099535,107.6577762,691.2,12,59.60784,27.41117,35.0,28.86149,35.0,29.58666,35.0,24.22045,33.0,22.739021307700348,171.1967539889509,-4.599999999999909,5.968783039934295e-07,1.526897986959939e-06,2.151538072534453e-06,1.4436126422166665e-06
2025-11-14 05:36:37+00,-6.910009167,107.6578082,686.3,13,52.94118,27.41117,35.0,28.86149,35.0,29.58666,35.0,24.22045,33.0,7.1268960291498615,178.32365001810075,-4.900000000000091,5.968783039934295e-07,1.526897986959939e-06,2.151538072534453e-06,1.4436126422166665e-06
2025-11-14 05:36:45+00,-6.910264833,107.6577563,687.1,17,46.66667,27.41117,35.0,28.86149,35.0,29.58666,35.0,24.22045,33.0,29.00033421808383,207.32398423618457,0.8000000000000682,5.968783039934295e-07,1.526897986959939e-06,2.151538072534453e-06,1.4436126422166665e-06
2025-11-14 05:36:47+00,-6.910340167,107.6577333,685.7,6,61.56863,27.41117,35.0,28.86149,35.0,29.58666,35.0,24.22045,33.0,8.753075756666032,216.0770599928506,-1.3999999999999773,5.968783039934295e-07,1.526897986959939e-06,2.151538072534453e-06,1.4436126422166665e-06
2025-11-14 05:36:52+00,-6.910454,107.6577407,686.1,8,51.76471,27.41117,35.0,28.86149,35.0,29.58666,35.0,24.22045,33.0,12.68400051521484,228.76106050806544,0.39999999999997726,5.968783039934295e-07,1.526897986959939e-06,2.151538072534453e-06,1.4436126422166665e-06
2025-11-14 05:36:57+00,-6.9105335,107.6577775,684.9,15,51.76471,27.41117,35.0,28.86149,35.0,29.58666,35.0,24.22045,33.0,9.72870230945057,238.489762817516,-1.2000000000000455,5.968783039934295e-07,1.526897986959939e-06,2.151538072534453e-06,1.4436126422166665e-06
2025-11-14 05:37:02+00,-6.9107105,107.6578378,685.1,17,62.7451,27.41117,35.0,28.86149,35.0,29.58666,35.0,24.22045,33.0,20.776660120574,259.26642293809,0.20000000000004547,5.968783039934295e-07,1.526897986959939e-06,2.151538072534453e-06,1.4436126422166665e-06
2025-11-14 05:37:07+00,-6.910908667,107.6579107,685.7,22,66.66666,27.41117,35.0,28.86149,35.0,29.58666,35.0,24.22045,33.0,23.45863831104833,282.7250612491383,0.6000000000000227,5.968783039934295e-07,1.526897986959939e-06,2.151538072534453e-06,1.4436126422166665e-06
2025-11-14 05:37:12+00,-6.911140333,107.6580402,684.9,24,45.88235,27.41117,35.0,28.86149,35.0,29.58666,35.0,24.22045,33.0,29.46073152665401,312.1857927757923,-0.8000000000000682,5.968783039934295e-07,1.526897986959939e-06,2.151538072534453e-06,1.4436126422166665e-06
2025-11-14 05:37:20+00,-6.911586833,107.6582678,682.3,24,43.52941,27.41117,35.0,28.86149,35.0,29.58666,35.0,24.22045,33.0,55.6435458151338,367.8293385909261,-2.6000000000000227,5.968783039934295e-07,1.526897986959939e-06,2.151538072534453e-06,1.4436126422166665e-06
2025-11-14 05:37:22+00,-6.911700167,107.6583197,683.9,23,49.01961,27.41117,35.0,28.86149,35.0,29.58666,35.0,24.22045,33.0,13.843317863536104,381.67265645446224,1.6000000000000227,5.968783039934295e-07,1.526897986959939e-06,2.151538072534453e-06,1.4436126422166665e-06
2025-11-14 05:37:27+00,-6.911971833,107.658457,685.3,19,50.98039,27.41117,35.0,28.86149,35.0,29.58666,35.0,24.22045,33.0,33.79684747946436,415.4695039339266,1.3999999999999773,5.968783039934295e-07,1.526897986959939e-06,2.151538072534453e-06,1.4436126422166665e-06
2025-11-14 05:37:32+00,-6.912187,107.65859,683.5,13,53.72549,27.41117,35.0,28.86149,35.0,29.58666,35.0,24.22045,33.0,28.070898973403203,443.5404029073298,-1.7999999999999545,5.968783039934295e-07,1.526897986959939e-06,2.151538072534453e-06,1.4436126422166665e-06
2025-11-14 05:37:37+00,-6.912327,107.6587153,681.8,16,81.56863,27.41117,35.0,28.86149,35.0,29.58666,35.0,24.22045,33.0,20.82428585650996,464.36468876383975,-1.7000000000000455,5.968783039934295e-07,1.526897986959939e-06,2.151538072534453e-06,1.4436126422166665e-06
2025-11-14 05:37:42+00,-6.912366,107.6589035,684.2,16,58.82353,27.41117,35.0,28.86149,35.0,29.58666,35.0,24.22045,33.0,21.222599007522295,485.58728777136207,2.400000000000091,5.968783039934295e-07,1.526897986959939e-06,2.151538072534453e-06,1.4436126422166665e-06
2025-11-14 05:37:47+00,-6.912399333,107.6591247,684.8,9,49.01961,27.41117,35.0,28.86149,35.0,29.58666,35.0,24.22045,33.0,24.697279048646532,510.2845668200086,0.599999999999909,5.968783039934295e-07,1.526897986959939e-06,2.151538072534453e-06,1.4436126422166665e-06
2025-11-14 05:37:52+00,-6.9124605,107.659211,685.0,5,49.41177,27.41117,35.0,28.86149,35.0,29.58666,35.0,24.22045,33.0,11.70521127150594,521.9897780915145,0.20000000000004547,5.968783039934295e-07,1.526897986959939e-06,2.151538072534453e-06,1.4436126422166665e-06
2025-11-14 05:37:57+00,-6.912531333,107.6592142,686.9,7,85.09804,27.41117,35.0,28.86149,35.0,29.58666,35.0,24.22045,33.0,7.884198196614221,529.8739762881287,1.8999999999999773,5.968783039934295e-07,1.526897986959939e-06,2.151538072534453e-06,1.4436126422166665e-06
2025-11-14 05:38:02+00,-6.9126185,107.6592143,688.3,18,43.13726,27.41117,35.0,28.86149,35.0,29.58666,35.0,24.22045,33.0,9.69254784460447,539.5665241327332,1.3999999999999773,5.968783039934295e-07,1.526897986959939e-06,2.151538072534453e-06,1.4436126422166665e-06
2025-11-14 05:38:07+00,-6.912818667,107.6592618,688.3,9,51.76471,27.41117,35.0,28.86149,35.0,29.58666,35.0,24.22045,33.0,22.86685506234504,562.4333791950783,0.0,5.968783039934295e-07,1.526897986959939e-06,2.151538072534453e-06,1.4436126422166665e-06
2025-11-14 05:38:12+00,-6.912952167,107.6593067,688.2,21,53.33333,27.41117,35.0,28.86149,35.0,29.58666,35.0,24.22045,33.0,15.650112041180103,578.0834912362584,-0.09999999999990905,5.968783039934295e-07,1.526897986959939e-06,2.151538072534453e-06,1.4436126422166665e-06
2025-11-14 05:38:17+00,-6.913159667,107.6593455,685.0,15,45.09804,27.41117,35.0,28.86149,35.0,29.58666,35.0,24.22045,33.0,23.467136272881,601.5506275091394,-3.2000000000000455,5.968783039934295e-07,1.526897986959939e-06,2.151538072534453e-06,1.4436126422166665e-06
2025-11-14 05:38:22+00,-6.9133575,107.6593835,684.6,6,50.19608,27.41117,35.0,28.86149,35.0,29.58666,35.0,24.22045,33.0,22.39441725887943,623.9450447680189,-0.39999999999997726,5.968783039934295e-07,1.526897986959939e-06,2.151538072534453e-06,1.4436126422166665e-06
2025-11-14 05:38:27+00,-6.913452333,107.6594123,684.0,12,53.72549,27.41117,35.0,28.86149,35.0,29.58666,35.0,24.22045,33.0,11.013770462825818,634.9588152308447,-0.6000000000000227,5.968783039934295e-07,1.526897986959939e-06,2.151538072534453e-06,1.4436126422166665e-06
2025-11-14 05:38:32+00,-6.913526167,107.6595307,684.6,20,54.5098,27.41117,35.0,28.86149,35.0,29.58666,35.0,24.22045,33.0,15.43446339388493,650.3932786247296,0.6000000000000227,5.968783039934295e-07,1.526897986959939e-06,2.151538072534453e-06,1.4436126422166665e-06
2025-11-14 05:38:37+00,-6.913599167,107.6597563,685.7,10,50.98039,27.41117,35.0,28.86149,35.0,29.58666,35.0,24.22045,33.0,26.192736467419685,676.5860150921493,1.1000000000000227,5.968783039934295e-07,1.526897986959939e-06,2.151538072534453e-06,1.4436126422166665e-06
2025-11-14 05:38:42+00,-6.913642833,107.6599033,687.7,5,51.37255,27.41117,35.0,28.86149,35.0,29.58666,35.0,24.22045,33.0,16.937683906037634,693.5236989981869,2.0,5.968783039934295e-07,1.526897986959939e-06,2.151538072534453e-06,1.4436126422166665e-06
2025-11-14 05:38:47+00,-6.913668833,107.6599895,689.3,3,70.58823,27.41117,35.0,28.86149,35.0,29.58666,35.0,24.22045,33.0,9.944828622935226,703.4685276211221,1.599999999999909,5.968783039934295e-07,1.526897986959939e-06,2.151538072534453e-06,1.4436126422166665e-06
2025-11-14 05:38:52+00,-6.913686833,107.6600515,691.1,2,60.0,27.41117,35.0,28.86149,35.0,29.58666,35.0,24.22045,33.0,7.130631926226109,710.5991595473482,1.8000000000000682,5.968783039934295e-07,1.526897986959939e-06,2.151538072534453e-06,1.4436126422166665e-06
2025-11-14 05:38:57+00,-6.9136955,107.6600802,691.8,5,54.11765,27.41117,35.0,28.86149,35.0,29.58666,35.0,24.22045,33.0,3.3114329733497194,713.910592520698,0.6999999999999318,5.968783039934295e-07,1.526897986959939e-06,2.151538072534453e-06,1.4436126422166665e-06
2025-11-14 05:39:17+00,-6.91373,107.6601768,691.0,2,58.03922,27.41117,35.0,28.86149,35.0,29.58666,35.0,24.22045,33.0,11.332407557422895,725.2430000781209,-0.7999999999999545,5.968783039934295e-07,1.526897986959939e-06,2.151538072534453e-06,1.4436126422166665e-06
2025-11-14 05:39:22+00,-6.913743167,107.6602013,690.7,4,71.37255,27.41117,35.0,28.86149,35.0,29.58666,35.0,24.22045,33.0,3.0753475723488397,728.3183476504697,-0.2999999999999545,5.968783039934295e-07,1.526897986959939e-06,2.151538072534453e-06,1.4436126422166665e-06
2025-11-14 05:39:27+00,-6.91379,107.6602387,691.0,12,95.68627,27.41117,35.0,28.86149,35.0,29.58666,35.0,24.22045,33.0,6.645542630286741,734.9638902807565,0.2999999999999545,5.968783039934295e-07,1.526897986959939e-06,2.151538072534453e-06,1.4436126422166665e-06
2025-11-14 05:39:32+00,-6.913923333,107.6602262,690.3,24,46.27451,27.41117,35.0,28.86149,35.0,29.58666,35.0,24.22045,33.0,14.890044606364073,749.8539348871205,-0.7000000000000455,5.968783039934295e-07,1.526897986959939e-06,2.151538072534453e-06,1.4436126422166665e-06
2025-11-14 05:39:37+00,-6.914198,107.6601512,690.9,10,64.70588,27.41117,35.0,28.86149,35.0,29.58666,35.0,24.22045,33.0,31.643831471241956,781.4977663583625,0.6000000000000227,5.968783039934295e-07,1.526897986959939e-06,2.151538072534453e-06,1.4436126422166665e-06
2025-11-14 05:39:42+00,-6.914365167,107.6601265,691.2,19,63.92157,27.41117,35.0,28.86149,35.0,29.58666,35.0,24.22045,33.0,18.787051065023967,800.2848174233865,0.3000000000000682,5.968783039934295e-07,1.526897986959939e-06,2.151538072534453e-06,1.4436126422166665e-06
2025-11-14 05:39:47+00,-6.914558167,107.6602238,689.9,27,91.37255,27.41117,35.0,28.86149,35.0,29.58666,35.0,24.22045,33.0,23.998330092778307,824.2831475161648,-1.3000000000000682,5.968783039934295e-07,1.526897986959939e-06,2.151538072534453e-06,1.4436126422166665e-06
2025-11-14 05:39:52+00,-6.914806,107.6604068,690.2,38,54.11765,27.41117,35.0,28.86149,35.0,29.58666,35.0,24.22045,33.0,34.16871294041887,858.4518604565837,0.3000000000000682,5.968783039934295e-07,1.526897986959939e-06,2.151538072534453e-06,1.4436126422166665e-06
2025-11-14 05:39:57+00,-6.915155833,107.6606665,688.6,33,67.84314,27.41117,35.0,28.86149,35.0,29.58666,35.0,24.22045,33.0,48.32185552092624,906.7737159775099,-1.6000000000000227,5.968783039934295e-07,1.526897986959939e-06,2.151538072534453e-06,1.4436126422166665e-06
2025-11-14 05:40:02+00,-6.915502,107.6609293,688.3,37,53.72549,27.41117,35.0,28.86149,35.0,29.58666,35.0,24.22045,33.0,48.199473620736526,954.9731895982464,-0.3000000000000682,5.968783039934295e-07,1.526897986959939e-06,2.151538072534453e-06,1.4436126422166665e-06
2025-11-14 05:40:07+00,-6.915869167,107.6612043,686.8,24,49.80392,27.41117,35.0,28.86149,35.0,29.58666,35.0,24.22045,33.0,50.87587199049267,1005.8490615887391,-1.5,5.968783039934295e-07,1.526897986959939e-06,2.151538072534453e-06,1.4436126422166665e-06
2025-11-14 05:40:12+00,-6.916140333,107.6614147,686.8,12,73.33334,27.41117,35.0,28.86149,35.0,29.58666,35.0,24.22045,33.0,38.06012690117898,1043.909188489918,0.0,5.968783039934295e-07,1.526897986959939e-06,2.151538072534453e-06,1.4436126422166665e-06
2025-11-14 05:40:17+00,-6.916271333,107.6614983,691.1,23,52.94118,27.41117,35.0,28.86149,35.0,29.58666,35.0,24.22045,33.0,17.243706715082656,1061.1528952050007,4.300000000000068,5.968783039934295e-07,1.526897986959939e-06,2.151538072534453e-06,1.4436126422166665e-06
2025-11-14 05:40:22+00,-6.916489,107.6616685,690.3,22,54.5098,27.41117,35.0,28.86149,35.0,29.58666,35.0,24.22045,33.0,30.639620945320182,1091.7925161503208,-0.8000000000000682,5.968783039934295e-07,1.526897986959939e-06,2.151538072534453e-06,1.4436126422166665e-06
2025-11-14 05:40:27+00,-6.916683333,107.6618222,688.7,15,52.15686,27.41117,35.0,28.86149,35.0,29.58666,35.0,24.22045,33.0,27.473605160197064,1119.266121310518,-1.599999999999909,5.968783039934295e-07,1.526897986959939e-06,2.151538072534453e-06,1.4436126422166665e-06
2025-11-14 05:40:32+00,-6.916848833,107.6619185,697.8,14,54.90196,27.41117,35.0,28.86149,35.0,29.58666,35.0,24.22045,33.0,21.252357641639392,1140.5184789521575,9.099999999999909,5.968783039934295e-07,1.526897986959939e-06,2.151538072534453e-06,1.4436126422166665e-06
2025-11-14 05:40:37+00,-6.916979,107.6620308,695.9,17,63.92157,27.41117,35.0,28.86149,35.0,29.58666,32.0,24.22045,33.0,19.05684882663461,1159.5753277787921,-1.8999999999999773,5.968783039934295e-07,1.526897986959939e-06,2.151538072534453e-06,1.4436126422166665e-06
2025-11-14 05:40:42+00,-6.917171333,107.6621745,695.7,21,62.35294,27.41117,35.0,28.86149,35.0,29.58666,32.0,24.22045,33.0,26.62702408271555,1186.2023518615076,-0.1999999999999318,5.968783039934295e-07,1.526897986959939e-06,2.151538072534453e-06,1.4436126422166665e-06
2025-11-14 05:40:47+00,-6.917380833,107.6623362,697.3,24,48.23529,27.41117,35.0,28.86149,35.0,29.58666,32.0,24.22045,33.0,29.34747270591787,1215.5498245674255,1.599999999999909,5.968783039934295e-07,1.526897986959939e-06,2.151538072534453e-06,1.4436126422166665e-06
2025-11-14 05:40:52+00,-6.91763,107.6625235,700.7,17,49.80392,27.41117,35.0,28.86149,35.0,29.58666,32.0,24.22045,33.0,34.57015535697461,1250.1199799244,3.400000000000091,5.968783039934295e-07,1.526897986959939e-06,2.151538072534453e-06,1.4436126422166665e-06
2025-11-14 05:40:57+00,-6.917829667,107.6626788,700.2,16,64.70588,27.41117,35.0,28.86149,35.0,29.58666,32.0,24.22045,33.0,28.05007486310545,1278.1700547875055,-0.5,5.968783039934295e-07,1.526897986959939e-06,2.151538072534453e-06,1.4436126422166665e-06
2025-11-14 05:41:02+00,-6.917998667,107.6628107,699.5,20,51.76471,27.41117,35.0,28.86149,35.0,29.58666,32.0,24.22045,33.0,23.772409066098714,1301.9424638536043,-0.7000000000000455,5.968783039934295e-07,1.526897986959939e-06,2.151538072534453e-06,1.4436126422166665e-06
2025-11-14 05:41:07+00,-6.918201167,107.662962,699.6,17,49.01961,27.41117,35.0,28.86149,35.0,29.58666,32.0,24.22045,33.0,28.034796004284274,1329.9772598578886,0.10000000000002274,5.968783039934295e-07,1.526897986959939e-06,2.151538072534453e-06,1.4436126422166665e-06
2025-11-14 05:41:12+00,-6.918369,107.663086,698.4,16,49.80392,27.41117,35.0,28.86149,35.0,29.73169,32.0,24.22045,33.0,23.14376058594598,1353.1210204438346,-1.2000000000000455,5.968783039934295e-07,1.526897986959939e-06,2.151538072534453e-06,1.4436126422166665e-06
2025-11-14 05:41:17+00,-6.918554667,107.6630825,697.3,20,80.0,27.41117,35.0,28.86149,35.0,29.73169,32.0,24.22045,33.0,20.64887165321693,1373.7698920970515,-1.1000000000000227,5.968783039934295e-07,1.526897986959939e-06,2.151538072534453e-06,1.4436126422166665e-06
2025-11-14 05:41:22+00,-6.918785333,107.6630752,693.1,22,59.21569,27.41117,35.0,28.86149,35.0,29.73169,32.0,24.22045,33.0,25.66157938742214,1399.4314714844736,-4.199999999999932,5.968783039934295e-07,1.526897986959939e-06,2.151538072534453e-06,1.4436126422166665e-06
2025-11-14 05:41:27+00,-6.9190645,107.6630362,693.3,21,45.88235,27.41117,35.0,28.86149,35.0,29.73169,32.0,24.22045,33.0,31.339094355790873,1430.7705658402645,0.1999999999999318,5.968783039934295e-07,1.526897986959939e-06,2.151538072534453e-06,1.4436126422166665e-06
2025-11-14 05:41:32+00,-6.919334,107.6630408,694.9,11,52.94118,27.41117,35.0,28.86149,35.0,29.73169,32.0,24.22045,33.0,29.97137574487627,1460.7419415851407,1.6000000000000227,5.968783039934295e-07,1.526897986959939e-06,2.151538072534453e-06,1.4436126422166665e-06
2025-11-14 05:41:37+00,-6.919505333,107.6630632,695.7,18,69.01961,27.41117,35.0,28.86149,35.0,29.73169,32.0,24.22045,33.0,19.211174505963076,1479.9531160911038,0.8000000000000682,5.968783039934295e-07,1.526897986959939e-06,2.151538072534453e-06,1.4436126422166665e-06
2025-11-14 05:41:42+00,-6.919704833,107.6630642,696.6,11,49.41177,27.41117,35.0,28.86149,35.0,29.73169,32.0,24.22045,33.0,22.183693144310737,1502.1368092354146,0.8999999999999773,5.968783039934295e-07,1.526897986959939e-06,2.151538072534453e-06,1.4436126422166665e-06
2025-11-14 05:41:47+00,-6.919864,107.663071,699.2,13,67.84314,27.41117,35.0,28.86149,35.0,29.73169,32.0,24.22045,33.0,17.714497514926805,1519.8513067503413,2.6000000000000227,5.968783039934295e-07,1.526897986959939e-06,2.151538072534453e-06,1.4436126422166665e-06
2025-11-14 05:41:52+00,-6.919928167,107.66319,696.8,14,54.5098,27.41117,35.0,28.86149,35.0,29.73169,32.0,24.22045,33.0,14.948542166646588,1534.799848916988,-2.400000000000091,5.968783039934295e-07,1.526897986959939e-06,2.151538072534453e-06,1.4436126422166665e-06
2025-11-14 05:41:57+00,-6.919989667,107.6633892,696.2,16,67.45098,27.41117,35.0,28.86149,35.0,29.73169,32.0,24.22045,33.0,23.02755425300959,1557.8274031699975,-0.599999999999909,5.968783039934295e-07,1.526897986959939e-06,2.151538072534453e-06,1.4436126422166665e-06
2025-11-14 05:42:02+00,-6.920164667,107.6633927,697.1,22,50.58823,27.41117,35.0,28.86149,35.0,29.73169,32.0,24.22045,33.0,19.462973994778118,1577.2903771647757,0.8999999999999773,5.968783039934295e-07,1.526897986959939e-06,2.151538072534453e-06,1.4436126422166665e-06
2025-11-14 05:42:07+00,-6.920436,107.6633677,697.1,20,46.27451,27.41117,35.0,28.86149,35.0,29.73169,32.0,24.22045,33.0,30.296838389218866,1607.5872155539946,0.0,5.968783039934295e-07,1.526897986959939e-06,2.151538072534453e-06,1.4436126422166665e-06
2025-11-14 05:42:12+00,-6.9206865,107.663345,702.1,12,73.33334,27.41117,35.0,28.86149,35.0,29.73169,32.0,24.22045,33.0,27.966846746422444,1635.554062300417,5.0,5.968783039934295e-07,1.526897986959939e-06,2.151538072534453e-06,1.4436126422166665e-06
2025-11-14 05:42:17+00,-6.9208435,107.6633332,705.0,19,61.17647,27.41117,35.0,28.86149,35.0,29.73169,32.0,24.22045,33.0,17.506152518273865,1653.0602148186908,2.8999999999999773,5.968783039934295e-07,1.526897986959939e-06,2.151538072534453e-06,1.4436126422166665e-06
2025-11-14 05:42:22+00,-6.921057667,107.6634025,704.6,26,71.37255,27.41117,35.0,28.86149,35.0,29.73169,32.0,24.22045,33.0,25.012779224995036,1678.0729940436859,-0.39999999999997726,5.968783039934295e-07,1.526897986959939e-06,2.151538072534453e-06,1.4436126422166665e-06
2025-11-14 05:42:27+00,-6.921334667,107.6635898,703.2,28,44.70588,27.41117,35.0,28.86149,35.0,29.73169,32.0,24.22045,33.0,37.09666300535719,1715.169657049043,-1.3999999999999773,5.968783039934295e-07,1.526897986959939e-06,2.151538072534453e-06,1.4436126422166665e-06
2025-11-14 05:42:32+00,-6.921669167,107.6637637,703.4,23,52.15686,27.41117,35.0,28.86149,35.0,29.73169,32.0,24.22045,33.0,41.85609127561449,1757.0257483246576,0.1999999999999318,5.968783039934295e-07,1.526897986959939e-06,2.151538072534453e-06,1.4436126422166665e-06
2025-11-14 05:42:37+00,-6.921962,107.6639062,701.8,28,70.19608,27.41117,35.0,28.86149,35.0,29.73169,32.0,24.22045,33.0,36.16191400859764,1793.1876623332553,-1.6000000000000227,5.968783039934295e-07,1.526897986959939e-06,2.151538072534453e-06,1.4436126422166665e-06
2025-11-14 05:42:42+00,-6.922223667,107.6641295,700.0,28,47.45098,27.41117,35.0,28.86149,35.0,29.73169,32.0,24.22045,33.0,38.133306919584385,1831.3209692528396,-1.7999999999999545,5.968783039934295e-07,1.526897986959939e-06,2.151538072534453e-06,1.4436126422166665e-06
2025-11-14 05:42:47+00,-6.92256,107.6642845,700.9,23,55.68628,27.41117,35.0,28.86149,35.0,29.73169,32.0,24.22045,33.0,41.12653339851716,1872.447502651357,0.8999999999999773,5.968783039934295e-07,1.526897986959939e-06,2.151538072534453e-06,1.4436126422166665e-06
2025-11-14 05:42:52+00,-6.922857,107.6643235,702.1,23,61.96078,27.41117,35.0,28.86149,35.0,29.73169,32.0,24.22045,33.0,33.30434727068837,1905.7518499220453,1.2000000000000455,5.968783039934295e-07,1.526897986959939e-06,2.151538072534453e-06,1.4436126422166665e-06
2025-11-14 05:42:57+00,-6.923124667,107.6644095,702.3,23,43.52941,27.41117,35.0,28.86149,35.0,29.73169,32.0,24.22045,33.0,31.240508299268352,1936.9923582213137,0.1999999999999318,5.968783039934295e-07,1.526897986959939e-06,2.151538072534453e-06,1.4436126422166665e-06
2025-11-14 05:43:02+00,-6.923348,107.6645752,701.3,30,92.94118,27.41117,35.0,28.86149,35.0,29.73169,32.0,24.22045,33.0,30.842393050058458,1967.8347512713722,-1.0,5.968783039934295e-07,1.526897986959939e-06,2.151538072534453e-06,1.4436126422166665e-06
2025-11-14 05:43:07+00,-6.923636167,107.664738,699.4,32,55.29412,27.41117,35.0,28.86149,35.0,29.73169,32.0,24.22045,33.0,36.73797564310244,2004.5727269144745,-1.8999999999999773,5.968783039934295e-07,1.526897986959939e-06,2.151538072534453e-06,1.4436126422166665e-06
2025-11-14 05:43:12+00,-6.9240125,107.664916,699.1,27,56.07843,27.41117,35.0,28.86149,35.0,29.73169,32.0,24.22045,33.0,46.22962550572228,2050.8023524201967,-0.2999999999999545,5.968783039934295e-07,1.526897986959939e-06,2.151538072534453e-06,1.4436126422166665e-06
2025-11-14 05:43:17+00,-6.924328,107.6650615,700.5,29,50.58823,27.41117,35.0,28.86149,35.0,29.73169,32.0,24.22045,33.0,38.58370245795868,2089.3860548781554,1.3999999999999773,5.968783039934295e-07,1.526897986959939e-06,2.151538072534453e-06,1.4436126422166665e-06
2025-11-14 05:43:22+00,-6.924666833,107.6651978,699.1,25,50.19608,27.41117,35.0,28.86149,35.0,29.73169,32.0,24.22045,33.0,40.56951621557899,2129.9555710937343,-1.3999999999999773,5.968783039934295e-07,1.526897986959939e-06,2.151538072534453e-06,1.4436126422166665e-06
2025-11-14 05:43:27+00,-6.924987,107.665316,694.2,21,55.29412,27.41117,35.0,28.86149,35.0,29.73169,32.0,24.22045,33.0,37.91655327620133,2167.8721243699356,-4.899999999999977,5.968783039934295e-07,1.526897986959939e-06,2.151538072534453e-06,1.4436126422166665e-06
2025-11-14 05:43:32+00,-6.925236833,107.6654265,693.8,19,49.41177,27.41117,35.0,28.86149,35.0,29.73169,32.0,24.22045,33.0,30.34001527686216,2198.212139646798,-0.40000000000009095,5.968783039934295e-07,1.526897986959939e-06,2.151538072534453e-06,1.4436126422166665e-06
2025-11-14 05:43:37+00,-6.925478,107.665504,692.9,11,52.15686,27.41117,35.0,28.86149,35.0,29.73169,32.0,24.22045,33.0,28.148052129959584,2226.3601917767573,-0.8999999999999773,5.968783039934295e-07,1.526897986959939e-06,2.151538072534453e-06,1.4436126422166665e-06
2025-11-14 05:43:42+00,-6.925651167,107.6654992,688.8,21,83.13725,27.41117,35.0,28.86149,35.0,29.73169,32.0,24.22045,33.0,19.26260682121767,2245.622798597975,-4.100000000000023,5.968783039934295e-07,1.526897986959939e-06,2.151538072534453e-06,1.4436126422166665e-06
2025-11-14 05:43:47+00,-6.925838833,107.665408,689.2,27,50.58823,27.41117,35.0,28.86149,35.0,29.73169,32.0,24.22045,33.0,23.168911213680815,2268.791709811656,0.40000000000009095,5.968783039934295e-07,1.526897986959939e-06,2.151538072534453e-06,1.4436126422166665e-06
2025-11-14 05:43:52+00,-6.926121167,107.6653085,691.0,19,46.66667,27.41117,35.0,28.86149,35.0,29.73169,32.0,24.22045,33.0,33.25992917927227,2302.051638990928,1.7999999999999545,5.968783039934295e-07,1.526897986959939e-06,2.151538072534453e-06,1.4436126422166665e-06
2025-11-14 05:43:57+00,-6.926360333,107.6651997,690.4,20,49.41177,27.41117,35.0,28.86149,35.0,29.73169,32.0,24.22045,33.0,29.18011283575054,2331.2317518266786,-0.6000000000000227,5.968783039934295e-07,1.526897986959939e-06,2.151538072534453e-06,1.4436126422166665e-06
2025-11-14 05:44:02+00,-6.926564,107.6650638,690.4,15,66.66666,27.41117,35.0,28.86149,35.0,29.73169,32.0,24.22045,33.0,27.164496261778236,2358.396248088457,0.0,5.968783039934295e-07,1.526897986959939e-06,2.151538072534453e-06,1.4436126422166665e-06
2025-11-14 05:44:07+00,-6.926757833,107.6649983,692.8,21,91.37255,27.41117,35.0,28.86149,35.0,29.73169,32.0,24.22045,33.0,22.733638824659792,2381.129886913117,2.3999999999999773,5.968783039934295e-07,1.526897986959939e-06,2.151538072534453e-06,1.4436126422166665e-06
2025-11-14 05:44:12+00,-6.9269855,107.6649733,699.6,30,42.35294,27.41117,35.0,28.86149,35.0,29.73169,32.0,24.22045,33.0,25.465414633207647,2406.5953015463247,6.800000000000068,5.968783039934295e-07,1.526897986959939e-06,2.151538072534453e-06,1.4436126422166665e-06
2025-11-14 05:44:17+00,-6.927323333,107.664956,706.8,13,52.54902,27.41117,35.0,28.86149,35.0,29.73169,32.0,24.22045,33.0,37.61387423842726,2444.209175784752,7.199999999999932,5.968783039934295e-07,1.526897986959939e-06,2.151538072534453e-06,1.4436126422166665e-06
2025-11-14 05:44:22+00,-6.927563833,107.6649498,707.2,7,65.09804,27.41117,35.0,28.86149,35.0,29.73169,32.0,24.22045,33.0,26.751172449330976,2470.960348234083,0.40000000000009095,5.968783039934295e-07,1.526897986959939e-06,2.151538072534453e-06,1.4436126422166665e-06
2025-11-14 05:44:27+00,-6.927633833,107.664991,709.9,22,85.09804,27.41117,35.0,28.86149,35.0,29.73169,32.0,24.22045,33.0,9.014859995941004,2479.9752082300242,2.699999999999932,5.968783039934295e-07,1.526897986959939e-06,2.151538072534453e-06,1.4436126422166665e-06
2025-11-14 05:44:32+00,-6.927637333,107.6651885,711.2,24,42.7451,27.41117,35.0,28.86149,35.0,29.73169,32.0,24.22045,33.0,21.804170581080207,2501.7793788111044,1.3000000000000682,5.968783039934295e-07,1.526897986959939e-06,2.151538072534453e-06,1.4436126422166665e-06
2025-11-14 05:44:37+00,-6.927627,107.6654975,710.3,20,85.09804,27.41117,35.0,28.86149,35.0,29.73169,32.0,24.22045,33.0,34.12777937736426,2535.9071581884687,-0.900000000000091,5.968783039934295e-07,1.526897986959939e-06,2.151538072534453e-06,1.4436126422166665e-06
2025-11-14 05:44:42+00,-6.927615833,107.6657403,709.9,25,54.11765,27.41117,35.0,28.86149,35.0,29.73169,32.0,24.22045,33.0,26.829809692153265,2562.7369678806217,-0.39999999999997726,5.968783039934295e-07,1.526897986959939e-06,2.151538072534453e-06,1.4436126422166665e-06
2025-11-14 05:44:47+00,-6.927587,107.6660407,711.2,13,52.54902,27.41117,35.0,28.86149,35.0,29.73169,32.0,24.22045,33.0,33.313772957205146,2596.0507408378267,1.3000000000000682,5.968783039934295e-07,1.526897986959939e-06,2.151538072534453e-06,1.4436126422166665e-06
2025-11-14 05:44:53+00,-6.927560833,107.6662655,707.9,20,84.31373,27.41117,35.0,28.86149,35.0,29.73169,32.0,24.22045,33.0,24.984169708064538,2621.0349105458913,-3.300000000000068,5.968783039934295e-07,1.526897986959939e-06,2.151538072534453e-06,1.4436126422166665e-06
2025-11-14 05:44:58+00,-6.927518667,107.6664845,703.9,28,47.45098,27.41117,35.0,28.86149,35.0,29.73169,32.0,24.22045,33.0,24.62443798319882,2645.65934852909,-4.0,5.968783039934295e-07,1.526897986959939e-06,2.151538072534453e-06,1.4436126422166665e-06
2025-11-14 05:45:03+00,-6.927458667,107.6668205,701.3,27,79.21568,27.41117,35.0,28.86149,35.0,29.73169,32.0,24.22045,33.0,37.68408367830886,2683.343432207399,-2.6000000000000227,5.968783039934295e-07,1.526897986959939e-06,2.151538072534453e-06,1.4436126422166665e-06
2025-11-14 05:45:07+00,-6.927407667,107.6670835,696.4,27,40.39216,27.41117,35.0,28.86149,35.0,29.73169,32.0,24.22045,33.0,29.579517074005814,2712.9229492814047,-4.899999999999977,5.968783039934295e-07,1.526897986959939e-06,2.151538072534453e-06,1.4436126422166665e-06
2025-11-14 05:45:13+00,-6.927326,107.6674863,694.6,17,49.01961,27.41117,35.0,28.86149,35.0,29.73169,32.0,24.22045,33.0,45.380279889517794,2758.3032291709224,-1.7999999999999545,5.968783039934295e-07,1.526897986959939e-06,2.151538072534453e-06,1.4436126422166665e-06
2025-11-14 05:45:18+00,-6.927294833,107.6677215,692.5,12,54.5098,27.41117,35.0,28.86149,35.0,29.73169,32.0,24.22045,33.0,26.19245091296046,2784.4956800838827,-2.1000000000000227,5.968783039934295e-07,1.526897986959939e-06,2.151538072534453e-06,1.4436126422166665e-06
2025-11-14 05:45:23+00,-6.927290167,107.6678702,692.6,5,70.19608,27.41117,35.0,28.86149,35.0,29.73169,32.0,24.22045,33.0,16.42220310021804,2800.917883184101,0.10000000000002274,5.968783039934295e-07,1.526897986959939e-06,2.151538072534453e-06,1.4436126422166665e-06
2025-11-14 05:45:28+00,-6.927315167,107.6679345,691.8,8,46.66667,27.41117,35.0,28.86149,35.0,29.73169,32.0,24.22045,33.0,7.622620742162147,2808.540503926263,-0.8000000000000682,5.968783039934295e-07,1.526897986959939e-06,2.151538072534453e-06,1.4436126422166665e-06
2025-11-14 05:45:33+00,-6.9274205,107.6679375,693.4,13,40.78431,27.41117,35.0,28.86149,35.0,29.73169,32.0,24.22045,33.0,11.717191784199766,2820.257695710463,1.6000000000000227,5.968783039934295e-07,1.526897986959939e-06,2.151538072534453e-06,1.4436126422166665e-06
2025-11-14 05:45:38+00,-6.9275505,107.667923,693.6,16,59.60784,27.41117,35.0,28.86149,35.0,29.73169,32.0,24.22045,33.0,14.543700736851898,2834.801396447315,0.20000000000004547,5.968783039934295e-07,1.526897986959939e-06,2.151538072534453e-06,1.4436126422166665e-06
2025-11-14 05:45:43+00,-6.927722833,107.667956,693.1,24,44.70588,27.41117,35.0,28.86149,35.0,29.73169,32.0,24.22045,33.0,19.50572800478927,2854.3071244521043,-0.5,5.968783039934295e-07,1.526897986959939e-06,2.151538072534453e-06,1.4436126422166665e-06
2025-11-14 05:45:48+00,-6.928004167,107.6679957,692.0,14,51.76471,27.41117,35.0,28.86149,35.0,29.73169,32.0,24.22045,33.0,31.588402604655013,2885.8955270567594,-1.1000000000000227,5.968783039934295e-07,1.526897986959939e-06,2.151538072534453e-06,1.4436126422166665e-06
2025-11-14 05:45:53+00,-6.928202,107.6679908,690.6,10,53.33333,27.41117,35.0,28.86149,35.0,29.73169,32.0,24.22045,33.0,22.004704719881943,2907.9002317766412,-1.3999999999999773,5.968783039934295e-07,1.526897986959939e-06,2.151538072534453e-06,1.4436126422166665e-06
2025-11-14 05:45:58+00,-6.928339,107.6679942,691.3,11,60.78431,27.41117,35.0,28.86149,35.0,29.73169,32.0,24.22045,33.0,15.23834832476652,2923.1385801014076,0.6999999999999318,5.968783039934295e-07,1.526897986959939e-06,2.151538072534453e-06,1.4436126422166665e-06
2025-11-14 05:46:03+00,-6.928474333,107.6680002,693.4,11,61.56863,27.41117,35.0,28.86149,35.0,29.73169,32.0,24.22045,33.0,15.06293106446997,2938.2015111658775,2.1000000000000227,5.968783039934295e-07,1.526897986959939e-06,2.151538072534453e-06,1.4436126422166665e-06
2025-11-14 05:46:08+00,-6.928608667,107.6680575,694.7,15,66.27451,27.41117,35.0,28.86149,35.0,29.73169,32.0,24.22045,33.0,16.2211996524097,2954.422710818287,1.3000000000000682,5.968783039934295e-07,1.526897986959939e-06,2.151538072534453e-06,1.4436126422166665e-06
2025-11-14 05:46:13+00,-6.928797833,107.6681323,693.9,13,44.70588,27.41117,35.0,28.86149,35.0,29.73169,32.0,24.22045,33.0,22.59679739689689,2977.019508215184,-0.8000000000000682,5.968783039934295e-07,1.526897986959939e-06,2.151538072534453e-06,1.4436126422166665e-06
2025-11-14 05:46:18+00,-6.9289665,107.6681985,692.9,11,65.4902,27.41117,35.0,28.86149,35.0,29.73169,32.0,24.22045,33.0,20.1282193185308,2997.1477275337147,-1.0,5.968783039934295e-07,1.526897986959939e-06,2.151538072534453e-06,1.4436126422166665e-06
2025-11-14 05:46:23+00,-6.929119667,107.6682518,695.1,13,47.84314,27.41117,35.0,28.86149,35.0,29.73169,32.0,24.22045,33.0,18.01898126163281,3015.1667087953474,2.2000000000000455,5.968783039934295e-07,1.526897986959939e-06,2.151538072534453e-06,1.4436126422166665e-06
2025-11-14 05:46:28+00,-6.929296667,107.6682897,697.9,12,48.23529,27.41117,35.0,28.86149,35.0,29.73169,32.0,24.22045,33.0,20.12124166522451,3035.287950460572,2.7999999999999545,5.968783039934295e-07,1.526897986959939e-06,2.151538072534453e-06,1.4436126422166665e-06
2025-11-14 05:46:33+00,-6.929459,107.668297,698.9,5,64.31373,27.41117,35.0,28.86149,35.0,29.73169,32.0,24.22045,33.0,18.068607680693727,3053.356558141266,1.0,5.968783039934295e-07,1.526897986959939e-06,2.151538072534453e-06,1.4436126422166665e-06
2025-11-14 05:46:38+00,-6.929551,107.6682943,701.9,6,58.43137,27.41117,35.0,28.86149,35.0,29.73169,32.0,24.22045,33.0,10.23428783521638,3063.5908459764823,3.0,5.968783039934295e-07,1.526897986959939e-06,2.151538072534453e-06,1.4436126422166665e-06
2025-11-14 05:46:43+00,-6.929628,107.6682922,702.1,8,46.66667,27.41117,35.0,28.86149,35.0,29.73169,32.0,24.22045,33.0,8.565158475437617,3072.15600445192,0.20000000000004547,5.968783039934295e-07,1.526897986959939e-06,2.151538072534453e-06,1.4436126422166665e-06
2025-11-14 05:46:48+00,-6.9297395,107.6682962,702.5,23,52.15686,27.41117,35.0,28.86149,35.0,29.73169,32.0,24.22045,33.0,12.40611094221261,3084.562115394133,0.39999999999997726,5.968783039934295e-07,1.526897986959939e-06,2.151538072534453e-06,1.4436126422166665e-06
2025-11-14 05:46:53+00,-6.9299935,107.6683188,705.2,16,65.09804,27.41117,35.0,28.86149,35.0,29.73169,32.0,24.22045,33.0,28.35350803387351,3112.9156234280063,2.7000000000000455,5.968783039934295e-07,1.526897986959939e-06,2.151538072534453e-06,1.4436126422166665e-06
2025-11-14 05:46:58+00,-6.930211167,107.668351,702.9,20,72.15686,27.41117,35.0,28.86149,35.0,29.73169,32.0,24.22045,33.0,24.463086491992232,3137.3787099199985,-2.300000000000068,5.968783039934295e-07,1.526897986959939e-06,2.151538072534453e-06,1.4436126422166665e-06
2025-11-14 05:47:03+00,-6.930433333,107.6684183,700.7,27,48.23529,27.41117,35.0,28.86149,35.0,29.73169,32.0,24.22045,33.0,25.79655835126807,3163.1752682712668,-2.199999999999932,5.968783039934295e-07,1.526897986959939e-06,2.151538072534453e-06,1.4436126422166665e-06
2025-11-14 05:47:08+00,-6.930768667,107.6684157,701.6,21,45.09804,27.41117,35.0,28.86149,35.0,29.73169,32.0,24.22045,33.0,37.28859549045924,3200.463863761726,0.8999999999999773,5.968783039934295e-07,1.526897986959939e-06,2.151538072534453e-06,1.4436126422166665e-06
2025-11-14 05:47:13+00,-6.931036333,107.6684593,702.1,19,60.78431,27.41117,35.0,28.86149,35.0,29.73169,32.0,24.22045,33.0,30.149734773767374,3230.613598535493,0.5,5.968783039934295e-07,1.526897986959939e-06,2.151538072534453e-06,1.4436126422166665e-06
2025-11-14 05:47:18+00,-6.9312575,107.6684432,701.9,17,60.0,27.41117,35.0,28.86149,35.0,29.73169,32.0,24.22045,33.0,24.65681066187628,3255.270409197369,-0.20000000000004547,5.968783039934295e-07,1.526897986959939e-06,2.151538072534453e-06,1.4436126422166665e-06
2025-11-14 05:47:23+00,-6.93146,107.668387,702.5,22,48.23529,27.41117,35.0,28.86149,35.0,29.73169,32.0,24.22045,33.0,23.3559148809576,3278.626324078327,0.6000000000000227,5.968783039934295e-07,1.526897986959939e-06,2.151538072534453e-06,1.4436126422166665e-06
2025-11-14 05:47:28+00,-6.931706167,107.6683357,701.8,20,93.72549,27.41117,35.0,28.86149,35.0,29.73169,32.0,24.22045,33.0,27.952141388040197,3306.578465466367,-0.7000000000000455,5.968783039934295e-07,1.526897986959939e-06,2.151538072534453e-06,1.4436126422166665e-06
2025-11-14 05:47:33+00,-6.931965167,107.6682983,703.9,23,46.66667,27.41117,35.0,28.86149,35.0,29.73169,32.0,24.22045,33.0,29.09390876920585,3335.672374235573,2.1000000000000227,5.968783039934295e-07,1.526897986959939e-06,2.151538072534453e-06,1.4436126422166665e-06
2025-11-14 05:47:38+00,-6.9322385,107.6682517,707.8,17,63.52941,27.41117,35.0,28.86149,35.0,29.73169,32.0,24.22045,33.0,30.825485659336888,3366.4978598949097,3.8999999999999773,5.968783039934295e-07,1.526897986959939e-06,2.151538072534453e-06,1.4436126422166665e-06
2025-11-14 05:47:43+00,-6.932426167,107.6681947,713.7,20,79.60784,27.41117,35.0,28.86149,35.0,29.73169,32.0,24.22045,33.0,21.7955326380624,3388.293392532972,5.900000000000091,5.968783039934295e-07,1.526897986959939e-06,2.151538072534453e-06,1.4436126422166665e-06
2025-11-14 05:47:48+00,-6.9326695,107.6681487,717.7,13,68.23529,27.41117,35.0,28.86149,35.0,29.73169,32.0,24.22045,33.0,27.52973751159319,3415.8231300445655,4.0,5.968783039934295e-07,1.526897986959939e-06,2.151538072534453e-06,1.4436126422166665e-06
2025-11-14 05:47:53+00,-6.932861333,107.6681585,716.9,6,52.94118,27.41117,35.0,28.86149,35.0,29.73169,32.0,24.22045,33.0,21.358297238801633,3437.181427283367,-0.8000000000000682,5.968783039934295e-07,1.526897986959939e-06,2.151538072534453e-06,1.4436126422166665e-06
2025-11-14 05:47:58+00,-6.932961333,107.6682023,713.4,13,51.76471,27.41117,35.0,28.86149,35.0,29.73169,32.0,24.22045,33.0,12.125102291445826,3449.306529574813,-3.5,5.968783039934295e-07,1.526897986959939e-06,2.151538072534453e-06,1.4436126422166665e-06
2025-11-14 05:48:03+00,-6.933103,107.6683033,706.4,19,60.0,27.41117,35.0,28.86149,35.0,29.73169,32.0,24.22045,33.0,19.298643186712738,3468.6051727615254,-7.0,5.968783039934295e-07,1.526897986959939e-06,2.151538072534453e-06,1.4436126422166665e-06
2025-11-14 05:48:08+00,-6.9333545,107.668297,702.9,25,55.29412,27.41117,35.0,28.86149,35.0,29.73169,32.0,24.22045,33.0,27.974207513025014,3496.57938027455,-3.5,5.968783039934295e-07,1.526897986959939e-06,2.151538072534453e-06,1.4436126422166665e-06
2025-11-14 05:48:13+00,-6.933660833,107.6682873,700.8,17,61.17647,27.41117,35.0,28.86149,35.0,29.73169,32.0,24.22045,33.0,34.07954625594258,3530.658926530493,-2.1000000000000227,5.968783039934295e-07,1.526897986959939e-06,2.151538072534453e-06,1.4436126422166665e-06
2025-11-14 05:48:18+00,-6.933899167,107.6682617,700.8,23,45.88235,27.41117,35.0,28.86149,35.0,29.73169,32.0,24.22045,33.0,26.651794017959606,3557.3107205484525,0.0,5.968783039934295e-07,1.526897986959939e-06,2.151538072534453e-06,1.4436126422166665e-06
2025-11-14 05:48:23+00,-6.934178833,107.6682288,699.4,13,68.62745,27.41117,35.0,28.86149,35.0,29.73169,32.0,24.22045,33.0,31.308811849387034,3588.6195323978395,-1.3999999999999773,5.968783039934295e-07,1.526897986959939e-06,2.151538072534453e-06,1.4436126422166665e-06
2025-11-14 05:48:28+00,-6.934349333,107.6681937,698.3,7,52.54902,27.41117,35.0,28.86149,35.0,29.73169,32.0,24.22045,33.0,19.350596612077986,3607.9701290099174,-1.1000000000000227,5.968783039934295e-07,1.526897986959939e-06,2.151538072534453e-06,1.4436126422166665e-06
2025-11-14 05:48:33+00,-6.9344495,107.66818,699.3,10,41.56863,27.41117,35.0,28.86149,35.0,29.73169,32.0,24.22045,33.0,11.240267334970659,3619.210396344888,1.0,5.968783039934295e-07,1.526897986959939e-06,2.151538072534453e-06,1.4436126422166665e-06
2025-11-14 05:48:38+00,-6.934582833,107.6681798,700.7,13,56.86274,27.41117,35.0,28.86149,35.0,29.73169,32.0,24.22045,33.0,14.825990068892482,3634.0363864137807,1.400000000000091,5.968783039934295e-07,1.526897986959939e-06,2.151538072534453e-06,1.4436126422166665e-06
2025-11-14 05:48:43+00,-6.934742,107.668211,699.5,22,81.96078,27.41117,35.0,28.86149,35.0,29.73169,32.0,24.22045,33.0,18.03054320345423,3652.066929617235,-1.2000000000000455,5.968783039934295e-07,1.526897986959939e-06,2.151538072534453e-06,1.4436126422166665e-06
2025-11-14 05:48:48+00,-6.935006333,107.668232,698.2,22,46.27451,27.41117,35.0,28.86149,35.0,29.73169,32.0,24.22045,33.0,29.483791388171507,3681.5507210054066,-1.2999999999999545,5.968783039934295e-07,1.526897986959939e-06,2.151538072534453e-06,1.4436126422166665e-06
2025-11-14 05:48:53+00,-6.935289,107.6682457,696.7,12,51.76471,27.41117,35.0,28.86149,35.0,29.73169,32.0,24.22045,33.0,31.467537081291617,3713.018258086698,-1.5,5.968783039934295e-07,1.526897986959939e-06,2.151538072534453e-06,1.4436126422166665e-06
2025-11-14 05:48:58+00,-6.935448167,107.6682937,696.8,8,46.27451,27.41117,35.0,28.86149,35.0,29.73169,32.0,24.22045,33.0,18.474633580437274,3731.492891667135,0.09999999999990905,5.968783039934295e-07,1.526897986959939e-06,2.151538072534453e-06,1.4436126422166665e-06
2025-11-14 05:49:03+00,-6.935523,107.6683622,697.9,5,67.84314,27.41117,35.0,28.86149,35.0,29.73169,32.0,24.22045,33.0,11.243252521646157,3742.7361441887815,1.1000000000000227,5.968783039934295e-07,1.526897986959939e-06,2.151538072534453e-06,1.4436126422166665e-06
2025-11-14 05:49:08+00,-6.935579667,107.6684272,695.5,2,54.90196,27.41117,35.0,28.86149,35.0,29.73169,32.0,24.22045,33.0,9.548895332812386,3752.2850395215937,-2.3999999999999773,5.968783039934295e-07,1.526897986959939e-06,2.151538072534453e-06,1.4436126422166665e-06
2025-11-14 05:49:13+00,-6.935608333,107.668468,691.2,12,41.56863,27.41117,35.0,28.86149,35.0,29.73169,32.0,24.22045,33.0,5.517457686383339,3757.802497207977,-4.2999999999999545,5.968783039934295e-07,1.526897986959939e-06,2.151538072534453e-06,1.4436126422166665e-06
2025-11-14 05:49:18+00,-6.9357015,107.6685783,689.8,7,60.78431,27.41117,35.0,28.86149,35.0,29.73169,32.0,24.22045,33.0,15.986116442110186,3773.788613650087,-1.400000000000091,5.968783039934295e-07,1.526897986959939e-06,2.151538072534453e-06,1.4436126422166665e-06
2025-11-14 05:49:23+00,-6.935775833,107.668666,687.0,11,67.05882,27.41117,35.0,28.86149,35.0,29.73169,32.0,24.22045,33.0,12.729059084532944,3786.5176727346197,-2.7999999999999545,5.968783039934295e-07,1.526897986959939e-06,2.151538072534453e-06,1.4436126422166665e-06
2025-11-14 05:49:28+00,-6.935899,107.6687758,685.8,15,43.92157,27.41117,35.0,28.86149,35.0,29.73169,32.0,24.22045,33.0,18.28824218092389,3804.805914915544,-1.2000000000000455,5.968783039934295e-07,1.526897986959939e-06,2.151538072534453e-06,1.4436126422166665e-06
2025-11-14 05:49:33+00,-6.936074667,107.668889,687.1,16,63.92157,27.41117,35.0,28.86149,35.0,29.73169,32.0,24.22045,33.0,23.187910832272266,3827.993825747816,1.3000000000000682,5.968783039934295e-07,1.526897986959939e-06,2.151538072534453e-06,1.4436126422166665e-06
2025-11-14 05:49:38+00,-6.936236333,107.6690057,688.6,22,57.64706,27.41117,35.0,28.86149,35.0,29.73169,32.0,24.22045,33.0,22.11529283400084,3850.109118581817,1.5,5.968783039934295e-07,1.526897986959939e-06,2.151538072534453e-06,1.4436126422166665e-06
2025-11-14 05:49:43+00,-6.936479,107.6691182,687.2,16,50.58823,27.41117,35.0,28.86149,35.0,29.73169,32.0,24.22045,33.0,29.703645733630907,3879.8127643154476,-1.3999999999999773,5.968783039934295e-07,1.526897986959939e-06,2.151538072534453e-06,1.4436126422166665e-06
2025-11-14 05:49:48+00,-6.936679667,107.6692025,684.9,26,74.5098,27.41117,35.0,28.86149,35.0,29.73169,32.0,24.22045,33.0,24.17568311087739,3903.988447426325,-2.300000000000068,5.968783039934295e-07,1.526897986959939e-06,2.151538072534453e-06,1.4436126422166665e-06
2025-11-14 05:49:53+00,-6.936952667,107.6693273,681.9,28,39.21569,27.41117,35.0,28.86149,35.0,29.73169,32.0,24.22045,33.0,33.335694237962514,3937.3241416642873,-3.0,5.968783039934295e-07,1.526897986959939e-06,2.151538072534453e-06,1.4436126422166665e-06
2025-11-14 05:49:58+00,-6.9372805,107.6694828,680.6,21,54.90196,27.41117,35.0,28.86149,35.0,29.73169,32.0,24.22045,33.0,40.29222270790575,3977.616364372193,-1.2999999999999545,5.968783039934295e-07,1.526897986959939e-06,2.151538072534453e-06,1.4436126422166665e-06
2025-11-14 05:50:03+00,-6.937545333,107.6695805,682.1,13,51.37255,27.41117,35.0,28.86149,35.0,29.73169,32.0,24.22045,33.0,31.360669893670515,4008.9770342658635,1.5,5.968783039934295e-07,1.526897986959939e-06,2.151538072534453e-06,1.4436126422166665e-06
2025-11-14 05:50:08+00,-6.937734333,107.6696172,684.1,6,49.01961,27.41117,35.0,28.86149,35.0,29.73169,32.0,24.22045,33.0,21.402739066996144,4030.3797733328597,2.0,5.968783039934295e-07,1.526897986959939e-06,2.151538072534453e-06,1.4436126422166665e-06
2025-11-14 05:50:13+00,-6.937821,107.6696307,688.8,7,50.58823,27.41117,35.0,28.86149,35.0,29.73169,32.0,24.22045,33.0,9.751472384167066,4040.1312457170266,4.699999999999932,5.968783039934295e-07,1.526897986959939e-06,2.151538072534453e-06,1.4436126422166665e-06
2025-11-14 05:50:18+00,-6.937885333,107.6696767,690.7,13,68.62745,27.41117,35.0,28.86149,35.0,29.73169,32.0,24.22045,33.0,8.772340912220988,4048.9035866292475,1.900000000000091,5.968783039934295e-07,1.526897986959939e-06,2.151538072534453e-06,1.4436126422166665e-06
2025-11-14 05:50:23+00,-6.937944167,107.669816,691.4,17,41.17647,27.41117,35.0,28.86149,35.0,29.73169,32.0,24.22045,33.0,16.709922247356808,4065.613508876604,0.6999999999999318,5.968783039934295e-07,1.526897986959939e-06,2.151538072534453e-06,1.4436126422166665e-06
2025-11-14 05:50:28+00,-6.938024333,107.6700027,691.1,12,49.01961,27.41117,35.0,28.86149,35.0,29.73169,32.0,24.22045,33.0,22.453386052457258,4088.066894929061,-0.2999999999999545,5.968783039934295e-07,1.526897986959939e-06,2.151538072534453e-06,1.4436126422166665e-06
2025-11-14 05:50:33+00,-6.938086667,107.6701312,685.5,13,59.21569,27.41117,35.0,28.86149,35.0,29.73169,32.0,24.22045,33.0,15.786895979064496,4103.853790908126,-5.600000000000023,5.968783039934295e-07,1.526897986959939e-06,2.151538072534453e-06,1.4436126422166665e-06
2025-11-14 05:50:38+00,-6.9381485,107.670277,682.8,16,60.39216,27.41117,35.0,28.86149,35.0,29.73169,32.0,24.22045,33.0,17.50069578752464,4121.354486695651,-2.7000000000000455,5.968783039934295e-07,1.526897986959939e-06,2.151538072534453e-06,1.4436126422166665e-06
2025-11-14 05:50:43+00,-6.938229333,107.6704503,682.2,14,49.80392,27.41117,35.0,28.86149,35.0,29.73169,32.0,24.22045,33.0,21.135437034890867,4142.489923730542,-0.599999999999909,5.968783039934295e-07,1.526897986959939e-06,2.151538072534453e-06,1.4436126422166665e-06
2025-11-14 05:50:48+00,-6.938347167,107.6706082,684.2,6,54.5098,27.41117,35.0,28.86149,35.0,29.73169,32.0,24.22045,33.0,21.80485071076263,4164.294774441304,2.0,5.968783039934295e-07,1.526897986959939e-06,2.151538072534453e-06,1.4436126422166665e-06
2025-11-14 05:50:53+00,-6.938408333,107.6706648,686.6,2,77.25491,27.41117,35.0,28.86149,35.0,29.73169,32.0,24.22045,33.0,9.235278440726423,4173.530052882031,2.3999999999999773,5.968783039934295e-07,1.526897986959939e-06,2.151538072534453e-06,1.4436126422166665e-06
2025-11-14 05:50:58+00,-6.9384275,107.6706783,689.7,11,67.45098,27.41117,35.0,28.86149,35.0,29.73169,32.0,24.22045,33.0,2.600549064032218,4176.130601946063,3.1000000000000227,5.968783039934295e-07,1.526897986959939e-06,2.151538072534453e-06,1.4436126422166665e-06
2025-11-14 05:51:03+00,-6.938435667,107.6707975,690.2,24,73.33334,27.41117,35.0,28.86149,35.0,29.73169,32.0,24.22045,33.0,13.18868764554804,4189.319289591611,0.5,5.968783039934295e-07,1.526897986959939e-06,2.151538072534453e-06,1.4436126422166665e-06
2025-11-14 05:51:08+00,-6.938432833,107.671099,691.5,35,82.74509,27.41117,35.0,28.86149,35.0,29.73169,32.0,24.22045,33.0,33.28128698524863,4222.60057657686,1.2999999999999545,5.968783039934295e-07,1.526897986959939e-06,2.151538072534453e-06,1.4436126422166665e-06
2025-11-14 05:51:13+00,-6.938417833,107.6715308,692.7,40,54.11765,27.41117,35.0,28.86149,35.0,29.73169,32.0,24.22045,33.0,47.69158247471594,4270.292159051575,1.2000000000000455,5.968783039934295e-07,1.526897986959939e-06,2.151538072534453e-06,1.4436126422166665e-06
2025-11-14 05:51:18+00,-6.938394333,107.6720362,691.4,33,43.92157,27.41117,35.0,28.86149,35.0,29.73169,32.0,24.22045,33.0,55.847598609271,4326.139757660846,-1.3000000000000682,5.968783039934295e-07,1.526897986959939e-06,2.151538072534453e-06,1.4436126422166665e-06
2025-11-14 05:51:23+00,-6.938363833,107.6724615,690.3,14,52.15686,27.41117,35.0,28.86149,35.0,29.73169,32.0,24.22045,33.0,47.067282039931044,4373.207039700777,-1.1000000000000227,5.968783039934295e-07,1.526897986959939e-06,2.151538072534453e-06,1.4436126422166665e-06
2025-11-14 05:51:28+00,-6.938356833,107.6726777,691.2,3,55.68628,27.41117,35.0,28.86149,35.0,29.73169,32.0,24.22045,33.0,23.87701144789319,4397.08405114867,0.900000000000091,5.968783039934295e-07,1.526897986959939e-06,2.151538072534453e-06,1.4436126422166665e-06
2025-11-14 05:51:33+00,-6.938358333,107.672728,691.9,5,73.33334,27.41117,35.0,28.86149,35.0,29.73169,32.0,24.22045,33.0,5.554657200693317,4402.638708349364,0.6999999999999318,5.968783039934295e-07,1.526897986959939e-06,2.151538072534453e-06,1.4436126422166665e-06
2025-11-14 05:51:38+00,-6.9383695,107.6728058,691.6,19,82.35294,27.41117,35.0,28.86149,35.0,29.73169,32.0,24.22045,33.0,8.676931035206238,4411.31563938457,-0.2999999999999545,5.968783039934295e-07,1.526897986959939e-06,2.151538072534453e-06,1.4436126422166665e-06
2025-11-14 05:51:43+00,-6.938380333,107.6730258,691.3,33,94.5098,27.41117,35.0,28.86149,35.0,29.73169,32.0,24.22045,33.0,24.31362492705121,4435.629264311621,-0.3000000000000682,5.968783039934295e-07,1.526897986959939e-06,2.151538072534453e-06,1.4436126422166665e-06
2025-11-14 05:51:48+00,-6.938372,107.6734272,691.4,45,92.94118,27.41117,35.0,28.86149,35.0,29.73169,32.0,24.22045,33.0,44.31652489470352,4479.945789206325,0.10000000000002274,5.968783039934295e-07,1.526897986959939e-06,2.151538072534453e-06,1.4436126422166665e-06
2025-11-14 05:51:53+00,-6.938346833,107.6739667,691.4,42,51.76471,27.41117,35.0,28.86149,35.0,30.31182,32.0,24.22045,33.0,59.61613945207859,4539.561928658403,0.0,5.968783039934295e-07,1.526897986959939e-06,2.151538072534453e-06,1.4436126422166665e-06
2025-11-14 05:51:58+00,-6.93831,107.6745158,691.4,42,91.37255,27.41117,35.0,28.86149,35.0,30.31182,32.0,24.22045,33.0,60.74830297017648,4600.3102316285795,0.0,5.968783039934295e-07,1.526897986959939e-06,2.151538072534453e-06,1.4436126422166665e-06
2025-11-14 05:52:03+00,-6.9382765,107.6750403,691.0,49,89.41177,27.41117,35.0,28.86149,35.0,30.31182,32.0,24.22045,33.0,58.0144323161276,4658.324663944707,-0.39999999999997726,5.968783039934295e-07,1.526897986959939e-06,2.151538072534453e-06,1.4436126422166665e-06
2025-11-14 05:52:08+00,-6.938234,107.6756435,690.9,55,58.82353,27.41117,35.0,28.86149,35.0,30.31182,32.0,24.22045,33.0,66.74919288451645,4725.073856829224,-0.10000000000002274,5.968783039934295e-07,1.526897986959939e-06,2.151538072534453e-06,1.4436126422166665e-06
2025-11-14 05:52:13+00,-6.938187,107.6763275,691.6,52,44.31372,27.41117,35.0,28.86149,35.0,30.31182,32.0,24.22045,33.0,75.6811289049715,4800.754985734195,0.7000000000000455,5.968783039934295e-07,1.526897986959939e-06,2.151538072534453e-06,1.4436126422166665e-06
2025-11-14 05:52:18+00,-6.938142833,107.6769847,692.9,34,60.0,27.41117,35.0,28.86149,35.0,30.31182,32.0,24.22045,33.0,72.70832193806689,4873.463307672261,1.2999999999999545,5.968783039934295e-07,1.526897986959939e-06,2.151538072534453e-06,1.4436126422166665e-06
2025-11-14 05:52:23+00,-6.9381165,107.6774395,693.9,41,95.68627,27.41117,35.0,28.86149,35.0,30.31182,32.0,24.22045,33.0,50.2865175258224,4923.749825198083,1.0,5.968783039934295e-07,1.526897986959939e-06,2.151538072534453e-06,1.4436126422166665e-06
2025-11-14 05:52:28+00,-6.9381015,107.6779385,694.0,47,93.33334,27.41117,35.0,28.86149,35.0,30.31182,32.0,24.22045,33.0,55.10527869045551,4978.855103888539,0.10000000000002274,5.968783039934295e-07,1.526897986959939e-06,2.151538072534453e-06,1.4436126422166665e-06
2025-11-14 05:52:33+00,-6.938069667,107.6785227,694.4,49,95.29412,27.41117,35.0,28.86149,35.0,30.31182,32.0,24.22045,33.0,64.58155636282157,5043.43666025136,0.39999999999997726,5.968783039934295e-07,1.526897986959939e-06,2.151538072534453e-06,1.4436126422166665e-06
2025-11-14 05:52:38+00,-6.938023833,107.6791408,695.4,52,95.29412,27.41117,35.0,28.86149,35.0,30.31182,32.0,24.22045,33.0,68.41648568776284,5111.853145939123,1.0,5.968783039934295e-07,1.526897986959939e-06,2.151538072534453e-06,1.4436126422166665e-06
2025-11-14 05:52:43+00,-6.937977333,107.6797848,695.7,55,93.72549,27.41117,35.0,28.86149,35.0,30.31182,32.0,24.22045,33.0,71.27306555818471,5183.126211497308,0.3000000000000682,5.968783039934295e-07,1.526897986959939e-06,2.151538072534453e-06,1.4436126422166665e-06
2025-11-14 05:52:48+00,-6.9379315,107.6804688,697.4,50,37.2549,27.41117,35.0,28.86149,35.0,30.31182,32.0,24.22045,33.0,75.67231969498555,5258.798531192293,1.6999999999999318,5.968783039934295e-07,1.526897986959939e-06,2.151538072534453e-06,1.4436126422166665e-06
2025-11-14 05:52:53+00,-6.937885,107.6811163,699.3,40,51.37255,27.41117,35.0,28.86149,35.0,30.31182,32.0,24.22045,33.0,71.6584000255919,5330.456931217885,1.8999999999999773,5.968783039934295e-07,1.526897986959939e-06,2.151538072534453e-06,1.4436126422166665e-06
2025-11-14 05:52:58+00,-6.937849,107.6816488,699.6,44,92.15686,27.41117,35.0,28.86149,35.0,30.31182,32.0,24.22045,33.0,58.91397215418952,5389.370903372074,0.3000000000000682,5.968783039934295e-07,1.526897986959939e-06,2.151538072534453e-06,1.4436126422166665e-06
2025-11-14 05:53:03+00,-6.937812833,107.6821922,699.5,54,44.31372,27.41117,35.0,28.86149,35.0,30.31182,32.0,24.22045,33.0,60.115642759037485,5449.486546131112,-0.10000000000002274,5.968783039934295e-07,1.526897986959939e-06,2.151538072534453e-06,1.4436126422166665e-06
2025-11-14 05:53:08+00,-6.937771667,107.682854,697.6,53,34.11765,27.41117,35.0,28.86149,35.0,30.31182,32.0,24.22045,33.0,73.19335315384801,5522.67989928496,-1.8999999999999773,5.968783039934295e-07,1.526897986959939e-06,2.151538072534453e-06,1.4436126422166665e-06
2025-11-14 05:53:13+00,-6.937726167,107.6835283,694.8,52,37.64706,27.41117,35.0,28.86149,35.0,30.31182,32.0,24.22045,33.0,74.60160327441409,5597.281502559374,-2.800000000000068,5.968783039934295e-07,1.526897986959939e-06,2.151538072534453e-06,1.4436126422166665e-06
2025-11-14 05:53:18+00,-6.937677167,107.6841867,692.4,48,34.90196,27.41117,35.0,28.86149,35.0,30.31182,32.0,24.22045,33.0,72.87875440887086,5670.1602569682445,-2.3999999999999773,5.968783039934295e-07,1.526897986959939e-06,2.151538072534453e-06,1.4436126422166665e-06
2025-11-14 05:53:23+00,-6.937624667,107.6848002,692.6,52,92.15686,27.41117,35.0,28.86149,35.0,30.31182,32.0,24.22045,33.0,67.96985831045947,5738.130115278704,0.20000000000004547,5.968783039934295e-07,1.526897986959939e-06,2.151538072534453e-06,1.4436126422166665e-06
2025-11-14 05:53:28+00,-6.937571167,107.68544,691.9,58,48.23529,27.41117,35.0,28.86149,35.0,30.31182,32.0,24.22045,33.0,70.87184331158267,5809.001958590286,-0.7000000000000455,5.968783039934295e-07,1.526897986959939e-06,2.151538072534453e-06,1.4436126422166665e-06
2025-11-14 05:53:33+00,-6.937508833,107.6861488,690.8,52,37.64706,27.41117,35.0,28.86149,35.0,30.31182,33.0,24.22045,33.0,78.54444627101572,5887.546404861302,-1.1000000000000227,5.968783039934295e-07,1.526897986959939e-06,2.151538072534453e-06,1.4436126422166665e-06
2025-11-14 05:53:38+00,-6.9374515,107.686813,689.8,42,36.86274,27.41117,35.0,28.86149,35.0,30.31182,33.0,24.22045,33.0,73.59169549398038,5961.138100355282,-1.0,5.968783039934295e-07,1.526897986959939e-06,2.151538072534453e-06,1.4436126422166665e-06
2025-11-14 05:53:43+00,-6.937413167,107.6873715,691.2,39,42.7451,27.41117,35.0,28.86149,35.0,30.31182,33.0,24.22045,33.0,61.79495888041368,6022.933059235696,1.400000000000091,5.968783039934295e-07,1.526897986959939e-06,2.151538072534453e-06,1.4436126422166665e-06
2025-11-14 05:53:48+00,-6.937379167,107.6878568,690.7,8,52.94118,27.41117,35.0,28.86149,35.0,30.31182,33.0,24.22045,33.0,53.701140474935784,6076.634199710632,-0.5,5.968783039934295e-07,1.526897986959939e-06,2.151538072534453e-06,1.4436126422166665e-06
2025-11-14 05:53:53+00,-6.937364,107.6880183,689.0,3,80.0,27.41117,35.0,28.86149,35.0,30.31182,33.0,24.22045,33.0,17.906129332298967,6094.540329042931,-1.7000000000000455,5.968783039934295e-07,1.526897986959939e-06,2.151538072534453e-06,1.4436126422166665e-06
2025-11-14 05:53:58+00,-6.937355167,107.6880727,689.2,27,91.76471,27.41117,35.0,28.86149,35.0,30.31182,33.0,24.22045,33.0,6.084523622050302,6100.6248526649815,0.20000000000004547,5.968783039934295e-07,1.526897986959939e-06,2.151538072534453e-06,1.4436126422166665e-06
2025-11-14 05:54:03+00,-6.937328667,107.6883757,688.4,36,51.76471,27.41117,35.0,28.86149,35.0,30.31182,33.0,24.22045,33.0,33.57499917917285,6134.199851844154,-0.8000000000000682,5.968783039934295e-07,1.526897986959939e-06,2.151538072534453e-06,1.4436126422166665e-06
2025-11-14 05:54:08+00,-6.937297333,107.688818,687.2,37,71.76471,27.41117,35.0,28.86149,35.0,30.31182,33.0,24.22045,33.0,48.94568838310392,6183.145540227258,-1.1999999999999318,5.968783039934295e-07,1.526897986959939e-06,2.151538072534453e-06,1.4436126422166665e-06
2025-11-14 05:54:13+00,-6.9372665,107.6892695,685.1,40,80.39216,27.41117,35.0,28.86149,35.0,30.31182,33.0,24.22045,33.0,49.9548187684408,6233.100358995698,-2.1000000000000227,5.968783039934295e-07,1.526897986959939e-06,2.151538072534453e-06,1.4436126422166665e-06
2025-11-14 05:54:18+00,-6.9372265,107.6897705,683.0,43,41.56863,27.41117,35.0,28.86149,35.0,30.31182,33.0,24.22045,33.0,55.479471616450226,6288.579830612149,-2.1000000000000227,5.968783039934295e-07,1.526897986959939e-06,2.151538072534453e-06,1.4436126422166665e-06
2025-11-14 05:54:23+00,-6.937182333,107.6903128,681.5,36,40.78431,27.41117,35.0,28.86149,35.0,30.31182,33.0,24.22045,33.0,60.06076375961228,6348.640594371761,-1.5,5.968783039934295e-07,1.526897986959939e-06,2.151538072534453e-06,1.4436126422166665e-06
2025-11-14 05:54:28+00,-6.937142,107.6907783,680.5,32,53.33333,27.41117,35.0,28.86149,35.0,30.31182,33.0,24.22045,33.0,51.57773068587856,6400.218325057639,-1.0,5.968783039934295e-07,1.526897986959939e-06,2.151538072534453e-06,1.4436126422166665e-06
2025-11-14 05:54:33+00,-6.937110833,107.691195,681.2,31,48.23529,27.41117,35.0,28.86149,35.0,30.31182,33.0,24.22045,33.0,46.12616090821241,6446.344485965851,0.7000000000000455,5.968783039934295e-07,1.526897986959939e-06,2.151538072534453e-06,1.4436126422166665e-06
2025-11-14 05:54:38+00,-6.9370805,107.691594,682.2,28,45.88235,27.41117,35.0,28.86149,35.0,30.31182,33.0,24.22045,33.0,44.17100718986885,6490.51549315572,1.0,5.968783039934295e-07,1.526897986959939e-06,2.151538072534453e-06,1.4436126422166665e-06
2025-11-14 05:54:43+00,-6.937057667,107.6919507,682.9,14,51.76471,27.41117,35.0,28.86149,35.0,30.60188,33.0,24.22045,33.0,39.454701045387445,6529.970194201107,0.6999999999999318,5.968783039934295e-07,1.526897986959939e-06,2.151538072534453e-06,1.4436126422166665e-06
2025-11-14 05:54:48+00,-6.937037,107.69216,683.0,2,54.11765,27.41117,35.0,28.86149,35.0,30.60188,33.0,24.22045,33.0,23.216773242192414,6553.186967443299,0.10000000000002274,5.968783039934295e-07,1.526897986959939e-06,2.151538072534453e-06,1.4436126422166665e-06
2025-11-14 05:56:13+00,-6.937018333,107.6922367,689.0,6,62.35294,27.41117,35.0,28.86149,35.0,30.60188,33.0,24.22045,33.0,8.716964335463752,6561.903931778763,6.0,5.968783039934295e-07,1.526897986959939e-06,2.151538072534453e-06,1.4436126422166665e-06
2025-11-14 05:56:21+00,-6.937004833,107.6923983,690.4,10,49.80392,27.41117,35.0,28.86149,35.0,30.60188,33.0,24.22045,33.0,17.9006355205651,6579.804567299328,1.3999999999999773,5.968783039934295e-07,1.526897986959939e-06,2.151538072534453e-06,1.4436126422166665e-06
2025-11-14 05:56:26+00,-6.937002833,107.6925738,691.5,19,87.45098,27.41117,35.0,28.86149,35.0,30.60188,33.0,24.22045,33.0,19.373156332223864,6599.177723631551,1.1000000000000227,5.968783039934295e-07,1.526897986959939e-06,2.151538072534453e-06,1.4436126422166665e-06
2025-11-14 05:56:31+00,-6.936987833,107.6928677,691.7,27,72.94118,27.41117,35.0,28.86149,35.0,30.60188,33.0,24.22045,33.0,32.48384970846926,6631.66157334002,0.20000000000004547,5.968783039934295e-07,1.526897986959939e-06,2.151538072534453e-06,1.4436126422166665e-06
2025-11-14 05:56:36+00,-6.936966,107.6932498,691.8,33,64.31373,27.41117,35.0,28.86149,35.0,30.60188,33.0,24.22045,33.0,42.24642685917179,6673.908000199192,0.09999999999990905,5.968783039934295e-07,1.526897986959939e-06,2.151538072534453e-06,1.4436126422166665e-06
2025-11-14 05:56:41+00,-6.936939333,107.6936645,691.3,32,61.96078,27.41117,35.0,28.86149,35.0,30.60188,33.0,24.22045,33.0,45.870980930874154,6719.778981130066,-0.5,5.968783039934295e-07,1.526897986959939e-06,2.151538072534453e-06,1.4436126422166665e-06
2025-11-14 05:56:46+00,-6.936910167,107.69409,691.5,38,86.27451,27.41117,35.0,28.86149,35.0,30.60188,33.0,24.22045,33.0,47.0789947455961,6766.857975875662,0.20000000000004547,5.968783039934295e-07,1.526897986959939e-06,2.151538072534453e-06,1.4436126422166665e-06
2025-11-14 05:56:51+00,-6.936877,107.694588,692.5,42,86.66666,27.41117,35.0,28.86149,35.0,30.60188,33.0,24.22045,33.0,55.09336968721258,6821.951345562875,1.0,5.968783039934295e-07,1.526897986959939e-06,2.151538072534453e-06,1.4436126422166665e-06
2025-11-14 05:56:56+00,-6.936839833,107.6951397,693.6,47,74.11765,27.41117,35.0,28.86149,35.0,30.60188,33.0,24.22045,33.0,61.03733614880706,6882.988681711682,1.1000000000000227,5.968783039934295e-07,1.526897986959939e-06,2.151538072534453e-06,1.4436126422166665e-06
2025-11-14 05:57:01+00,-6.936799167,107.695753,694.5,52,62.35294,27.41117,35.0,28.86149,35.0,30.60188,33.0,24.22045,33.0,67.84759648842154,6950.836278200104,0.8999999999999773,5.968783039934295e-07,1.526897986959939e-06,2.151538072534453e-06,1.4436126422166665e-06
2025-11-14 05:57:06+00,-6.936744333,107.696408,694.0,54,61.17647,27.41117,35.0,28.86149,35.0,30.60188,33.0,24.22045,33.0,72.55629030207253,7023.392568502177,-0.5,5.968783039934295e-07,1.526897986959939e-06,2.151538072534453e-06,1.4436126422166665e-06
2025-11-14 05:57:11+00,-6.936713167,107.6970193,695.7,25,50.19608,27.41117,35.0,28.86149,35.0,30.60188,33.0,24.22045,33.0,67.56492869664326,7090.95749719882,1.7000000000000455,5.968783039934295e-07,1.526897986959939e-06,2.151538072534453e-06,1.4436126422166665e-06
2025-11-14 05:57:16+00,-6.936686167,107.697356,695.9,33,97.64706,27.41117,35.0,28.86149,35.0,30.60188,33.0,24.22045,33.0,37.28640069190286,7128.243897890723,0.1999999999999318,5.968783039934295e-07,1.526897986959939e-06,2.151538072534453e-06,1.4436126422166665e-06
2025-11-14 05:57:21+00,-6.936651667,107.6978262,699.0,42,41.56863,27.41117,35.0,28.86149,35.0,30.60188,33.0,24.22045,33.0,52.042804122958024,7180.286702013681,3.1000000000000227,5.968783039934295e-07,1.526897986959939e-06,2.151538072534453e-06,1.4436126422166665e-06
2025-11-14 05:57:26+00,-6.9366155,107.6982675,700.2,28,61.17647,27.41117,35.0,28.86149,35.0,30.60188,33.0,24.22045,33.0,48.87693887573772,7229.163640889418,1.2000000000000455,5.968783039934295e-07,1.526897986959939e-06,2.151538072534453e-06,1.4436126422166665e-06
2025-11-14 05:57:31+00,-6.9365895,107.6985953,702.3,23,53.33333,27.41117,35.0,28.86149,35.0,30.60188,33.0,24.22045,33.0,36.298266176214725,7265.461907065633,2.099999999999909,5.968783039934295e-07,1.526897986959939e-06,2.151538072534453e-06,1.4436126422166665e-06
2025-11-14 05:57:36+00,-6.936577833,107.6988787,703.1,24,85.88235,27.41117,35.0,28.86149,35.0,30.60188,33.0,24.22045,33.0,31.30891568858167,7296.770822754214,0.8000000000000682,5.968783039934295e-07,1.526897986959939e-06,2.151538072534453e-06,1.4436126422166665e-06
2025-11-14 05:57:41+00,-6.9365575,107.6991785,702.3,24,76.47059,27.41117,35.0,28.86149,35.0,30.60188,33.0,24.22045,33.0,33.16942461322803,7329.940247367443,-0.8000000000000682,5.968783039934295e-07,1.526897986959939e-06,2.151538072534453e-06,1.4436126422166665e-06
2025-11-14 05:57:46+00,-6.936539,107.69953,701.8,28,52.15686,27.41117,35.0,28.86149,35.0,30.60188,33.0,24.22045,33.0,38.85348310261932,7368.793730470062,-0.5,5.968783039934295e-07,1.526897986959939e-06,2.151538072534453e-06,1.4436126422166665e-06
2025-11-14 05:57:48+00,-6.936524833,107.699668,702.0,25,49.41177,27.41117,35.0,28.86149,35.0,30.60188,33.0,24.22045,33.0,15.313843854074735,7384.107574324136,0.20000000000004547,5.968783039934295e-07,1.526897986959939e-06,2.151538072534453e-06,1.4436126422166665e-06
2025-11-14 05:57:53+00,-6.936481167,107.699991,701.1,31,88.23529,27.41117,35.0,28.86149,35.0,30.60188,33.0,24.22045,33.0,35.98222933361552,7420.089803657752,-0.8999999999999773,5.968783039934295e-07,1.526897986959939e-06,2.151538072534453e-06,1.4436126422166665e-06
2025-11-14 05:57:58+00,-6.9364485,107.7003658,697.7,39,49.41177,27.41117,35.0,28.86149,35.0,30.60188,33.0,24.22045,33.0,41.53003547534697,7461.619839133099,-3.3999999999999773,5.968783039934295e-07,1.526897986959939e-06,2.151538072534453e-06,1.4436126422166665e-06
2025-11-14 05:58:03+00,-6.936413,107.7008337,695.2,19,69.80392,27.41117,35.0,28.86149,35.0,30.60188,33.0,24.22045,33.0,51.798002838436325,7513.417841971535,-2.5,5.968783039934295e-07,1.526897986959939e-06,2.151538072534453e-06,1.4436126422166665e-06
2025-11-14 05:58:08+00,-6.936382333,107.7011493,693.8,6,50.19608,27.41117,35.0,28.86149,35.0,30.60188,33.0,24.22045,33.0,35.002814500371116,7548.420656471906,-1.400000000000091,5.968783039934295e-07,1.526897986959939e-06,2.151538072534453e-06,1.4436126422166665e-06
2025-11-14 05:58:13+00,-6.936358,107.7012442,691.3,16,84.70588,27.41117,35.0,28.86149,35.0,30.60188,33.0,24.22045,33.0,10.818975733252836,7559.239632205159,-2.5,5.968783039934295e-07,1.526897986959939e-06,2.151538072534453e-06,1.4436126422166665e-06
2025-11-14 05:58:18+00,-6.936344,107.7014048,693.5,32,89.80392,27.41117,35.0,28.86149,35.0,30.60188,33.0,24.22045,33.0,17.795447849794826,7577.035080054954,2.2000000000000455,5.968783039934295e-07,1.526897986959939e-06,2.151538072534453e-06,1.4436126422166665e-06
2025-11-14 05:58:23+00,-6.9363185,107.7017702,694.1,38,71.76471,27.41117,35.0,28.86149,35.0,30.60188,33.0,24.22045,33.0,40.43285047993274,7617.467930534886,0.6000000000000227,5.968783039934295e-07,1.526897986959939e-06,2.151538072534453e-06,1.4436126422166665e-06
2025-11-14 05:58:28+00,-6.9362975,107.702224,693.6,37,46.27451,27.41117,35.0,28.86149,35.0,30.60188,33.0,24.22045,33.0,50.14540706907385,7667.613337603961,-0.5,5.968783039934295e-07,1.526897986959939e-06,2.151538072534453e-06,1.4436126422166665e-06
2025-11-14 05:58:33+00,-6.936277167,107.7026862,688.8,32,43.13726,27.41117,35.0,28.86149,35.0,30.60188,33.0,24.22045,33.0,51.06828685000531,7718.681624453966,-4.800000000000068,5.968783039934295e-07,1.526897986959939e-06,2.151538072534453e-06,1.4436126422166665e-06
2025-11-14 05:58:38+00,-6.9362485,107.7031052,687.2,14,51.76471,27.41117,35.0,28.86149,35.0,30.60188,33.0,24.22045,33.0,46.359464926691004,7765.041089380657,-1.599999999999909,5.968783039934295e-07,1.526897986959939e-06,2.151538072534453e-06,1.4436126422166665e-06
2025-11-14 05:58:43+00,-6.936224667,107.7033515,686.6,23,96.86275,27.41117,35.0,28.86149,35.0,30.60188,33.0,24.22045,33.0,27.315762557296782,7792.356851937953,-0.6000000000000227,5.968783039934295e-07,1.526897986959939e-06,2.151538072534453e-06,1.4436126422166665e-06
2025-11-14 05:58:48+00,-6.936197333,107.7035962,688.0,36,68.23529,27.41117,35.0,28.86149,35.0,30.60188,33.0,24.22045,33.0,27.180766919807713,7819.537618857761,1.3999999999999773,5.968783039934295e-07,1.526897986959939e-06,2.151538072534453e-06,1.4436126422166665e-06
2025-11-14 05:58:53+00,-6.936162667,107.7040268,688.4,37,43.13726,27.41117,35.0,28.86149,35.0,30.60188,33.0,24.22045,33.0,47.68622804319345,7867.223846900954,0.39999999999997726,5.968783039934295e-07,1.526897986959939e-06,2.151538072534453e-06,1.4436126422166665e-06
2025-11-14 05:58:58+00,-6.9361285,107.7044993,687.5,32,43.52941,27.41117,35.0,28.86149,35.0,30.60188,33.0,24.22045,33.0,52.29334808353783,7919.517194984493,-0.8999999999999773,5.968783039934295e-07,1.526897986959939e-06,2.151538072534453e-06,1.4436126422166665e-06
2025-11-14 05:59:03+00,-6.936099667,107.7049152,687.7,34,75.68627,27.41117,35.0,28.86149,35.0,30.60188,33.0,24.22045,33.0,46.01939563399041,7965.536590618483,0.20000000000004547,5.968783039934295e-07,1.526897986959939e-06,2.151538072534453e-06,1.4436126422166665e-06
2025-11-14 05:59:08+00,-6.936071333,107.7053307,686.8,38,65.88235,27.41117,35.0,28.86149,35.0,30.60188,33.0,24.22045,33.0,45.97151726424598,8011.50810788273,-0.900000000000091,5.968783039934295e-07,1.526897986959939e-06,2.151538072534453e-06,1.4436126422166665e-06
2025-11-14 05:59:13+00,-6.936035667,107.7058075,686.6,40,42.35294,27.41117,35.0,28.86149,35.0,30.60188,33.0,24.22045,33.0,52.77901771738595,8064.287125600115,-0.1999999999999318,5.968783039934295e-07,1.526897986959939e-06,2.151538072534453e-06,1.4436126422166665e-06
2025-11-14 05:59:18+00,-6.935992167,107.7063127,685.9,36,77.64706,27.41117,35.0,28.86149,35.0,30.60188,33.0,24.22045,33.0,55.97402501037125,8120.261150610487,-0.7000000000000455,5.968783039934295e-07,1.526897986959939e-06,2.151538072534453e-06,1.4436126422166665e-06
2025-11-14 05:59:23+00,-6.9359595,107.706785,683.8,40,82.74509,27.41117,35.0,28.86149,35.0,30.60188,33.0,24.22045,33.0,52.2594908215092,8172.520641431996,-2.1000000000000227,5.968783039934295e-07,1.526897986959939e-06,2.151538072534453e-06,1.4436126422166665e-06
2025-11-14 05:59:28+00,-6.935924833,107.707281,684.8,43,42.7451,27.41117,35.0,28.86149,35.0,30.60188,33.0,24.22045,33.0,54.88467736053872,8227.405318792535,1.0,5.968783039934295e-07,1.526897986959939e-06,2.151538072534453e-06,1.4436126422166665e-06
2025-11-14 05:59:33+00,-6.935881,107.7078237,685.4,38,39.60784,27.41117,35.0,28.86149,35.0,30.60188,33.0,24.22045,33.0,60.101910194425244,8287.50722898696,0.6000000000000227,5.968783039934295e-07,1.526897986959939e-06,2.151538072534453e-06,1.4436126422166665e-06
2025-11-14 05:59:38+00,-6.935847333,107.7083203,684.0,37,49.41177,27.41117,35.0,28.86149,35.0,30.60188,33.0,24.22045,33.0,54.94306348143714,8342.450292468398,-1.3999999999999773,5.968783039934295e-07,1.526897986959939e-06,2.151538072534453e-06,1.4436126422166665e-06
2025-11-14 05:59:43+00,-6.935819833,107.7087817,683.9,38,72.94118,27.41117,35.0,28.86149,35.0,30.60188,33.0,24.22045,33.0,51.02167309159371,8393.471965559993,-0.10000000000002274,5.968783039934295e-07,1.526897986959939e-06,2.151538072534453e-06,1.4436126422166665e-06
2025-11-14 05:59:48+00,-6.935785167,107.7092662,684.0,41,41.96078,27.41117,35.0,28.86149,35.0,30.60188,33.0,24.22045,33.0,53.61850874416503,8447.090474304157,0.10000000000002274,5.968783039934295e-07,1.526897986959939e-06,2.151538072534453e-06,1.4436126422166665e-06
2025-11-14 05:59:53+00,-6.935750167,107.7097765,685.4,39,38.03922,27.41117,35.0,28.86149,35.0,30.60188,33.0,24.22045,33.0,56.46190226591624,8503.552376570073,1.3999999999999773,5.968783039934295e-07,1.526897986959939e-06,2.151538072534453e-06,1.4436126422166665e-06
2025-11-14 05:59:58+00,-6.9357035,107.7102732,686.2,37,39.60784,27.41117,35.0,28.86149,35.0,30.60188,33.0,24.22045,33.0,55.07145199089011,8558.623828560963,0.8000000000000682,5.968783039934295e-07,1.526897986959939e-06,2.151538072534453e-06,1.4436126422166665e-06
2025-11-14 06:00:03+00,-6.935666167,107.7107547,685.3,31,55.29412,27.41117,35.0,28.86149,35.0,30.60188,33.0,24.22045,33.0,53.31051252698345,8611.934341087946,-0.900000000000091,5.968783039934295e-07,1.526897986959939e-06,2.151538072534453e-06,1.4436126422166665e-06
2025-11-14 06:00:08+00,-6.9356365,107.7111807,684.7,29,67.45098,27.41117,35.0,28.86149,35.0,30.60188,33.0,24.22045,33.0,47.138047043218506,8659.072388131164,-0.599999999999909,5.968783039934295e-07,1.526897986959939e-06,2.151538072534453e-06,1.4436126422166665e-06
2025-11-14 06:00:13+00,-6.935615667,107.7115385,683.3,34,64.31373,27.41117,35.0,28.86149,35.0,30.60188,33.0,24.22045,33.0,39.56234559303515,8698.634733724199,-1.400000000000091,5.968783039934295e-07,1.526897986959939e-06,2.151538072534453e-06,1.4436126422166665e-06
2025-11-14 06:00:18+00,-6.935581333,107.7119567,683.9,38,68.23529,27.41117,35.0,28.86149,35.0,30.60188,33.0,24.22045,33.0,46.319110854609754,8744.953844578808,0.6000000000000227,5.968783039934295e-07,1.526897986959939e-06,2.151538072534453e-06,1.4436126422166665e-06
2025-11-14 06:00:23+00,-6.9355495,107.7124278,684.9,40,51.76471,27.41117,35.0,28.86149,35.0,30.60188,33.0,24.22045,33.0,52.12101950500077,8797.074864083808,1.0,5.968783039934295e-07,1.526897986959939e-06,2.151538072534453e-06,1.4436126422166665e-06
2025-11-14 06:00:28+00,-6.935521167,107.7129338,685.5,31,42.7451,27.41117,35.0,28.86149,35.0,30.60188,33.0,24.22045,33.0,55.94178551933362,8853.016649603142,0.6000000000000227,5.968783039934295e-07,1.526897986959939e-06,2.151538072534453e-06,1.4436126422166665e-06
2025-11-14 06:00:33+00,-6.935491333,107.7133675,686.0,18,49.41177,27.41117,35.0,28.86149,35.0,30.60188,33.0,24.22045,33.0,47.98723169954358,8901.003881302686,0.5,5.968783039934295e-07,1.526897986959939e-06,2.151538072534453e-06,1.4436126422166665e-06
2025-11-14 06:00:43+00,-6.935472167,107.7136558,687.9,1,73.33334,27.41117,35.0,28.86149,35.0,30.60188,33.0,24.22045,33.0,31.89425029116585,8932.89813159385,1.8999999999999773,5.968783039934295e-07,1.526897986959939e-06,2.151538072534453e-06,1.4436126422166665e-06
2025-11-14 06:00:48+00,-6.935470333,107.7136778,688.5,17,81.96078,27.41117,35.0,28.86149,35.0,30.60188,33.0,24.22045,33.0,2.4369395603385327,8935.33507115419,0.6000000000000227,5.968783039934295e-07,1.526897986959939e-06,2.151538072534453e-06,1.4436126422166665e-06
2025-11-14 06:00:53+00,-6.9354835,107.71384,689.7,33,91.76471,27.41117,35.0,28.86149,35.0,30.60188,33.0,24.22045,33.0,17.963634058411998,8953.2987052126,1.2000000000000455,5.968783039934295e-07,1.526897986959939e-06,2.151538072534453e-06,1.4436126422166665e-06
2025-11-14 06:00:58+00,-6.935460333,107.714204,689.6,45,89.80392,27.41117,35.0,28.86149,35.0,30.60188,33.0,24.22045,33.0,40.26134135370767,8993.560046566308,-0.10000000000002274,5.968783039934295e-07,1.526897986959939e-06,2.151538072534453e-06,1.4436126422166665e-06
2025-11-14 06:01:03+00,-6.9354165,107.7147398,691.0,50,68.62745,27.41117,35.0,28.86149,35.0,30.60188,33.0,24.22045,33.0,59.342877798378986,9052.902924364687,1.3999999999999773,5.968783039934295e-07,1.526897986959939e-06,2.151538072534453e-06,1.4436126422166665e-06
2025-11-14 06:01:08+00,-6.9353685,107.7153693,690.5,45,38.43137,27.41117,35.0,28.86149,35.0,30.60188,33.0,24.22045,33.0,69.68981677286152,9122.592741137549,-0.5,5.968783039934295e-07,1.526897986959939e-06,2.151538072534453e-06,1.4436126422166665e-06
2025-11-14 06:01:18+00,-6.9352865,107.7164873,690.8,31,43.92157,27.41117,35.0,28.86149,35.0,30.60188,33.0,24.22045,33.0,123.74287574820357,9246.335616885752,0.2999999999999545,5.968783039934295e-07,1.526897986959939e-06,2.151538072534453e-06,1.4436126422166665e-06
2025-11-14 06:01:13+00,-6.935329333,107.7159485,689.4,42,43.52941,27.41117,35.0,28.86149,35.0,30.60188,33.0,24.22045,33.0,59.66394659193949,9305.999563477691,-1.3999999999999773,5.968783039934295e-07,1.526897986959939e-06,2.151538072534453e-06,1.4436126422166665e-06
2025-11-14 06:01:23+00,-6.935248667,107.7169155,691.6,18,62.7451,27.41117,35.0,28.86149,35.0,30.60188,33.0,24.22045,33.0,107.11510856064218,9413.114672038333,2.2000000000000455,5.968783039934295e-07,1.526897986959939e-06,2.151538072534453e-06,1.4436126422166665e-06
2025-11-14 06:01:28+00,-6.935164833,107.7171697,692.6,2,54.5098,27.41117,35.0,28.86149,35.0,30.60188,33.0,24.22045,33.0,29.56695109685867,9442.681623135191,1.0,5.968783039934295e-07,1.526897986959939e-06,2.151538072534453e-06,1.4436126422166665e-06
2025-11-14 06:01:33+00,-6.935109333,107.7172372,692.8,8,45.88235,27.41117,35.0,28.86149,35.0,30.60188,33.0,24.22045,33.0,9.674657095356045,9452.356280230548,0.1999999999999318,5.968783039934295e-07,1.526897986959939e-06,2.151538072534453e-06,1.4436126422166665e-06
2025-11-14 06:01:38+00,-6.9350505,107.717299,693.6,2,54.5098,27.41117,35.0,28.86149,35.0,30.60188,33.0,24.22045,33.0,9.451503435272814,9461.807783665821,0.8000000000000682,5.968783039934295e-07,1.526897986959939e-06,2.151538072534453e-06,1.4436126422166665e-06
2025-11-14 06:01:43+00,-6.935015833,107.7173372,693.7,9,83.92157,27.41117,35.0,28.86149,35.0,30.60188,33.0,24.22045,33.0,5.713054025873958,9467.520837691694,0.10000000000002274,5.968783039934295e-07,1.526897986959939e-06,2.151538072534453e-06,1.4436126422166665e-06
2025-11-14 06:01:48+00,-6.934954667,107.717415,693.5,17,41.96078,27.41117,35.0,28.86149,35.0,30.60188,33.0,24.22045,33.0,10.954761863152523,9478.475599554848,-0.20000000000004547,5.968783039934295e-07,1.526897986959939e-06,2.151538072534453e-06,1.4436126422166665e-06
2025-11-14 06:01:53+00,-6.934831333,107.7175908,694.4,6,52.54902,27.41117,35.0,28.86149,35.0,30.60188,33.0,24.22045,33.0,23.762042127923173,9502.23764168277,0.8999999999999773,5.968783039934295e-07,1.526897986959939e-06,2.151538072534453e-06,1.4436126422166665e-06
2025-11-14 06:01:58+00,-6.934810333,107.7176985,695.1,13,64.31373,27.41117,35.0,28.86149,35.0,30.60188,33.0,24.22045,33.0,12.115260673350456,9514.35290235612,0.7000000000000455,5.968783039934295e-07,1.526897986959939e-06,2.151538072534453e-06,1.4436126422166665e-06
2025-11-14 06:02:03+00,-6.934831333,107.7178457,695.7,12,52.15686,27.41117,35.0,28.86149,35.0,30.60188,33.0,24.22045,33.0,16.415106533497912,9530.768008889618,0.6000000000000227,5.968783039934295e-07,1.526897986959939e-06,2.151538072534453e-06,1.4436126422166665e-06
2025-11-14 06:02:08+00,-6.934878667,107.7179972,695.7,5,50.58823,27.41117,35.0,28.86149,35.0,30.60188,33.0,24.22045,33.0,17.531537031315818,9548.299545920934,0.0,5.968783039934295e-07,1.526897986959939e-06,2.151538072534453e-06,1.4436126422166665e-06
2025-11-14 06:02:13+00,-6.934898667,107.7180637,696.6,11,38.82353,27.41117,35.0,28.86149,35.0,30.60188,33.0,24.22045,33.0,7.669865841695995,9555.96941176263,0.8999999999999773,5.968783039934295e-07,1.526897986959939e-06,2.151538072534453e-06,1.4436126422166665e-06
2025-11-14 06:02:18+00,-6.934942,107.7181725,698.4,10,76.07843,27.41117,35.0,28.86149,35.0,30.60188,33.0,24.22045,33.0,12.940076619295917,9568.909488381925,1.7999999999999545,5.968783039934295e-07,1.526897986959939e-06,2.151538072534453e-06,1.4436126422166665e-06
2025-11-14 06:02:23+00,-6.934976167,107.7182802,697.5,19,76.07843,27.41117,35.0,28.86149,35.0,30.60188,33.0,24.22045,33.0,12.480413449246496,9581.389901831171,-0.8999999999999773,5.968783039934295e-07,1.526897986959939e-06,2.151538072534453e-06,1.4436126422166665e-06
2025-11-14 06:02:28+00,-6.935039833,107.718493,696.5,25,73.72549,27.41117,35.0,28.86149,35.0,30.60188,33.0,24.22045,33.0,24.53282213172538,9605.922723962896,-1.0,5.968783039934295e-07,1.526897986959939e-06,2.151538072534453e-06,1.4436126422166665e-06
2025-11-14 06:02:33+00,-6.935044667,107.7188015,696.3,25,40.78431,27.41117,35.0,28.86149,35.0,30.60188,33.0,24.22045,33.0,34.05694759384395,9639.97967155674,-0.20000000000004547,5.968783039934295e-07,1.526897986959939e-06,2.151538072534453e-06,1.4436126422166665e-06
2025-11-14 06:02:38+00,-6.934976667,107.7191215,698.2,22,72.15686,27.41117,35.0,28.86149,35.0,30.60188,33.0,24.22045,33.0,36.12233624358796,9676.10200780033,1.900000000000091,5.968783039934295e-07,1.526897986959939e-06,2.151538072534453e-06,1.4436126422166665e-06
2025-11-14 06:02:43+00,-6.934919167,107.7193918,699.0,20,55.68628,27.41117,35.0,28.86149,35.0,30.60188,33.0,24.22045,33.0,30.513516148946746,9706.615523949276,0.7999999999999545,5.968783039934295e-07,1.526897986959939e-06,2.151538072534453e-06,1.4436126422166665e-06
2025-11-14 06:02:48+00,-6.934863667,107.7196523,700.8,25,85.09804,27.41117,35.0,28.86149,35.0,30.60188,33.0,24.22045,33.0,29.40919651307593,9736.024720462352,1.7999999999999545,5.968783039934295e-07,1.526897986959939e-06,2.151538072534453e-06,1.4436126422166665e-06
2025-11-14 06:02:53+00,-6.934808,107.7199542,700.5,30,91.76471,27.41117,35.0,28.86149,35.0,30.60188,33.0,24.22045,33.0,33.894206823721916,9769.918927286073,-0.2999999999999545,5.968783039934295e-07,1.526897986959939e-06,2.151538072534453e-06,1.4436126422166665e-06
2025-11-14 06:02:58+00,-6.934746333,107.7203235,703.2,30,90.98039,27.41117,35.0,28.86149,35.0,30.60188,33.0,24.22045,33.0,41.33663082171957,9811.255558107792,2.7000000000000455,5.968783039934295e-07,1.526897986959939e-06,2.151538072534453e-06,1.4436126422166665e-06
2025-11-14 06:03:03+00,-6.934670833,107.7207138,703.8,34,76.07843,27.41117,35.0,28.86149,35.0,30.60188,33.0,24.22045,33.0,43.89229940073527,9855.147857508528,0.599999999999909,5.968783039934295e-07,1.526897986959939e-06,2.151538072534453e-06,1.4436126422166665e-06
2025-11-14 06:03:08+00,-6.934539833,107.7211133,704.0,34,47.05882,27.41117,35.0,28.86149,35.0,30.60188,33.0,24.22045,33.0,46.44104984256152,9901.58890735109,0.20000000000004547,5.968783039934295e-07,1.526897986959939e-06,2.151538072534453e-06,1.4436126422166665e-06
2025-11-14 06:03:13+00,-6.934347167,107.7215003,705.5,26,47.05882,27.41117,35.0,28.86149,35.0,30.60188,33.0,24.22045,33.0,47.78880263766587,9949.377709988756,1.5,5.968783039934295e-07,1.526897986959939e-06,2.151538072534453e-06,1.4436126422166665e-06
2025-11-14 06:03:18+00,-6.93419,107.721807,706.0,26,73.72549,27.41117,35.0,28.86149,35.0,30.60188,33.0,24.22045,33.0,38.0987640099359,9987.476473998691,0.5,5.968783039934295e-07,1.526897986959939e-06,2.151538072534453e-06,1.4436126422166665e-06
2025-11-14 06:03:23+00,-6.934043,107.7220947,705.5,18,51.37255,27.41117,35.0,28.86149,35.0,30.60188,33.0,24.22045,33.0,35.7166280807835,10023.193102079475,-0.5,5.968783039934295e-07,1.526897986959939e-06,2.151538072534453e-06,1.4436126422166665e-06
2025-11-14 06:03:28+00,-6.933918,107.7223388,705.0,4,51.37255,27.41117,35.0,28.86149,35.0,30.60188,33.0,24.22045,33.0,30.31802349238955,10053.511125571864,-0.5,5.968783039934295e-07,1.526897986959939e-06,2.151538072534453e-06,1.4436126422166665e-06
2025-11-14 06:03:33+00,-6.933876833,107.7224213,704.9,13,53.33333,27.41117,35.0,28.86149,35.0,30.60188,33.0,24.22045,33.0,10.19227438234415,10063.703399954207,-0.10000000000002274,5.968783039934295e-07,1.526897986959939e-06,2.151538072534453e-06,1.4436126422166665e-06
2025-11-14 06:03:38+00,-6.933808167,107.7225473,705.7,17,54.11765,27.41117,35.0,28.86149,35.0,30.60188,33.0,24.22045,33.0,15.866116302741219,10079.569516256948,0.8000000000000682,5.968783039934295e-07,1.526897986959939e-06,2.151538072534453e-06,1.4436126422166665e-06
2025-11-14 06:03:43+00,-6.933717667,107.7227085,708.2,6,51.76471,27.41117,35.0,28.86149,35.0,30.60188,33.0,24.22045,33.0,20.442054818581354,10100.011571075529,2.5,5.968783039934295e-07,1.526897986959939e-06,2.151538072534453e-06,1.4436126422166665e-06
2025-11-14 06:03:48+00,-6.933677167,107.722793,709.3,7,55.68628,27.41117,35.0,28.86149,35.0,30.60188,33.0,24.22045,33.0,10.35753473350853,10110.369105809037,1.099999999999909,5.968783039934295e-07,1.526897986959939e-06,2.151538072534453e-06,1.4436126422166665e-06
2025-11-14 06:03:53+00,-6.933635,107.7228658,712.0,17,76.07843,27.41117,35.0,28.86149,35.0,30.60188,33.0,24.22045,33.0,9.30368622836849,10119.672792037405,2.7000000000000455,5.968783039934295e-07,1.526897986959939e-06,2.151538072534453e-06,1.4436126422166665e-06
2025-11-14 06:03:58+00,-6.9335505,107.723024,712.8,22,74.90196,27.41117,35.0,28.86149,35.0,30.60188,33.0,24.22045,33.0,19.829785904098646,10139.502577941505,0.7999999999999545,5.968783039934295e-07,1.526897986959939e-06,2.151538072534453e-06,1.4436126422166665e-06
2025-11-14 06:04:08+00,-6.933302333,107.7235042,715.2,11,52.15686,27.41117,35.0,28.86149,35.0,30.60188,33.0,24.22045,33.0,59.75829193863797,10199.260869880143,2.400000000000091,5.968783039934295e-07,1.526897986959939e-06,2.151538072534453e-06,1.4436126422166665e-06
2025-11-14 06:04:13+00,-6.933232667,107.723644,716.3,8,74.90196,27.41117,35.0,28.86149,35.0,30.60188,33.0,24.22045,33.0,17.266631115255453,10216.527500995398,1.099999999999909,5.968783039934295e-07,1.526897986959939e-06,2.151538072534453e-06,1.4436126422166665e-06
2025-11-14 06:04:18+00,-6.933173,107.7237528,716.8,19,51.76471,27.41117,35.0,28.86149,35.0,30.60188,33.0,24.22045,33.0,13.720365693396628,10230.247866688795,0.5,5.968783039934295e-07,1.526897986959939e-06,2.151538072534453e-06,1.4436126422166665e-06
2025-11-14 06:04:23+00,-6.9330815,107.7239552,716.4,19,60.78431,27.41117,35.0,28.86149,35.0,30.60188,33.0,24.22045,33.0,24.548966210518937,10254.796832899314,-0.39999999999997726,5.968783039934295e-07,1.526897986959939e-06,2.151538072534453e-06,1.4436126422166665e-06
2025-11-14 06:04:28+00,-6.933013333,107.724186,717.3,26,99.60784,27.41117,35.0,28.86149,35.0,30.60188,33.0,24.22045,33.0,26.57986111646729,10281.37669401578,0.8999999999999773,5.968783039934295e-07,1.526897986959939e-06,2.151538072534453e-06,1.4436126422166665e-06
2025-11-14 06:04:33+00,-6.933038667,107.724496,717.6,35,83.92157,27.41117,35.0,28.86149,35.0,30.60188,33.0,24.22045,33.0,34.334183282791436,10315.710877298572,0.3000000000000682,5.968783039934295e-07,1.526897986959939e-06,2.151538072534453e-06,1.4436126422166665e-06
2025-11-14 06:04:38+00,-6.933116333,107.7249087,718.6,38,54.11765,27.41117,35.0,28.86149,35.0,30.60188,33.0,24.22045,33.0,46.366023765584366,10362.076901064156,1.0,5.968783039934295e-07,1.526897986959939e-06,2.151538072534453e-06,1.4436126422166665e-06
2025-11-14 06:04:43+00,-6.933179167,107.7253772,717.8,22,52.54902,27.41117,35.0,28.86149,35.0,30.60188,33.0,24.22045,33.0,52.18380486099553,10414.260705925151,-0.8000000000000682,5.968783039934295e-07,1.526897986959939e-06,2.151538072534453e-06,1.4436126422166665e-06
2025-11-14 06:04:48+00,-6.933119333,107.7257212,717.2,12,52.15686,27.41117,35.0,28.86149,35.0,30.60188,33.0,24.22045,33.0,38.549878361330265,10452.810584286482,-0.599999999999909,5.968783039934295e-07,1.526897986959939e-06,2.151538072534453e-06,1.4436126422166665e-06
2025-11-14 06:04:53+00,-6.933061,107.7259045,716.3,12,52.94118,27.41117,35.0,28.86149,35.0,30.60188,33.0,24.22045,33.0,21.24729993532477,10474.057884221807,-0.900000000000091,5.968783039934295e-07,1.526897986959939e-06,2.151538072534453e-06,1.4436126422166665e-06
2025-11-14 06:04:58+00,-6.932955333,107.7259645,714.8,11,61.96078,27.41117,35.0,28.86149,35.0,30.60188,33.0,24.22045,33.0,13.487674801410748,10487.545559023218,-1.5,5.968783039934295e-07,1.526897986959939e-06,2.151538072534453e-06,1.4436126422166665e-06
2025-11-14 06:05:03+00,-6.932808,107.7259978,714.0,11,41.56863,27.41117,35.0,28.86149,35.0,30.60188,33.0,24.22045,33.0,16.789995495137262,10504.335554518355,-0.7999999999999545,5.968783039934295e-07,1.526897986959939e-06,2.151538072534453e-06,1.4436126422166665e-06
2025-11-14 06:05:08+00,-6.932771167,107.726122,717.0,3,54.5098,27.41117,35.0,28.86149,35.0,30.60188,33.0,24.22045,33.0,14.308159816769914,10518.643714335125,3.0,5.968783039934295e-07,1.526897986959939e-06,2.151538072534453e-06,1.4436126422166665e-06
2025-11-14 06:05:17+00,-6.932815833,107.7261738,717.1,1,56.07843,27.41117,35.0,28.86149,35.0,30.60188,33.0,24.22045,33.0,7.573680939565345,10526.21739527469,0.10000000000002274,5.968783039934295e-07,1.526897986959939e-06,2.151538072534453e-06,1.4436126422166665e-06
2025-11-14 06:07:54+00,-6.9327845,107.7262173,708.4,3,54.5098,27.41117,35.0,28.86149,35.0,30.60188,33.0,24.22045,33.0,5.932481390684362,10532.149876665375,-8.700000000000045,5.968783039934295e-07,1.526897986959939e-06,2.151538072534453e-06,1.4436126422166665e-06
2025-11-14 06:07:59+00,-6.932804,107.7262245,709.8,3,54.5098,27.41117,35.0,28.86149,35.0,30.60188,33.0,24.22045,33.0,2.3093660373264906,10534.459242702702,1.3999999999999773,5.968783039934295e-07,1.526897986959939e-06,2.151538072534453e-06,1.4436126422166665e-06
2025-11-14 06:09:57+00,-6.933005833,107.7262817,0.0,2,59.60784,26.39594,26.0,27.41117,26.0,29.00653,23.0,23.06019,23.0,23.3140655685503,10557.773308271253,-709.8,5.968783039934295e-07,1.526897986959939e-06,2.151538072534453e-06,1.4436126422166665e-06
2025-11-14 06:10:12+00,-6.933041167,107.726243,715.1,2,56.86274,26.39594,26.0,27.41117,26.0,29.00653,23.0,23.06019,23.0,5.8038710888594425,10563.577179360112,715.1,5.968783039934295e-07,1.526897986959939e-06,2.151538072534453e-06,1.4436126422166665e-06
2025-11-14 06:10:22+00,-6.933056,107.7262487,711.4,3,77.25491,26.39594,26.0,27.41117,26.0,29.00653,23.0,23.06019,23.0,1.7652879480180623,10565.34246730813,-3.7000000000000455,5.968783039934295e-07,1.526897986959939e-06,2.151538072534453e-06,1.4436126422166665e-06
2025-11-14 06:10:27+00,-6.93307,107.7262738,709.9,11,60.0,26.39594,26.0,27.41117,26.0,29.00653,23.0,23.06019,23.0,3.1779822990140243,10568.520449607144,-1.5,5.968783039934295e-07,1.526897986959939e-06,2.151538072534453e-06,1.4436126422166665e-06
2025-11-14 06:10:32+00,-6.9331085,107.7263898,710.1,23,57.64706,26.39594,26.0,27.41117,26.0,29.00653,23.0,23.06019,23.0,13.501016800659315,10582.021466407803,0.20000000000004547,5.968783039934295e-07,1.526897986959939e-06,2.151538072534453e-06,1.4436126422166665e-06
2025-11-14 06:10:37+00,-6.933221,107.7266383,710.1,22,58.43137,26.39594,26.0,27.41117,26.0,29.00653,23.0,23.06019,23.0,30.147751054294993,10612.169217462098,0.0,5.968783039934295e-07,1.526897986959939e-06,2.151538072534453e-06,1.4436126422166665e-06
2025-11-14 06:10:42+00,-6.933341833,107.726885,712.4,22,49.01961,26.39594,26.0,27.41117,26.0,29.00653,23.0,23.06019,23.0,30.365553208484826,10642.534770670583,2.2999999999999545,5.968783039934295e-07,1.526897986959939e-06,2.151538072534453e-06,1.4436126422166665e-06
2025-11-14 06:10:47+00,-6.933477167,107.7271343,714.2,24,65.4902,26.39594,26.0,27.41117,26.0,29.00653,23.0,23.06019,23.0,31.364130508297304,10673.89890117888,1.8000000000000682,5.968783039934295e-07,1.526897986959939e-06,2.151538072534453e-06,1.4436126422166665e-06
2025-11-14 06:10:52+00,-6.9336195,107.7274002,713.6,24,54.90196,26.39594,26.0,27.41117,26.0,29.00653,23.0,23.06019,23.0,33.34576211549191,10707.244663294372,-0.6000000000000227,5.968783039934295e-07,1.526897986959939e-06,2.151538072534453e-06,1.4436126422166665e-06
2025-11-14 06:10:57+00,-6.933787167,107.7276577,711.9,25,57.2549,26.39594,26.0,27.41117,26.0,29.00653,23.0,23.06019,23.0,33.99227566736853,10741.23693896174,-1.7000000000000455,5.968783039934295e-07,1.526897986959939e-06,2.151538072534453e-06,1.4436126422166665e-06
2025-11-14 06:11:02+00,-6.9339795,107.7278917,708.7,20,45.4902,26.39594,26.0,27.41117,26.0,29.00653,23.0,23.06019,23.0,33.53411240874475,10774.771051370484,-3.199999999999932,5.968783039934295e-07,1.526897986959939e-06,2.151538072534453e-06,1.4436126422166665e-06
2025-11-14 06:11:07+00,-6.934161833,107.7280742,706.2,10,52.94118,26.39594,26.0,27.41117,26.0,29.00653,23.0,23.06019,23.0,28.580841756186725,10803.351893126672,-2.5,5.968783039934295e-07,1.526897986959939e-06,2.151538072534453e-06,1.4436126422166665e-06
2025-11-14 06:11:22+00,-6.934283833,107.7281417,704.5,5,54.11765,26.39594,26.0,27.41117,26.0,29.00653,23.0,23.06019,23.0,15.477236605202991,10818.829129731876,-1.7000000000000455,5.968783039934295e-07,1.526897986959939e-06,2.151538072534453e-06,1.4436126422166665e-06
2025-11-14 06:11:27+00,-6.934349,107.7281655,703.3,14,59.21569,26.39594,26.0,27.41117,26.0,29.00653,23.0,23.06019,23.0,7.707769475042563,10826.536899206918,-1.2000000000000455,5.968783039934295e-07,1.526897986959939e-06,2.151538072534453e-06,1.4436126422166665e-06
2025-11-14 06:11:32+00,-6.934528833,107.7281997,702.5,27,78.03922,26.39594,26.0,27.41117,26.0,29.00653,23.0,23.06019,23.0,20.34976254935437,10846.886661756273,-0.7999999999999545,5.968783039934295e-07,1.526897986959939e-06,2.151538072534453e-06,1.4436126422166665e-06
2025-11-14 06:11:37+00,-6.934850167,107.7282307,702.0,37,85.88235,26.39594,26.0,27.41117,26.0,29.00653,23.0,23.06019,23.0,35.894235286456635,10882.780897042729,-0.5,5.968783039934295e-07,1.526897986959939e-06,2.151538072534453e-06,1.4436126422166665e-06
2025-11-14 06:11:42+00,-6.935297,107.7282573,699.6,39,41.96078,26.39594,26.0,27.41117,26.0,29.00653,23.0,23.06019,23.0,49.772310837585565,10932.553207880313,-2.3999999999999773,5.968783039934295e-07,1.526897986959939e-06,2.151538072534453e-06,1.4436126422166665e-06
2025-11-14 06:11:47+00,-6.935786833,107.728328,696.0,39,52.15686,26.39594,26.0,27.41117,26.0,29.00653,23.0,23.06019,23.0,55.02325086036814,10987.576458740681,-3.6000000000000227,5.968783039934295e-07,1.526897986959939e-06,2.151538072534453e-06,1.4436126422166665e-06
2025-11-14 06:11:52+00,-6.936126833,107.7286675,695.4,36,44.31372,26.39594,26.0,27.41117,26.0,29.00653,23.0,23.06019,23.0,53.232072822333194,11040.808531563014,-0.6000000000000227,5.968783039934295e-07,1.526897986959939e-06,2.151538072534453e-06,1.4436126422166665e-06
2025-11-14 06:11:57+00,-6.936315167,107.7290872,695.9,31,43.52941,26.39594,26.0,27.41117,26.0,29.00653,23.0,23.06019,23.0,50.84045721141025,11091.648988774425,0.5,5.968783039934295e-07,1.526897986959939e-06,2.151538072534453e-06,1.4436126422166665e-06
2025-11-14 06:12:02+00,-6.9364665,107.7294542,697.0,32,96.86275,26.39594,26.0,27.41117,26.0,29.00653,23.0,23.06019,23.0,43.865898378012766,11135.514887152438,1.1000000000000227,5.968783039934295e-07,1.526897986959939e-06,2.151538072534453e-06,1.4436126422166665e-06
2025-11-14 06:12:07+00,-6.936625167,107.7298192,697.7,33,54.5098,26.39594,26.0,27.41117,26.0,29.00653,23.0,23.06019,23.0,43.98283084371228,11179.49771799615,0.7000000000000455,5.968783039934295e-07,1.526897986959939e-06,2.151538072534453e-06,1.4436126422166665e-06
2025-11-14 06:12:12+00,-6.936790333,107.7302135,698.9,28,50.19608,26.39594,26.0,27.41117,26.0,29.00653,23.0,23.06019,23.0,47.23953392437201,11226.737251920522,1.1999999999999318,5.968783039934295e-07,1.526897986959939e-06,2.151538072534453e-06,1.4436126422166665e-06
2025-11-14 06:12:17+00,-6.9369325,107.7305395,699.0,23,46.27451,26.39594,26.0,27.41117,26.0,29.00653,23.0,23.06019,23.0,39.303526734295346,11266.040778654817,0.10000000000002274,5.968783039934295e-07,1.526897986959939e-06,2.151538072534453e-06,1.4436126422166665e-06
2025-11-14 06:12:22+00,-6.937051667,107.7308085,698.9,23,69.41177,26.39594,26.0,27.41117,26.0,29.00653,23.0,23.06019,23.0,32.515050865075416,11298.555829519892,-0.10000000000002274,5.968783039934295e-07,1.526897986959939e-06,2.151538072534453e-06,1.4436126422166665e-06
2025-11-14 06:12:27+00,-6.93717,107.7310805,701.5,25,54.5098,26.39594,26.0,27.41117,26.0,29.00653,23.0,23.06019,23.0,32.780384625929514,11331.336214145822,2.6000000000000227,5.968783039934295e-07,1.526897986959939e-06,2.151538072534453e-06,1.4436126422166665e-06
2025-11-14 06:12:32+00,-6.9372885,107.7313528,701.9,6,49.41177,26.39594,26.0,27.41117,26.0,29.00653,23.0,23.06019,23.0,32.818161239766134,11364.154375385588,0.39999999999997726,5.968783039934295e-07,1.526897986959939e-06,2.151538072534453e-06,1.4436126422166665e-06
2025-11-14 06:12:42+00,-6.937323667,107.7314533,708.6,2,72.15686,26.39594,26.0,27.41117,26.0,29.00653,23.0,23.06019,23.0,11.762326562043452,11375.916701947632,6.7000000000000455,5.968783039934295e-07,1.526897986959939e-06,2.151538072534453e-06,1.4436126422166665e-06
2025-11-14 06:12:52+00,-6.937331167,107.7314742,708.0,3,55.29412,26.39594,26.0,27.41117,26.0,29.00653,23.0,23.06019,23.0,2.4530741619686505,11378.369776109601,-0.6000000000000227,5.968783039934295e-07,1.526897986959939e-06,2.151538072534453e-06,1.4436126422166665e-06
2025-11-14 06:12:57+00,-6.937345167,107.7315062,705.5,2,54.90196,26.39594,26.0,27.41117,26.0,29.00653,23.0,23.06019,23.0,3.860024984192235,11382.229801093794,-2.5,5.968783039934295e-07,1.526897986959939e-06,2.151538072534453e-06,1.4436126422166665e-06
2025-11-14 06:13:02+00,-6.937359,107.73154,703.9,5,69.80392,26.39594,26.0,27.41117,26.0,29.00653,23.0,23.06019,23.0,4.035516091602716,11386.265317185396,-1.6000000000000227,5.968783039934295e-07,1.526897986959939e-06,2.151538072534453e-06,1.4436126422166665e-06
2025-11-14 06:13:07+00,-6.937384667,107.7315978,702.9,7,52.94118,26.39594,26.0,27.41117,26.0,29.00653,23.0,23.06019,23.0,6.989294865133002,11393.254612050529,-1.0,5.968783039934295e-07,1.526897986959939e-06,2.151538072534453e-06,1.4436126422166665e-06
2025-11-14 06:13:12+00,-6.937424833,107.7316828,703.1,9,41.56863,26.39594,26.0,27.41117,26.0,29.00653,23.0,23.06019,23.0,10.391179981636164,11403.645792032165,0.20000000000004547,5.968783039934295e-07,1.526897986959939e-06,2.151538072534453e-06,1.4436126422166665e-06
2025-11-14 06:13:17+00,-6.937472167,107.7317895,700.7,8,45.88235,26.39594,26.0,27.41117,26.0,29.00653,23.0,23.06019,23.0,12.900211507977833,11416.546003540143,-2.3999999999999773,5.968783039934295e-07,1.526897986959939e-06,2.151538072534453e-06,1.4436126422166665e-06
2025-11-14 06:13:22+00,-6.937515667,107.7318927,700.3,12,53.72549,26.39594,26.0,27.41117,26.0,29.00653,23.0,23.06019,23.0,12.37572255198655,11428.921726092129,-0.40000000000009095,5.968783039934295e-07,1.526897986959939e-06,2.151538072534453e-06,1.4436126422166665e-06
2025-11-14 06:13:27+00,-6.937575167,107.7320308,699.4,8,41.56863,26.39594,26.0,27.41117,26.0,29.00653,23.0,23.06019,23.0,16.61747625197692,11445.539202344105,-0.8999999999999773,5.968783039934295e-07,1.526897986959939e-06,2.151538072534453e-06,1.4436126422166665e-06
2025-11-14 06:13:32+00,-6.937627333,107.732144,699.8,4,52.54902,26.39594,26.0,27.41117,26.0,29.00653,23.0,23.06019,23.0,13.775887587685693,11459.315089931792,0.39999999999997726,5.968783039934295e-07,1.526897986959939e-06,2.151538072534453e-06,1.4436126422166665e-06
2025-11-14 06:13:37+00,-6.937655167,107.7322052,701.6,5,88.23529,26.39594,26.0,27.41117,26.0,29.00653,23.0,23.06019,23.0,7.430565485176085,11466.745655416968,1.8000000000000682,5.968783039934295e-07,1.526897986959939e-06,2.151538072534453e-06,1.4436126422166665e-06
2025-11-14 06:13:42+00,-6.9376875,107.7322763,701.3,13,56.07843,26.39594,26.0,27.41117,26.0,29.00653,23.0,23.06019,23.0,8.632403449312136,11475.37805886628,-0.3000000000000682,5.968783039934295e-07,1.526897986959939e-06,2.151538072534453e-06,1.4436126422166665e-06
2025-11-14 06:13:47+00,-6.937751,107.7324192,702.7,16,43.13726,26.39594,26.0,27.41117,26.0,29.00653,23.0,23.06019,23.0,17.281704492129172,11492.659763358408,1.400000000000091,5.968783039934295e-07,1.526897986959939e-06,2.151538072534453e-06,1.4436126422166665e-06
2025-11-14 06:13:52+00,-6.937834,107.7326033,706.8,9,67.45098,26.39594,26.0,27.41117,26.0,29.00653,23.0,23.06019,23.0,22.318737046508215,11514.978500404915,4.099999999999909,5.968783039934295e-07,1.526897986959939e-06,2.151538072534453e-06,1.4436126422166665e-06
2025-11-14 06:13:57+00,-6.937887333,107.7327325,707.5,19,87.45098,26.39594,26.0,27.41117,26.0,29.00653,23.0,23.06019,23.0,15.445107982400927,11530.423608387317,0.7000000000000455,5.968783039934295e-07,1.526897986959939e-06,2.151538072534453e-06,1.4436126422166665e-06
2025-11-14 06:14:02+00,-6.937984833,107.7329468,708.3,30,90.19608,26.39594,26.0,27.41117,26.0,29.00653,23.0,23.06019,23.0,26.020752532621742,11556.444360919939,0.7999999999999545,5.968783039934295e-07,1.526897986959939e-06,2.151538072534453e-06,1.4436126422166665e-06
2025-11-14 06:14:07+00,-6.938130667,107.7332763,709.7,32,48.23529,26.39594,26.0,27.41117,26.0,29.00653,23.0,23.06019,23.0,39.821747754190895,11596.26610867413,1.400000000000091,5.968783039934295e-07,1.526897986959939e-06,2.151538072534453e-06,1.4436126422166665e-06
2025-11-14 06:14:12+00,-6.938301333,107.7336468,710.1,30,45.88235,26.39594,26.0,27.41117,26.0,29.00653,23.0,23.06019,23.0,45.08463898469451,11641.350747658824,0.39999999999997726,5.968783039934295e-07,1.526897986959939e-06,2.151538072534453e-06,1.4436126422166665e-06
2025-11-14 06:14:17+00,-6.9384475,107.7340018,710.0,32,74.90196,26.39594,26.0,27.41117,26.0,29.00653,23.0,23.06019,23.0,42.42215484088258,11683.772902499706,-0.10000000000002274,5.968783039934295e-07,1.526897986959939e-06,2.151538072534453e-06,1.4436126422166665e-06
2025-11-14 06:14:22+00,-6.938548167,107.7343942,708.4,35,57.64706,26.39594,26.0,27.41117,26.0,29.00653,23.0,23.06019,23.0,44.73643817211825,11728.509340671824,-1.6000000000000227,5.968783039934295e-07,1.526897986959939e-06,2.151538072534453e-06,1.4436126422166665e-06
2025-11-14 06:14:27+00,-6.938607167,107.7348285,708.0,36,42.35294,26.39594,26.0,27.41117,26.0,29.00653,23.0,23.06019,23.0,48.385174098792916,11776.894514770616,-0.39999999999997726,5.968783039934295e-07,1.526897986959939e-06,2.151538072534453e-06,1.4436126422166665e-06
2025-11-14 06:14:32+00,-6.938660833,107.735281,707.6,33,41.56863,26.39594,26.0,27.41117,26.0,29.00653,23.0,23.06019,23.0,50.30247750180604,11827.196992272422,-0.39999999999997726,5.968783039934295e-07,1.526897986959939e-06,2.151538072534453e-06,1.4436126422166665e-06
2025-11-14 06:14:37+00,-6.938712333,107.7357058,707.1,34,89.80392,26.39594,26.0,27.41117,26.0,29.00653,23.0,23.06019,23.0,47.23810748239964,11874.43509975482,-0.5,5.968783039934295e-07,1.526897986959939e-06,2.151538072534453e-06,1.4436126422166665e-06
2025-11-14 06:14:42+00,-6.938766167,107.7361328,707.6,37,49.80392,26.39594,26.0,27.41117,26.0,29.00653,23.0,23.06019,23.0,47.51115873340024,11921.94625848822,0.5,5.968783039934295e-07,1.526897986959939e-06,2.151538072534453e-06,1.4436126422166665e-06
2025-11-14 06:14:47+00,-6.938832,107.736569,709.8,6,52.54902,26.39594,26.0,27.41117,26.0,29.00653,23.0,23.06019,23.0,48.70134540265434,11970.647603890875,2.199999999999932,5.968783039934295e-07,1.526897986959939e-06,2.151538072534453e-06,1.4436126422166665e-06
2025-11-14 06:14:52+00,-6.938855167,107.7367008,711.2,10,69.80392,26.39594,26.0,27.41117,26.0,29.00653,23.0,23.06019,23.0,14.774481689366551,11985.422085580241,1.400000000000091,5.968783039934295e-07,1.526897986959939e-06,2.151538072534453e-06,1.4436126422166665e-06
2025-11-14 06:14:57+00,-6.938875833,107.736808,711.0,19,87.05882,26.39594,26.0,27.41117,26.0,29.00653,23.0,23.06019,23.0,12.053874365826614,11997.475959946069,-0.20000000000004547,5.968783039934295e-07,1.526897986959939e-06,2.151538072534453e-06,1.4436126422166665e-06
2025-11-14 06:15:02+00,-6.938907167,107.7370372,713.6,25,43.52941,26.39594,26.0,27.41117,26.0,29.00653,23.0,23.06019,23.0,25.538034931872918,12023.013994877942,2.6000000000000227,5.968783039934295e-07,1.526897986959939e-06,2.151538072534453e-06,1.4436126422166665e-06
2025-11-14 06:15:07+00,-6.938920333,107.737353,716.0,25,43.52941,26.39594,26.0,27.41117,26.0,29.00653,23.0,23.06019,23.0,34.88893350494559,12057.902928382888,2.3999999999999773,5.968783039934295e-07,1.526897986959939e-06,2.151538072534453e-06,1.4436126422166665e-06
2025-11-14 06:15:12+00,-6.938914167,107.737667,716.0,22,42.7451,26.39594,26.0,27.41117,26.0,29.00653,23.0,23.06019,23.0,34.666299657465515,12092.569228040353,0.0,5.968783039934295e-07,1.526897986959939e-06,2.151538072534453e-06,1.4436126422166665e-06
2025-11-14 06:15:17+00,-6.938960667,107.7379472,715.7,17,52.94118,26.39594,26.0,27.41117,26.0,29.00653,23.0,23.06019,23.0,31.357875043315314,12123.927103083668,-0.2999999999999545,5.968783039934295e-07,1.526897986959939e-06,2.151538072534453e-06,1.4436126422166665e-06
2025-11-14 06:15:22+00,-6.939040667,107.7381617,715.5,10,54.11765,26.39594,26.0,27.41117,26.0,29.00653,23.0,23.06019,23.0,25.292591251040626,12149.219694334708,-0.20000000000004547,5.968783039934295e-07,1.526897986959939e-06,2.151538072534453e-06,1.4436126422166665e-06
2025-11-14 06:15:27+00,-6.939103333,107.7382972,715.6,13,48.23529,26.39594,26.0,27.41117,26.0,29.00653,23.0,23.06019,23.0,16.500125437516363,12165.719819772225,0.10000000000002274,5.968783039934295e-07,1.526897986959939e-06,2.151538072534453e-06,1.4436126422166665e-06
2025-11-14 06:15:32+00,-6.939176333,107.7384268,714.2,9,53.72549,26.39594,26.0,27.41117,26.0,29.00653,23.0,23.06019,23.0,16.447853165354463,12182.16767293758,-1.3999999999999773,5.968783039934295e-07,1.526897986959939e-06,2.151538072534453e-06,1.4436126422166665e-06
2025-11-14 06:15:37+00,-6.939240167,107.7385315,713.4,3,58.03922,26.39594,26.0,27.41117,26.0,29.00653,23.0,23.06019,23.0,13.562545986067736,12195.730218923647,-0.8000000000000682,5.968783039934295e-07,1.526897986959939e-06,2.151538072534453e-06,1.4436126422166665e-06
2025-11-14 06:15:42+00,-6.939268333,107.7385748,712.3,2,56.07843,26.39594,26.0,27.41117,26.0,29.00653,23.0,23.06019,23.0,5.714222321692494,12201.44444124534,-1.1000000000000227,5.968783039934295e-07,1.526897986959939e-06,2.151538072534453e-06,1.4436126422166665e-06
2025-11-14 06:15:47+00,-6.939287333,107.7386077,711.9,6,52.15686,26.39594,26.0,27.41117,26.0,29.00653,23.0,23.06019,23.0,4.201364866270976,12205.64580611161,-0.39999999999997726,5.968783039934295e-07,1.526897986959939e-06,2.151538072534453e-06,1.4436126422166665e-06
2025-11-14 06:15:52+00,-6.9393245,107.7386705,713.2,2,77.25491,26.39594,26.0,27.41117,26.0,29.00653,23.0,23.06019,23.0,8.07038681619729,12213.716192927808,1.3000000000000682,5.968783039934295e-07,1.526897986959939e-06,2.151538072534453e-06,1.4436126422166665e-06
2025-11-14 06:15:57+00,-6.939344333,107.7387,714.2,7,50.98039,26.39594,26.0,27.41117,26.0,29.00653,23.0,23.06019,23.0,3.9327465932656973,12217.648939521074,1.0,5.968783039934295e-07,1.526897986959939e-06,2.151538072534453e-06,1.4436126422166665e-06
2025-11-14 06:16:02+00,-6.939384667,107.738763,714.2,8,50.19608,26.39594,26.0,27.41117,26.0,29.00653,23.0,23.06019,23.0,8.274808304662729,12225.923747825736,0.0,5.968783039934295e-07,1.526897986959939e-06,2.151538072534453e-06,1.4436126422166665e-06
2025-11-14 06:16:17+00,-6.939446167,107.738863,713.8,12,72.94118,26.39594,26.0,27.41117,26.0,29.00653,23.0,23.06019,23.0,12.984746093216987,12238.908493918954,-0.40000000000009095,5.968783039934295e-07,1.526897986959939e-06,2.151538072534453e-06,1.4436126422166665e-06
2025-11-14 06:16:22+00,-6.939516,107.7389682,714.2,23,78.82353,26.39594,26.0,27.41117,26.0,29.00653,23.0,23.06019,23.0,13.96910060839865,12252.877594527354,0.40000000000009095,5.968783039934295e-07,1.526897986959939e-06,2.151538072534453e-06,1.4436126422166665e-06
2025-11-14 06:16:27+00,-6.939649,107.7392032,715.6,29,88.23529,26.39594,26.0,27.41117,26.0,29.00653,23.0,23.06019,23.0,29.859102739828533,12282.736697267183,1.3999999999999773,5.968783039934295e-07,1.526897986959939e-06,2.151538072534453e-06,1.4436126422166665e-06
2025-11-14 06:16:32+00,-6.939795833,107.7395307,714.0,33,70.58823,26.39594,26.0,27.41117,26.0,29.00653,23.0,23.06019,23.0,39.66569913378196,12322.402396400965,-1.6000000000000227,5.968783039934295e-07,1.526897986959939e-06,2.151538072534453e-06,1.4436126422166665e-06
2025-11-14 06:16:37+00,-6.939904,107.7399202,716.2,34,76.47059,26.39594,26.0,27.41117,26.0,29.00653,23.0,23.06019,23.0,44.643889536138516,12367.046285937104,2.2000000000000455,5.968783039934295e-07,1.526897986959939e-06,2.151538072534453e-06,1.4436126422166665e-06
2025-11-14 06:16:42+00,-6.939955667,107.7403455,716.6,44,84.70588,26.39594,26.0,27.41117,26.0,29.00653,23.0,23.06019,23.0,47.29502032112084,12414.341306258224,0.39999999999997726,5.968783039934295e-07,1.526897986959939e-06,2.151538072534453e-06,1.4436126422166665e-06
2025-11-14 06:16:47+00,-6.9399825,107.7408832,714.6,40,50.98039,26.39594,26.0,27.41117,26.0,29.00653,23.0,23.06019,23.0,59.42648417867417,12473.767790436897,-2.0,5.968783039934295e-07,1.526897986959939e-06,2.151538072534453e-06,1.4436126422166665e-06
2025-11-14 06:16:52+00,-6.939986333,107.7414188,714.7,35,43.13726,26.39594,26.0,27.41117,26.0,29.00653,23.0,23.06019,23.0,59.12126943131905,12532.889059868217,0.10000000000002274,5.968783039934295e-07,1.526897986959939e-06,2.151538072534453e-06,1.4436126422166665e-06
2025-11-14 06:16:57+00,-6.9399815,107.7418757,714.7,32,73.72549,26.39594,26.0,27.41117,26.0,29.00653,23.0,23.06019,23.0,50.43566021248603,12583.324720080704,0.0,5.968783039934295e-07,1.526897986959939e-06,2.151538072534453e-06,1.4436126422166665e-06
2025-11-14 06:17:02+00,-6.939969,107.742282,717.0,25,51.76471,26.39594,26.0,27.41117,26.0,29.00653,23.0,23.06019,23.0,44.86908414891619,12628.19380422962,2.2999999999999545,5.968783039934295e-07,1.526897986959939e-06,2.151538072534453e-06,1.4436126422166665e-06
2025-11-14 06:17:07+00,-6.939926167,107.7426222,718.3,25,87.45098,26.39594,26.0,27.41117,26.0,29.00653,23.0,23.06019,23.0,37.85224931357732,12666.046053543198,1.2999999999999545,5.968783039934295e-07,1.526897986959939e-06,2.151538072534453e-06,1.4436126422166665e-06
2025-11-14 06:17:12+00,-6.939877167,107.7429217,718.9,34,89.80392,26.39594,26.0,27.41117,26.0,29.00653,23.0,23.06019,23.0,33.504920247933214,12699.55097379113,0.6000000000000227,5.968783039934295e-07,1.526897986959939e-06,2.151538072534453e-06,1.4436126422166665e-06
2025-11-14 06:17:17+00,-6.9398095,107.7433312,718.5,43,90.19608,26.39594,26.0,27.41117,26.0,29.00653,23.0,23.06019,23.0,45.82275303828025,12745.373726829412,-0.39999999999997726,5.968783039934295e-07,1.526897986959939e-06,2.151538072534453e-06,1.4436126422166665e-06
2025-11-14 06:17:22+00,-6.939721167,107.7438538,716.8,51,40.0,26.39594,26.0,27.41117,26.0,29.00653,23.0,23.06019,23.0,58.51506980938289,12803.888796638794,-1.7000000000000455,5.968783039934295e-07,1.526897986959939e-06,2.151538072534453e-06,1.4436126422166665e-06
2025-11-14 06:17:27+00,-6.9395735,107.7444653,714.9,46,67.05882,26.39594,26.0,27.41117,26.0,29.00653,23.0,23.06019,23.0,69.46613829273124,12873.354934931525,-1.8999999999999773,5.968783039934295e-07,1.526897986959939e-06,2.151538072534453e-06,1.4436126422166665e-06
2025-11-14 06:17:32+00,-6.9393985,107.7450243,715.0,50,92.15686,26.39594,26.0,27.41117,26.0,29.00653,23.0,23.06019,23.0,64.69838642777482,12938.0533213593,0.10000000000002274,5.968783039934295e-07,1.526897986959939e-06,2.151538072534453e-06,1.4436126422166665e-06
2025-11-14 06:17:37+00,-6.939273833,107.745628,716.7,45,41.17647,26.39594,26.0,27.41117,26.0,29.00653,23.0,23.06019,23.0,68.06334248171973,13006.116663841021,1.7000000000000455,5.968783039934295e-07,1.526897986959939e-06,2.151538072534453e-06,1.4436126422166665e-06
2025-11-14 06:17:42+00,-6.939238667,107.7462245,717.8,42,44.31372,26.39594,26.0,27.41117,26.0,29.00653,23.0,23.06019,23.0,65.9580119451606,13072.074675786182,1.099999999999909,5.968783039934295e-07,1.526897986959939e-06,2.151538072534453e-06,1.4436126422166665e-06
2025-11-14 06:17:47+00,-6.9392125,107.7467675,720.3,41,92.54902,26.39594,26.0,27.41117,26.0,29.00653,23.0,23.06019,23.0,60.007227703368585,13132.08190348955,2.5,5.968783039934295e-07,1.526897986959939e-06,2.151538072534453e-06,1.4436126422166665e-06
2025-11-14 06:17:52+00,-6.9391625,107.7472792,720.8,48,72.54902,26.39594,26.0,27.41117,26.0,29.00653,23.0,23.06019,23.0,56.75471385389273,13188.836617343442,0.5,5.968783039934295e-07,1.526897986959939e-06,2.151538072534453e-06,1.4436126422166665e-06
2025-11-14 06:17:57+00,-6.939054167,107.7478603,718.4,40,39.60784,26.39594,26.0,27.41117,26.0,29.00653,23.0,23.06019,23.0,65.26350528585425,13254.100122629297,-2.3999999999999773,5.968783039934295e-07,1.526897986959939e-06,2.151538072534453e-06,1.4436126422166665e-06
2025-11-14 06:18:02+00,-6.9390395,107.7483913,717.4,27,87.84314,26.39594,26.0,27.41117,26.0,29.00653,23.0,23.06019,23.0,58.634785801191555,13312.73490843049,-1.0,5.968783039934295e-07,1.526897986959939e-06,2.151538072534453e-06,1.4436126422166665e-06
2025-11-14 06:18:07+00,-6.9391645,107.7487298,719.6,35,92.15686,26.39594,26.0,27.41117,26.0,29.00653,23.0,23.06019,23.0,39.865381875323585,13352.600290305812,2.2000000000000455,5.968783039934295e-07,1.526897986959939e-06,2.151538072534453e-06,1.4436126422166665e-06
2025-11-14 06:18:15+00,-6.939600667,107.749302,719.1,41,43.52941,26.39594,26.0,27.41117,26.0,29.00653,23.0,23.06019,23.0,79.63269315350014,13432.232983459313,-0.5,5.968783039934295e-07,1.526897986959939e-06,2.151538072534453e-06,1.4436126422166665e-06
2025-11-14 06:18:17+00,-6.939725667,107.7494523,718.7,21,49.80392,26.39594,26.0,27.41117,26.0,29.00653,23.0,23.06019,23.0,21.643176112394396,13453.876159571708,-0.39999999999997726,5.968783039934295e-07,1.526897986959939e-06,2.151538072534453e-06,1.4436126422166665e-06
2025-11-14 06:18:22+00,-6.939923667,107.7496958,718.5,12,51.37255,26.39594,26.0,27.41117,26.0,29.00653,23.0,23.06019,23.0,34.74390503904159,13488.62006461075,-0.20000000000004547,5.968783039934295e-07,1.526897986959939e-06,2.151538072534453e-06,1.4436126422166665e-06
2025-11-14 06:18:27+00,-6.940017667,107.7498365,720.1,8,58.03922,26.39594,26.0,27.41117,26.0,29.00653,23.0,23.06019,23.0,18.720267680349412,13507.3403322911,1.6000000000000227,5.968783039934295e-07,1.526897986959939e-06,2.151538072534453e-06,1.4436126422166665e-06
2025-11-14 06:18:32+00,-6.940061167,107.7499168,720.5,13,52.94118,26.39594,26.0,27.41117,26.0,29.00653,23.0,23.06019,23.0,10.09746704184789,13517.437799332947,0.39999999999997726,5.968783039934295e-07,1.526897986959939e-06,2.151538072534453e-06,1.4436126422166665e-06
2025-11-14 06:18:37+00,-6.940103,107.7500525,719.8,8,42.35294,26.39594,26.0,27.41117,26.0,29.00653,23.0,23.06019,23.0,15.684275788598681,13533.122075121546,-0.7000000000000455,5.968783039934295e-07,1.526897986959939e-06,2.151538072534453e-06,1.4436126422166665e-06
2025-11-14 06:18:42+00,-6.940121833,107.7501655,721.4,10,71.37255,26.39594,26.0,27.41117,26.0,29.00653,23.0,23.06019,23.0,12.647554574436008,13545.769629695982,1.6000000000000227,5.968783039934295e-07,1.526897986959939e-06,2.151538072534453e-06,1.4436126422166665e-06
2025-11-14 06:18:47+00,-6.9401265,107.7502817,720.8,15,74.5098,26.39594,26.0,27.41117,26.0,29.00653,23.0,23.06019,23.0,12.836690697262107,13558.606320393244,-0.6000000000000227,5.968783039934295e-07,1.526897986959939e-06,2.151538072534453e-06,1.4436126422166665e-06
2025-11-14 06:18:52+00,-6.940120333,107.7504598,720.5,20,54.90196,26.39594,26.0,27.41117,26.0,29.00653,23.0,23.06019,23.0,19.670696824597105,13578.27701721784,-0.2999999999999545,5.968783039934295e-07,1.526897986959939e-06,2.151538072534453e-06,1.4436126422166665e-06
2025-11-14 06:18:57+00,-6.9401015,107.7507113,720.7,29,74.11765,26.39594,26.0,27.41117,26.0,29.00653,23.0,23.06019,23.0,27.839532855195053,13606.116550073035,0.20000000000004547,5.968783039934295e-07,1.526897986959939e-06,2.151538072534453e-06,1.4436126422166665e-06
2025-11-14 06:19:02+00,-6.940072833,107.7510542,719.0,31,50.98039,26.39594,26.0,27.41117,26.0,29.00653,23.0,23.06019,23.0,37.98341688140302,13644.099966954438,-1.7000000000000455,5.968783039934295e-07,1.526897986959939e-06,2.151538072534453e-06,1.4436126422166665e-06
2025-11-14 06:19:07+00,-6.940032167,107.75145,718.3,25,72.15686,26.39594,26.0,27.41117,26.0,29.00653,23.0,23.06019,23.0,43.92193695949496,13688.021903913934,-0.7000000000000455,5.968783039934295e-07,1.526897986959939e-06,2.151538072534453e-06,1.4436126422166665e-06
