timestamp,latitude,longitude,altitude,speed,engine_load,fl_pressure,fl_temp,fr_pressure,fr_temp,rl_pressure,rl_temp,rr_pressure,rr_temp,distance_traveled_m,sum_distance_traveled_m,elevation_traveled_m,tr_fl,tr_fr,tr_rl,tr_rr
2025-11-21 07:19:11+00,-6.964042833,107.709476,698.4,10,70.98039,26.97607,38.0,29.44162,39.0,30.16679,33.0,24.22045,34.0,3.3733127683145843,3.3733127683145843,1.1999999999999318,2.3250621929621956e-06,1.2775066969028465e-06,4.445723216307437e-06,1.4308074974652236e-06
2025-11-21 07:19:16+00,-6.963969167,107.7094332,700.4,18,61.56863,26.97607,38.0,29.44162,39.0,30.16679,33.0,24.22045,34.0,9.455891618810687,12.829204387125271,2.0,2.3250621929621956e-06,1.2775066969028465e-06,4.445723216307437e-06,1.4308074974652236e-06
2025-11-21 07:19:21+00,-6.963817,107.7094617,701.0,23,53.33333,26.97607,38.0,29.44162,39.0,30.16679,33.0,24.22045,34.0,17.210148544505863,30.039352931631136,0.6000000000000227,2.3250621929621956e-06,1.2775066969028465e-06,4.445723216307437e-06,1.4308074974652236e-06
2025-11-21 07:19:31+00,-6.963334,107.7096963,695.7,21,49.01961,26.97607,38.0,29.44162,39.0,30.16679,33.0,24.22045,34.0,59.62350123724922,89.66285416888036,-5.2999999999999545,2.3250621929621956e-06,1.2775066969028465e-06,4.445723216307437e-06,1.4308074974652236e-06
2025-11-21 07:19:26+00,-6.963601,107.709577,698.8,22,54.90196,26.97607,38.0,29.44162,39.0,30.16679,33.0,24.22045,34.0,32.47815797713446,122.14101214601482,3.099999999999909,2.3250621929621956e-06,1.2775066969028465e-06,4.445723216307437e-06,1.4308074974652236e-06
2025-11-21 07:19:41+00,-6.962494167,107.7097435,687.5,20,45.09804,26.97607,38.0,29.44162,39.0,30.16679,33.0,24.22045,34.0,124.43887678616092,246.57988893217572,-11.299999999999955,2.3250621929621956e-06,1.2775066969028465e-06,4.445723216307437e-06,1.4308074974652236e-06
2025-11-21 07:19:36+00,-6.962938,107.709765,690.0,20,46.27451,26.97607,38.0,29.44162,39.0,30.16679,33.0,24.22045,34.0,49.40906676870801,295.9889557008837,2.5,2.3250621929621956e-06,1.2775066969028465e-06,4.445723216307437e-06,1.4308074974652236e-06
2025-11-21 07:19:46+00,-6.962151167,107.7098222,683.3,17,60.0,26.97607,38.0,29.44162,39.0,30.16679,33.0,24.22045,34.0,87.71945351676159,383.7084092176453,-6.7000000000000455,2.3250621929621956e-06,1.2775066969028465e-06,4.445723216307437e-06,1.4308074974652236e-06
2025-11-21 07:19:51+00,-6.961874667,107.7098475,682.7,4,62.7451,26.97607,38.0,29.44162,39.0,30.16679,33.0,24.22045,34.0,30.871995034156747,414.580404251802,-0.599999999999909,2.3250621929621956e-06,1.2775066969028465e-06,4.445723216307437e-06,1.4308074974652236e-06
2025-11-21 07:19:56+00,-6.961672167,107.7097993,680.5,9,57.2549,26.97607,38.0,29.44162,39.0,30.16679,33.0,24.22045,34.0,23.136957274903803,437.7173615267058,-2.2000000000000455,2.3250621929621956e-06,1.2775066969028465e-06,4.445723216307437e-06,1.4308074974652236e-06
2025-11-21 07:20:06+00,-6.961409833,107.7098317,679.7,1,73.33334,26.97607,38.0,29.44162,39.0,30.16679,32.0,24.22045,34.0,29.388644379377784,467.1060059060836,-0.7999999999999545,2.3250621929621956e-06,1.2775066969028465e-06,4.445723216307437e-06,1.4308074974652236e-06
2025-11-21 07:20:01+00,-6.961547167,107.709784,680.2,12,40.0,26.97607,38.0,29.44162,39.0,30.16679,33.0,24.22045,34.0,16.15297282186604,483.2589787279497,0.5,2.3250621929621956e-06,1.2775066969028465e-06,4.445723216307437e-06,1.4308074974652236e-06
2025-11-21 07:21:45+00,-6.961675667,107.7098725,690.6,2,75.29412,26.97607,38.0,29.44162,39.0,30.16679,32.0,24.22045,34.0,17.308413621729095,500.56739234967876,10.399999999999977,2.3250621929621956e-06,1.2775066969028465e-06,4.445723216307437e-06,1.4308074974652236e-06
2025-11-21 07:21:50+00,-6.961622833,107.7098812,689.3,7,50.98039,26.97607,38.0,29.44162,39.0,30.16679,32.0,24.22045,34.0,5.952842532546307,506.52023488222505,-1.3000000000000682,2.3250621929621956e-06,1.2775066969028465e-06,4.445723216307437e-06,1.4308074974652236e-06
2025-11-21 07:21:55+00,-6.961497833,107.7099105,687.6,17,68.23529,26.97607,38.0,29.44162,39.0,30.16679,32.0,24.22045,34.0,14.270656577911605,520.7908914601367,-1.6999999999999318,2.3250621929621956e-06,1.2775066969028465e-06,4.445723216307437e-06,1.4308074974652236e-06
2025-11-21 07:22:00+00,-6.961257167,107.7099577,686.2,25,72.54902,26.97607,38.0,29.44162,39.0,30.16679,32.0,24.22045,34.0,27.26326449371481,548.0541559538515,-1.3999999999999773,2.3250621929621956e-06,1.2775066969028465e-06,4.445723216307437e-06,1.4308074974652236e-06
2025-11-21 07:22:05+00,-6.960945167,107.7100172,685.4,27,77.25491,26.97607,38.0,29.44162,39.0,30.16679,32.0,24.22045,34.0,35.308990480227436,583.3631464340789,-0.8000000000000682,2.3250621929621956e-06,1.2775066969028465e-06,4.445723216307437e-06,1.4308074974652236e-06
2025-11-21 07:22:10+00,-6.960592333,107.7100903,684.9,31,70.98039,26.97607,38.0,29.44162,39.0,30.16679,32.0,24.22045,34.0,40.054462115969535,623.4176085500484,-0.5,2.3250621929621956e-06,1.2775066969028465e-06,4.445723216307437e-06,1.4308074974652236e-06
2025-11-21 07:22:15+00,-6.960174667,107.7101732,683.8,34,50.98039,26.97607,38.0,29.44162,39.0,30.16679,32.0,24.22045,34.0,47.33520808768256,670.7528166377309,-1.1000000000000227,2.3250621929621956e-06,1.2775066969028465e-06,4.445723216307437e-06,1.4308074974652236e-06
2025-11-21 07:22:20+00,-6.959837167,107.710228,681.9,20,50.19608,26.97607,38.0,29.58666,39.0,30.16679,32.0,24.22045,34.0,38.01265158170509,708.765468219436,-1.8999999999999773,2.3250621929621956e-06,1.2775066969028465e-06,4.445723216307437e-06,1.4308074974652236e-06
2025-11-21 07:22:25+00,-6.959721333,107.7102517,680.2,9,74.5098,26.97607,38.0,29.58666,39.0,30.16679,32.0,23.78535,25.0,13.143126017750534,721.9085942371865,-1.6999999999999318,2.3250621929621956e-06,1.2775066969028465e-06,4.445723216307437e-06,1.4308074974652236e-06
2025-11-21 07:22:30+00,-6.959540167,107.7102862,680.5,19,53.72549,26.97607,37.0,29.58666,39.0,30.16679,32.0,23.78535,25.0,20.50151858153517,742.4101128187217,0.2999999999999545,2.3250621929621956e-06,1.2775066969028465e-06,4.445723216307437e-06,1.4308074974652236e-06
2025-11-21 07:22:35+00,-6.959324833,107.7103255,679.6,11,54.5098,26.97607,37.0,29.58666,39.0,30.16679,32.0,23.78535,25.0,24.333829934585047,766.7439427533068,-0.8999999999999773,2.3250621929621956e-06,1.2775066969028465e-06,4.445723216307437e-06,1.4308074974652236e-06
2025-11-21 07:22:40+00,-6.959298833,107.7104228,680.4,8,52.15686,26.97607,37.0,29.58666,39.0,30.16679,32.0,23.78535,25.0,11.121899768438304,777.8658425217451,0.7999999999999545,2.3250621929621956e-06,1.2775066969028465e-06,4.445723216307437e-06,1.4308074974652236e-06
2025-11-21 07:22:45+00,-6.959418833,107.7104003,680.3,18,85.88235,26.97607,37.0,29.58666,39.0,30.16679,32.0,23.78535,25.0,13.572550808738482,791.4383933304836,-0.10000000000002274,2.3250621929621956e-06,1.2775066969028465e-06,4.445723216307437e-06,1.4308074974652236e-06
2025-11-21 07:22:50+00,-6.9596715,107.710348,681.1,26,42.35294,26.97607,37.0,29.58666,39.0,30.16679,32.0,23.78535,25.0,28.68224102219558,820.1206343526792,0.8000000000000682,2.3250621929621956e-06,1.2775066969028465e-06,4.445723216307437e-06,1.4308074974652236e-06
2025-11-21 07:22:55+00,-6.9599815,107.7102947,680.9,25,42.35294,26.97607,37.0,29.58666,39.0,30.16679,32.0,23.78535,25.0,34.96889522884973,855.089529581529,-0.20000000000004547,2.3250621929621956e-06,1.2775066969028465e-06,4.445723216307437e-06,1.4308074974652236e-06
2025-11-21 07:23:00+00,-6.960226,107.710252,681.6,10,49.01961,26.97607,37.0,29.58666,39.0,30.16679,32.0,23.78535,25.0,27.592688141210274,882.6822177227392,0.7000000000000455,2.3250621929621956e-06,1.2775066969028465e-06,4.445723216307437e-06,1.4308074974652236e-06
2025-11-21 07:23:05+00,-6.960377333,107.710227,681.5,20,80.39216,26.97607,37.0,29.58666,39.0,30.16679,32.0,23.78535,25.0,17.052228265047095,899.7344459877863,-0.10000000000002274,2.3250621929621956e-06,1.2775066969028465e-06,4.445723216307437e-06,1.4308074974652236e-06
2025-11-21 07:23:10+00,-6.9606695,107.7101813,681.7,30,85.4902,26.97607,37.0,29.58666,39.0,30.16679,32.0,23.78535,25.0,32.876790931264026,932.6112369190504,0.20000000000004547,2.3250621929621956e-06,1.2775066969028465e-06,4.445723216307437e-06,1.4308074974652236e-06
2025-11-21 07:23:15+00,-6.961088167,107.7101133,681.5,39,77.64706,26.97607,37.0,29.58666,39.0,30.16679,32.0,23.78535,25.0,47.15486180599978,979.7660987250501,-0.20000000000004547,2.3250621929621956e-06,1.2775066969028465e-06,4.445723216307437e-06,1.4308074974652236e-06
2025-11-21 07:23:20+00,-6.961574,107.7100272,681.8,39,45.88235,26.97607,37.0,29.58666,39.0,30.16679,32.0,23.78535,25.0,54.85175867301191,1034.6178573980621,0.2999999999999545,2.3250621929621956e-06,1.2775066969028465e-06,4.445723216307437e-06,1.4308074974652236e-06
2025-11-21 07:23:25+00,-6.962046333,107.709943,681.1,38,62.7451,26.97607,37.0,29.58666,39.0,30.16679,32.0,23.78535,25.0,53.33701806586881,1087.9548754639309,-0.6999999999999318,2.3250621929621956e-06,1.2775066969028465e-06,4.445723216307437e-06,1.4308074974652236e-06
2025-11-21 07:23:30+00,-6.962518167,107.709856,681.8,38,53.72549,26.97607,37.0,29.58666,39.0,30.16679,32.0,23.78535,25.0,53.33715289262557,1141.2920283565563,0.6999999999999318,2.3250621929621956e-06,1.2775066969028465e-06,4.445723216307437e-06,1.4308074974652236e-06
2025-11-21 07:23:35+00,-6.9629885,107.7097857,682.9,36,41.56863,26.97607,37.0,29.58666,39.0,30.16679,32.0,23.78535,25.0,52.87119636902153,1194.163224725578,1.1000000000000227,2.3250621929621956e-06,1.2775066969028465e-06,4.445723216307437e-06,1.4308074974652236e-06
2025-11-21 07:23:40+00,-6.963413167,107.7097338,683.8,28,45.09804,26.97607,37.0,29.58666,39.0,30.16679,32.0,23.78535,25.0,47.567077440650365,1241.7303021662283,0.8999999999999773,2.3250621929621956e-06,1.2775066969028465e-06,4.445723216307437e-06,1.4308074974652236e-06
2025-11-21 07:23:45+00,-6.963640833,107.709704,683.8,8,68.23529,26.97607,37.0,29.58666,39.0,30.16679,32.0,23.78535,25.0,25.528122511386233,1267.2584246776146,0.0,2.3250621929621956e-06,1.2775066969028465e-06,4.445723216307437e-06,1.4308074974652236e-06
2025-11-21 07:23:50+00,-6.9637915,107.7096898,683.8,20,76.07843,26.97607,37.0,29.58666,39.0,30.16679,32.0,23.78535,25.0,16.826582764575818,1284.0850074421903,0.0,2.3250621929621956e-06,1.2775066969028465e-06,4.445723216307437e-06,1.4308074974652236e-06
2025-11-21 07:23:55+00,-6.964105167,107.7096552,683.7,27,40.0,26.97607,37.0,29.58666,39.0,30.16679,32.0,23.78535,25.0,35.08668180125692,1319.1716892434472,-0.09999999999990905,2.3250621929621956e-06,1.2775066969028465e-06,4.445723216307437e-06,1.4308074974652236e-06
2025-11-21 07:24:00+00,-6.964425833,107.709611,683.9,21,41.96078,26.97607,37.0,29.58666,39.0,30.16679,32.0,23.78535,25.0,35.9886792708168,1355.160368514264,0.1999999999999318,2.3250621929621956e-06,1.2775066969028465e-06,4.445723216307437e-06,1.4308074974652236e-06
2025-11-21 07:24:05+00,-6.9646825,107.7095658,685.1,18,80.78432,26.97607,37.0,29.58666,39.0,30.16679,32.0,23.78535,25.0,28.97286992925756,1384.1332384435216,1.2000000000000455,2.3250621929621956e-06,1.2775066969028465e-06,4.445723216307437e-06,1.4308074974652236e-06
2025-11-21 07:24:10+00,-6.9648335,107.7093787,685.7,22,70.58823,26.97607,37.0,29.58666,39.0,30.16679,32.0,23.78535,25.0,26.615532838453433,1410.748771281975,0.6000000000000227,2.3250621929621956e-06,1.2775066969028465e-06,4.445723216307437e-06,1.4308074974652236e-06
2025-11-21 07:24:15+00,-6.9649915,107.7090898,685.3,31,69.41177,26.97607,37.0,29.58666,39.0,30.16679,32.0,23.78535,25.0,36.406827762321704,1447.1555990442967,-0.40000000000009095,2.3250621929621956e-06,1.2775066969028465e-06,4.445723216307437e-06,1.4308074974652236e-06
2025-11-21 07:24:21+00,-6.965238333,107.7086522,684.1,36,56.07843,26.97607,37.0,29.58666,39.0,30.16679,32.0,23.78535,25.0,55.55352678527106,1502.7091258295677,-1.1999999999999318,2.3250621929621956e-06,1.2775066969028465e-06,4.445723216307437e-06,1.4308074974652236e-06
2025-11-21 07:24:26+00,-6.965458833,107.7082472,684.0,37,55.29412,26.97607,37.0,29.58666,39.0,30.16679,32.0,23.78535,25.0,50.98425611792077,1553.6933819474884,-0.10000000000002274,2.3250621929621956e-06,1.2775066969028465e-06,4.445723216307437e-06,1.4308074974652236e-06
2025-11-21 07:24:31+00,-6.965657,107.707868,683.4,31,45.88235,26.97607,37.0,29.58666,39.0,30.16679,32.0,23.78535,25.0,47.300148627431106,1600.9935305749195,-0.6000000000000227,2.3250621929621956e-06,1.2775066969028465e-06,4.445723216307437e-06,1.4308074974652236e-06
2025-11-21 07:24:36+00,-6.965821833,107.707548,684.1,27,45.4902,26.97607,37.0,29.58666,39.0,30.16679,32.0,23.78535,25.0,39.79228028230672,1640.7858108572264,0.7000000000000455,2.3250621929621956e-06,1.2775066969028465e-06,4.445723216307437e-06,1.4308074974652236e-06
2025-11-21 07:24:41+00,-6.965970833,107.7072625,684.8,24,46.66667,26.97607,37.0,29.58666,39.0,30.16679,32.0,23.78535,25.0,35.601941632001875,1676.3877524892282,0.6999999999999318,2.3250621929621956e-06,1.2775066969028465e-06,4.445723216307437e-06,1.4308074974652236e-06
2025-11-21 07:24:46+00,-6.966227333,107.707102,704.4,24,54.5098,26.97607,37.0,29.58666,39.0,30.16679,32.0,23.78535,25.0,33.575314213668086,1709.9630667028962,19.600000000000023,2.3250621929621956e-06,1.2775066969028465e-06,4.445723216307437e-06,1.4308074974652236e-06
2025-11-21 07:24:51+00,-6.9663015,107.70675,693.2,22,62.35294,26.97607,37.0,29.58666,39.0,30.16679,32.0,23.78535,25.0,39.71736852945743,1749.6804352323536,-11.199999999999932,2.3250621929621956e-06,1.2775066969028465e-06,4.445723216307437e-06,1.4308074974652236e-06
2025-11-21 07:24:56+00,-6.966419167,107.70646,691.4,25,44.70588,26.97607,37.0,29.58666,39.0,30.16679,32.0,23.78535,25.0,34.5794129812934,1784.259848213647,-1.8000000000000682,2.3250621929621956e-06,1.2775066969028465e-06,4.445723216307437e-06,1.4308074974652236e-06
2025-11-21 07:25:01+00,-6.966551167,107.7061777,691.7,25,66.27451,26.97607,37.0,29.58666,39.0,30.16679,32.0,23.78535,25.0,34.44265148671495,1818.702499700362,0.3000000000000682,2.3250621929621956e-06,1.2775066969028465e-06,4.445723216307437e-06,1.4308074974652236e-06
2025-11-21 07:25:06+00,-6.966666167,107.7058498,691.1,28,58.43137,26.97607,37.0,29.58666,39.0,30.16679,33.0,23.78535,25.0,38.38431868964143,1857.0868183900036,-0.6000000000000227,2.3250621929621956e-06,1.2775066969028465e-06,4.445723216307437e-06,1.4308074974652236e-06
2025-11-21 07:25:11+00,-6.966781167,107.7055307,690.5,25,42.35294,26.97607,37.0,29.58666,39.0,30.16679,33.0,23.78535,25.0,37.46989893777474,1894.5567173277784,-0.6000000000000227,2.3250621929621956e-06,1.2775066969028465e-06,4.445723216307437e-06,1.4308074974652236e-06
2025-11-21 07:25:16+00,-6.966893667,107.7052798,690.4,23,41.56863,26.97607,37.0,29.58666,39.0,30.16679,33.0,23.78535,25.0,30.387176215833666,1924.9438935436121,-0.10000000000002274,2.3250621929621956e-06,1.2775066969028465e-06,4.445723216307437e-06,1.4308074974652236e-06
2025-11-21 07:25:21+00,-6.966981833,107.7050135,691.0,19,55.68628,26.97607,37.0,29.58666,39.0,30.16679,33.0,23.78535,25.0,30.984456915813407,1955.9283504594255,0.6000000000000227,2.3250621929621956e-06,1.2775066969028465e-06,4.445723216307437e-06,1.4308074974652236e-06
2025-11-21 07:25:26+00,-6.9670585,107.7047915,691.3,15,50.19608,26.97607,37.0,29.58666,39.0,30.16679,33.0,23.78535,25.0,25.943674115108823,1981.8720245745344,0.2999999999999545,2.3250621929621956e-06,1.2775066969028465e-06,4.445723216307437e-06,1.4308074974652236e-06
2025-11-21 07:25:31+00,-6.967125333,107.7046127,690.8,15,69.01961,26.97607,37.0,29.58666,39.0,30.16679,33.0,23.78535,25.0,21.087732076864473,2002.959756651399,-0.5,2.3250621929621956e-06,1.2775066969028465e-06,4.445723216307437e-06,1.4308074974652236e-06
2025-11-21 07:25:36+00,-6.9672285,107.7043652,688.6,26,53.33333,26.97607,37.0,29.58666,39.0,30.16679,33.0,23.78535,25.0,29.628505270499815,2032.5882619218987,-2.199999999999932,2.3250621929621956e-06,1.2775066969028465e-06,4.445723216307437e-06,1.4308074974652236e-06
2025-11-21 07:25:41+00,-6.9673675,107.7040493,687.7,27,42.7451,26.97607,37.0,29.58666,39.0,30.16679,33.0,23.78535,25.0,38.139332429372956,2070.727594351272,-0.8999999999999773,2.3250621929621956e-06,1.2775066969028465e-06,4.445723216307437e-06,1.4308074974652236e-06
2025-11-21 07:25:46+00,-6.967501833,107.7037235,687.9,29,53.33333,26.97607,37.0,29.58666,39.0,30.16679,33.0,23.78535,25.0,38.93877503090522,2109.666369382177,0.1999999999999318,2.3250621929621956e-06,1.2775066969028465e-06,4.445723216307437e-06,1.4308074974652236e-06
2025-11-21 07:25:51+00,-6.9676335,107.703384,687.0,26,50.58823,26.97607,37.0,29.58666,39.0,30.16679,33.0,23.78535,25.0,40.23054841790994,2149.896917800087,-0.8999999999999773,2.3250621929621956e-06,1.2775066969028465e-06,4.445723216307437e-06,1.4308074974652236e-06
2025-11-21 07:25:56+00,-6.967746167,107.7031237,686.0,21,43.52941,26.97607,37.0,29.58666,39.0,30.16679,33.0,23.78535,25.0,31.34298053744505,2181.239898337532,-1.0,2.3250621929621956e-06,1.2775066969028465e-06,4.445723216307437e-06,1.4308074974652236e-06
2025-11-21 07:26:01+00,-6.967815333,107.7029277,683.8,7,51.76471,26.97607,37.0,29.58666,39.0,30.16679,33.0,23.78535,25.0,22.95972167348314,2204.199620011015,-2.2000000000000455,2.3250621929621956e-06,1.2775066969028465e-06,4.445723216307437e-06,1.4308074974652236e-06
2025-11-21 07:26:06+00,-6.967838667,107.702844,683.6,6,48.62745,26.97607,37.0,29.58666,39.0,30.16679,33.0,23.78535,25.0,9.59573317676586,2213.795353187781,-0.1999999999999318,2.3250621929621956e-06,1.2775066969028465e-06,4.445723216307437e-06,1.4308074974652236e-06
2025-11-21 07:26:11+00,-6.967862167,107.7027677,681.9,7,80.39216,26.97607,37.0,29.58666,39.0,30.16679,33.0,23.78535,25.0,8.81761138185039,2222.6129645696315,-1.7000000000000455,2.3250621929621956e-06,1.2775066969028465e-06,4.445723216307437e-06,1.4308074974652236e-06
2025-11-21 07:26:16+00,-6.967899333,107.7026073,682.2,20,70.98039,26.97607,37.0,29.58666,39.0,30.16679,33.0,23.78535,25.0,18.179914366085953,2240.7928789357175,0.3000000000000682,2.3250621929621956e-06,1.2775066969028465e-06,4.445723216307437e-06,1.4308074974652236e-06
2025-11-21 07:26:21+00,-6.967974833,107.702299,683.4,29,74.11765,26.97607,37.0,29.58666,39.0,30.16679,33.0,23.78535,25.0,35.04855871725383,2275.8414376529713,1.1999999999999318,2.3250621929621956e-06,1.2775066969028465e-06,4.445723216307437e-06,1.4308074974652236e-06
2025-11-21 07:26:26+00,-6.968074167,107.7019227,683.4,33,64.31373,26.97607,37.0,29.58666,39.0,30.16679,33.0,23.78535,25.0,42.97728271440579,2318.818720367377,0.0,2.3250621929621956e-06,1.2775066969028465e-06,4.445723216307437e-06,1.4308074974652236e-06
2025-11-21 07:26:31+00,-6.968187667,107.7015103,682.1,35,74.11765,26.97607,37.0,29.58666,39.0,30.16679,33.0,23.78535,25.0,47.23538811882957,2366.0541084862066,-1.2999999999999545,2.3250621929621956e-06,1.2775066969028465e-06,4.445723216307437e-06,1.4308074974652236e-06
2025-11-21 07:26:36+00,-6.968295167,107.701065,681.5,37,44.70588,26.97607,37.0,29.58666,39.0,30.16679,33.0,23.78535,25.0,50.58212863356908,2416.6362371197756,-0.6000000000000227,2.3250621929621956e-06,1.2775066969028465e-06,4.445723216307437e-06,1.4308074974652236e-06
2025-11-21 07:26:41+00,-6.968407167,107.7006697,681.5,22,50.58823,26.97607,37.0,29.58666,39.0,30.16679,33.0,23.78535,25.0,45.373329193031324,2462.009566312807,0.0,2.3250621929621956e-06,1.2775066969028465e-06,4.445723216307437e-06,1.4308074974652236e-06
2025-11-21 07:26:46+00,-6.968504,107.7004095,680.2,23,70.19608,26.97607,37.0,29.58666,39.0,30.16679,33.0,23.78535,25.0,30.67132779139553,2492.6808941042023,-1.2999999999999545,2.3250621929621956e-06,1.2775066969028465e-06,4.445723216307437e-06,1.4308074974652236e-06
2025-11-21 07:26:51+00,-6.968621167,107.7000853,680.3,33,81.96078,26.97607,37.0,29.58666,39.0,30.16679,33.0,23.78535,25.0,38.081128901661124,2530.7620230058633,0.09999999999990905,2.3250621929621956e-06,1.2775066969028465e-06,4.445723216307437e-06,1.4308074974652236e-06
2025-11-21 07:26:56+00,-6.968741,107.6996613,679.6,39,70.19608,26.97607,37.0,29.58666,39.0,30.16679,33.0,23.78535,25.0,48.658440021848016,2579.4204630277113,-0.6999999999999318,2.3250621929621956e-06,1.2775066969028465e-06,4.445723216307437e-06,1.4308074974652236e-06
2025-11-21 07:27:01+00,-6.968860167,107.6991628,679.0,42,64.31373,26.97607,37.0,29.58666,39.0,30.16679,33.0,23.78535,25.0,56.59435245433158,2636.014815482043,-0.6000000000000227,2.3250621929621956e-06,1.2775066969028465e-06,4.445723216307437e-06,1.4308074974652236e-06
2025-11-21 07:27:06+00,-6.968981667,107.6986552,679.2,40,40.78431,26.97607,37.0,29.58666,39.0,30.16679,33.0,23.78535,25.0,57.631561535311455,2693.6463770173546,0.20000000000004547,2.3250621929621956e-06,1.2775066969028465e-06,4.445723216307437e-06,1.4308074974652236e-06
2025-11-21 07:27:11+00,-6.969103833,107.6981773,678.1,39,38.03922,26.97607,37.0,29.58666,39.0,30.16679,33.0,23.78535,25.0,54.46864349902191,2748.1150205163763,-1.1000000000000227,2.3250621929621956e-06,1.2775066969028465e-06,4.445723216307437e-06,1.4308074974652236e-06
2025-11-21 07:27:16+00,-6.969185333,107.6977872,679.5,16,67.84314,26.97607,37.0,29.58666,39.0,30.16679,33.0,23.78535,25.0,44.000087788315184,2792.1151083046916,1.3999999999999773,2.3250621929621956e-06,1.2775066969028465e-06,4.445723216307437e-06,1.4308074974652236e-06
2025-11-21 07:27:21+00,-6.969207833,107.697648,680.1,6,49.41177,26.97607,37.0,29.58666,39.0,30.16679,33.0,23.78535,25.0,15.566366134195327,2807.681474438887,0.6000000000000227,2.3250621929621956e-06,1.2775066969028465e-06,4.445723216307437e-06,1.4308074974652236e-06
2025-11-21 07:27:26+00,-6.969227833,107.6975218,681.0,17,75.68627,26.97607,37.0,29.58666,39.0,30.16679,33.0,23.78535,25.0,14.105552347101472,2821.7870267859885,0.8999999999999773,2.3250621929621956e-06,1.2775066969028465e-06,4.445723216307437e-06,1.4308074974652236e-06
2025-11-21 07:27:31+00,-6.9692745,107.697234,681.3,29,80.78432,26.97607,37.0,29.58666,39.0,30.16679,33.0,23.78535,25.0,32.18654764998777,2853.9735744359764,0.2999999999999545,2.3250621929621956e-06,1.2775066969028465e-06,4.445723216307437e-06,1.4308074974652236e-06
2025-11-21 07:27:36+00,-6.969322667,107.6968397,680.8,34,56.47059,26.97607,37.0,29.58666,39.0,30.16679,33.0,23.78535,25.0,43.84860117001727,2897.822175605994,-0.5,2.3250621929621956e-06,1.2775066969028465e-06,4.445723216307437e-06,1.4308074974652236e-06
2025-11-21 07:27:41+00,-6.969357,107.6964477,680.4,29,46.27451,26.97607,37.0,29.58666,39.0,30.16679,33.0,23.78535,25.0,43.43450727936332,2941.2566828853573,-0.39999999999997726,2.3250621929621956e-06,1.2775066969028465e-06,4.445723216307437e-06,1.4308074974652236e-06
2025-11-21 07:27:46+00,-6.9693835,107.6960812,679.8,29,47.45098,26.97607,37.0,29.58666,39.0,30.16679,33.0,23.78535,25.0,40.5590608785055,2981.815743763863,-0.6000000000000227,2.3250621929621956e-06,1.2775066969028465e-06,4.445723216307437e-06,1.4308074974652236e-06
2025-11-21 07:27:51+00,-6.969409667,107.6957065,680.1,30,46.66667,26.97607,37.0,29.58666,39.0,30.16679,33.0,23.78535,25.0,41.459166390475794,3023.2749101543386,0.3000000000000682,2.3250621929621956e-06,1.2775066969028465e-06,4.445723216307437e-06,1.4308074974652236e-06
2025-11-21 07:27:56+00,-6.969440667,107.6953482,681.7,27,69.01961,26.97607,37.0,29.58666,39.0,30.16679,33.0,23.78535,25.0,39.69675686702383,3062.9716670213625,1.6000000000000227,2.3250621929621956e-06,1.2775066969028465e-06,4.445723216307437e-06,1.4308074974652236e-06
2025-11-21 07:28:01+00,-6.9694795,107.6949965,681.3,32,75.68627,26.97607,37.0,29.58666,39.0,30.16679,33.0,23.78535,25.0,39.0577692151453,3102.0294362365075,-0.40000000000009095,2.3250621929621956e-06,1.2775066969028465e-06,4.445723216307437e-06,1.4308074974652236e-06
2025-11-21 07:28:06+00,-6.969487333,107.694578,681.3,31,43.52941,26.97607,37.0,29.58666,39.0,30.16679,33.0,23.78535,25.0,46.199500261030174,3148.2289364975377,0.0,2.3250621929621956e-06,1.2775066969028465e-06,4.445723216307437e-06,1.4308074974652236e-06
2025-11-21 07:28:11+00,-6.969466833,107.6941957,682.0,31,78.03922,26.97607,37.0,29.58666,39.0,30.31182,33.0,23.78535,25.0,42.257297530973844,3190.4862340285117,0.7000000000000455,2.3250621929621956e-06,1.2775066969028465e-06,4.445723216307437e-06,1.4308074974652236e-06
2025-11-21 07:28:16+00,-6.969411,107.6937608,681.7,38,80.0,26.97607,37.0,29.58666,39.0,30.31182,33.0,23.78535,25.0,48.40123795443798,3238.8874719829496,-0.2999999999999545,2.3250621929621956e-06,1.2775066969028465e-06,4.445723216307437e-06,1.4308074974652236e-06
2025-11-21 07:28:21+00,-6.969297333,107.6932775,681.8,36,41.96078,26.97607,37.0,29.58666,39.0,30.31182,33.0,23.78535,25.0,54.82042529393545,3293.707897276885,0.09999999999990905,2.3250621929621956e-06,1.2775066969028465e-06,4.445723216307437e-06,1.4308074974652236e-06
2025-11-21 07:28:26+00,-6.969204833,107.6928463,681.6,32,56.86274,26.97607,37.0,29.58666,39.0,30.31182,33.0,23.78535,25.0,48.69179990864648,3342.3996971855313,-0.1999999999999318,2.3250621929621956e-06,1.2775066969028465e-06,4.445723216307437e-06,1.4308074974652236e-06
2025-11-21 07:28:31+00,-6.969139833,107.6924092,682.0,38,69.01961,26.97607,37.0,29.58666,39.0,30.31182,33.0,23.78535,25.0,48.782668028893475,3391.182365214425,0.39999999999997726,2.3250621929621956e-06,1.2775066969028465e-06,4.445723216307437e-06,1.4308074974652236e-06
2025-11-21 07:28:36+00,-6.969131,107.6919083,682.5,41,73.72549,26.97607,37.0,29.58666,39.0,30.31182,33.0,23.78535,25.0,55.2948264474926,3446.4771916619175,0.5,2.3250621929621956e-06,1.2775066969028465e-06,4.445723216307437e-06,1.4308074974652236e-06
2025-11-21 07:28:41+00,-6.969161667,107.6913785,682.0,42,61.96078,26.97607,37.0,29.58666,39.0,30.31182,33.0,23.78535,25.0,58.575239541549806,3505.052431203467,-0.5,2.3250621929621956e-06,1.2775066969028465e-06,4.445723216307437e-06,1.4308074974652236e-06
2025-11-21 07:28:46+00,-6.969200333,107.6908522,682.5,42,52.54902,26.97607,37.0,29.58666,39.0,30.31182,33.0,23.78535,25.0,58.248478812979485,3563.300910016447,0.5,2.3250621929621956e-06,1.2775066969028465e-06,4.445723216307437e-06,1.4308074974652236e-06
2025-11-21 07:28:51+00,-6.969224667,107.6903308,682.4,40,47.45098,26.97607,37.0,29.58666,39.0,30.31182,33.0,23.78535,25.0,57.61232646204152,3620.913236478488,-0.10000000000002274,2.3250621929621956e-06,1.2775066969028465e-06,4.445723216307437e-06,1.4308074974652236e-06
2025-11-21 07:28:56+00,-6.969195,107.689826,681.8,40,53.72549,26.97607,37.0,29.58666,39.0,30.31182,33.0,23.78535,25.0,55.814122294946316,3676.7273587734344,-0.6000000000000227,2.3250621929621956e-06,1.2775066969028465e-06,4.445723216307437e-06,1.4308074974652236e-06
2025-11-21 07:29:01+00,-6.969101,107.6893237,682.0,39,61.96078,26.97607,37.0,29.58666,39.0,30.31182,33.0,23.78535,25.0,56.41732143125062,3733.144680204685,0.20000000000004547,2.3250621929621956e-06,1.2775066969028465e-06,4.445723216307437e-06,1.4308074974652236e-06
2025-11-21 07:29:06+00,-6.9689955,107.6888378,681.4,39,56.86274,26.97607,37.0,29.58666,39.0,30.31182,33.0,23.78535,25.0,54.898541144886764,3788.0432213495715,-0.6000000000000227,2.3250621929621956e-06,1.2775066969028465e-06,4.445723216307437e-06,1.4308074974652236e-06
2025-11-21 07:29:11+00,-6.968887,107.6883498,681.4,39,40.0,26.97607,37.0,29.58666,39.0,30.31182,33.0,23.78535,25.0,55.19695839717334,3843.2401797467446,0.0,2.3250621929621956e-06,1.2775066969028465e-06,4.445723216307437e-06,1.4308074974652236e-06
2025-11-21 07:29:16+00,-6.968737167,107.6878878,681.3,37,49.80392,26.97607,37.0,29.58666,39.0,30.31182,33.0,23.78535,25.0,53.64536026965361,3896.8855400163984,-0.10000000000002274,2.3250621929621956e-06,1.2775066969028465e-06,4.445723216307437e-06,1.4308074974652236e-06
2025-11-21 07:29:21+00,-6.968537833,107.6874682,681.7,36,50.98039,26.97607,37.0,29.58666,39.0,30.31182,33.0,23.78535,25.0,51.343542737976385,3948.2290827543748,0.40000000000009095,2.3250621929621956e-06,1.2775066969028465e-06,4.445723216307437e-06,1.4308074974652236e-06
2025-11-21 07:29:26+00,-6.968264,107.68712,680.1,34,53.33333,26.97607,37.0,29.58666,39.0,30.31182,33.0,23.78535,25.0,49.03226104406836,3997.2613437984432,-1.6000000000000227,2.3250621929621956e-06,1.2775066969028465e-06,4.445723216307437e-06,1.4308074974652236e-06
2025-11-21 07:29:31+00,-6.967898833,107.6869073,678.0,34,54.5098,26.97607,37.0,29.58666,39.0,30.31182,33.0,23.78535,25.0,46.90302617355771,4044.164369972001,-2.1000000000000227,2.3250621929621956e-06,1.2775066969028465e-06,4.445723216307437e-06,1.4308074974652236e-06
2025-11-21 07:29:36+00,-6.967486,107.6867832,676.3,33,41.56863,26.97607,37.0,29.58666,39.0,30.31182,33.0,23.78535,25.0,47.904985058773136,4092.069355030774,-1.7000000000000455,2.3250621929621956e-06,1.2775066969028465e-06,4.445723216307437e-06,1.4308074974652236e-06
2025-11-21 07:29:41+00,-6.967175667,107.6866907,674.9,18,49.41177,26.97607,37.0,29.58666,39.0,30.60188,34.0,23.78535,25.0,35.986157089550396,4128.055512120324,-1.3999999999999773,2.3250621929621956e-06,1.2775066969028465e-06,4.445723216307437e-06,1.4308074974652236e-06
2025-11-21 07:29:46+00,-6.967054833,107.686653,675.6,4,71.76471,26.97607,37.0,29.58666,39.0,30.60188,34.0,23.78535,25.0,14.06573077676604,4142.12124289709,0.7000000000000455,2.3250621929621956e-06,1.2775066969028465e-06,4.445723216307437e-06,1.4308074974652236e-06
2025-11-21 07:29:51+00,-6.966973333,107.686627,675.2,12,58.43137,26.97607,37.0,29.58666,39.0,30.60188,34.0,23.78535,25.0,9.50591379095036,4151.6271566880405,-0.39999999999997726,2.3250621929621956e-06,1.2775066969028465e-06,4.445723216307437e-06,1.4308074974652236e-06
2025-11-21 07:29:56+00,-6.966769667,107.68664,674.9,21,60.78431,26.97607,37.0,29.58666,39.0,30.60188,34.0,23.78535,25.0,22.692067209510423,4174.319223897551,-0.3000000000000682,2.3250621929621956e-06,1.2775066969028465e-06,4.445723216307437e-06,1.4308074974652236e-06
2025-11-21 07:30:01+00,-6.966468667,107.6866885,674.3,25,43.92157,26.97607,37.0,29.58666,39.0,30.60188,34.0,23.78535,25.0,33.89510675910398,4208.214330656655,-0.6000000000000227,2.3250621929621956e-06,1.2775066969028465e-06,4.445723216307437e-06,1.4308074974652236e-06
2025-11-21 07:30:06+00,-6.966199333,107.6867295,673.9,15,66.27451,26.97607,37.0,29.58666,39.0,30.60188,34.0,23.78535,25.0,30.28858372270574,4238.502914379361,-0.39999999999997726,2.3250621929621956e-06,1.2775066969028465e-06,4.445723216307437e-06,1.4308074974652236e-06
2025-11-21 07:30:11+00,-6.966066667,107.6867458,672.9,5,53.72549,26.97607,37.0,29.58666,39.0,30.60188,34.0,23.78535,25.0,14.861108862623047,4253.364023241984,-1.0,2.3250621929621956e-06,1.2775066969028465e-06,4.445723216307437e-06,1.4308074974652236e-06
2025-11-21 07:30:16+00,-6.965994,107.686754,672.5,7,50.19608,26.97607,37.0,29.58666,39.0,30.60188,34.0,23.78535,25.0,8.130743524636527,4261.49476676662,-0.39999999999997726,2.3250621929621956e-06,1.2775066969028465e-06,4.445723216307437e-06,1.4308074974652236e-06
2025-11-21 07:30:21+00,-6.965908833,107.6867658,672.7,7,48.23529,26.97607,37.0,29.58666,39.0,30.60188,34.0,23.78535,25.0,9.559291622998337,4271.054058389618,0.20000000000004547,2.3250621929621956e-06,1.2775066969028465e-06,4.445723216307437e-06,1.4308074974652236e-06
2025-11-21 07:30:26+00,-6.965834,107.6867768,672.5,1,71.76471,26.97607,37.0,29.58666,39.0,30.60188,34.0,23.78535,25.0,8.409170251865843,4279.463228641484,-0.20000000000004547,2.3250621929621956e-06,1.2775066969028465e-06,4.445723216307437e-06,1.4308074974652236e-06
2025-11-21 07:30:32+00,-6.965827333,107.6867765,673.0,5,53.33333,26.97607,37.0,29.58666,39.0,30.60188,34.0,23.78535,25.0,0.742076721792391,4280.205305363277,0.5,2.3250621929621956e-06,1.2775066969028465e-06,4.445723216307437e-06,1.4308074974652236e-06
2025-11-21 07:30:37+00,-6.965780167,107.6867817,673.1,2,54.11765,26.97607,37.0,29.58666,39.0,30.60188,34.0,23.78535,25.0,5.275938638306387,4285.481244001584,0.10000000000002274,2.3250621929621956e-06,1.2775066969028465e-06,4.445723216307437e-06,1.4308074974652236e-06
2025-11-21 07:30:52+00,-6.965715333,107.6867973,675.4,2,55.68628,26.97607,37.0,29.58666,39.0,30.60188,34.0,23.78535,25.0,7.411991019209669,4292.893235020793,2.2999999999999545,2.3250621929621956e-06,1.2775066969028465e-06,4.445723216307437e-06,1.4308074974652236e-06
2025-11-21 07:30:57+00,-6.9656895,107.6868025,676.4,8,52.94118,26.97607,37.0,29.58666,39.0,30.60188,34.0,23.78535,25.0,2.9292806841686194,4295.822515704962,1.0,2.3250621929621956e-06,1.2775066969028465e-06,4.445723216307437e-06,1.4308074974652236e-06
2025-11-21 07:31:02+00,-6.9656175,107.6868455,674.5,11,59.21569,26.97607,37.0,29.58666,39.0,30.60188,34.0,23.78535,25.0,9.307105202180347,4305.129620907142,-1.8999999999999773,2.3250621929621956e-06,1.2775066969028465e-06,4.445723216307437e-06,1.4308074974652236e-06
2025-11-21 07:31:07+00,-6.9655395,107.6869625,674.2,14,56.47059,26.97607,37.0,29.58666,39.0,30.60188,34.0,23.78535,25.0,15.556058135556404,4320.685679042699,-0.2999999999999545,2.3250621929621956e-06,1.2775066969028465e-06,4.445723216307437e-06,1.4308074974652236e-06
2025-11-21 07:31:12+00,-6.9653785,107.6869808,674.5,20,67.84314,26.97607,37.0,29.58666,39.0,30.60188,34.0,23.78535,25.0,18.015993153071932,4338.701672195771,0.2999999999999545,2.3250621929621956e-06,1.2775066969028465e-06,4.445723216307437e-06,1.4308074974652236e-06
2025-11-21 07:31:17+00,-6.965140667,107.6869862,675.8,26,43.13726,26.97607,37.0,29.58666,39.0,30.60188,34.0,23.78535,25.0,26.452575069975293,4365.154247265746,1.2999999999999545,2.3250621929621956e-06,1.2775066969028465e-06,4.445723216307437e-06,1.4308074974652236e-06
2025-11-21 07:31:22+00,-6.964823,107.6869722,675.7,22,41.56863,26.97607,37.0,29.58666,39.0,30.60188,34.0,23.78535,25.0,35.35679056348472,4400.51103782923,-0.09999999999990905,2.3250621929621956e-06,1.2775066969028465e-06,4.445723216307437e-06,1.4308074974652236e-06
2025-11-21 07:31:27+00,-6.964533833,107.6869567,677.4,14,66.27451,26.97607,37.0,29.58666,39.0,30.60188,34.0,23.78535,25.0,32.199428786429756,4432.71046661566,1.6999999999999318,2.3250621929621956e-06,1.2775066969028465e-06,4.445723216307437e-06,1.4308074974652236e-06
2025-11-21 07:31:32+00,-6.964330667,107.6869458,677.3,1,54.11765,26.97607,37.0,29.58666,39.0,30.60188,34.0,23.78535,25.0,22.62307200934119,4455.333538625001,-0.10000000000002274,2.3250621929621956e-06,1.2775066969028465e-06,4.445723216307437e-06,1.4308074974652236e-06
2025-11-21 07:31:42+00,-6.964289167,107.6869473,676.9,1,70.58823,26.97607,37.0,29.58666,39.0,30.60188,34.0,23.78535,25.0,4.617564882871917,4459.951103507873,-0.39999999999997726,2.3250621929621956e-06,1.2775066969028465e-06,4.445723216307437e-06,1.4308074974652236e-06
2025-11-21 07:32:41+00,-6.964276667,107.6869467,680.9,1,53.72549,26.97607,37.0,29.58666,39.0,30.60188,34.0,23.78535,25.0,1.3915152772883268,4461.342618785161,4.0,2.3250621929621956e-06,1.2775066969028465e-06,4.445723216307437e-06,1.4308074974652236e-06
2025-11-21 07:32:46+00,-6.964236,107.6869415,681.2,2,72.15686,26.97607,37.0,29.58666,39.0,30.60188,34.0,23.78535,25.0,4.558248824408906,4465.90086760957,0.3000000000000682,2.3250621929621956e-06,1.2775066969028465e-06,4.445723216307437e-06,1.4308074974652236e-06
2025-11-21 07:33:37+00,-6.964217,107.686942,681.3,2,54.5098,26.97607,37.0,29.58666,39.0,30.60188,34.0,23.78535,25.0,2.1134271933433237,4468.014294802913,0.09999999999990905,2.3250621929621956e-06,1.2775066969028465e-06,4.445723216307437e-06,1.4308074974652236e-06
2025-11-21 07:33:42+00,-6.964197333,107.686942,681.7,2,73.72549,26.97607,37.0,29.58666,39.0,30.60188,34.0,23.78535,25.0,2.1868736428091737,4470.201168445723,0.40000000000009095,2.3250621929621956e-06,1.2775066969028465e-06,4.445723216307437e-06,1.4308074974652236e-06
2025-11-21 07:33:47+00,-6.964169167,107.6869402,681.9,3,54.5098,26.97607,37.0,29.58666,39.0,30.60188,34.0,23.78535,25.0,3.138215794404088,4473.339384240127,0.1999999999999318,2.3250621929621956e-06,1.2775066969028465e-06,4.445723216307437e-06,1.4308074974652236e-06
2025-11-21 07:33:52+00,-6.964123167,107.6869352,682.3,4,52.54902,26.97607,37.0,29.58666,39.0,30.60188,34.0,23.78535,25.0,5.144659391827336,4478.484043631955,0.39999999999997726,2.3250621929621956e-06,1.2775066969028465e-06,4.445723216307437e-06,1.4308074974652236e-06
2025-11-21 07:33:57+00,-6.964069167,107.6869292,682.9,6,68.62745,26.97607,37.0,29.58666,39.0,30.60188,34.0,23.78535,25.0,6.040944080335654,4484.524987712291,0.6000000000000227,2.3250621929621956e-06,1.2775066969028465e-06,4.445723216307437e-06,1.4308074974652236e-06
2025-11-21 07:34:02+00,-6.9639925,107.6869195,683.2,13,54.11765,26.97607,37.0,29.58666,39.0,30.60188,34.0,23.78535,25.0,8.591959524845015,4493.116947237136,0.3000000000000682,2.3250621929621956e-06,1.2775066969028465e-06,4.445723216307437e-06,1.4308074974652236e-06
2025-11-21 07:34:07+00,-6.963838833,107.6869037,683.0,14,49.80392,26.97607,37.0,29.58666,39.0,30.60188,34.0,23.78535,25.0,17.17577719267918,4510.292724429815,-0.20000000000004547,2.3250621929621956e-06,1.2775066969028465e-06,4.445723216307437e-06,1.4308074974652236e-06
2025-11-21 07:34:12+00,-6.963659833,107.6868895,681.6,14,47.05882,26.97607,37.0,29.58666,39.0,30.60188,34.0,23.78535,25.0,19.965532919045543,4530.258257348861,-1.3999999999999773,2.3250621929621956e-06,1.2775066969028465e-06,4.445723216307437e-06,1.4308074974652236e-06
2025-11-21 07:34:17+00,-6.963489,107.6868652,681.8,12,46.66667,26.97607,37.0,29.58666,39.0,30.60188,34.0,23.78535,25.0,19.18420475188648,4549.442462100747,0.1999999999999318,2.3250621929621956e-06,1.2775066969028465e-06,4.445723216307437e-06,1.4308074974652236e-06
2025-11-21 07:34:22+00,-6.963336333,107.686844,681.7,6,63.13726,26.97607,37.0,29.58666,39.0,30.60188,34.0,23.78535,25.0,17.136329696543577,4566.578791797291,-0.09999999999990905,2.3250621929621956e-06,1.2775066969028465e-06,4.445723216307437e-06,1.4308074974652236e-06
2025-11-21 07:34:27+00,-6.9632435,107.6868282,681.5,7,49.80392,26.97607,37.0,29.58666,39.0,30.60188,34.0,23.78535,25.0,10.46884808912568,4577.047639886417,-0.20000000000004547,2.3250621929621956e-06,1.2775066969028465e-06,4.445723216307437e-06,1.4308074974652236e-06
2025-11-21 07:34:32+00,-6.9631665,107.6868197,682.6,8,43.13726,26.97607,37.0,29.58666,39.0,30.60188,34.0,23.78535,25.0,8.613268908915732,4585.660908795332,1.1000000000000227,2.3250621929621956e-06,1.2775066969028465e-06,4.445723216307437e-06,1.4308074974652236e-06
2025-11-21 07:34:37+00,-6.9630685,107.6867848,684.4,10,59.60784,26.97607,37.0,29.58666,39.0,30.60188,34.0,23.78535,25.0,11.557929841185423,4597.218838636518,1.7999999999999545,2.3250621929621956e-06,1.2775066969028465e-06,4.445723216307437e-06,1.4308074974652236e-06
2025-11-21 07:34:42+00,-6.962964167,107.6867753,687.9,9,47.45098,26.97607,37.0,29.58666,39.0,30.60188,34.0,23.78535,25.0,11.648606045945339,4608.867444682463,3.5,2.3250621929621956e-06,1.2775066969028465e-06,4.445723216307437e-06,1.4308074974652236e-06
2025-11-21 07:34:47+00,-6.962855167,107.6867637,688.6,5,52.15686,26.97607,37.0,29.58666,39.0,30.74692,36.0,23.78535,25.0,12.187702380982623,4621.055147063446,0.7000000000000455,2.3250621929621956e-06,1.2775066969028465e-06,4.445723216307437e-06,1.4308074974652236e-06
2025-11-21 07:34:52+00,-6.9627795,107.6867752,687.6,6,50.98039,26.97607,37.0,29.58666,39.0,30.60188,36.0,23.78535,25.0,8.50900428237437,4629.56415134582,-1.0,2.3250621929621956e-06,1.2775066969028465e-06,4.445723216307437e-06,1.4308074974652236e-06
2025-11-21 07:34:57+00,-6.962701167,107.6867885,685.8,6,63.92157,26.97607,37.0,29.58666,39.0,30.60188,36.0,23.78535,25.0,8.833082313747424,4638.397233659568,-1.8000000000000682,2.3250621929621956e-06,1.2775066969028465e-06,4.445723216307437e-06,1.4308074974652236e-06
2025-11-21 07:35:02+00,-6.962609167,107.6867913,688.3,9,46.66667,26.97607,37.0,29.58666,39.0,30.60188,36.0,23.78535,25.0,10.234614571524348,4648.631848231093,2.5,2.3250621929621956e-06,1.2775066969028465e-06,4.445723216307437e-06,1.4308074974652236e-06
2025-11-21 07:35:07+00,-6.962508333,107.6867927,684.5,9,41.96078,26.97607,37.0,29.58666,39.0,30.60188,36.0,23.78535,25.0,11.213309488245175,4659.845157719338,-3.7999999999999545,2.3250621929621956e-06,1.2775066969028465e-06,4.445723216307437e-06,1.4308074974652236e-06
2025-11-21 07:35:12+00,-6.962392667,107.6867845,683.2,13,40.39216,26.97607,37.0,29.58666,39.0,30.60188,36.0,23.78535,25.0,12.89329636755528,4672.738454086893,-1.2999999999999545,2.3250621929621956e-06,1.2775066969028465e-06,4.445723216307437e-06,1.4308074974652236e-06
2025-11-21 07:35:17+00,-6.962233833,107.6867773,680.0,15,54.5098,26.97607,37.0,29.58666,39.0,30.60188,36.0,23.78535,25.0,17.679429549244333,4690.417883636138,-3.2000000000000455,2.3250621929621956e-06,1.2775066969028465e-06,4.445723216307437e-06,1.4308074974652236e-06
2025-11-21 07:35:22+00,-6.9620425,107.6867757,679.9,13,46.66667,26.97607,37.0,29.58666,39.0,30.60188,36.0,23.78535,25.0,21.27602122877684,4711.693904864915,-0.10000000000002274,2.3250621929621956e-06,1.2775066969028465e-06,4.445723216307437e-06,1.4308074974652236e-06
2025-11-21 07:35:27+00,-6.9618825,107.6867495,678.2,15,65.88235,26.97607,37.0,29.58666,39.0,30.60188,36.0,23.78535,25.0,18.024703591246855,4729.718608456162,-1.6999999999999318,2.3250621929621956e-06,1.2775066969028465e-06,4.445723216307437e-06,1.4308074974652236e-06
2025-11-21 07:35:33+00,-6.961654,107.6867475,680.6,21,56.07843,26.97607,37.0,29.58666,39.0,30.60188,36.0,23.78535,25.0,25.40903477798836,4755.12764323415,2.3999999999999773,2.3250621929621956e-06,1.2775066969028465e-06,4.445723216307437e-06,1.4308074974652236e-06
2025-11-21 07:35:37+00,-6.961445167,107.6867403,681.4,23,55.29412,26.97607,37.0,29.58666,39.0,30.60188,36.0,23.78535,25.0,23.234796812072943,4778.362440046223,0.7999999999999545,2.3250621929621956e-06,1.2775066969028465e-06,4.445723216307437e-06,1.4308074974652236e-06
2025-11-21 07:35:42+00,-6.961149,107.686731,682.0,16,52.15686,26.97607,37.0,29.58666,39.0,30.60188,36.0,23.78535,25.0,32.9483071629138,4811.310747209137,0.6000000000000227,2.3250621929621956e-06,1.2775066969028465e-06,4.445723216307437e-06,1.4308074974652236e-06
2025-11-21 07:35:47+00,-6.960906667,107.686728,682.7,19,55.29412,26.97607,37.0,29.58666,39.0,30.60188,36.0,23.78535,25.0,26.94827180891122,4838.259019018048,0.7000000000000455,2.3250621929621956e-06,1.2775066969028465e-06,4.445723216307437e-06,1.4308074974652236e-06
2025-11-21 07:35:53+00,-6.960597333,107.68672,681.1,25,67.84314,26.97607,37.0,29.58666,39.0,30.60188,36.0,23.78535,25.0,34.40775105489417,4872.666770072942,-1.6000000000000227,2.3250621929621956e-06,1.2775066969028465e-06,4.445723216307437e-06,1.4308074974652236e-06
2025-11-21 07:35:58+00,-6.9602845,107.6866995,683.8,28,52.15686,26.97607,37.0,29.58666,39.0,30.60188,36.0,23.78535,25.0,34.859004004243744,4907.525774077186,2.699999999999932,2.3250621929621956e-06,1.2775066969028465e-06,4.445723216307437e-06,1.4308074974652236e-06
2025-11-21 07:36:03+00,-6.959926167,107.6867013,688.1,24,41.56863,26.97607,37.0,29.58666,39.0,30.60188,36.0,23.78535,25.0,39.84536200612207,4947.371136083308,4.300000000000068,2.3250621929621956e-06,1.2775066969028465e-06,4.445723216307437e-06,1.4308074974652236e-06
2025-11-21 07:36:08+00,-6.959615833,107.6867215,691.2,26,60.78431,26.97607,37.0,29.58666,39.0,30.60188,36.0,23.78535,25.0,34.57956762323565,4981.950703706543,3.1000000000000227,2.3250621929621956e-06,1.2775066969028465e-06,4.445723216307437e-06,1.4308074974652236e-06
2025-11-21 07:36:13+00,-6.959288,107.686735,691.6,21,43.52941,26.97607,37.0,29.58666,39.0,30.60188,36.0,23.78535,25.0,36.48385822241018,5018.434561928953,0.39999999999997726,2.3250621929621956e-06,1.2775066969028465e-06,4.445723216307437e-06,1.4308074974652236e-06
2025-11-21 07:36:18+00,-6.959005333,107.6867477,692.3,18,71.76471,26.97607,37.0,29.58666,39.0,30.60188,36.0,23.78535,25.0,31.462422501728387,5049.896984430682,0.6999999999999318,2.3250621929621956e-06,1.2775066969028465e-06,4.445723216307437e-06,1.4308074974652236e-06
2025-11-21 07:36:23+00,-6.958763167,107.6867488,692.5,19,47.45098,26.97607,37.0,29.58666,39.0,30.60188,36.0,23.78535,25.0,26.927941517890538,5076.824925948573,0.20000000000004547,2.3250621929621956e-06,1.2775066969028465e-06,4.445723216307437e-06,1.4308074974652236e-06
2025-11-21 07:36:28+00,-6.958538,107.6867438,690.0,1,54.11765,26.97607,37.0,29.58666,39.0,30.60188,36.0,23.78535,25.0,25.043544208591555,5101.868470157165,-2.5,2.3250621929621956e-06,1.2775066969028465e-06,4.445723216307437e-06,1.4308074974652236e-06
2025-11-21 07:36:33+00,-6.958497167,107.6867428,689.3,3,53.72549,26.97607,37.0,29.58666,39.0,30.60188,36.0,23.78535,25.0,4.541770111939491,5106.410240269104,-0.7000000000000455,2.3250621929621956e-06,1.2775066969028465e-06,4.445723216307437e-06,1.4308074974652236e-06
2025-11-21 07:37:23+00,-6.958434833,107.6867017,687.5,2,57.64706,26.97607,37.0,29.58666,39.0,30.60188,36.0,23.78535,25.0,8.283805527735586,5114.694045796839,-1.7999999999999545,2.3250621929621956e-06,1.2775066969028465e-06,4.445723216307437e-06,1.4308074974652236e-06
2025-11-21 07:37:28+00,-6.958402667,107.6866958,687.7,11,49.41177,26.97607,37.0,29.58666,39.0,30.60188,36.0,23.78535,25.0,3.635502099344938,5118.3295478961845,0.20000000000004547,2.3250621929621956e-06,1.2775066969028465e-06,4.445723216307437e-06,1.4308074974652236e-06
2025-11-21 07:37:33+00,-6.958284,107.6867027,687.1,15,56.07843,26.97607,37.0,29.58666,39.0,30.60188,36.0,23.78535,25.0,13.21714703822732,5131.546694934412,-0.6000000000000227,2.3250621929621956e-06,1.2775066969028465e-06,4.445723216307437e-06,1.4308074974652236e-06
2025-11-21 07:37:38+00,-6.958091,107.6867002,687.6,19,65.09804,26.97607,37.0,29.58666,39.0,30.60188,36.0,23.78535,25.0,21.4624244268626,5153.009119361274,0.5,2.3250621929621956e-06,1.2775066969028465e-06,4.445723216307437e-06,1.4308074974652236e-06
2025-11-21 07:37:43+00,-6.95785,107.6866823,687.5,24,67.05882,26.97607,37.0,29.58666,39.0,30.60188,36.0,23.78535,25.0,26.87074792946667,5179.879867290741,-0.10000000000002274,2.3250621929621956e-06,1.2775066969028465e-06,4.445723216307437e-06,1.4308074974652236e-06
2025-11-21 07:37:48+00,-6.9575565,107.6866647,687.3,27,42.7451,26.97607,37.0,29.58666,39.0,30.60188,36.0,23.78535,25.0,32.69352154832786,5212.573388839069,-0.20000000000004547,2.3250621929621956e-06,1.2775066969028465e-06,4.445723216307437e-06,1.4308074974652236e-06
2025-11-21 07:37:53+00,-6.957223667,107.686622,687.7,24,56.86274,26.97607,37.0,29.58666,39.0,30.60188,36.0,23.78535,25.0,37.30828480492495,5249.881673643994,0.40000000000009095,2.3250621929621956e-06,1.2775066969028465e-06,4.445723216307437e-06,1.4308074974652236e-06
2025-11-21 07:37:58+00,-6.956944167,107.6865335,689.3,14,67.45098,26.97607,37.0,29.58666,39.0,30.60188,36.0,23.78535,25.0,32.577993232813064,5282.459666876807,1.599999999999909,2.3250621929621956e-06,1.2775066969028465e-06,4.445723216307437e-06,1.4308074974652236e-06
2025-11-21 07:38:03+00,-6.956761667,107.6865177,694.0,14,72.94118,26.97607,37.0,29.58666,39.0,30.60188,36.0,23.78535,25.0,20.36789992533384,5302.827566802141,4.7000000000000455,2.3250621929621956e-06,1.2775066969028465e-06,4.445723216307437e-06,1.4308074974652236e-06
2025-11-21 07:38:08+00,-6.956619833,107.6866115,694.5,19,67.84314,26.97607,37.0,29.58666,39.0,30.60188,36.0,23.78535,25.0,18.865926315248362,5321.693493117389,0.5,2.3250621929621956e-06,1.2775066969028465e-06,4.445723216307437e-06,1.4308074974652236e-06
2025-11-21 07:38:13+00,-6.956636833,107.68682,698.9,8,54.11765,26.97607,37.0,29.58666,39.0,30.60188,36.0,23.78535,25.0,23.09099939992501,5344.784492517314,4.399999999999977,2.3250621929621956e-06,1.2775066969028465e-06,4.445723216307437e-06,1.4308074974652236e-06
2025-11-21 07:38:18+00,-6.956673833,107.6869578,704.6,5,67.05882,26.97607,37.0,29.58666,39.0,30.60188,36.0,23.78535,25.0,15.756495833839182,5360.540988351153,5.7000000000000455,2.3250621929621956e-06,1.2775066969028465e-06,4.445723216307437e-06,1.4308074974652236e-06
2025-11-21 07:38:23+00,-6.956693167,107.6870197,707.6,15,70.98039,26.97607,37.0,29.58666,39.0,30.60188,36.0,23.78535,25.0,7.162555481989452,5367.703543833142,3.0,2.3250621929621956e-06,1.2775066969028465e-06,4.445723216307437e-06,1.4308074974652236e-06
2025-11-21 07:38:28+00,-6.956715833,107.68717,713.2,27,75.68627,26.97607,37.0,29.58666,39.0,30.60188,36.0,23.78535,25.0,16.779939472318286,5384.48348330546,5.600000000000023,2.3250621929621956e-06,1.2775066969028465e-06,4.445723216307437e-06,1.4308074974652236e-06
2025-11-21 07:38:33+00,-6.956765667,107.6874937,709.6,34,70.19608,26.97607,37.0,29.58666,39.0,30.60188,36.0,23.78535,25.0,36.15601119641123,5420.639494501871,-3.6000000000000227,2.3250621929621956e-06,1.2775066969028465e-06,4.445723216307437e-06,1.4308074974652236e-06
2025-11-21 07:38:38+00,-6.956816833,107.6879228,705.8,36,63.13726,26.97607,37.0,29.58666,39.0,30.60188,36.0,23.78535,25.0,47.70302427118049,5468.342518773052,-3.800000000000068,2.3250621929621956e-06,1.2775066969028465e-06,4.445723216307437e-06,1.4308074974652236e-06
2025-11-21 07:38:43+00,-6.956843833,107.688378,700.0,34,53.33333,26.97607,37.0,29.58666,39.0,30.60188,36.0,23.78535,25.0,50.33296955866262,5518.675488331714,-5.7999999999999545,2.3250621929621956e-06,1.2775066969028465e-06,4.445723216307437e-06,1.4308074974652236e-06
2025-11-21 07:38:48+00,-6.956888333,107.688806,696.5,19,50.19608,26.97607,37.0,29.58666,39.0,30.60188,36.0,23.78535,25.0,47.499544600481336,5566.175032932196,-3.5,2.3250621929621956e-06,1.2775066969028465e-06,4.445723216307437e-06,1.4308074974652236e-06
2025-11-21 07:38:53+00,-6.956902,107.689063,695.6,6,50.98039,26.97607,37.0,29.58666,39.0,30.60188,36.0,23.78535,25.0,28.40741672952015,5594.582449661716,-0.8999999999999773,2.3250621929621956e-06,1.2775066969028465e-06,4.445723216307437e-06,1.4308074974652236e-06
2025-11-21 07:38:58+00,-6.956907833,107.6891592,698.3,18,74.11765,26.97607,37.0,29.58666,39.0,30.60188,36.0,23.78535,25.0,10.63800174381035,5605.220451405527,2.699999999999932,2.3250621929621956e-06,1.2775066969028465e-06,4.445723216307437e-06,1.4308074974652236e-06
2025-11-21 07:39:03+00,-6.956943,107.6893655,700.9,26,81.56863,26.97607,37.0,29.58666,39.0,30.60188,36.0,23.78535,25.0,23.103978469957553,5628.324429875484,2.6000000000000227,2.3250621929621956e-06,1.2775066969028465e-06,4.445723216307437e-06,1.4308074974652236e-06
2025-11-21 07:39:08+00,-6.9570035,107.6896682,704.6,31,55.68628,26.97607,37.0,29.58666,39.0,30.60188,36.0,23.78535,25.0,34.08147802841581,5662.4059079039,3.7000000000000455,2.3250621929621956e-06,1.2775066969028465e-06,4.445723216307437e-06,1.4308074974652236e-06
2025-11-21 07:39:13+00,-6.957068833,107.69004,704.4,20,49.41177,26.97607,37.0,29.58666,39.0,30.60188,36.0,23.78535,25.0,41.67599227101192,5704.081900174911,-0.20000000000004547,2.3250621929621956e-06,1.2775066969028465e-06,4.445723216307437e-06,1.4308074974652236e-06
2025-11-21 07:39:18+00,-6.9570995,107.6903257,701.8,22,77.25491,26.97607,37.0,29.58666,39.0,30.60188,36.0,23.78535,25.0,31.7183655718679,5735.80026574678,-2.6000000000000227,2.3250621929621956e-06,1.2775066969028465e-06,4.445723216307437e-06,1.4308074974652236e-06
2025-11-21 07:39:23+00,-6.956851667,107.6904382,693.7,29,89.41177,26.97607,37.0,29.58666,39.0,30.60188,36.0,23.78535,25.0,30.226203019356795,5766.0264687661365,-8.099999999999909,2.3250621929621956e-06,1.2775066969028465e-06,4.445723216307437e-06,1.4308074974652236e-06
2025-11-21 07:39:28+00,-6.956486167,107.6904807,693.0,34,87.45098,26.97607,37.0,29.58666,39.0,30.60188,36.0,23.78535,25.0,40.911630799705435,5806.938099565842,-0.7000000000000455,2.3250621929621956e-06,1.2775066969028465e-06,4.445723216307437e-06,1.4308074974652236e-06
2025-11-21 07:39:33+00,-6.956057333,107.6905397,692.2,42,87.84314,26.97607,37.0,29.58666,39.0,30.60188,36.0,23.78535,25.0,48.12686214322209,5855.064961709064,-0.7999999999999545,2.3250621929621956e-06,1.2775066969028465e-06,4.445723216307437e-06,1.4308074974652236e-06
2025-11-21 07:39:38+00,-6.955529167,107.6906065,690.8,46,39.60784,26.97607,37.0,29.58666,39.0,30.60188,36.0,23.78535,25.0,59.19048126620785,5914.255442975272,-1.400000000000091,2.3250621929621956e-06,1.2775066969028465e-06,4.445723216307437e-06,1.4308074974652236e-06
2025-11-21 07:39:43+00,-6.954948333,107.690638,688.9,42,36.86274,26.97607,37.0,29.58666,39.0,30.60188,36.0,23.78535,25.0,64.6794011472739,5978.934844122546,-1.8999999999999773,2.3250621929621956e-06,1.2775066969028465e-06,4.445723216307437e-06,1.4308074974652236e-06
2025-11-21 07:39:48+00,-6.954406,107.6906325,685.6,42,49.41177,26.97607,37.0,29.58666,39.0,30.60188,36.0,23.78535,25.0,60.3078169985563,6039.242661121102,-3.2999999999999545,2.3250621929621956e-06,1.2775066969028465e-06,4.445723216307437e-06,1.4308074974652236e-06
2025-11-21 07:39:53+00,-6.953880667,107.6906298,682.4,33,41.17647,26.97607,37.0,29.58666,39.0,30.60188,36.0,23.78535,25.0,58.41520529170741,6097.657866412809,-3.2000000000000455,2.3250621929621956e-06,1.2775066969028465e-06,4.445723216307437e-06,1.4308074974652236e-06
2025-11-21 07:39:58+00,-6.9534265,107.690604,678.8,28,45.88235,26.97607,37.0,29.58666,39.0,30.60188,36.0,23.78535,25.0,50.58136326912459,6148.2392296819335,-3.6000000000000227,2.3250621929621956e-06,1.2775066969028465e-06,4.445723216307437e-06,1.4308074974652236e-06
2025-11-21 07:40:03+00,-6.9530955,107.6904592,675.6,28,87.84314,26.97607,37.0,29.58666,39.0,30.60188,36.0,23.78535,25.0,40.12598288247753,6188.365212564411,-3.199999999999932,2.3250621929621956e-06,1.2775066969028465e-06,4.445723216307437e-06,1.4308074974652236e-06
2025-11-21 07:40:08+00,-6.952753167,107.6903813,674.5,28,82.74509,26.97607,37.0,29.58666,39.0,30.60188,36.0,23.78535,25.0,39.02477896962634,6227.389991534037,-1.1000000000000227,2.3250621929621956e-06,1.2775066969028465e-06,4.445723216307437e-06,1.4308074974652236e-06
2025-11-21 07:40:13+00,-6.952402167,107.6904758,674.6,33,80.39216,26.97607,37.0,29.58666,39.0,30.60188,36.0,23.78535,25.0,40.3992399275155,6267.789231461553,0.10000000000002274,2.3250621929621956e-06,1.2775066969028465e-06,4.445723216307437e-06,1.4308074974652236e-06
2025-11-21 07:40:18+00,-6.952153333,107.690787,674.4,39,56.07843,26.97607,37.0,29.58666,39.0,30.60188,36.0,23.78535,25.0,44.10744384225612,6311.896675303809,-0.20000000000004547,2.3250621929621956e-06,1.2775066969028465e-06,4.445723216307437e-06,1.4308074974652236e-06
2025-11-21 07:40:23+00,-6.9522115,107.6912442,673.7,40,40.39216,26.97607,37.0,29.58666,39.0,30.60188,36.0,23.78535,25.0,50.87739772526187,6362.774073029072,-0.6999999999999318,2.3250621929621956e-06,1.2775066969028465e-06,4.445723216307437e-06,1.4308074974652236e-06
2025-11-21 07:40:28+00,-6.952591,107.6915517,672.0,36,51.76471,26.97607,37.0,29.58666,39.0,30.60188,36.0,23.78535,25.0,54.15452451490054,6416.9285975439725,-1.7000000000000455,2.3250621929621956e-06,1.2775066969028465e-06,4.445723216307437e-06,1.4308074974652236e-06
2025-11-21 07:40:33+00,-6.952937167,107.6918462,671.4,36,96.47059,26.97607,37.0,29.58666,39.0,30.60188,36.0,23.78535,25.0,50.38142860218318,6467.310026146156,-0.6000000000000227,2.3250621929621956e-06,1.2775066969028465e-06,4.445723216307437e-06,1.4308074974652236e-06
2025-11-21 07:40:38+00,-6.953166167,107.6922415,672.1,43,74.5098,26.97607,37.0,29.58666,39.0,30.60188,36.0,23.78535,25.0,50.51894133712885,6517.828967483285,0.7000000000000455,2.3250621929621956e-06,1.2775066969028465e-06,4.445723216307437e-06,1.4308074974652236e-06
2025-11-21 07:40:43+00,-6.953406333,107.6927142,673.5,35,41.17647,26.97607,37.0,29.58666,39.0,30.60188,36.0,23.78535,25.0,58.612601334745655,6576.441568818031,1.3999999999999773,2.3250621929621956e-06,1.2775066969028465e-06,4.445723216307437e-06,1.4308074974652236e-06
2025-11-21 07:40:48+00,-6.953660167,107.6931087,673.9,40,66.27451,26.97607,37.0,29.58666,39.0,30.60188,36.0,23.78535,25.0,51.891414516150824,6628.332983334181,0.39999999999997726,2.3250621929621956e-06,1.2775066969028465e-06,4.445723216307437e-06,1.4308074974652236e-06
2025-11-21 07:40:53+00,-6.954004167,107.6934612,674.3,40,51.76471,26.97607,37.0,29.58666,39.0,30.60188,36.0,23.78535,25.0,54.56166204939911,6682.894645383581,0.39999999999997726,2.3250621929621956e-06,1.2775066969028465e-06,4.445723216307437e-06,1.4308074974652236e-06
2025-11-21 07:40:58+00,-6.954421,107.6937448,674.7,31,42.7451,26.97607,37.0,29.58666,39.0,30.60188,36.0,23.78535,25.0,55.930093802337666,6738.824739185919,0.40000000000009095,2.3250621929621956e-06,1.2775066969028465e-06,4.445723216307437e-06,1.4308074974652236e-06
2025-11-21 07:41:03+00,-6.954782667,107.6939167,676.2,21,65.4902,26.97607,37.0,29.58666,39.0,30.60188,36.0,23.78535,25.0,44.466827817478055,6783.291567003396,1.5,2.3250621929621956e-06,1.2775066969028465e-06,4.445723216307437e-06,1.4308074974652236e-06
2025-11-21 07:41:08+00,-6.955031667,107.6940295,677.3,31,81.96078,26.97607,37.0,29.58666,39.0,30.60188,36.0,23.78535,25.0,30.358146492953402,6813.649713496349,1.099999999999909,2.3250621929621956e-06,1.2775066969028465e-06,4.445723216307437e-06,1.4308074974652236e-06
2025-11-21 07:41:13+00,-6.955371167,107.6941808,678.0,38,76.47059,26.97607,37.0,29.58666,39.0,30.60188,36.0,23.78535,25.0,41.279631524270265,6854.92934502062,0.7000000000000455,2.3250621929621956e-06,1.2775066969028465e-06,4.445723216307437e-06,1.4308074974652236e-06
2025-11-21 07:41:18+00,-6.955803667,107.694378,678.5,38,41.96078,26.97607,37.0,29.58666,39.0,30.60188,36.0,23.78535,25.0,52.78825169300025,6907.71759671362,0.5,2.3250621929621956e-06,1.2775066969028465e-06,4.445723216307437e-06,1.4308074974652236e-06
2025-11-21 07:41:23+00,-6.956192333,107.6946297,681.7,21,47.05882,26.97607,37.0,29.58666,39.0,30.60188,36.0,23.78535,25.0,51.37705574669918,6959.09465246032,3.2000000000000455,2.3250621929621956e-06,1.2775066969028465e-06,4.445723216307437e-06,1.4308074974652236e-06
2025-11-21 07:41:28+00,-6.956378167,107.6948333,682.5,9,50.98039,26.97607,37.0,29.58666,39.0,30.60188,36.0,23.78535,25.0,30.52891220669096,6989.62356466701,0.7999999999999545,2.3250621929621956e-06,1.2775066969028465e-06,4.445723216307437e-06,1.4308074974652236e-06
2025-11-21 07:42:18+00,-6.956490333,107.6949473,682.5,4,78.82353,26.97607,37.0,29.58666,39.0,30.60188,36.0,23.78535,25.0,17.716896234763766,7007.340460901774,0.0,2.3250621929621956e-06,1.2775066969028465e-06,4.445723216307437e-06,1.4308074974652236e-06
2025-11-21 07:42:23+00,-6.956512833,107.695,682.4,18,74.11765,26.97607,37.0,29.58666,39.0,30.60188,36.0,23.78535,25.0,6.332069083293524,7013.672529985068,-0.10000000000002274,2.3250621929621956e-06,1.2775066969028465e-06,4.445723216307437e-06,1.4308074974652236e-06
2025-11-21 07:42:28+00,-6.956577,107.6951852,682.0,25,59.60784,26.97607,37.0,29.58666,39.0,30.60188,36.0,23.78535,25.0,21.651170941930527,7035.323700926998,-0.39999999999997726,2.3250621929621956e-06,1.2775066969028465e-06,4.445723216307437e-06,1.4308074974652236e-06
2025-11-21 07:42:33+00,-6.956651,107.6954908,683.4,31,71.37255,26.97607,37.0,29.58666,39.0,30.60188,36.0,23.78535,25.0,34.720181744974624,7070.043882671973,1.3999999999999773,2.3250621929621956e-06,1.2775066969028465e-06,4.445723216307437e-06,1.4308074974652236e-06
2025-11-21 07:42:38+00,-6.956738,107.6958667,683.6,38,73.72549,26.97607,37.0,29.58666,39.0,30.60188,36.0,23.78535,25.0,42.60338316373278,7112.647265835705,0.20000000000004547,2.3250621929621956e-06,1.2775066969028465e-06,4.445723216307437e-06,1.4308074974652236e-06
2025-11-21 07:42:43+00,-6.956778,107.6963282,685.6,42,72.94118,26.97607,37.0,29.58666,39.0,30.60188,36.0,23.78535,25.0,51.13254440819342,7163.779810243898,2.0,2.3250621929621956e-06,1.2775066969028465e-06,4.445723216307437e-06,1.4308074974652236e-06
2025-11-21 07:42:48+00,-6.95673,107.6968438,689.4,46,70.58823,26.97607,37.0,29.58666,39.0,30.60188,36.0,23.78535,25.0,57.15983221678651,7220.939642460685,3.7999999999999545,2.3250621929621956e-06,1.2775066969028465e-06,4.445723216307437e-06,1.4308074974652236e-06
2025-11-21 07:42:53+00,-6.9565485,107.6973842,693.5,48,64.70588,26.97607,37.0,29.58666,39.0,30.60188,36.0,23.78535,25.0,62.969255793276574,7283.9088982539615,4.100000000000023,2.3250621929621956e-06,1.2775066969028465e-06,4.445723216307437e-06,1.4308074974652236e-06
2025-11-21 07:42:58+00,-6.956315167,107.6979358,697.4,50,59.60784,26.97607,37.0,29.58666,39.0,30.60188,36.0,23.78535,25.0,66.18150526990004,7350.090403523862,3.8999999999999773,2.3250621929621956e-06,1.2775066969028465e-06,4.445723216307437e-06,1.4308074974652236e-06
2025-11-21 07:43:03+00,-6.956068667,107.6985138,694.8,48,74.5098,26.97607,37.0,29.58666,39.0,30.60188,36.0,23.78535,25.0,69.43649730445473,7419.526900828317,-2.6000000000000227,2.3250621929621956e-06,1.2775066969028465e-06,4.445723216307437e-06,1.4308074974652236e-06
2025-11-21 07:43:08+00,-6.955829667,107.6990705,697.3,43,38.03922,26.97607,37.0,29.58666,39.0,30.60188,36.0,23.78535,25.0,66.94742255570502,7486.474323384022,2.5,2.3250621929621956e-06,1.2775066969028465e-06,4.445723216307437e-06,1.4308074974652236e-06
2025-11-21 07:43:16+00,-6.955500167,107.6998052,693.4,26,48.62745,26.97607,37.0,29.58666,39.0,30.60188,36.0,23.78535,25.0,88.98650734681883,7575.460830730841,-3.8999999999999773,2.3250621929621956e-06,1.2775066969028465e-06,4.445723216307437e-06,1.4308074974652236e-06
2025-11-21 07:43:21+00,-6.955408667,107.6999968,689.1,6,52.94118,26.97607,37.0,29.58666,39.0,30.60188,36.0,23.78535,25.0,23.468343497059493,7598.9291742279,-4.2999999999999545,2.3250621929621956e-06,1.2775066969028465e-06,4.445723216307437e-06,1.4308074974652236e-06
2025-11-21 07:43:26+00,-6.955373333,107.7000762,687.9,11,70.58823,26.97607,37.0,29.58666,39.0,30.60188,36.0,23.78535,25.0,9.6043215092513,7608.5334957371515,-1.2000000000000455,2.3250621929621956e-06,1.2775066969028465e-06,4.445723216307437e-06,1.4308074974652236e-06
2025-11-21 07:43:31+00,-6.955297833,107.700235,686.2,11,50.19608,26.97607,37.0,29.58666,39.0,30.60188,36.0,23.78535,25.0,19.434628271383755,7627.968124008536,-1.6999999999999318,2.3250621929621956e-06,1.2775066969028465e-06,4.445723216307437e-06,1.4308074974652236e-06
2025-11-21 07:43:36+00,-6.955212833,107.7003232,686.8,10,60.39216,26.97607,37.0,29.58666,39.0,30.60188,36.0,23.78535,25.0,13.568609801241891,7641.536733809778,0.599999999999909,2.3250621929621956e-06,1.2775066969028465e-06,4.445723216307437e-06,1.4308074974652236e-06
2025-11-21 07:43:41+00,-6.955018167,107.7003777,688.0,22,64.70588,26.97607,37.0,29.58666,39.0,30.60188,36.0,23.78535,25.0,22.466235556686215,7664.002969366464,1.2000000000000455,2.3250621929621956e-06,1.2775066969028465e-06,4.445723216307437e-06,1.4308074974652236e-06
2025-11-21 07:43:46+00,-6.954721833,107.7003345,687.4,26,80.78432,26.97607,37.0,29.58666,39.0,30.60188,36.0,23.78535,25.0,33.294101483455314,7697.297070849919,-0.6000000000000227,2.3250621929621956e-06,1.2775066969028465e-06,4.445723216307437e-06,1.4308074974652236e-06
2025-11-21 07:43:51+00,-6.954382667,107.7002032,687.0,33,80.0,26.97607,37.0,29.58666,39.0,30.60188,36.0,23.78535,25.0,40.4023184244277,7737.699389274347,-0.39999999999997726,2.3250621929621956e-06,1.2775066969028465e-06,4.445723216307437e-06,1.4308074974652236e-06
2025-11-21 07:43:56+00,-6.953982667,107.6999903,687.0,39,56.47059,26.97607,37.0,29.58666,39.0,30.60188,36.0,23.78535,25.0,50.30418686543708,7788.003576139784,0.0,2.3250621929621956e-06,1.2775066969028465e-06,4.445723216307437e-06,1.4308074974652236e-06
2025-11-21 07:44:01+00,-6.953700667,107.6996357,687.2,29,43.52941,26.97607,37.0,29.58666,39.0,30.60188,36.0,23.78535,25.0,50.151577599984584,7838.155153739768,0.20000000000004547,2.3250621929621956e-06,1.2775066969028465e-06,4.445723216307437e-06,1.4308074974652236e-06
2025-11-21 07:44:06+00,-6.953614333,107.699428,686.5,4,52.54902,26.97607,37.0,29.58666,39.0,30.60188,36.0,23.78535,25.0,24.854165725558197,7863.009319465326,-0.7000000000000455,2.3250621929621956e-06,1.2775066969028465e-06,4.445723216307437e-06,1.4308074974652236e-06
2025-11-21 07:44:11+00,-6.953588333,107.6993545,686.1,10,78.82353,26.97607,37.0,29.58666,39.0,30.60188,36.0,23.78535,25.0,8.612466308662722,7871.621785773989,-0.39999999999997726,2.3250621929621956e-06,1.2775066969028465e-06,4.445723216307437e-06,1.4308074974652236e-06
2025-11-21 07:44:16+00,-6.953514667,107.699145,685.6,24,74.11765,26.97607,37.0,29.58666,39.0,30.60188,36.0,23.78535,25.0,24.531974766049967,7896.153760540039,-0.5,2.3250621929621956e-06,1.2775066969028465e-06,4.445723216307437e-06,1.4308074974652236e-06
2025-11-21 07:44:21+00,-6.953405,107.6988305,685.9,25,49.41177,26.97607,37.0,29.58666,39.0,30.60188,36.0,23.78535,25.0,36.79321467828923,7932.946975218329,0.2999999999999545,2.3250621929621956e-06,1.2775066969028465e-06,4.445723216307437e-06,1.4308074974652236e-06
2025-11-21 07:44:26+00,-6.953282333,107.6984945,685.4,32,56.86274,26.97607,37.0,29.58666,39.0,30.60188,36.0,23.78535,25.0,39.51551720148182,7972.462492419811,-0.5,2.3250621929621956e-06,1.2775066969028465e-06,4.445723216307437e-06,1.4308074974652236e-06
2025-11-21 07:44:31+00,-6.953105833,107.6981332,684.7,31,56.86274,26.97607,37.0,29.58666,39.0,30.60188,36.0,23.78535,25.0,44.44701035864869,8016.90950277846,-0.6999999999999318,2.3250621929621956e-06,1.2775066969028465e-06,4.445723216307437e-06,1.4308074974652236e-06
2025-11-21 07:44:36+00,-6.952842667,107.697873,685.5,26,49.41177,26.97607,37.0,29.58666,39.0,30.60188,36.0,23.78535,25.0,41.00192992783367,8057.911432706293,0.7999999999999545,2.3250621929621956e-06,1.2775066969028465e-06,4.445723216307437e-06,1.4308074974652236e-06
2025-11-21 07:44:41+00,-6.952652,107.6976778,685.4,18,47.84314,26.97607,37.0,29.58666,39.0,30.60188,36.0,23.78535,25.0,30.227602910039256,8088.139035616333,-0.10000000000002274,2.3250621929621956e-06,1.2775066969028465e-06,4.445723216307437e-06,1.4308074974652236e-06
2025-11-21 07:44:46+00,-6.952707667,107.6974272,685.5,28,89.41177,26.97607,37.0,29.58666,39.0,30.60188,36.0,23.78535,25.0,28.344705902590942,8116.483741518924,0.10000000000002274,2.3250621929621956e-06,1.2775066969028465e-06,4.445723216307437e-06,1.4308074974652236e-06
2025-11-21 07:44:51+00,-6.952878,107.6970367,685.4,39,57.64706,26.97607,37.0,29.58666,39.0,30.60188,36.0,23.78535,25.0,47.080195173141675,8163.563936692066,-0.10000000000002274,2.3250621929621956e-06,1.2775066969028465e-06,4.445723216307437e-06,1.4308074974652236e-06
2025-11-21 07:44:56+00,-6.953089833,107.6965732,683.9,38,52.15686,26.97607,37.0,29.58666,39.0,30.60188,36.0,23.78535,25.0,56.321955679363725,8219.885892371429,-1.5,2.3250621929621956e-06,1.2775066969028465e-06,4.445723216307437e-06,1.4308074974652236e-06
2025-11-21 07:45:01+00,-6.953274167,107.6961715,682.2,32,41.96078,26.97607,37.0,29.58666,39.0,30.60188,36.0,23.78535,25.0,48.84706646077403,8268.732958832203,-1.6999999999999318,2.3250621929621956e-06,1.2775066969028465e-06,4.445723216307437e-06,1.4308074974652236e-06
2025-11-21 07:45:06+00,-6.9534145,107.6958447,681.3,24,50.19608,26.97607,37.0,29.58666,39.0,30.60188,36.0,23.78535,25.0,39.30181874673785,8308.034777578941,-0.900000000000091,2.3250621929621956e-06,1.2775066969028465e-06,4.445723216307437e-06,1.4308074974652236e-06
2025-11-21 07:45:11+00,-6.953472,107.6956955,681.2,1,54.5098,26.97607,37.0,29.58666,39.0,30.60188,36.0,23.78535,25.0,17.665897203460062,8325.700674782402,-0.09999999999990905,2.3250621929621956e-06,1.2775066969028465e-06,4.445723216307437e-06,1.4308074974652236e-06
2025-11-21 07:45:16+00,-6.953479,107.6956252,680.8,11,76.07843,26.97607,37.0,29.58666,39.0,30.60188,36.0,23.78535,25.0,7.798459930147976,8333.499134712549,-0.40000000000009095,2.3250621929621956e-06,1.2775066969028465e-06,4.445723216307437e-06,1.4308074974652236e-06
2025-11-21 07:45:21+00,-6.953359,107.6954908,681.8,19,41.96078,26.97607,37.0,29.58666,39.0,30.60188,36.0,23.78535,25.0,19.952816700134374,8353.451951412682,1.0,2.3250621929621956e-06,1.2775066969028465e-06,4.445723216307437e-06,1.4308074974652236e-06
2025-11-21 07:45:26+00,-6.953102,107.6953903,684.4,28,84.70588,26.97607,37.0,29.58666,39.0,30.60188,36.0,23.78535,25.0,30.65461573925937,8384.10656715194,2.6000000000000227,2.3250621929621956e-06,1.2775066969028465e-06,4.445723216307437e-06,1.4308074974652236e-06
2025-11-21 07:45:31+00,-6.952717333,107.6952353,684.2,38,75.29412,26.97607,37.0,29.58666,39.0,30.60188,36.0,23.78535,25.0,46.067739208514865,8430.174306360455,-0.1999999999999318,2.3250621929621956e-06,1.2775066969028465e-06,4.445723216307437e-06,1.4308074974652236e-06
2025-11-21 07:45:36+00,-6.952258167,107.6950373,683.5,42,68.62745,26.97607,37.0,29.58666,39.0,30.60188,36.0,23.78535,25.0,55.53779526147727,8485.712101621933,-0.7000000000000455,2.3250621929621956e-06,1.2775066969028465e-06,4.445723216307437e-06,1.4308074974652236e-06
2025-11-21 07:45:41+00,-6.951816167,107.6947722,683.2,35,49.01961,26.97607,37.0,29.58666,39.0,30.60188,36.0,23.78535,25.0,57.19929572694663,8542.91139734888,-0.2999999999999545,2.3250621929621956e-06,1.2775066969028465e-06,4.445723216307437e-06,1.4308074974652236e-06
2025-11-21 07:45:46+00,-6.951474667,107.6944885,682.9,36,62.7451,26.97607,37.0,29.58666,39.0,30.60188,36.0,23.78535,25.0,49.219234939298744,8592.13063228818,-0.3000000000000682,2.3250621929621956e-06,1.2775066969028465e-06,4.445723216307437e-06,1.4308074974652236e-06
2025-11-21 07:45:51+00,-6.951154667,107.6941377,681.9,38,61.17647,26.97607,37.0,29.58666,39.0,30.60188,36.0,23.78535,25.0,52.58694292820854,8644.717575216388,-1.0,2.3250621929621956e-06,1.2775066969028465e-06,4.445723216307437e-06,1.4308074974652236e-06
2025-11-21 07:45:56+00,-6.950814833,107.693802,682.9,36,56.47059,26.97607,37.0,29.58666,39.0,30.60188,36.0,23.78535,25.0,52.92361665333516,8697.641191869723,1.0,2.3250621929621956e-06,1.2775066969028465e-06,4.445723216307437e-06,1.4308074974652236e-06
2025-11-21 07:46:01+00,-6.950417833,107.6936077,683.4,31,55.68628,26.97607,37.0,29.58666,39.0,30.60188,36.0,23.78535,25.0,49.07831775924943,8746.719509628972,0.5,2.3250621929621956e-06,1.2775066969028465e-06,4.445723216307437e-06,1.4308074974652236e-06
2025-11-21 07:46:06+00,-6.950032667,107.6935435,683.5,32,75.29412,26.97607,37.0,29.58666,39.0,30.60188,36.0,23.78535,25.0,43.4108406712057,8790.130350300178,0.10000000000002274,2.3250621929621956e-06,1.2775066969028465e-06,4.445723216307437e-06,1.4308074974652236e-06
2025-11-21 07:46:08+00,-6.949866333,107.6935493,683.9,36,67.05882,26.97607,37.0,29.58666,39.0,30.60188,36.0,23.78535,25.0,18.5065987767393,8808.636949076918,0.39999999999997726,2.3250621929621956e-06,1.2775066969028465e-06,4.445723216307437e-06,1.4308074974652236e-06
2025-11-21 07:46:13+00,-6.949423833,107.6936007,684.3,31,43.92157,26.97607,37.0,29.58666,39.0,30.60188,36.0,23.78535,25.0,49.529830049011004,8858.166779125928,0.39999999999997726,2.3250621929621956e-06,1.2775066969028465e-06,4.445723216307437e-06,1.4308074974652236e-06
2025-11-21 07:46:18+00,-6.949012,107.6936342,683.9,30,57.2549,26.97607,37.0,29.58666,39.0,30.60188,36.0,23.78535,25.0,45.942847127946486,8904.109626253874,-0.39999999999997726,2.3250621929621956e-06,1.2775066969028465e-06,4.445723216307437e-06,1.4308074974652236e-06
2025-11-21 07:46:26+00,-6.9483805,107.6936493,683.4,35,72.94118,26.97607,37.0,29.58666,39.0,30.60188,36.0,23.78535,25.0,70.23947067339722,8974.349096927272,-0.5,2.3250621929621956e-06,1.2775066969028465e-06,4.445723216307437e-06,1.4308074974652236e-06
2025-11-21 07:46:28+00,-6.948200833,107.6936198,683.9,38,41.96078,26.97607,37.0,29.58666,39.0,30.60188,36.0,23.78535,25.0,20.241703044251,8994.590799971522,0.5,2.3250621929621956e-06,1.2775066969028465e-06,4.445723216307437e-06,1.4308074974652236e-06
2025-11-21 07:46:33+00,-6.947727667,107.693548,684.6,36,49.01961,26.97607,37.0,29.58666,39.0,30.74692,34.0,23.78535,25.0,53.20726601073337,9047.798065982255,0.7000000000000455,2.3250621929621956e-06,1.2775066969028465e-06,4.445723216307437e-06,1.4308074974652236e-06
2025-11-21 07:46:41+00,-6.946999833,107.6936488,684.0,35,41.96078,26.97607,37.0,29.58666,39.0,30.74692,34.0,23.78535,25.0,81.69277216844806,9129.490838150703,-0.6000000000000227,2.3250621929621956e-06,1.2775066969028465e-06,4.445723216307437e-06,1.4308074974652236e-06
2025-11-21 07:46:43+00,-6.946833167,107.6936815,683.7,13,68.62745,26.97607,37.0,29.58666,39.0,30.74692,34.0,23.78535,25.0,18.88065059238875,9148.371488743092,-0.2999999999999545,2.3250621929621956e-06,1.2775066969028465e-06,4.445723216307437e-06,1.4308074974652236e-06
2025-11-21 07:46:48+00,-6.946616333,107.6937225,682.6,24,91.37255,26.97607,37.0,29.58666,39.0,30.74692,34.0,23.78535,25.0,24.53191138078924,9172.903400123882,-1.1000000000000227,2.3250621929621956e-06,1.2775066969028465e-06,4.445723216307437e-06,1.4308074974652236e-06
2025-11-21 07:46:53+00,-6.946350333,107.693773,683.8,38,89.01961,26.97607,37.0,29.58666,39.0,30.74692,34.0,23.78535,25.0,30.09854826403908,9203.00194838792,1.1999999999999318,2.3250621929621956e-06,1.2775066969028465e-06,4.445723216307437e-06,1.4308074974652236e-06
2025-11-21 07:47:01+00,-6.945598833,107.6939153,684.2,41,40.0,26.97607,37.0,29.58666,39.0,30.74692,34.0,23.78535,25.0,85.02646501246161,9288.028413400381,0.40000000000009095,2.3250621929621956e-06,1.2775066969028465e-06,4.445723216307437e-06,1.4308074974652236e-06
2025-11-21 07:47:06+00,-6.945081833,107.6938948,684.1,43,71.37255,26.97607,37.0,29.58666,39.0,30.74692,34.0,23.78535,25.0,57.53237158592015,9345.5607849863,-0.10000000000002274,2.3250621929621956e-06,1.2775066969028465e-06,4.445723216307437e-06,1.4308074974652236e-06
2025-11-21 07:47:11+00,-6.944537,107.6937977,683.4,44,45.4902,26.97607,37.0,29.58666,39.0,30.74692,34.0,23.78535,25.0,61.523501795858024,9407.08428678216,-0.7000000000000455,2.3250621929621956e-06,1.2775066969028465e-06,4.445723216307437e-06,1.4308074974652236e-06
2025-11-21 07:47:16+00,-6.944069167,107.6937107,683.5,27,46.27451,26.97607,37.0,29.58666,39.0,30.74692,34.0,23.78535,25.0,52.8996582899504,9459.98394507211,0.10000000000002274,2.3250621929621956e-06,1.2775066969028465e-06,4.445723216307437e-06,1.4308074974652236e-06
2025-11-21 07:47:21+00,-6.943799167,107.6936572,683.0,13,50.98039,26.97607,37.0,29.58666,39.0,30.74692,34.0,23.78535,25.0,30.597931184495984,9490.581876256607,-0.5,2.3250621929621956e-06,1.2775066969028465e-06,4.445723216307437e-06,1.4308074974652236e-06
2025-11-21 07:47:31+00,-6.9435915,107.6936202,684.2,4,69.41177,26.97607,37.0,29.58666,39.0,30.74692,34.0,23.78535,25.0,23.449925828647434,9514.031802085254,1.2000000000000455,2.3250621929621956e-06,1.2775066969028465e-06,4.445723216307437e-06,1.4308074974652236e-06
2025-11-21 07:47:36+00,-6.943534667,107.69361,684.8,6,52.94118,26.97607,37.0,29.58666,39.0,30.74692,34.0,23.78535,25.0,6.419057440358291,9520.450859525612,0.599999999999909,2.3250621929621956e-06,1.2775066969028465e-06,4.445723216307437e-06,1.4308074974652236e-06
2025-11-21 07:47:41+00,-6.943460167,107.6935978,684.7,6,50.98039,26.97607,37.0,29.58666,39.0,30.74692,34.0,23.78535,25.0,8.392772168847564,9528.843631694459,-0.09999999999990905,2.3250621929621956e-06,1.2775066969028465e-06,4.445723216307437e-06,1.4308074974652236e-06
2025-11-21 07:47:46+00,-6.943372167,107.6935825,685.1,7,46.27451,26.97607,37.0,29.58666,39.0,30.74692,34.0,23.78535,25.0,9.929832089374115,9538.773463783833,0.39999999999997726,2.3250621929621956e-06,1.2775066969028465e-06,4.445723216307437e-06,1.4308074974652236e-06
2025-11-21 07:47:58+00,-6.943329167,107.693587,686.8,3,57.64706,26.97607,37.0,29.58666,39.0,30.74692,34.0,23.78535,25.0,4.807119149162673,9543.580582932997,1.6999999999999318,2.3250621929621956e-06,1.2775066969028465e-06,4.445723216307437e-06,1.4308074974652236e-06
2025-11-21 07:48:03+00,-6.943310167,107.6936018,687.1,13,45.09804,26.97607,37.0,29.58666,39.0,30.74692,34.0,23.78535,25.0,2.670624819498578,9546.251207752495,0.3000000000000682,2.3250621929621956e-06,1.2775066969028465e-06,4.445723216307437e-06,1.4308074974652236e-06
2025-11-21 07:48:11+00,-6.94326,107.6938568,686.5,21,75.68627,26.97607,37.0,29.58666,39.0,30.74692,34.0,23.78535,25.0,28.694251303052855,9574.945459055549,-0.6000000000000227,2.3250621929621956e-06,1.2775066969028465e-06,4.445723216307437e-06,1.4308074974652236e-06
2025-11-21 07:48:16+00,-6.943351833,107.6941475,687.4,28,81.56863,26.97607,37.0,29.58666,39.0,30.74692,34.0,23.78535,25.0,33.672990977594544,9608.618450033144,0.8999999999999773,2.3250621929621956e-06,1.2775066969028465e-06,4.445723216307437e-06,1.4308074974652236e-06
2025-11-21 07:48:21+00,-6.943569333,107.6944855,687.9,37,68.62745,26.97607,37.0,29.58666,39.0,30.74692,34.0,23.78535,25.0,44.46143977527619,9653.07988980842,0.5,2.3250621929621956e-06,1.2775066969028465e-06,4.445723216307437e-06,1.4308074974652236e-06
2025-11-21 07:48:23+00,-6.943703167,107.694619,688.1,39,41.56863,26.97607,37.0,29.58666,39.0,30.74692,34.0,23.78535,25.0,20.942882928309878,9674.02277273673,0.20000000000004547,2.3250621929621956e-06,1.2775066969028465e-06,4.445723216307437e-06,1.4308074974652236e-06
2025-11-21 07:48:28+00,-6.944071833,107.6949533,688.4,37,74.90196,26.97607,37.0,29.58666,39.0,30.74692,34.0,23.78535,25.0,55.15518774391468,9729.177960480643,0.2999999999999545,2.3250621929621956e-06,1.2775066969028465e-06,4.445723216307437e-06,1.4308074974652236e-06
2025-11-21 07:48:33+00,-6.944322,107.695348,688.2,39,81.17647,26.97607,37.0,29.58666,39.0,30.74692,34.0,23.78535,25.0,51.690094229031,9780.868054709674,-0.1999999999999318,2.3250621929621956e-06,1.2775066969028465e-06,4.445723216307437e-06,1.4308074974652236e-06
2025-11-21 07:48:38+00,-6.944489333,107.6958027,687.8,44,77.64706,26.97607,37.0,29.58666,39.0,30.74692,34.0,23.78535,25.0,53.527474840756945,9834.395529550431,-0.40000000000009095,2.3250621929621956e-06,1.2775066969028465e-06,4.445723216307437e-06,1.4308074974652236e-06
2025-11-21 07:48:43+00,-6.944673333,107.6963037,687.5,47,66.27451,26.97607,37.0,29.58666,39.0,30.74692,34.0,23.78535,25.0,58.963554774858025,9893.35908432529,-0.2999999999999545,2.3250621929621956e-06,1.2775066969028465e-06,4.445723216307437e-06,1.4308074974652236e-06
2025-11-21 07:48:48+00,-6.944874167,107.6968567,687.4,45,35.29412,26.97607,37.0,29.58666,39.0,30.74692,34.0,23.78535,25.0,64.99658360372571,9958.355667929016,-0.10000000000002274,2.3250621929621956e-06,1.2775066969028465e-06,4.445723216307437e-06,1.4308074974652236e-06
2025-11-21 07:48:58+00,-6.9451895,107.697916,688.2,42,74.11765,26.97607,37.0,29.58666,39.0,30.74692,34.0,23.78535,25.0,122.06895415615531,10080.424622085171,0.8000000000000682,2.3250621929621956e-06,1.2775066969028465e-06,4.445723216307437e-06,1.4308074974652236e-06
2025-11-21 07:48:53+00,-6.945072,107.6974012,687.4,41,41.56863,26.97607,37.0,29.58666,39.0,30.74692,34.0,23.78535,25.0,58.30592825660972,10138.730550341781,-0.8000000000000682,2.3250621929621956e-06,1.2775066969028465e-06,4.445723216307437e-06,1.4308074974652236e-06
2025-11-21 07:49:03+00,-6.945125667,107.6984342,688.6,42,41.56863,26.97607,37.0,29.58666,39.0,30.74692,34.0,23.78535,25.0,114.1777489222585,10252.90829926404,1.2000000000000455,2.3250621929621956e-06,1.2775066969028465e-06,4.445723216307437e-06,1.4308074974652236e-06
2025-11-21 07:49:08+00,-6.945023667,107.6989605,688.7,33,41.96078,26.97607,37.0,29.58666,39.0,30.74692,34.0,23.78535,25.0,59.18939945425445,10312.097698718295,0.10000000000002274,2.3250621929621956e-06,1.2775066969028465e-06,4.445723216307437e-06,1.4308074974652236e-06
2025-11-21 07:49:13+00,-6.944944667,107.6994012,688.5,10,52.54902,26.97607,37.0,29.58666,39.0,30.74692,34.0,23.78535,25.0,49.43092239351034,10361.528621111805,-0.20000000000004547,2.3250621929621956e-06,1.2775066969028465e-06,4.445723216307437e-06,1.4308074974652236e-06
2025-11-21 07:49:18+00,-6.944930667,107.6995717,688.3,7,60.0,26.97607,37.0,29.58666,39.0,30.74692,34.0,23.78535,25.0,18.883932546620724,10380.412553658427,-0.20000000000004547,2.3250621929621956e-06,1.2775066969028465e-06,4.445723216307437e-06,1.4308074974652236e-06
2025-11-21 07:49:23+00,-6.944937,107.6996665,689.4,4,56.86274,26.97607,37.0,29.58666,39.0,30.74692,34.0,23.78535,25.0,10.487618893037245,10390.900172551464,1.1000000000000227,2.3250621929621956e-06,1.2775066969028465e-06,4.445723216307437e-06,1.4308074974652236e-06
2025-11-21 07:49:28+00,-6.944952667,107.6997203,689.4,5,52.54902,26.97607,37.0,29.58666,39.0,30.74692,34.0,23.78535,25.0,6.188659584467933,10397.088832135933,0.0,2.3250621929621956e-06,1.2775066969028465e-06,4.445723216307437e-06,1.4308074974652236e-06
2025-11-21 07:49:33+00,-6.9449745,107.6997815,690.1,6,50.19608,26.97607,37.0,29.58666,39.0,30.74692,34.0,23.78535,25.0,7.178207961651901,10404.267040097584,0.7000000000000455,2.3250621929621956e-06,1.2775066969028465e-06,4.445723216307437e-06,1.4308074974652236e-06
2025-11-21 07:49:38+00,-6.945002,107.6998562,690.8,6,54.11765,26.97607,37.0,29.58666,39.0,30.74692,34.0,23.78535,25.0,8.79408623143781,10413.061126329021,0.6999999999999318,2.3250621929621956e-06,1.2775066969028465e-06,4.445723216307437e-06,1.4308074974652236e-06
2025-11-21 07:49:43+00,-6.945029667,107.6999275,690.5,6,64.70588,26.97607,37.0,29.58666,39.0,30.74692,34.0,23.78535,25.0,8.44996642989749,10421.51109275892,-0.2999999999999545,2.3250621929621956e-06,1.2775066969028465e-06,4.445723216307437e-06,1.4308074974652236e-06
2025-11-21 07:49:48+00,-6.945054667,107.6999958,690.4,7,48.62745,26.97607,37.0,29.58666,39.0,30.74692,34.0,23.78535,25.0,8.035092788716462,10429.546185547635,-0.10000000000002274,2.3250621929621956e-06,1.2775066969028465e-06,4.445723216307437e-06,1.4308074974652236e-06
2025-11-21 07:49:53+00,-6.945085167,107.7000757,690.6,6,47.84314,26.97607,37.0,29.58666,39.0,30.74692,34.0,23.78535,25.0,9.448911963496151,10438.995097511131,0.20000000000004547,2.3250621929621956e-06,1.2775066969028465e-06,4.445723216307437e-06,1.4308074974652236e-06
2025-11-21 07:49:58+00,-6.945116833,107.7001552,690.5,15,41.96078,26.97607,37.0,29.58666,39.0,30.74692,34.0,23.78535,25.0,9.455228153053703,10448.450325664186,-0.10000000000002274,2.3250621929621956e-06,1.2775066969028465e-06,4.445723216307437e-06,1.4308074974652236e-06
2025-11-21 07:50:03+00,-6.9451675,107.7003105,688.8,16,52.54902,26.97607,37.0,29.58666,39.0,30.74692,34.0,23.78535,25.0,18.04398260614267,10466.494308270328,-1.7000000000000455,2.3250621929621956e-06,1.2775066969028465e-06,4.445723216307437e-06,1.4308074974652236e-06
2025-11-21 07:50:08+00,-6.945240833,107.7005128,688.7,13,46.66667,26.97607,37.0,29.58666,39.0,30.74692,34.0,23.78535,25.0,23.771995501348794,10490.266303771677,-0.09999999999990905,2.3250621929621956e-06,1.2775066969028465e-06,4.445723216307437e-06,1.4308074974652236e-06
2025-11-21 07:50:13+00,-6.945307,107.7006715,688.7,22,67.84314,26.97607,37.0,29.58666,39.0,30.74692,34.0,23.78535,25.0,18.999558805159637,10509.265862576836,0.0,2.3250621929621956e-06,1.2775066969028465e-06,4.445723216307437e-06,1.4308074974652236e-06
2025-11-21 07:50:18+00,-6.945347,107.70092,688.9,31,73.72549,26.97607,37.0,29.58666,39.0,30.74692,34.0,23.78535,25.0,27.787492128727106,10537.053354705564,0.1999999999999318,2.3250621929621956e-06,1.2775066969028465e-06,4.445723216307437e-06,1.4308074974652236e-06
2025-11-21 07:50:23+00,-6.945393333,107.701288,688.9,35,61.17647,26.97607,37.0,29.58666,39.0,30.74692,34.0,23.78535,25.0,40.94494108239757,10577.998295787962,0.0,2.3250621929621956e-06,1.2775066969028465e-06,4.445723216307437e-06,1.4308074974652236e-06
2025-11-21 07:50:28+00,-6.945502333,107.7017075,687.3,36,70.58823,26.97607,37.0,29.58666,39.0,30.74692,34.0,23.78535,25.0,47.86401848086454,10625.862314268827,-1.6000000000000227,2.3250621929621956e-06,1.2775066969028465e-06,4.445723216307437e-06,1.4308074974652236e-06
2025-11-21 07:50:33+00,-6.945639667,107.7021428,685.4,40,72.94118,26.97607,37.0,29.58666,39.0,30.74692,34.0,23.78535,25.0,50.416372423150804,10676.278686691978,-1.8999999999999773,2.3250621929621956e-06,1.2775066969028465e-06,4.445723216307437e-06,1.4308074974652236e-06
2025-11-21 07:50:38+00,-6.945798833,107.7026125,684.3,44,67.05882,26.97607,37.0,29.58666,39.0,30.74692,34.0,23.78535,25.0,54.78269438927616,10731.061381081254,-1.1000000000000227,2.3250621929621956e-06,1.2775066969028465e-06,4.445723216307437e-06,1.4308074974652236e-06
2025-11-21 07:50:43+00,-6.945975,107.7031318,684.0,42,37.64706,26.97607,37.0,29.58666,39.0,30.74692,34.0,23.78535,25.0,60.57463331977118,10791.636014401025,-0.2999999999999545,2.3250621929621956e-06,1.2775066969028465e-06,4.445723216307437e-06,1.4308074974652236e-06
2025-11-21 07:50:48+00,-6.946153,107.7036495,684.1,39,73.72549,26.97607,37.0,29.58666,39.0,30.74692,34.0,23.78535,25.0,60.47392518529548,10852.10993958632,0.10000000000002274,2.3250621929621956e-06,1.2775066969028465e-06,4.445723216307437e-06,1.4308074974652236e-06
2025-11-21 07:50:53+00,-6.946311333,107.704125,683.5,37,41.56863,26.97607,37.0,29.58666,39.0,30.74692,34.0,23.78535,25.0,55.35936765013574,10907.469307236455,-0.6000000000000227,2.3250621929621956e-06,1.2775066969028465e-06,4.445723216307437e-06,1.4308074974652236e-06
2025-11-21 07:50:58+00,-6.946464833,107.704579,683.6,33,41.17647,26.97607,37.0,29.58666,39.0,30.74692,34.0,23.78535,25.0,52.939073809414595,10960.40838104587,0.10000000000002274,2.3250621929621956e-06,1.2775066969028465e-06,4.445723216307437e-06,1.4308074974652236e-06
2025-11-21 07:51:03+00,-6.946601,107.7049802,683.7,25,47.45098,26.97607,37.0,29.58666,39.0,30.74692,34.0,23.78535,25.0,46.80090794240233,11007.209288988273,0.10000000000002274,2.3250621929621956e-06,1.2775066969028465e-06,4.445723216307437e-06,1.4308074974652236e-06
2025-11-21 07:51:08+00,-6.946714,107.7053043,684.1,19,46.27451,26.97607,37.0,29.58666,39.0,30.74692,34.0,23.78535,25.0,37.91626682554981,11045.125555813824,0.39999999999997726,2.3250621929621956e-06,1.2775066969028465e-06,4.445723216307437e-06,1.4308074974652236e-06
2025-11-21 07:51:13+00,-6.946803,107.7055438,685.2,7,71.37255,26.97607,37.0,29.58666,39.0,30.74692,34.0,23.78535,25.0,28.227386226166786,11073.35294203999,1.1000000000000227,2.3250621929621956e-06,1.2775066969028465e-06,4.445723216307437e-06,1.4308074974652236e-06
2025-11-21 07:51:18+00,-6.946836167,107.7056393,685.4,21,69.41177,26.97607,37.0,29.58666,39.0,30.74692,34.0,23.78535,25.0,11.167709459213134,11084.520651499202,0.1999999999999318,2.3250621929621956e-06,1.2775066969028465e-06,4.445723216307437e-06,1.4308074974652236e-06
2025-11-21 07:51:23+00,-6.946909,107.7058612,685.4,29,77.64706,26.97607,37.0,29.58666,39.0,30.74692,34.0,23.78535,25.0,25.7972458867746,11110.317897385978,0.0,2.3250621929621956e-06,1.2775066969028465e-06,4.445723216307437e-06,1.4308074974652236e-06
2025-11-21 07:51:28+00,-6.947034167,107.7061872,685.9,34,62.7451,26.97607,37.0,29.58666,39.0,30.74692,34.0,23.78535,25.0,38.581337524305034,11148.899234910283,0.5,2.3250621929621956e-06,1.2775066969028465e-06,4.445723216307437e-06,1.4308074974652236e-06
2025-11-21 07:51:33+00,-6.9471825,107.7065853,686.2,33,54.5098,26.97607,37.0,29.58666,39.0,30.74692,34.0,23.78535,25.0,46.9353539462442,11195.834588856527,0.3000000000000682,2.3250621929621956e-06,1.2775066969028465e-06,4.445723216307437e-06,1.4308074974652236e-06
2025-11-21 07:51:38+00,-6.9473305,107.7069933,686.8,31,50.58823,26.97607,37.0,29.58666,39.0,30.74692,34.0,23.78535,25.0,47.94720882297165,11243.7817976795,0.599999999999909,2.3250621929621956e-06,1.2775066969028465e-06,4.445723216307437e-06,1.4308074974652236e-06
2025-11-21 07:51:43+00,-6.947470667,107.707371,685.9,32,52.94118,26.97607,37.0,29.58666,39.0,30.74692,34.0,23.78535,25.0,44.508166690779255,11288.289964370279,-0.8999999999999773,2.3250621929621956e-06,1.2775066969028465e-06,4.445723216307437e-06,1.4308074974652236e-06
2025-11-21 07:51:48+00,-6.947609167,107.7077505,685.7,29,46.27451,26.97607,37.0,29.58666,39.0,30.74692,34.0,23.78535,25.0,44.63000899849222,11332.919973368771,-0.1999999999999318,2.3250621929621956e-06,1.2775066969028465e-06,4.445723216307437e-06,1.4308074974652236e-06
2025-11-21 07:51:53+00,-6.947741833,107.708111,686.2,24,48.23529,26.97607,37.0,29.58666,39.0,30.74692,34.0,23.78535,25.0,42.43792500985898,11375.35789837863,0.5,2.3250621929621956e-06,1.2775066969028465e-06,4.445723216307437e-06,1.4308074974652236e-06
2025-11-21 07:51:58+00,-6.947848667,107.708408,685.8,21,55.29412,26.97607,37.0,29.58666,39.0,30.74692,34.0,23.78535,25.0,34.86844111724303,11410.226339495874,-0.40000000000009095,2.3250621929621956e-06,1.2775066969028465e-06,4.445723216307437e-06,1.4308074974652236e-06
2025-11-21 07:52:03+00,-6.947934167,107.708672,686.3,15,50.19608,26.97607,37.0,29.58666,39.0,30.74692,34.0,23.78535,25.0,30.651624052047815,11440.877963547922,0.5,2.3250621929621956e-06,1.2775066969028465e-06,4.445723216307437e-06,1.4308074974652236e-06
2025-11-21 07:52:08+00,-6.948001833,107.7088847,686.2,5,52.54902,26.97607,37.0,29.58666,39.0,30.74692,34.0,23.78535,25.0,24.653719936194378,11465.531683484116,-0.09999999999990905,2.3250621929621956e-06,1.2775066969028465e-06,4.445723216307437e-06,1.4308074974652236e-06
2025-11-21 07:52:13+00,-6.948038833,107.708995,686.3,4,53.72549,26.97607,37.0,29.58666,39.0,30.74692,33.0,23.78535,25.0,12.851119989185223,11478.382803473301,0.09999999999990905,2.3250621929621956e-06,1.2775066969028465e-06,4.445723216307437e-06,1.4308074974652236e-06
2025-11-21 07:52:18+00,-6.948058667,107.7090455,686.1,8,69.01961,26.97607,37.0,29.58666,39.0,30.74692,33.0,23.78535,25.0,5.994557891300456,11484.377361364603,-0.1999999999999318,2.3250621929621956e-06,1.2775066969028465e-06,4.445723216307437e-06,1.4308074974652236e-06
2025-11-21 07:52:23+00,-6.948091833,107.709135,686.1,20,78.43137,26.97607,37.0,29.58666,39.0,30.74692,33.0,23.78535,25.0,10.544796629830243,11494.922157994433,0.0,2.3250621929621956e-06,1.2775066969028465e-06,4.445723216307437e-06,1.4308074974652236e-06
2025-11-21 07:52:28+00,-6.948183167,107.7093382,686.3,31,72.15686,26.97607,37.0,29.58666,39.0,30.74692,33.0,23.78535,25.0,24.62108680032004,11519.543244794753,0.1999999999999318,2.3250621929621956e-06,1.2775066969028465e-06,4.445723216307437e-06,1.4308074974652236e-06
2025-11-21 07:52:33+00,-6.948315333,107.709677,685.0,34,46.66667,26.97607,37.0,29.58666,39.0,30.74692,33.0,23.78535,25.0,40.18028850769811,11559.723533302451,-1.2999999999999545,2.3250621929621956e-06,1.2775066969028465e-06,4.445723216307437e-06,1.4308074974652236e-06
2025-11-21 07:52:38+00,-6.948459167,107.710077,685.2,30,45.4902,26.97607,37.0,29.58666,39.0,30.74692,33.0,23.78535,25.0,46.958910681816164,11606.682443984268,0.20000000000004547,2.3250621929621956e-06,1.2775066969028465e-06,4.445723216307437e-06,1.4308074974652236e-06
2025-11-21 07:52:43+00,-6.948611667,107.7104355,685.1,28,58.82353,26.97607,37.0,29.58666,39.0,30.74692,33.0,23.78535,25.0,43.050952385901496,11649.73339637017,-0.10000000000002274,2.3250621929621956e-06,1.2775066969028465e-06,4.445723216307437e-06,1.4308074974652236e-06
2025-11-21 07:52:48+00,-6.948839,107.7107083,685.4,32,72.54902,26.97607,37.0,29.58666,39.0,30.74692,33.0,23.78535,25.0,39.31511059108108,11689.048506961251,0.2999999999999545,2.3250621929621956e-06,1.2775066969028465e-06,4.445723216307437e-06,1.4308074974652236e-06
2025-11-21 07:52:53+00,-6.949151333,107.7109195,686.0,33,44.70588,26.97607,37.0,29.58666,39.0,30.74692,33.0,23.78535,25.0,41.82833606752908,11730.87684302878,0.6000000000000227,2.3250621929621956e-06,1.2775066969028465e-06,4.445723216307437e-06,1.4308074974652236e-06
2025-11-21 07:52:58+00,-6.94954,107.7110812,685.1,30,44.70588,26.97607,37.0,29.58666,39.0,30.74692,33.0,23.78535,25.0,46.758312922623176,11777.635155951402,-0.8999999999999773,2.3250621929621956e-06,1.2775066969028465e-06,4.445723216307437e-06,1.4308074974652236e-06
2025-11-21 07:53:03+00,-6.949922333,107.7111262,685.8,29,57.64706,26.97607,37.0,29.58666,39.0,30.74692,33.0,23.78535,25.0,42.80272242110255,11820.437878372504,0.6999999999999318,2.3250621929621956e-06,1.2775066969028465e-06,4.445723216307437e-06,1.4308074974652236e-06
2025-11-21 07:53:08+00,-6.950284833,107.711122,685.5,30,70.98039,26.97607,37.0,29.58666,39.0,30.74692,33.0,23.78535,25.0,40.31088237356093,11860.748760746064,-0.2999999999999545,2.3250621929621956e-06,1.2775066969028465e-06,4.445723216307437e-06,1.4308074974652236e-06
2025-11-21 07:53:13+00,-6.950657833,107.7111107,682.9,33,58.82353,26.97607,37.0,29.58666,39.0,30.74692,33.0,23.78535,25.0,41.49451481853289,11902.243275564597,-2.6000000000000227,2.3250621929621956e-06,1.2775066969028465e-06,4.445723216307437e-06,1.4308074974652236e-06
2025-11-21 07:53:18+00,-6.951056833,107.71107,684.8,29,44.70588,26.97607,37.0,29.58666,39.0,30.74692,33.0,23.78535,25.0,44.59369556624156,11946.836971130839,1.8999999999999773,2.3250621929621956e-06,1.2775066969028465e-06,4.445723216307437e-06,1.4308074974652236e-06
2025-11-21 07:53:23+00,-6.951430167,107.7110458,682.7,13,53.33333,26.97607,37.0,29.58666,39.0,30.74692,33.0,23.78535,25.0,41.5987524025921,11988.43572353343,-2.099999999999909,2.3250621929621956e-06,1.2775066969028465e-06,4.445723216307437e-06,1.4308074974652236e-06
2025-11-21 07:53:28+00,-6.951626833,107.7110418,682.4,24,88.62745,26.97607,37.0,29.58666,39.0,30.74692,33.0,23.78535,25.0,21.872748143447645,12010.308471676877,-0.3000000000000682,2.3250621929621956e-06,1.2775066969028465e-06,4.445723216307437e-06,1.4308074974652236e-06
2025-11-21 07:53:33+00,-6.951888833,107.7110417,679.3,34,87.05882,26.97607,37.0,29.58666,39.0,30.74692,33.0,23.78535,25.0,29.13311311221884,12039.441584789096,-3.1000000000000227,2.3250621929621956e-06,1.2775066969028465e-06,4.445723216307437e-06,1.4308074974652236e-06
2025-11-21 07:53:38+00,-6.952268667,107.7110173,678.2,41,59.21569,26.97607,37.0,29.58666,39.0,30.74692,33.0,23.78535,25.0,42.32145306489448,12081.76303785399,-1.099999999999909,2.3250621929621956e-06,1.2775066969028465e-06,4.445723216307437e-06,1.4308074974652236e-06
2025-11-21 07:53:43+00,-6.952756833,107.7109872,675.7,40,41.17647,26.97607,37.0,29.58666,39.0,30.74692,33.0,23.78535,25.0,54.38323664253212,12136.146274496523,-2.5,2.3250621929621956e-06,1.2775066969028465e-06,4.445723216307437e-06,1.4308074974652236e-06
2025-11-21 07:53:48+00,-6.953251333,107.710902,678.0,23,49.80392,26.97607,37.0,29.58666,39.0,30.74692,33.0,23.78535,25.0,55.784357940220644,12191.930632436744,2.2999999999999545,2.3250621929621956e-06,1.2775066969028465e-06,4.445723216307437e-06,1.4308074974652236e-06
2025-11-21 07:53:53+00,-6.953605833,107.7108377,678.1,6,74.11765,26.97607,37.0,29.58666,39.0,30.74692,33.0,23.78535,25.0,40.0524840060049,12231.983116442749,0.10000000000002274,2.3250621929621956e-06,1.2775066969028465e-06,4.445723216307437e-06,1.4308074974652236e-06
2025-11-21 07:53:58+00,-6.953724167,107.7108378,675.0,23,80.78432,26.97607,37.0,29.58666,39.0,30.74692,33.0,23.78535,25.0,13.158163253809573,12245.141279696558,-3.1000000000000227,2.3250621929621956e-06,1.2775066969028465e-06,4.445723216307437e-06,1.4308074974652236e-06
2025-11-21 07:54:03+00,-6.953968167,107.7108208,670.6,34,85.4902,26.97607,37.0,29.58666,39.0,30.74692,33.0,23.78535,25.0,27.196408119116374,12272.337687815674,-4.399999999999977,2.3250621929621956e-06,1.2775066969028465e-06,4.445723216307437e-06,1.4308074974652236e-06
2025-11-21 07:54:08+00,-6.954368667,107.7107877,668.9,42,85.4902,26.97607,37.0,29.58666,39.0,30.74692,33.0,23.78535,25.0,44.68324168947843,12317.020929505152,-1.7000000000000455,2.3250621929621956e-06,1.2775066969028465e-06,4.445723216307437e-06,1.4308074974652236e-06
2025-11-21 07:54:13+00,-6.954876667,107.7107523,670.6,42,39.21569,26.97607,37.0,29.58666,39.0,30.74692,33.0,23.78535,25.0,56.62207951485912,12373.64300902001,1.7000000000000455,2.3250621929621956e-06,1.2775066969028465e-06,4.445723216307437e-06,1.4308074974652236e-06
2025-11-21 07:54:18+00,-6.9554185,107.7107282,671.8,24,51.76471,26.97607,37.0,29.58666,39.0,30.74692,33.0,23.78535,25.0,60.30785840107635,12433.950867421087,1.1999999999999318,2.3250621929621956e-06,1.2775066969028465e-06,4.445723216307437e-06,1.4308074974652236e-06
2025-11-21 07:54:23+00,-6.955803333,107.7107087,671.8,6,55.68628,26.97607,37.0,29.58666,39.0,30.74692,33.0,23.78535,25.0,42.845631900048396,12476.796499321135,0.0,2.3250621929621956e-06,1.2775066969028465e-06,4.445723216307437e-06,1.4308074974652236e-06
2025-11-21 07:54:28+00,-6.9559135,107.7107203,673.5,20,67.84314,26.97607,37.0,29.58666,39.0,30.74692,33.0,23.78535,25.0,12.316758551817845,12489.113257872954,1.7000000000000455,2.3250621929621956e-06,1.2775066969028465e-06,4.445723216307437e-06,1.4308074974652236e-06
2025-11-21 07:54:33+00,-6.956133,107.7107132,673.6,27,57.2549,26.97607,37.0,29.58666,39.0,30.74692,33.0,23.78535,25.0,24.41989803275861,12513.533155905712,0.10000000000002274,2.3250621929621956e-06,1.2775066969028465e-06,4.445723216307437e-06,1.4308074974652236e-06
2025-11-21 07:54:38+00,-6.956462333,107.7106963,674.9,26,52.54902,26.97607,37.0,29.58666,39.0,30.74692,33.0,23.78535,25.0,36.667687619618896,12550.200843525332,1.2999999999999545,2.3250621929621956e-06,1.2775066969028465e-06,4.445723216307437e-06,1.4308074974652236e-06
2025-11-21 07:54:43+00,-6.956812833,107.7106812,676.1,23,65.88235,26.97607,37.0,29.58666,39.0,30.74692,33.0,23.78535,25.0,39.0094965236593,12589.21034004899,1.2000000000000455,2.3250621929621956e-06,1.2775066969028465e-06,4.445723216307437e-06,1.4308074974652236e-06
2025-11-21 07:54:48+00,-6.957109333,107.710664,679.2,29,73.72549,26.97607,37.0,29.58666,39.0,30.74692,33.0,23.78535,25.0,33.02395598190575,12622.234296030896,3.1000000000000227,2.3250621929621956e-06,1.2775066969028465e-06,4.445723216307437e-06,1.4308074974652236e-06
2025-11-21 07:54:53+00,-6.957465667,107.710656,678.8,34,59.21569,26.97607,37.0,29.58666,39.0,30.74692,33.0,23.78535,25.0,39.632425679970616,12661.866721710867,-0.40000000000009095,2.3250621929621956e-06,1.2775066969028465e-06,4.445723216307437e-06,1.4308074974652236e-06
2025-11-21 07:54:58+00,-6.957889,107.710609,679.3,31,56.86274,26.97607,37.0,29.58666,39.0,30.74692,33.0,23.78535,25.0,47.357541363851965,12709.224263074719,0.5,2.3250621929621956e-06,1.2775066969028465e-06,4.445723216307437e-06,1.4308074974652236e-06
2025-11-21 07:55:03+00,-6.958305333,107.710559,674.3,12,56.86274,26.97607,37.0,29.58666,39.0,30.74692,33.0,23.78535,25.0,46.62197390794952,12755.846236982668,-5.0,2.3250621929621956e-06,1.2775066969028465e-06,4.445723216307437e-06,1.4308074974652236e-06
2025-11-21 07:55:08+00,-6.958513333,107.7105172,673.7,17,64.31373,26.97607,37.0,29.58666,39.0,30.74692,33.0,23.78535,25.0,23.584263062746256,12779.430500045415,-0.599999999999909,2.3250621929621956e-06,1.2775066969028465e-06,4.445723216307437e-06,1.4308074974652236e-06
2025-11-21 07:55:13+00,-6.9587095,107.710481,674.0,12,52.94118,26.97607,37.0,29.58666,39.0,30.74692,33.0,23.78535,25.0,22.175738696794568,12801.60623874221,0.2999999999999545,2.3250621929621956e-06,1.2775066969028465e-06,4.445723216307437e-06,1.4308074974652236e-06
2025-11-21 07:55:18+00,-6.958900333,107.7104458,675.1,6,48.62745,26.97607,37.0,29.58666,39.0,30.74692,33.0,23.78535,25.0,21.57244348650706,12823.178682228718,1.1000000000000227,2.3250621929621956e-06,1.2775066969028465e-06,4.445723216307437e-06,1.4308074974652236e-06
2025-11-21 07:55:24+00,-6.959011167,107.7104228,676.6,16,82.35294,26.97607,37.0,29.58666,39.0,30.74692,33.0,23.78535,25.0,12.582945623516549,12835.761627852235,1.5,2.3250621929621956e-06,1.2775066969028465e-06,4.445723216307437e-06,1.4308074974652236e-06
2025-11-21 07:55:28+00,-6.959160833,107.7103957,675.4,27,72.15686,26.97607,37.0,29.58666,39.0,30.74692,33.0,23.78535,25.0,16.908798079947637,12852.670425932181,-1.2000000000000455,2.3250621929621956e-06,1.2775066969028465e-06,4.445723216307437e-06,1.4308074974652236e-06
2025-11-21 07:55:33+00,-6.959471667,107.710343,675.3,32,49.01961,26.97607,37.0,29.58666,39.0,30.74692,33.0,23.78535,25.0,35.04926300329708,12887.719688935478,-0.10000000000002274,2.3250621929621956e-06,1.2775066969028465e-06,4.445723216307437e-06,1.4308074974652236e-06
2025-11-21 07:55:39+00,-6.9599345,107.7102508,674.3,17,50.19608,26.97607,37.0,29.58666,39.0,30.74692,33.0,23.78535,25.0,52.46126997952303,12940.180958915002,-1.0,2.3250621929621956e-06,1.2775066969028465e-06,4.445723216307437e-06,1.4308074974652236e-06
2025-11-21 07:55:44+00,-6.9601585,107.7102022,673.7,13,77.64706,26.97607,37.0,29.58666,39.0,30.74692,33.0,23.78535,25.0,25.478788793028762,12965.65974770803,-0.599999999999909,2.3250621929621956e-06,1.2775066969028465e-06,4.445723216307437e-06,1.4308074974652236e-06
2025-11-21 07:55:49+00,-6.960310667,107.710171,673.4,24,60.0,26.97607,37.0,29.58666,39.0,30.74692,33.0,23.78535,25.0,17.267110626719933,12982.926858334751,-0.3000000000000682,2.3250621929621956e-06,1.2775066969028465e-06,4.445723216307437e-06,1.4308074974652236e-06
2025-11-21 07:55:54+00,-6.960612333,107.710158,676.0,14,50.98039,26.97607,37.0,29.58666,39.0,30.74692,33.0,23.78535,25.0,33.574450611834564,13016.501308946587,2.6000000000000227,2.3250621929621956e-06,1.2775066969028465e-06,4.445723216307437e-06,1.4308074974652236e-06
2025-11-21 07:55:59+00,-6.960794333,107.7101275,675.9,3,54.5098,26.97607,37.0,29.58666,39.0,30.74692,33.0,23.78535,25.0,20.515594073633213,13037.01690302022,-0.10000000000002274,2.3250621929621956e-06,1.2775066969028465e-06,4.445723216307437e-06,1.4308074974652236e-06
2025-11-21 08:19:00+00,-6.960859333,107.7101795,690.9,5,70.19608,26.97607,37.0,29.58666,39.0,30.02176,28.0,23.78535,25.0,9.22938312935213,13046.246286149571,15.0,3.410895005440065e-06,2.381190810961924e-06,7.400998988312921e-07,3.7648558434088634e-06
2025-11-21 08:19:05+00,-6.960911167,107.7101667,689.8,14,77.64706,26.97607,37.0,29.58666,39.0,30.02176,28.0,23.78535,25.0,5.934315029503686,13052.180601179076,-1.1000000000000227,3.410895005440065e-06,2.381190810961924e-06,7.400998988312921e-07,3.7648558434088634e-06
2025-11-21 08:19:10+00,-6.961061833,107.7101288,689.8,25,78.82353,26.97607,37.0,29.58666,39.0,30.02176,28.0,23.78535,25.0,17.267688679283467,13069.44828985836,0.0,3.410895005440065e-06,2.381190810961924e-06,7.400998988312921e-07,3.7648558434088634e-06
2025-11-21 08:19:15+00,-6.961364333,107.7100685,688.3,34,80.39216,26.97607,37.0,29.58666,39.0,30.02176,28.0,23.78535,25.0,34.288663152441785,13103.7369530108,-1.5,3.410895005440065e-06,2.381190810961924e-06,7.400998988312921e-07,3.7648558434088634e-06
2025-11-21 08:19:20+00,-6.961781333,107.7099918,688.9,40,83.52941,26.97607,37.0,29.58666,39.0,30.02176,28.0,23.78535,25.0,47.134841460427225,13150.871794471228,0.6000000000000227,3.410895005440065e-06,2.381190810961924e-06,7.400998988312921e-07,3.7648558434088634e-06
2025-11-21 08:19:25+00,-6.962279833,107.7098972,688.1,40,52.15686,26.97607,37.0,29.58666,39.0,30.02176,28.0,23.78535,25.0,56.40560764018854,13207.277402111416,-0.7999999999999545,3.410895005440065e-06,2.381190810961924e-06,7.400998988312921e-07,3.7648558434088634e-06
2025-11-21 08:19:30+00,-6.962786,107.7098097,687.9,36,41.56863,26.97607,37.0,29.58666,39.0,30.02176,28.0,23.78535,25.0,57.10587637495123,13264.383278486368,-0.20000000000004547,3.410895005440065e-06,2.381190810961924e-06,7.400998988312921e-07,3.7648558434088634e-06
2025-11-21 08:19:35+00,-6.963241667,107.7097533,687.2,25,48.23529,26.97607,37.0,29.58666,39.0,30.02176,28.0,23.78535,25.0,51.048912478038275,13315.432190964406,-0.6999999999999318,3.410895005440065e-06,2.381190810961924e-06,7.400998988312921e-07,3.7648558434088634e-06
2025-11-21 08:19:40+00,-6.963571333,107.709706,685.8,7,50.58823,26.97607,37.0,29.58666,39.0,30.02176,28.0,23.78535,25.0,37.0271399030297,13352.459330867436,-1.400000000000091,3.410895005440065e-06,2.381190810961924e-06,7.400998988312921e-07,3.7648558434088634e-06
2025-11-21 08:19:45+00,-6.963672667,107.7097,684.4,20,85.4902,26.97607,37.0,29.58666,39.0,30.02176,28.0,23.78535,25.0,11.287286782985733,13363.746617650422,-1.3999999999999773,3.410895005440065e-06,2.381190810961924e-06,7.400998988312921e-07,3.7648558434088634e-06
2025-11-21 08:19:50+00,-6.963893167,107.7096813,681.8,30,65.09804,26.97607,37.0,29.58666,39.0,30.02176,28.0,23.78535,25.0,24.60523762949076,13388.351855279912,-2.6000000000000227,3.410895005440065e-06,2.381190810961924e-06,7.400998988312921e-07,3.7648558434088634e-06
2025-11-21 08:19:55+00,-6.964233667,107.7096568,679.1,28,38.82353,26.97607,37.0,29.58666,39.0,30.02176,28.0,23.78535,25.0,37.95837120928561,13426.310226489199,-2.699999999999932,3.410895005440065e-06,2.381190810961924e-06,7.400998988312921e-07,3.7648558434088634e-06
2025-11-21 08:20:00+00,-6.964583667,107.709606,679.5,21,50.98039,26.97607,37.0,29.58666,39.0,30.02176,28.0,23.78535,25.0,39.320111604933324,13465.630338094132,0.39999999999997726,3.410895005440065e-06,2.381190810961924e-06,7.400998988312921e-07,3.7648558434088634e-06
2025-11-21 08:20:05+00,-6.96478,107.7094253,680.9,23,56.47059,26.97607,37.0,29.58666,39.0,30.02176,28.0,23.78535,25.0,29.57016413456939,13495.200502228701,1.3999999999999773,3.410895005440065e-06,2.381190810961924e-06,7.400998988312921e-07,3.7648558434088634e-06
2025-11-21 08:20:10+00,-6.964908667,107.709171,679.4,29,84.31373,26.97607,37.0,29.58666,39.0,30.02176,28.0,23.78535,25.0,31.504295421510307,13526.70479765021,-1.5,3.410895005440065e-06,2.381190810961924e-06,7.400998988312921e-07,3.7648558434088634e-06
2025-11-21 08:20:15+00,-6.965083,107.7088708,679.2,38,67.45098,26.97607,37.0,29.58666,39.0,30.02176,28.0,23.78535,25.0,38.38837579542404,13565.093173445635,-0.1999999999999318,3.410895005440065e-06,2.381190810961924e-06,7.400998988312921e-07,3.7648558434088634e-06
2025-11-21 08:20:20+00,-6.965299333,107.7085072,677.8,40,43.13726,26.97607,37.0,29.58666,39.0,30.02176,28.0,23.78535,25.0,46.7893232985112,13611.882496744147,-1.400000000000091,3.410895005440065e-06,2.381190810961924e-06,7.400998988312921e-07,3.7648558434088634e-06
2025-11-21 08:20:25+00,-6.9655305,107.7080668,675.8,34,40.78431,26.97607,37.0,29.58666,39.0,30.02176,28.0,23.78535,25.0,54.986837624328395,13666.869334368475,-2.0,3.410895005440065e-06,2.381190810961924e-06,7.400998988312921e-07,3.7648558434088634e-06
2025-11-21 08:20:30+00,-6.965725833,107.7076605,675.2,28,58.03922,26.97607,37.0,29.58666,39.0,30.02176,28.0,23.78535,25.0,49.828150099464054,13716.697484467939,-0.599999999999909,3.410895005440065e-06,2.381190810961924e-06,7.400998988312921e-07,3.7648558434088634e-06
2025-11-21 08:20:35+00,-6.965894667,107.7073485,675.3,31,78.03922,26.97607,37.0,29.58666,39.0,30.02176,28.0,23.78535,25.0,39.221638777312975,13755.919123245252,0.09999999999990905,3.410895005440065e-06,2.381190810961924e-06,7.400998988312921e-07,3.7648558434088634e-06
2025-11-21 08:20:40+00,-6.966072,107.7069983,673.5,35,47.05882,26.97607,37.0,29.58666,39.0,30.02176,28.0,23.78535,25.0,43.39218133327323,13799.311304578525,-1.7999999999999545,3.410895005440065e-06,2.381190810961924e-06,7.400998988312921e-07,3.7648558434088634e-06
2025-11-21 08:20:45+00,-6.966282333,107.7066092,674.5,35,44.70588,26.97607,37.0,29.58666,39.0,30.02176,28.0,23.78535,25.0,48.902043285598275,13848.213347864123,1.0,3.410895005440065e-06,2.381190810961924e-06,7.400998988312921e-07,3.7648558434088634e-06
2025-11-21 08:20:50+00,-6.966487167,107.7062285,671.5,34,67.84314,26.97607,37.0,29.58666,39.0,30.02176,28.0,23.78535,25.0,47.79544621442674,13896.008794078549,-3.0,3.410895005440065e-06,2.381190810961924e-06,7.400998988312921e-07,3.7648558434088634e-06
2025-11-21 08:20:55+00,-6.9666455,107.7058287,672.1,34,54.90196,26.97607,37.0,29.58666,39.0,30.02176,28.0,23.78535,25.0,47.51009699345676,13943.518891072006,0.6000000000000227,3.410895005440065e-06,2.381190810961924e-06,7.400998988312921e-07,3.7648558434088634e-06
2025-11-21 08:21:00+00,-6.966787667,107.7054208,674.3,33,58.43137,26.97607,37.0,29.58666,39.0,30.02176,28.0,23.78535,25.0,47.716302967137956,13991.235194039144,2.199999999999932,3.410895005440065e-06,2.381190810961924e-06,7.400998988312921e-07,3.7648558434088634e-06
2025-11-21 08:21:05+00,-6.966924167,107.7050607,677.9,16,52.54902,26.97607,37.0,29.58666,39.0,30.02176,28.0,23.78535,25.0,42.54522824024872,14033.780422279393,3.6000000000000227,3.410895005440065e-06,2.381190810961924e-06,7.400998988312921e-07,3.7648558434088634e-06
2025-11-21 08:21:10+00,-6.967010833,107.7048205,684.0,17,64.31373,26.97607,37.0,29.58666,39.0,30.02176,28.0,23.78535,25.0,28.20897876026579,14061.989401039658,6.100000000000023,3.410895005440065e-06,2.381190810961924e-06,7.400998988312921e-07,3.7648558434088634e-06
2025-11-21 08:21:15+00,-6.967102333,107.7046118,686.1,28,72.54902,26.97607,37.0,29.58666,39.0,30.02176,28.0,23.78535,25.0,25.181964037084718,14087.171365076743,2.1000000000000227,3.410895005440065e-06,2.381190810961924e-06,7.400998988312921e-07,3.7648558434088634e-06
2025-11-21 08:21:20+00,-6.967240833,107.7043117,683.2,36,71.76471,26.97607,37.0,29.58666,39.0,30.02176,28.0,23.78535,25.0,36.52840996790944,14123.699775044654,-2.8999999999999773,3.410895005440065e-06,2.381190810961924e-06,7.400998988312921e-07,3.7648558434088634e-06
2025-11-21 08:21:25+00,-6.967422167,107.7039105,681.2,41,59.21569,26.97607,37.0,29.58666,39.0,30.02176,28.0,23.78535,25.0,48.656582306161376,14172.356357350815,-2.0,3.410895005440065e-06,2.381190810961924e-06,7.400998988312921e-07,3.7648558434088634e-06
2025-11-21 08:21:30+00,-6.9675855,107.7034822,681.2,40,49.80392,26.97607,37.0,29.58666,39.0,30.02176,28.0,23.78535,25.0,50.64190467908983,14222.998262029905,0.0,3.410895005440065e-06,2.381190810961924e-06,7.400998988312921e-07,3.7648558434088634e-06
2025-11-21 08:21:35+00,-6.9677665,107.7030108,683.8,42,86.27451,26.97607,37.0,29.58666,39.0,30.02176,28.0,23.78535,25.0,55.78722765163567,14278.78548968154,2.599999999999909,3.410895005440065e-06,2.381190810961924e-06,7.400998988312921e-07,3.7648558434088634e-06
2025-11-21 08:21:40+00,-6.967920333,107.7025093,681.2,43,40.0,26.97607,37.0,29.58666,39.0,30.02176,28.0,23.78535,25.0,57.9352583744508,14336.720748055992,-2.599999999999909,3.410895005440065e-06,2.381190810961924e-06,7.400998988312921e-07,3.7648558434088634e-06
2025-11-21 08:21:45+00,-6.968059333,107.7019732,681.9,42,39.21569,26.97607,37.0,29.58666,39.0,30.02176,28.0,23.78535,25.0,61.15672964660701,14397.8774777026,0.6999999999999318,3.410895005440065e-06,2.381190810961924e-06,7.400998988312921e-07,3.7648558434088634e-06
2025-11-21 08:21:50+00,-6.968181,107.7014225,676.1,40,38.03922,26.97607,37.0,29.58666,39.0,30.02176,28.0,23.78535,25.0,62.27022437027257,14460.147702072873,-5.7999999999999545,3.410895005440065e-06,2.381190810961924e-06,7.400998988312921e-07,3.7648558434088634e-06
2025-11-21 08:21:55+00,-6.968309333,107.7009385,679.4,26,46.66667,26.97607,37.0,29.58666,39.0,30.02176,28.0,23.78535,25.0,55.29398234551528,14515.441684418387,3.2999999999999545,3.410895005440065e-06,2.381190810961924e-06,7.400998988312921e-07,3.7648558434088634e-06
2025-11-21 08:22:00+00,-6.968433667,107.7006112,686.7,30,87.05882,26.97607,37.0,29.58666,39.0,30.02176,28.0,23.78535,25.0,38.680462693394574,14554.122147111782,7.300000000000068,3.410895005440065e-06,2.381190810961924e-06,7.400998988312921e-07,3.7648558434088634e-06
2025-11-21 08:22:05+00,-6.9685645,107.7002923,693.1,38,79.60784,26.97607,37.0,29.58666,39.0,30.02176,28.0,23.78535,25.0,38.08615081542376,14592.208297927205,6.399999999999977,3.410895005440065e-06,2.381190810961924e-06,7.400998988312921e-07,3.7648558434088634e-06
2025-11-21 08:22:10+00,-6.9686825,107.699836,695.5,44,45.4902,26.97607,37.0,29.58666,39.0,30.02176,28.0,23.78535,25.0,52.04462592604771,14644.252923853253,2.3999999999999773,3.410895005440065e-06,2.381190810961924e-06,7.400998988312921e-07,3.7648558434088634e-06
2025-11-21 08:22:15+00,-6.968808,107.6993187,697.4,37,38.82353,26.97607,37.0,29.58666,39.0,30.02176,28.0,23.78535,25.0,58.77691962500353,14703.029843478256,1.8999999999999773,3.410895005440065e-06,2.381190810961924e-06,7.400998988312921e-07,3.7648558434088634e-06
2025-11-21 08:22:20+00,-6.968915667,107.6988375,700.0,35,72.94118,26.97607,37.0,29.58666,39.0,30.02176,28.0,23.78535,25.0,54.44437899344693,14757.474222471703,2.6000000000000227,3.410895005440065e-06,2.381190810961924e-06,7.400998988312921e-07,3.7648558434088634e-06
2025-11-21 08:22:25+00,-6.969024667,107.6983958,702.3,29,44.31372,26.97607,37.0,29.58666,39.0,30.02176,28.0,23.78535,25.0,50.23603234925029,14807.710254820953,2.2999999999999545,3.410895005440065e-06,2.381190810961924e-06,7.400998988312921e-07,3.7648558434088634e-06
2025-11-21 08:22:30+00,-6.9691185,107.6980175,699.7,7,52.54902,26.97607,37.0,29.58666,39.0,30.02176,28.0,23.78535,25.0,43.03819445869525,14850.748449279648,-2.599999999999909,3.410895005440065e-06,2.381190810961924e-06,7.400998988312921e-07,3.7648558434088634e-06
2025-11-21 08:22:35+00,-6.969137833,107.6978452,695.1,5,50.98039,26.97607,37.0,29.58666,39.0,30.02176,28.0,23.78535,25.0,19.13847799623753,14869.886927275886,-4.600000000000023,3.410895005440065e-06,2.381190810961924e-06,7.400998988312921e-07,3.7648558434088634e-06
2025-11-21 08:22:40+00,-6.969143667,107.697749,692.2,17,81.56863,26.97607,37.0,29.58666,39.0,30.02176,28.0,23.78535,25.0,10.63773210478724,14880.524659380673,-2.8999999999999773,3.410895005440065e-06,2.381190810961924e-06,7.400998988312921e-07,3.7648558434088634e-06
2025-11-21 08:22:45+00,-6.9691685,107.6975528,688.6,30,90.98039,26.97607,37.0,29.58666,39.0,30.02176,28.0,23.78535,25.0,21.830626166718506,14902.355285547392,-3.6000000000000227,3.410895005440065e-06,2.381190810961924e-06,7.400998988312921e-07,3.7648558434088634e-06
2025-11-21 08:22:50+00,-6.9692545,107.697201,688.2,31,47.84314,26.97607,37.0,29.58666,39.0,30.02176,28.0,23.78535,25.0,39.98961371673547,14942.344899264128,-0.39999999999997726,3.410895005440065e-06,2.381190810961924e-06,7.400998988312921e-07,3.7648558434088634e-06
2025-11-21 08:22:55+00,-6.9693105,107.6968052,685.7,28,45.4902,26.97607,37.0,29.58666,39.0,30.02176,28.0,23.78535,25.0,44.127388139254045,14986.472287403381,-2.5,3.410895005440065e-06,2.381190810961924e-06,7.400998988312921e-07,3.7648558434088634e-06
2025-11-21 08:23:00+00,-6.969329,107.696438,683.1,28,46.66667,26.97607,37.0,29.58666,39.0,30.02176,28.0,23.78535,25.0,40.58131735867333,15027.053604762055,-2.6000000000000227,3.410895005440065e-06,2.381190810961924e-06,7.400998988312921e-07,3.7648558434088634e-06
2025-11-21 08:23:05+00,-6.9693495,107.696067,681.5,36,88.62745,26.97607,37.0,29.58666,39.0,30.02176,28.0,23.78535,25.0,41.0119606808476,15068.065565442903,-1.6000000000000227,3.410895005440065e-06,2.381190810961924e-06,7.400998988312921e-07,3.7648558434088634e-06
2025-11-21 08:23:10+00,-6.969365333,107.6956187,679.0,27,85.4902,26.97607,37.0,29.58666,39.0,30.02176,28.0,23.78535,25.0,49.511742332594366,15117.577307775497,-2.5,3.410895005440065e-06,2.381190810961924e-06,7.400998988312921e-07,3.7648558434088634e-06
2025-11-21 08:23:15+00,-6.969363,107.695234,677.2,35,87.84314,26.97607,37.0,29.58666,39.0,30.02176,28.0,23.78535,25.0,42.46146983684343,15160.03877761234,-1.7999999999999545,3.410895005440065e-06,2.381190810961924e-06,7.400998988312921e-07,3.7648558434088634e-06
2025-11-21 08:23:20+00,-6.9693585,107.694815,675.6,42,72.94118,26.97607,37.0,29.58666,39.0,30.02176,28.0,23.78535,25.0,46.24919495377758,15206.287972566119,-1.6000000000000227,3.410895005440065e-06,2.381190810961924e-06,7.400998988312921e-07,3.7648558434088634e-06
2025-11-21 08:23:25+00,-6.969349167,107.6942923,674.0,46,76.47059,26.97607,37.0,29.58666,39.0,30.02176,28.0,23.78535,25.0,57.7015519640362,15263.989524530154,-1.6000000000000227,3.410895005440065e-06,2.381190810961924e-06,7.400998988312921e-07,3.7648558434088634e-06
2025-11-21 08:23:30+00,-6.969272333,107.6937197,672.4,41,36.47059,26.97607,37.0,29.58666,39.0,30.02176,28.0,23.78535,25.0,63.774720155748874,15327.764244685903,-1.6000000000000227,3.410895005440065e-06,2.381190810961924e-06,7.400998988312921e-07,3.7648558434088634e-06
2025-11-21 08:23:35+00,-6.969164667,107.6931822,673.2,33,75.29412,26.97607,37.0,29.58666,39.0,30.02176,28.0,23.78535,25.0,60.52167627641068,15388.285920962313,0.8000000000000682,3.410895005440065e-06,2.381190810961924e-06,7.400998988312921e-07,3.7648558434088634e-06
2025-11-21 08:23:40+00,-6.969086333,107.6927543,673.2,39,78.82353,26.97607,37.0,29.58666,39.0,30.02176,28.0,23.78535,25.0,48.02533929328176,15436.311260255594,0.0,3.410895005440065e-06,2.381190810961924e-06,7.400998988312921e-07,3.7648558434088634e-06
2025-11-21 08:23:45+00,-6.969049,107.6922647,673.9,45,85.09804,26.97607,37.0,29.58666,39.0,30.02176,28.0,23.78535,25.0,54.19810348795324,15490.509363743548,0.6999999999999318,3.410895005440065e-06,2.381190810961924e-06,7.400998988312921e-07,3.7648558434088634e-06
2025-11-21 08:23:50+00,-6.969076667,107.6916983,674.3,49,45.09804,26.97607,37.0,29.58666,39.0,30.02176,28.0,23.78535,25.0,62.59122964003955,15553.100593383588,0.39999999999997726,3.410895005440065e-06,2.381190810961924e-06,7.400998988312921e-07,3.7648558434088634e-06
2025-11-21 08:23:55+00,-6.9691185,107.6910855,672.4,39,50.58823,26.97607,37.0,29.58666,39.0,30.02176,28.0,23.78535,25.0,67.79667183147447,15620.897265215062,-1.8999999999999773,3.410895005440065e-06,2.381190810961924e-06,7.400998988312921e-07,3.7648558434088634e-06
2025-11-21 08:24:00+00,-6.969154167,107.6905705,671.5,35,79.21568,26.97607,37.0,29.58666,39.0,30.02176,28.0,23.78535,25.0,56.980558659109136,15677.87782387417,-0.8999999999999773,3.410895005440065e-06,2.381190810961924e-06,7.400998988312921e-07,3.7648558434088634e-06
2025-11-21 08:24:05+00,-6.969155833,107.6901135,672.2,42,81.96078,26.97607,37.0,29.58666,39.0,30.02176,28.0,23.78535,25.0,50.44104259498585,15728.318866469157,0.7000000000000455,3.410895005440065e-06,2.381190810961924e-06,7.400998988312921e-07,3.7648558434088634e-06
2025-11-21 08:24:10+00,-6.96908,107.6896068,672.6,46,79.21568,26.97607,37.0,29.58666,39.0,30.02176,28.0,23.78535,25.0,56.55838363488409,15784.87725010404,0.39999999999997726,3.410895005440065e-06,2.381190810961924e-06,7.400998988312921e-07,3.7648558434088634e-06
2025-11-21 08:24:15+00,-6.968965333,107.6890398,672.5,50,40.78431,26.97607,37.0,29.58666,39.0,30.02176,28.0,23.78535,25.0,63.86748449994687,15848.744734603988,-0.10000000000002274,3.410895005440065e-06,2.381190810961924e-06,7.400998988312921e-07,3.7648558434088634e-06
2025-11-21 08:24:23+00,-6.968738833,107.6880958,674.1,43,47.05882,26.97607,37.0,29.58666,39.0,30.02176,28.0,23.78535,25.0,107.19343689637398,15955.938171500362,1.6000000000000227,3.410895005440065e-06,2.381190810961924e-06,7.400998988312921e-07,3.7648558434088634e-06
2025-11-21 08:24:25+00,-6.968664333,107.6879073,674.5,38,38.03922,26.97607,37.0,29.58666,39.0,30.02176,28.0,23.78535,25.0,22.393997778803854,15978.332169279165,0.39999999999997726,3.410895005440065e-06,2.381190810961924e-06,7.400998988312921e-07,3.7648558434088634e-06
2025-11-21 08:24:30+00,-6.9684525,107.6874745,672.4,36,38.82353,26.97607,37.0,29.58666,39.0,30.02176,28.0,23.78535,25.0,53.26137930654322,16031.593548585708,-2.1000000000000227,3.410895005440065e-06,2.381190810961924e-06,7.400998988312921e-07,3.7648558434088634e-06
2025-11-21 08:24:35+00,-6.968159167,107.6871302,674.1,34,65.09804,26.97607,37.0,29.58666,39.0,30.02176,28.0,23.78535,25.0,50.080017243980656,16081.67356582969,1.7000000000000455,3.410895005440065e-06,2.381190810961924e-06,7.400998988312921e-07,3.7648558434088634e-06
2025-11-21 08:24:40+00,-6.967779167,107.6869272,674.5,34,41.96078,26.97607,37.0,29.58666,39.0,30.02176,28.0,23.78535,25.0,47.827138035122445,16129.500703864811,0.39999999999997726,3.410895005440065e-06,2.381190810961924e-06,7.400998988312921e-07,3.7648558434088634e-06
2025-11-21 08:24:45+00,-6.967389667,107.6868063,670.9,19,59.21569,26.97607,37.0,29.58666,39.0,30.02176,28.0,23.78535,25.0,45.31959609764523,16174.820299962455,-3.6000000000000227,3.410895005440065e-06,2.381190810961924e-06,7.400998988312921e-07,3.7648558434088634e-06
2025-11-21 08:24:50+00,-6.967135667,107.686716,667.7,2,54.11765,26.97607,37.0,29.58666,39.0,30.02176,28.0,23.78535,25.0,29.95053653841285,16204.770836500868,-3.199999999999932,3.410895005440065e-06,2.381190810961924e-06,7.400998988312921e-07,3.7648558434088634e-06
2025-11-21 08:24:55+00,-6.967079167,107.6866957,667.3,5,52.94118,26.97607,37.0,29.58666,39.0,30.02176,28.0,23.78535,25.0,6.670107753993261,16211.44094425486,-0.40000000000009095,3.410895005440065e-06,2.381190810961924e-06,7.400998988312921e-07,3.7648558434088634e-06
2025-11-21 08:25:00+00,-6.967008,107.6866727,668.5,5,52.15686,26.97607,37.0,29.58666,39.0,30.02176,28.0,23.78535,25.0,8.310639176751572,16219.751583431613,1.2000000000000455,3.410895005440065e-06,2.381190810961924e-06,7.400998988312921e-07,3.7648558434088634e-06
2025-11-21 08:25:05+00,-6.9669405,107.6866497,669.2,12,59.21569,26.97607,37.0,29.58666,39.0,30.02176,28.0,23.78535,25.0,7.923355087325997,16227.67493851894,0.7000000000000455,3.410895005440065e-06,2.381190810961924e-06,7.400998988312921e-07,3.7648558434088634e-06
2025-11-21 08:25:10+00,-6.966791167,107.6866568,671.1,13,50.58823,26.97607,37.0,29.58666,39.0,30.02176,28.0,23.78535,25.0,16.623576441767636,16244.298514960707,1.8999999999999773,3.410895005440065e-06,2.381190810961924e-06,7.400998988312921e-07,3.7648558434088634e-06
2025-11-21 08:25:15+00,-6.966621333,107.6866792,672.3,6,46.27451,26.97607,37.0,29.58666,39.0,30.02176,28.0,23.78535,25.0,19.045859267219047,16263.344374227925,1.1999999999999318,3.410895005440065e-06,2.381190810961924e-06,7.400998988312921e-07,3.7648558434088634e-06
2025-11-21 08:25:20+00,-6.966525,107.6866872,674.1,8,48.23529,26.97607,37.0,29.58666,39.0,30.02176,28.0,23.78535,25.0,10.748087560248093,16274.092461788174,1.8000000000000682,3.410895005440065e-06,2.381190810961924e-06,7.400998988312921e-07,3.7648558434088634e-06
2025-11-21 08:25:25+00,-6.966419167,107.6867012,675.2,7,43.92157,26.97607,37.0,29.58666,39.0,30.02176,28.0,23.78535,25.0,11.869125869987565,16285.961587658161,1.1000000000000227,3.410895005440065e-06,2.381190810961924e-06,7.400998988312921e-07,3.7648558434088634e-06
2025-11-21 08:25:30+00,-6.966323333,107.6867128,677.1,1,70.19608,26.97607,37.0,29.58666,39.0,30.02176,28.0,23.78535,25.0,10.732909562432582,16296.694497220593,1.8999999999999773,3.410895005440065e-06,2.381190810961924e-06,7.400998988312921e-07,3.7648558434088634e-06
2025-11-21 08:25:38+00,-6.966267833,107.6867165,679.7,4,55.68628,26.97607,37.0,29.58666,39.0,30.02176,28.0,23.78535,25.0,6.184824516259804,16302.879321736853,2.6000000000000227,3.410895005440065e-06,2.381190810961924e-06,7.400998988312921e-07,3.7648558434088634e-06
2025-11-21 08:25:40+00,-6.966244333,107.6867182,679.7,6,50.58823,26.97607,37.0,29.58666,39.0,30.02176,28.0,23.78535,25.0,2.619812461615357,16305.499134198468,0.0,3.410895005440065e-06,2.381190810961924e-06,7.400998988312921e-07,3.7648558434088634e-06
2025-11-21 08:25:45+00,-6.966169333,107.6867258,681.8,5,49.01961,26.97607,37.0,29.58666,39.0,30.02176,28.0,23.78535,25.0,8.38171252871837,16313.880846727187,2.099999999999909,3.410895005440065e-06,2.381190810961924e-06,7.400998988312921e-07,3.7648558434088634e-06
2025-11-21 08:25:50+00,-6.9660965,107.6867405,681.5,7,56.86274,26.97607,37.0,29.58666,39.0,30.02176,28.0,23.78535,25.0,8.25959968933202,16322.140446416519,-0.2999999999999545,3.410895005440065e-06,2.381190810961924e-06,7.400998988312921e-07,3.7648558434088634e-06
2025-11-21 08:25:55+00,-6.9660125,107.686761,680.5,8,47.05882,26.97607,37.0,29.58666,39.0,30.02176,28.0,23.78535,25.0,9.610541626402943,16331.750988042922,-1.0,3.410895005440065e-06,2.381190810961924e-06,7.400998988312921e-07,3.7648558434088634e-06
2025-11-21 08:26:00+00,-6.965907,107.6867857,679.9,3,53.33333,26.97607,37.0,29.58666,39.0,30.02176,28.0,23.78535,25.0,12.043698390144923,16343.794686433068,-0.6000000000000227,3.410895005440065e-06,2.381190810961924e-06,7.400998988312921e-07,3.7648558434088634e-06
2025-11-21 08:26:10+00,-6.9658465,107.6867952,677.2,1,53.72549,26.97607,37.0,29.58666,39.0,30.02176,28.0,23.78535,25.0,6.808528940796605,16350.603215373865,-2.699999999999932,3.410895005440065e-06,2.381190810961924e-06,7.400998988312921e-07,3.7648558434088634e-06
2025-11-21 08:26:15+00,-6.965839667,107.6868075,674.8,4,71.76471,26.97607,37.0,29.58666,39.0,30.02176,28.0,23.78535,25.0,1.5557565750751396,16352.15897194894,-2.400000000000091,3.410895005440065e-06,2.381190810961924e-06,7.400998988312921e-07,3.7648558434088634e-06
2025-11-21 08:26:20+00,-6.965795167,107.6868158,676.2,2,56.47059,26.97607,37.0,29.58666,39.0,30.02176,28.0,23.78535,25.0,5.0322706193009585,16357.19124256824,1.400000000000091,3.410895005440065e-06,2.381190810961924e-06,7.400998988312921e-07,3.7648558434088634e-06
2025-11-21 08:26:44+00,-6.965740333,107.6867935,684.4,1,56.47059,26.97607,37.0,29.58666,39.0,30.02176,28.0,23.78535,25.0,6.575328534918419,16363.766571103159,8.199999999999932,3.410895005440065e-06,2.381190810961924e-06,7.400998988312921e-07,3.7648558434088634e-06
2025-11-21 08:26:49+00,-6.965704167,107.6868,685.4,5,54.90196,26.97607,37.0,29.58666,39.0,30.02176,28.0,23.78535,25.0,4.084975152661109,16367.851546255819,1.0,3.410895005440065e-06,2.381190810961924e-06,7.400998988312921e-07,3.7648558434088634e-06
2025-11-21 08:26:54+00,-6.9656515,107.686812,687.3,8,47.45098,26.97607,37.0,29.58666,39.0,30.02176,28.0,23.78535,25.0,6.004220300776527,16373.855766556595,1.8999999999999773,3.410895005440065e-06,2.381190810961924e-06,7.400998988312921e-07,3.7648558434088634e-06
2025-11-21 08:26:59+00,-6.965607,107.6868747,689.0,6,62.35294,26.97607,37.0,29.58666,39.0,30.02176,28.0,23.78535,25.0,8.507492713347784,16382.363259269943,1.7000000000000455,3.410895005440065e-06,2.381190810961924e-06,7.400998988312921e-07,3.7648558434088634e-06
2025-11-21 08:27:04+00,-6.965550833,107.6869207,691.4,7,53.72549,26.97607,37.0,29.58666,39.0,30.02176,28.0,23.78535,25.0,8.048873805320532,16390.412133075264,2.3999999999999773,3.410895005440065e-06,2.381190810961924e-06,7.400998988312921e-07,3.7648558434088634e-06
2025-11-21 08:27:09+00,-6.965465,107.6869447,694.9,7,49.01961,26.97607,37.0,29.58666,39.0,30.02176,28.0,23.78535,25.0,9.904999567370474,16400.317132642635,3.5,3.410895005440065e-06,2.381190810961924e-06,7.400998988312921e-07,3.7648558434088634e-06
2025-11-21 08:27:14+00,-6.9653055,107.686941,692.0,16,68.23529,26.97607,37.0,29.58666,39.0,30.02176,28.0,23.78535,25.0,17.740316472809138,16418.057449115444,-2.8999999999999773,3.410895005440065e-06,2.381190810961924e-06,7.400998988312921e-07,3.7648558434088634e-06
2025-11-21 08:27:19+00,-6.965040833,107.6869322,688.3,23,55.29412,26.97607,37.0,29.58666,39.0,30.02176,28.0,23.78535,25.0,29.44569222852138,16447.503141343965,-3.7000000000000455,3.410895005440065e-06,2.381190810961924e-06,7.400998988312921e-07,3.7648558434088634e-06
2025-11-21 08:27:24+00,-6.964715,107.6869258,689.1,27,74.90196,26.97607,37.0,29.58666,39.0,30.02176,28.0,23.78535,25.0,36.23791224161938,16483.741053585585,0.8000000000000682,3.410895005440065e-06,2.381190810961924e-06,7.400998988312921e-07,3.7648558434088634e-06
2025-11-21 08:27:29+00,-6.964332833,107.686915,687.5,31,49.80392,26.97607,37.0,29.58666,39.0,30.02176,28.0,23.78535,25.0,42.51180620515651,16526.25285979074,-1.6000000000000227,3.410895005440065e-06,2.381190810961924e-06,7.400998988312921e-07,3.7648558434088634e-06
2025-11-21 08:27:34+00,-6.963974,107.6868895,685.1,26,49.01961,26.97607,37.0,29.58666,39.0,30.02176,28.0,23.78535,25.0,39.99960956321516,16566.252469353956,-2.3999999999999773,3.410895005440065e-06,2.381190810961924e-06,7.400998988312921e-07,3.7648558434088634e-06
2025-11-21 08:27:39+00,-6.963617,107.6868608,681.5,30,68.62745,26.97607,37.0,29.58666,39.0,30.02176,28.0,23.78535,25.0,39.82283512752273,16606.075304481477,-3.6000000000000227,3.410895005440065e-06,2.381190810961924e-06,7.400998988312921e-07,3.7648558434088634e-06
2025-11-21 08:27:44+00,-6.963231167,107.6868188,679.4,29,45.09804,26.97607,37.0,29.58666,39.0,30.02176,28.0,23.78535,25.0,43.15245637411028,16649.22776085559,-2.1000000000000227,3.410895005440065e-06,2.381190810961924e-06,7.400998988312921e-07,3.7648558434088634e-06
2025-11-21 08:27:49+00,-6.962907,107.6867778,678.3,23,61.17647,26.97607,37.0,29.58666,39.0,30.02176,28.0,23.78535,25.0,36.32873437167829,16685.556495227265,-1.1000000000000227,3.410895005440065e-06,2.381190810961924e-06,7.400998988312921e-07,3.7648558434088634e-06
2025-11-21 08:27:54+00,-6.962734,107.6867737,679.7,4,53.72549,26.97607,37.0,29.58666,39.0,30.02176,28.0,23.78535,25.0,19.242071035854515,16704.798566263118,1.400000000000091,3.410895005440065e-06,2.381190810961924e-06,7.400998988312921e-07,3.7648558434088634e-06
2025-11-21 08:28:55+00,-6.962720167,107.6867647,683.0,9,47.05882,26.97607,37.0,29.58666,39.0,29.73169,30.0,23.78535,25.0,1.8310476693836808,16706.629613932502,3.2999999999999545,3.410895005440065e-06,2.381190810961924e-06,7.400998988312921e-07,3.7648558434088634e-06
2025-11-21 08:29:00+00,-6.9626435,107.6867575,682.6,13,55.68628,26.97607,37.0,29.58666,39.0,29.73169,30.0,23.78535,25.0,8.561954100461758,16715.191568032966,-0.39999999999997726,3.410895005440065e-06,2.381190810961924e-06,7.400998988312921e-07,3.7648558434088634e-06
2025-11-21 08:29:05+00,-6.962494,107.6867587,680.8,15,54.11765,26.97607,37.0,29.58666,39.0,29.73169,30.0,23.78535,25.0,16.624192138810884,16731.815760171776,-1.8000000000000682,3.410895005440065e-06,2.381190810961924e-06,7.400998988312921e-07,3.7648558434088634e-06
2025-11-21 08:29:10+00,-6.962322833,107.6867508,677.5,20,46.27451,26.97607,37.0,29.58666,39.0,29.73169,30.0,23.78535,25.0,19.0528916391418,16750.868651810917,-3.2999999999999545,3.410895005440065e-06,2.381190810961924e-06,7.400998988312921e-07,3.7648558434088634e-06
2025-11-21 08:29:15+00,-6.962077833,107.6867388,677.7,17,52.15686,26.97607,37.0,29.58666,39.0,29.73169,30.0,23.78535,25.0,27.274973258088636,16778.143625069006,0.20000000000004547,3.410895005440065e-06,2.381190810961924e-06,7.400998988312921e-07,3.7648558434088634e-06
2025-11-21 08:29:20+00,-6.961857667,107.6867322,676.3,19,61.56863,26.97607,37.0,29.58666,39.0,29.73169,30.0,23.78535,25.0,24.492212037542235,16802.635837106547,-1.400000000000091,3.410895005440065e-06,2.381190810961924e-06,7.400998988312921e-07,3.7648558434088634e-06
2025-11-21 08:29:25+00,-6.961629167,107.6867273,677.1,23,61.96078,26.97607,37.0,29.58666,39.0,29.73169,30.0,23.78535,25.0,25.41383135616031,16828.049668462707,0.8000000000000682,3.410895005440065e-06,2.381190810961924e-06,7.400998988312921e-07,3.7648558434088634e-06
2025-11-21 08:29:30+00,-6.9613455,107.6867237,678.2,24,43.52941,26.97607,37.0,29.58666,39.0,29.73169,30.0,23.78535,25.0,31.54487751684265,16859.59454597955,1.1000000000000227,3.410895005440065e-06,2.381190810961924e-06,7.400998988312921e-07,3.7648558434088634e-06
2025-11-21 08:29:35+00,-6.961037,107.6867238,678.2,25,55.68628,26.97607,37.0,29.58666,39.0,29.73169,30.0,23.78535,25.0,34.30368402776972,16893.898230007322,0.0,3.410895005440065e-06,2.381190810961924e-06,7.400998988312921e-07,3.7648558434088634e-06
2025-11-21 08:29:40+00,-6.960720667,107.686716,679.3,25,66.27451,26.97607,37.0,29.58666,39.0,29.73169,30.0,23.78535,25.0,35.1852077028808,16929.083437710204,1.099999999999909,3.410895005440065e-06,2.381190810961924e-06,7.400998988312921e-07,3.7648558434088634e-06
2025-11-21 08:29:45+00,-6.960421667,107.686713,676.3,30,63.13726,26.97607,37.0,29.58666,39.0,29.73169,30.0,23.78535,25.0,33.248977876209835,16962.332415586414,-3.0,3.410895005440065e-06,2.381190810961924e-06,7.400998988312921e-07,3.7648558434088634e-06
2025-11-21 08:29:50+00,-6.960055833,107.6867082,674.5,30,48.23529,26.97607,37.0,29.58666,39.0,29.73169,30.0,23.78535,25.0,40.6823909161975,17003.01480650261,-1.7999999999999545,3.410895005440065e-06,2.381190810961924e-06,7.400998988312921e-07,3.7648558434088634e-06
2025-11-21 08:29:55+00,-6.959668167,107.686718,670.6,31,71.37255,26.97607,37.0,29.58666,39.0,29.73169,30.0,23.78535,25.0,43.12012127816054,17046.13492778077,-3.8999999999999773,3.410895005440065e-06,2.381190810961924e-06,7.400998988312921e-07,3.7648558434088634e-06
2025-11-21 08:30:00+00,-6.959291167,107.6867352,674.8,29,76.07843,26.97607,37.0,29.58666,39.0,29.73169,30.0,23.78535,25.0,41.963511279033995,17088.098439059806,4.199999999999932,3.410895005440065e-06,2.381190810961924e-06,7.400998988312921e-07,3.7648558434088634e-06
2025-11-21 08:30:05+00,-6.958915833,107.6867392,676.0,34,69.01961,26.97607,37.0,29.58666,39.0,29.73169,30.0,23.78535,25.0,41.73762943765132,17129.836068497458,1.2000000000000455,3.410895005440065e-06,2.381190810961924e-06,7.400998988312921e-07,3.7648558434088634e-06
2025-11-21 08:30:10+00,-6.958497333,107.6867193,677.6,32,44.31372,26.97607,37.0,29.58666,39.0,29.73169,30.0,23.78535,25.0,46.586949770337874,17176.423018267797,1.6000000000000227,3.410895005440065e-06,2.381190810961924e-06,7.400998988312921e-07,3.7648558434088634e-06
2025-11-21 08:30:15+00,-6.958080333,107.6867022,678.3,33,54.5098,26.97607,37.0,29.58666,39.0,29.73169,30.0,23.78535,25.0,46.406746650115046,17222.82976491791,0.6999999999999318,3.410895005440065e-06,2.381190810961924e-06,7.400998988312921e-07,3.7648558434088634e-06
2025-11-21 08:30:20+00,-6.957673,107.686676,678.4,23,63.13726,26.97607,37.0,29.58666,39.0,29.73169,30.0,23.78535,25.0,45.38565010030795,17268.215415018218,0.10000000000002274,3.410895005440065e-06,2.381190810961924e-06,7.400998988312921e-07,3.7648558434088634e-06
2025-11-21 08:30:25+00,-6.9573365,107.6866462,678.7,13,57.2549,26.97607,37.0,29.58666,39.0,29.73169,30.0,23.78535,25.0,37.56143798428615,17305.776853002502,0.3000000000000682,3.410895005440065e-06,2.381190810961924e-06,7.400998988312921e-07,3.7648558434088634e-06
2025-11-21 08:30:30+00,-6.957156833,107.686596,678.4,19,50.58823,26.97607,37.0,29.58666,39.0,29.73169,30.0,23.78535,25.0,20.73223145232922,17326.509084454832,-0.3000000000000682,3.410895005440065e-06,2.381190810961924e-06,7.400998988312921e-07,3.7648558434088634e-06
2025-11-21 08:30:35+00,-6.956972333,107.686547,681.4,7,52.54902,26.97607,37.0,29.58666,39.0,29.73169,30.0,23.78535,25.0,21.21642458549183,17347.725509040323,3.0,3.410895005440065e-06,2.381190810961924e-06,7.400998988312921e-07,3.7648558434088634e-06
2025-11-21 08:30:40+00,-6.9568425,107.6865128,684.1,7,52.15686,26.97607,37.0,29.58666,39.0,29.73169,30.0,23.78535,25.0,14.922151248712249,17362.647660289036,2.7000000000000455,3.410895005440065e-06,2.381190810961924e-06,7.400998988312921e-07,3.7648558434088634e-06
2025-11-21 08:30:45+00,-6.956759167,107.686494,683.4,7,60.78431,26.97607,37.0,29.58666,39.0,29.73169,30.0,23.78535,25.0,9.495723801602526,17372.14338409064,-0.7000000000000455,3.410895005440065e-06,2.381190810961924e-06,7.400998988312921e-07,3.7648558434088634e-06
2025-11-21 08:30:50+00,-6.956651667,107.6865315,682.9,16,69.80392,26.97607,37.0,29.58666,39.0,29.73169,31.0,23.78535,25.0,12.649812753626206,17384.793196844264,-0.5,3.410895005440065e-06,2.381190810961924e-06,7.400998988312921e-07,3.7648558434088634e-06
2025-11-21 08:30:55+00,-6.956633667,107.6866888,684.9,19,48.62745,26.97607,37.0,29.58666,39.0,29.73169,31.0,23.78535,25.0,17.477205102381024,17402.270401946644,2.0,3.410895005440065e-06,2.381190810961924e-06,7.400998988312921e-07,3.7648558434088634e-06
2025-11-21 08:31:00+00,-6.9566675,107.6869362,685.6,6,50.98039,26.97607,37.0,29.58666,39.0,29.73169,31.0,23.78535,25.0,27.565067455520396,17429.835469402165,0.7000000000000455,3.410895005440065e-06,2.381190810961924e-06,7.400998988312921e-07,3.7648558434088634e-06
2025-11-21 08:31:05+00,-6.956667333,107.6870388,688.6,19,74.5098,26.97607,37.0,29.58666,39.0,29.73169,31.0,23.78535,25.0,11.32464065278577,17441.160110054952,3.0,3.410895005440065e-06,2.381190810961924e-06,7.400998988312921e-07,3.7648558434088634e-06
2025-11-21 08:31:10+00,-6.9566965,107.6872205,689.9,27,79.21568,26.97607,37.0,29.58666,39.0,29.73169,31.0,23.78535,25.0,20.315947472314207,17461.476057527267,1.2999999999999545,3.410895005440065e-06,2.381190810961924e-06,7.400998988312921e-07,3.7648558434088634e-06
2025-11-21 08:31:15+00,-6.956741167,107.6875333,691.4,35,74.90196,26.97607,37.0,29.58666,39.0,29.73169,31.0,23.78535,25.0,34.881174856103655,17496.35723238337,1.5,3.410895005440065e-06,2.381190810961924e-06,7.400998988312921e-07,3.7648558434088634e-06
2025-11-21 08:31:20+00,-6.9568005,107.687951,690.5,40,60.39216,26.97607,37.0,29.58666,39.0,29.73169,31.0,23.78535,25.0,46.573902866531036,17542.9311352499,-0.8999999999999773,3.410895005440065e-06,2.381190810961924e-06,7.400998988312921e-07,3.7648558434088634e-06
2025-11-21 08:31:25+00,-6.956844333,107.6884365,691.6,34,41.17647,26.97607,37.0,29.58666,39.0,29.73169,31.0,23.78535,25.0,53.8089553305672,17596.740090580468,1.1000000000000227,3.410895005440065e-06,2.381190810961924e-06,7.400998988312921e-07,3.7648558434088634e-06
2025-11-21 08:31:30+00,-6.9568915,107.6888893,689.4,14,65.09804,26.97607,37.0,29.58666,39.0,30.02176,31.0,23.78535,25.0,50.25288051060354,17646.992971091073,-2.2000000000000455,3.410895005440065e-06,2.381190810961924e-06,7.400998988312921e-07,3.7648558434088634e-06
2025-11-21 08:31:35+00,-6.956927167,107.689123,690.0,7,48.62745,26.97607,37.0,29.58666,39.0,30.02176,31.0,23.78535,25.0,26.098073317741136,17673.091044408815,0.6000000000000227,3.410895005440065e-06,2.381190810961924e-06,7.400998988312921e-07,3.7648558434088634e-06
2025-11-21 08:31:40+00,-6.9569315,107.6892118,691.2,3,53.72549,26.97607,37.0,29.58666,39.0,30.02176,31.0,23.78535,25.0,9.81325970049421,17682.90430410931,1.2000000000000455,3.410895005440065e-06,2.381190810961924e-06,7.400998988312921e-07,3.7648558434088634e-06
2025-11-21 08:31:45+00,-6.956939833,107.6892508,692.5,18,76.07843,26.97607,37.0,29.58666,39.0,30.02176,31.0,23.78535,25.0,4.403275366013553,17687.307579475324,1.2999999999999545,3.410895005440065e-06,2.381190810961924e-06,7.400998988312921e-07,3.7648558434088634e-06
2025-11-21 08:31:50+00,-6.956965,107.689424,691.0,27,74.5098,26.97607,37.0,29.58666,39.0,30.02176,31.0,23.78535,25.0,19.320930263106995,17706.62850973843,-1.5,3.410895005440065e-06,2.381190810961924e-06,7.400998988312921e-07,3.7648558434088634e-06
2025-11-21 08:31:55+00,-6.957003167,107.6897395,688.2,28,60.39216,26.97607,37.0,29.58666,39.0,30.02176,31.0,23.78535,25.0,35.081406238341664,17741.709915976775,-2.7999999999999545,3.410895005440065e-06,2.381190810961924e-06,7.400998988312921e-07,3.7648558434088634e-06
2025-11-21 08:32:00+00,-6.9570675,107.6901062,686.9,20,50.19608,26.97607,37.0,29.58666,39.0,30.02176,31.0,23.78535,25.0,41.10230975019308,17782.812225726968,-1.3000000000000682,3.410895005440065e-06,2.381190810961924e-06,7.400998988312921e-07,3.7648558434088634e-06
2025-11-21 08:32:05+00,-6.957065167,107.6903688,682.9,23,75.68627,26.97607,37.0,29.58666,39.0,30.02176,31.0,23.78535,25.0,28.985996284758464,17811.798222011726,-4.0,3.410895005440065e-06,2.381190810961924e-06,7.400998988312921e-07,3.7648558434088634e-06
2025-11-21 08:32:10+00,-6.956826333,107.6904823,684.1,31,86.66666,26.97607,37.0,29.58666,39.0,30.02176,31.0,23.78535,25.0,29.36369970762603,17841.16192171935,1.2000000000000455,3.410895005440065e-06,2.381190810961924e-06,7.400998988312921e-07,3.7648558434088634e-06
2025-11-21 08:32:15+00,-6.956453667,107.690509,685.4,39,86.66666,26.97607,37.0,29.58666,39.0,30.02176,31.0,23.78535,25.0,41.54328850925615,17882.705210228607,1.2999999999999545,3.410895005440065e-06,2.381190810961924e-06,7.400998988312921e-07,3.7648558434088634e-06
2025-11-21 08:32:21+00,-6.955877,107.6905782,685.6,44,89.01961,26.97607,37.0,29.58666,39.0,30.02176,31.0,23.78535,25.0,64.5758409616279,17947.281051190235,0.20000000000004547,3.410895005440065e-06,2.381190810961924e-06,7.400998988312921e-07,3.7648558434088634e-06
2025-11-21 08:32:26+00,-6.955325833,107.690633,685.6,48,85.88235,26.97607,37.0,29.58666,39.0,30.02176,31.0,23.78535,25.0,61.58481687829124,18008.865868068526,0.0,3.410895005440065e-06,2.381190810961924e-06,7.400998988312921e-07,3.7648558434088634e-06
2025-11-21 08:32:31+00,-6.954722,107.6906495,685.7,47,36.07843,26.97607,37.0,29.58666,39.0,30.02176,31.0,23.78535,25.0,67.16795403029015,18076.033822098816,0.10000000000002274,3.410895005440065e-06,2.381190810961924e-06,7.400998988312921e-07,3.7648558434088634e-06
2025-11-21 08:32:36+00,-6.9541245,107.6906415,683.6,44,36.07843,26.97607,37.0,29.58666,39.0,30.02176,31.0,23.78535,25.0,66.44492809280274,18142.478750191618,-2.1000000000000227,3.410895005440065e-06,2.381190810961924e-06,7.400998988312921e-07,3.7648558434088634e-06
2025-11-21 08:32:41+00,-6.953577333,107.6906347,681.1,25,60.0,26.97607,37.0,29.58666,39.0,30.02176,31.0,23.78535,25.0,60.84690785874022,18203.32565805036,-2.5,3.410895005440065e-06,2.381190810961924e-06,7.400998988312921e-07,3.7648558434088634e-06
2025-11-21 08:32:46+00,-6.953245667,107.6905473,680.9,22,72.54902,26.97607,37.0,29.58666,39.0,30.02176,31.0,23.78535,25.0,38.12047945181181,18241.44613750217,-0.20000000000004547,3.410895005440065e-06,2.381190810961924e-06,7.400998988312921e-07,3.7648558434088634e-06
2025-11-21 08:32:51+00,-6.952996833,107.6904128,682.6,26,83.52941,26.97607,37.0,29.58666,39.0,30.02176,31.0,23.78535,25.0,31.400258132454844,18272.846395634628,1.7000000000000455,3.410895005440065e-06,2.381190810961924e-06,7.400998988312921e-07,3.7648558434088634e-06
2025-11-21 08:32:56+00,-6.9526725,107.6903883,684.5,29,41.17647,26.97607,37.0,29.58666,39.0,30.02176,31.0,23.78535,25.0,36.16547959851672,18309.011875233144,1.8999999999999773,3.410895005440065e-06,2.381190810961924e-06,7.400998988312921e-07,3.7648558434088634e-06
2025-11-21 08:33:01+00,-6.952335,107.6905265,688.2,29,68.62745,26.97607,37.0,29.58666,39.0,30.02176,31.0,23.78535,25.0,40.510069804734975,18349.52194503788,3.7000000000000455,3.410895005440065e-06,2.381190810961924e-06,7.400998988312921e-07,3.7648558434088634e-06
2025-11-21 08:33:06+00,-6.952144333,107.6908348,689.4,32,70.19608,26.97607,37.0,29.58666,39.0,30.02176,31.0,23.78535,25.0,40.09353211042811,18389.61547714831,1.1999999999999318,3.410895005440065e-06,2.381190810961924e-06,7.400998988312921e-07,3.7648558434088634e-06
2025-11-21 08:33:11+00,-6.952197667,107.6912295,689.2,31,47.05882,26.97607,37.0,29.58666,39.0,30.02176,31.0,23.78535,25.0,43.96780239439277,18433.5832795427,-0.1999999999999318,3.410895005440065e-06,2.381190810961924e-06,7.400998988312921e-07,3.7648558434088634e-06
2025-11-21 08:33:16+00,-6.952498,107.69148,686.3,33,43.92157,26.97607,37.0,29.58666,39.0,30.02176,31.0,23.78535,25.0,43.35621075272743,18476.93949029543,-2.900000000000091,3.410895005440065e-06,2.381190810961924e-06,7.400998988312921e-07,3.7648558434088634e-06
2025-11-21 08:33:21+00,-6.9528425,107.6916883,684.7,32,82.35294,26.97607,37.0,29.58666,39.0,30.02176,31.0,23.78535,25.0,44.67681672587073,18521.6163070213,-1.599999999999909,3.410895005440065e-06,2.381190810961924e-06,7.400998988312921e-07,3.7648558434088634e-06
2025-11-21 08:33:26+00,-6.953072333,107.6920275,684.3,38,68.62745,26.97607,37.0,29.58666,39.0,30.02176,31.0,23.78535,25.0,45.33075657879512,18566.947063600095,-0.40000000000009095,3.410895005440065e-06,2.381190810961924e-06,7.400998988312921e-07,3.7648558434088634e-06
2025-11-21 08:33:31+00,-6.953284833,107.692444,685.4,35,54.11765,26.97607,37.0,29.58666,39.0,30.02176,31.0,23.78535,25.0,51.6891199017524,18618.636183501847,1.1000000000000227,3.410895005440065e-06,2.381190810961924e-06,7.400998988312921e-07,3.7648558434088634e-06
2025-11-21 08:33:36+00,-6.953487,107.6928333,686.7,30,45.4902,26.97607,37.0,29.58666,39.0,30.02176,31.0,23.78535,25.0,48.494928090592545,18667.13111159244,1.3000000000000682,3.410895005440065e-06,2.381190810961924e-06,7.400998988312921e-07,3.7648558434088634e-06
2025-11-21 08:33:41+00,-6.953704667,107.6931508,687.5,33,67.45098,26.97607,37.0,29.58666,39.0,30.02176,31.0,23.78535,25.0,42.59042611118782,18709.721537703626,0.7999999999999545,3.410895005440065e-06,2.381190810961924e-06,7.400998988312921e-07,3.7648558434088634e-06
2025-11-21 08:33:46+00,-6.953989167,107.6934458,687.9,37,62.7451,26.97607,37.0,29.58666,39.0,30.02176,31.0,23.78535,25.0,45.398330879913146,18755.11986858354,0.39999999999997726,3.410895005440065e-06,2.381190810961924e-06,7.400998988312921e-07,3.7648558434088634e-06
2025-11-21 08:33:51+00,-6.954359167,107.6937185,688.8,34,53.33333,26.97607,37.0,29.58666,39.0,30.02176,31.0,23.78535,25.0,50.9772325720446,18806.097101155585,0.8999999999999773,3.410895005440065e-06,2.381190810961924e-06,7.400998988312921e-07,3.7648558434088634e-06
2025-11-21 08:33:56+00,-6.954742,107.6939078,688.3,18,51.37255,26.97607,37.0,29.58666,39.0,30.02176,31.0,23.78535,25.0,47.42052774335995,18853.517628898946,-0.5,3.410895005440065e-06,2.381190810961924e-06,7.400998988312921e-07,3.7648558434088634e-06
2025-11-21 08:34:01+00,-6.954966,107.6940013,688.3,28,74.90196,26.97607,37.0,29.58666,39.0,30.02176,31.0,23.78535,25.0,26.961097164162897,18880.47872606311,0.0,3.410895005440065e-06,2.381190810961924e-06,7.400998988312921e-07,3.7648558434088634e-06
2025-11-21 08:34:06+00,-6.95526,107.6941267,689.1,27,82.35294,26.97607,37.0,29.58666,39.0,30.02176,31.0,23.78535,25.0,35.500773658592756,18915.979499721703,0.8000000000000682,3.410895005440065e-06,2.381190810961924e-06,7.400998988312921e-07,3.7648558434088634e-06
2025-11-21 08:34:11+00,-6.955578167,107.694267,688.3,34,55.68628,26.97607,37.0,29.58666,39.0,30.02176,31.0,23.78535,25.0,38.6193932980272,18954.59889301973,-0.8000000000000682,3.410895005440065e-06,2.381190810961924e-06,7.400998988312921e-07,3.7648558434088634e-06
2025-11-21 08:34:16+00,-6.955962,107.6944397,686.3,25,63.52941,26.97607,37.0,29.58666,39.0,30.02176,31.0,23.78535,25.0,46.74369860449808,19001.34259162423,-2.0,3.410895005440065e-06,2.381190810961924e-06,7.400998988312921e-07,3.7648558434088634e-06
2025-11-21 08:34:21+00,-6.956228167,107.6946518,683.8,17,49.01961,26.97607,37.0,29.58666,39.0,30.02176,31.0,23.78535,25.0,37.73618503955749,19039.078776663788,-2.5,3.410895005440065e-06,2.381190810961924e-06,7.400998988312921e-07,3.7648558434088634e-06
2025-11-21 08:34:26+00,-6.956368167,107.6948112,682.8,1,53.33333,26.97607,37.0,29.58666,39.0,30.02176,31.0,23.78535,25.0,23.492356379591516,19062.57113304338,-1.0,3.410895005440065e-06,2.381190810961924e-06,7.400998988312921e-07,3.7648558434088634e-06
2025-11-21 08:34:46+00,-6.956383333,107.6948465,683.2,2,55.68628,26.97607,37.0,29.58666,39.0,30.02176,31.0,23.78535,25.0,4.245583798903891,19066.816716842284,0.40000000000009095,3.410895005440065e-06,2.381190810961924e-06,7.400998988312921e-07,3.7648558434088634e-06
2025-11-21 08:34:51+00,-6.956397667,107.6948733,684.0,11,56.47059,26.97607,37.0,29.58666,39.0,30.02176,31.0,23.78535,25.0,3.3601674149633296,19070.17688425725,0.7999999999999545,3.410895005440065e-06,2.381190810961924e-06,7.400998988312921e-07,3.7648558434088634e-06
2025-11-21 08:34:56+00,-6.956460833,107.6949907,685.1,19,63.92157,26.97607,37.0,29.58666,39.0,30.02176,31.0,23.78535,25.0,14.739338021691244,19084.916222278942,1.1000000000000227,3.410895005440065e-06,2.381190810961924e-06,7.400998988312921e-07,3.7648558434088634e-06
2025-11-21 08:35:01+00,-6.9565355,107.695209,684.7,24,75.68627,26.97607,37.0,29.58666,39.0,30.02176,31.0,23.78535,25.0,25.485514688875316,19110.40173696782,-0.39999999999997726,3.410895005440065e-06,2.381190810961924e-06,7.400998988312921e-07,3.7648558434088634e-06
2025-11-21 08:35:06+00,-6.956604667,107.6955012,683.3,32,76.07843,26.97607,37.0,29.58666,39.0,30.02176,31.0,23.78535,25.0,33.15635836179473,19143.558095329612,-1.400000000000091,3.410895005440065e-06,2.381190810961924e-06,7.400998988312921e-07,3.7648558434088634e-06
2025-11-21 08:35:11+00,-6.9566855,107.6958768,682.4,40,69.41177,26.97607,37.0,29.58666,39.0,30.02176,31.0,23.78535,25.0,42.42056752333493,19185.978662852947,-0.8999999999999773,3.410895005440065e-06,2.381190810961924e-06,7.400998988312921e-07,3.7648558434088634e-06
2025-11-21 08:35:16+00,-6.956727,107.6963602,682.8,45,67.45098,26.97607,37.0,29.58666,39.0,30.02176,31.0,23.78535,25.0,53.5551587230901,19239.53382157604,0.39999999999997726,3.410895005440065e-06,2.381190810961924e-06,7.400998988312921e-07,3.7648558434088634e-06
2025-11-21 08:35:21+00,-6.956655333,107.696913,682.2,45,37.64706,26.97607,37.0,29.58666,39.0,30.02176,31.0,23.78535,25.0,61.53430432958089,19301.06812590562,-0.599999999999909,3.410895005440065e-06,2.381190810961924e-06,7.400998988312921e-07,3.7648558434088634e-06
2025-11-21 08:35:26+00,-6.956469833,107.6974608,682.5,42,83.52941,26.97607,37.0,29.58666,39.0,30.02176,31.0,23.78535,25.0,63.88571634867261,19364.95384225429,0.2999999999999545,3.410895005440065e-06,2.381190810961924e-06,7.400998988312921e-07,3.7648558434088634e-06
2025-11-21 08:35:31+00,-6.956258,107.69795,683.5,47,76.86275,26.97607,37.0,29.58666,39.0,30.02176,31.0,23.78535,25.0,58.910252569709,19423.864094824,1.0,3.410895005440065e-06,2.381190810961924e-06,7.400998988312921e-07,3.7648558434088634e-06
2025-11-21 08:35:36+00,-6.9560305,107.6984923,683.3,44,60.78431,26.97607,37.0,29.58666,39.0,30.02176,31.0,23.78535,25.0,64.98322457456652,19488.847319398566,-0.20000000000004547,3.410895005440065e-06,2.381190810961924e-06,7.400998988312921e-07,3.7648558434088634e-06
2025-11-21 08:35:41+00,-6.955806833,107.6990157,685.3,46,39.21569,26.97607,37.0,29.58666,39.0,30.02176,31.0,23.78535,25.0,62.897171712354336,19551.74449111092,2.0,3.410895005440065e-06,2.381190810961924e-06,7.400998988312921e-07,3.7648558434088634e-06
2025-11-21 08:35:46+00,-6.955578833,107.6995357,686.1,31,42.35294,26.97607,37.0,29.58666,39.0,30.02176,31.0,23.78535,25.0,62.74579963526757,19614.490290746187,0.8000000000000682,3.410895005440065e-06,2.381190810961924e-06,7.400998988312921e-07,3.7648558434088634e-06
2025-11-21 08:35:51+00,-6.955412667,107.6999205,686.4,9,52.15686,26.97607,37.0,29.58666,39.0,30.02176,31.0,23.78535,25.0,46.31788934189364,19660.808180088083,0.2999999999999545,3.410895005440065e-06,2.381190810961924e-06,7.400998988312921e-07,3.7648558434088634e-06
2025-11-21 08:35:56+00,-6.955348,107.7000733,684.7,20,73.72549,26.97607,37.0,29.58666,39.0,30.02176,31.0,23.78535,25.0,18.334474082266116,19679.142654170348,-1.6999999999999318,3.410895005440065e-06,2.381190810961924e-06,7.400998988312921e-07,3.7648558434088634e-06
2025-11-21 08:36:01+00,-6.9552345,107.7002707,684.5,25,45.09804,26.97607,37.0,29.58666,39.0,30.02176,31.0,23.78535,25.0,25.17963506982524,19704.32228924017,-0.20000000000004547,3.410895005440065e-06,2.381190810961924e-06,7.400998988312921e-07,3.7648558434088634e-06
2025-11-21 08:36:06+00,-6.955021,107.7004818,686.0,21,44.70588,26.97607,37.0,29.58666,39.0,30.02176,31.0,23.78535,25.0,33.26424898092954,19737.5865382211,1.5,3.410895005440065e-06,2.381190810961924e-06,7.400998988312921e-07,3.7648558434088634e-06
2025-11-21 08:36:11+00,-6.9550595,107.7007325,685.2,20,63.92157,26.97607,37.0,29.58666,39.0,30.02176,31.0,23.78535,25.0,28.000672004469987,19765.58721022557,-0.7999999999999545,3.410895005440065e-06,2.381190810961924e-06,7.400998988312921e-07,3.7648558434088634e-06
2025-11-21 08:36:16+00,-6.955304333,107.7007968,684.0,28,74.5098,26.97607,37.0,29.58666,39.0,30.02176,31.0,23.78535,25.0,28.13412685372522,19793.721337079296,-1.2000000000000455,3.410895005440065e-06,2.381190810961924e-06,7.400998988312921e-07,3.7648558434088634e-06
2025-11-21 08:36:21+00,-6.955643833,107.7008438,682.5,35,72.94118,26.97607,37.0,29.58666,39.0,30.02176,31.0,23.78535,25.0,38.105510109764886,19831.826847189062,-1.5,3.410895005440065e-06,2.381190810961924e-06,7.400998988312921e-07,3.7648558434088634e-06
2025-11-21 08:36:26+00,-6.9560535,107.7010112,681.9,42,68.23529,26.97607,37.0,29.58666,39.0,30.02176,31.0,23.78535,25.0,49.15763600887134,19880.984483197935,-0.6000000000000227,3.410895005440065e-06,2.381190810961924e-06,7.400998988312921e-07,3.7648558434088634e-06
2025-11-21 08:36:31+00,-6.956524333,107.7012157,682.7,35,40.0,26.97607,37.0,29.58666,39.0,30.02176,31.0,23.78535,25.0,57.01288929186174,19937.997372489797,0.8000000000000682,3.410895005440065e-06,2.381190810961924e-06,7.400998988312921e-07,3.7648558434088634e-06
2025-11-21 08:36:36+00,-6.956939333,107.7013877,681.9,9,56.47059,26.97607,37.0,29.58666,39.0,30.02176,31.0,23.78535,25.0,49.8985990149821,19987.89597150478,-0.8000000000000682,3.410895005440065e-06,2.381190810961924e-06,7.400998988312921e-07,3.7648558434088634e-06
2025-11-21 08:36:41+00,-6.957094167,107.7014542,681.9,19,71.37255,26.97607,37.0,29.58666,39.0,30.02176,31.0,23.78535,25.0,18.716129797574997,20006.612101302355,0.0,3.410895005440065e-06,2.381190810961924e-06,7.400998988312921e-07,3.7648558434088634e-06
2025-11-21 08:36:46+00,-6.957294167,107.701542,681.7,29,74.90196,26.97607,37.0,29.58666,39.0,30.02176,31.0,23.78535,25.0,24.25881584983741,20030.87091715219,-0.1999999999999318,3.410895005440065e-06,2.381190810961924e-06,7.400998988312921e-07,3.7648558434088634e-06
2025-11-21 08:36:51+00,-6.957614333,107.7016745,682.1,36,70.19608,26.97607,37.0,29.58666,39.0,30.02176,31.0,23.78535,25.0,38.487782419847086,20069.35869957204,0.39999999999997726,3.410895005440065e-06,2.381190810961924e-06,7.400998988312921e-07,3.7648558434088634e-06
2025-11-21 08:36:56+00,-6.958019,107.7018483,681.7,37,53.33333,26.97607,37.0,29.58666,39.0,30.02176,31.0,23.78535,25.0,48.91554298270588,20118.274242554744,-0.39999999999997726,3.410895005440065e-06,2.381190810961924e-06,7.400998988312921e-07,3.7648558434088634e-06
2025-11-21 08:37:01+00,-6.958455667,107.7020315,682.7,32,44.31372,26.97607,37.0,29.58666,39.0,30.02176,30.0,23.78535,25.0,52.59747551179206,20170.871718066537,1.0,3.410895005440065e-06,2.381190810961924e-06,7.400998988312921e-07,3.7648558434088634e-06
2025-11-21 08:37:06+00,-6.9588385,107.7021922,681.1,12,51.76471,26.97607,37.0,29.58666,39.0,30.02176,30.0,23.78535,25.0,46.11668234168265,20216.98840040822,-1.6000000000000227,3.410895005440065e-06,2.381190810961924e-06,7.400998988312921e-07,3.7648558434088634e-06
2025-11-21 08:37:11+00,-6.959014667,107.7022607,678.2,10,51.37255,26.97607,37.0,29.58666,39.0,30.02176,30.0,23.78535,25.0,20.997383459823368,20237.985783868044,-2.8999999999999773,3.410895005440065e-06,2.381190810961924e-06,7.400998988312921e-07,3.7648558434088634e-06
2025-11-21 08:37:16+00,-6.9591265,107.7023105,677.7,16,58.82353,26.97607,37.0,29.58666,39.0,30.02176,30.0,23.78535,25.0,13.595959082831053,20251.581742950875,-0.5,3.410895005440065e-06,2.381190810961924e-06,7.400998988312921e-07,3.7648558434088634e-06
2025-11-21 08:37:21+00,-6.959304,107.7023953,679.3,20,63.52941,26.97607,37.0,29.58666,39.0,30.02176,30.0,23.78535,25.0,21.844024461151548,20273.425767412027,1.599999999999909,3.410895005440065e-06,2.381190810961924e-06,7.400998988312921e-07,3.7648558434088634e-06
2025-11-21 08:37:26+00,-6.959550167,107.7024462,681.9,26,61.96078,26.97607,37.0,29.58666,39.0,30.02176,30.0,23.78535,25.0,27.943163352224712,20301.368930764253,2.6000000000000227,3.410895005440065e-06,2.381190810961924e-06,7.400998988312921e-07,3.7648558434088634e-06
2025-11-21 08:37:31+00,-6.9598685,107.7025268,683.2,30,58.43137,26.97607,37.0,29.58666,39.0,30.02176,30.0,23.78535,25.0,36.49789033565318,20337.866821099906,1.3000000000000682,3.410895005440065e-06,2.381190810961924e-06,7.400998988312921e-07,3.7648558434088634e-06
2025-11-21 08:37:36+00,-6.960227667,107.702652,685.4,31,45.88235,26.97607,37.0,29.58666,39.0,30.02176,30.0,23.78535,25.0,42.26083134591512,20380.127652445823,2.199999999999932,3.410895005440065e-06,2.381190810961924e-06,7.400998988312921e-07,3.7648558434088634e-06
2025-11-21 08:37:41+00,-6.960600667,107.7027783,685.8,25,49.01961,26.97607,37.0,29.58666,39.0,30.02176,30.0,23.78535,25.0,43.75585496523887,20423.88350741106,0.39999999999997726,3.410895005440065e-06,2.381190810961924e-06,7.400998988312921e-07,3.7648558434088634e-06
2025-11-21 08:37:46+00,-6.960899167,107.7028837,685.7,15,78.82353,26.97607,37.0,29.58666,39.0,30.02176,30.0,23.78535,25.0,35.17145408030515,20459.054961491365,-0.09999999999990905,3.410895005440065e-06,2.381190810961924e-06,7.400998988312921e-07,3.7648558434088634e-06
2025-11-21 08:37:51+00,-6.9610805,107.7029648,686.9,24,73.33334,26.97607,37.0,29.58666,39.0,30.02176,30.0,23.78535,25.0,22.06102031592182,20481.11598180729,1.1999999999999318,3.410895005440065e-06,2.381190810961924e-06,7.400998988312921e-07,3.7648558434088634e-06
2025-11-21 08:37:56+00,-6.961334167,107.7031082,686.3,33,72.15686,26.97607,37.0,29.58666,39.0,30.02176,30.0,23.78535,25.0,32.343904806948714,20513.459886614237,-0.6000000000000227,3.410895005440065e-06,2.381190810961924e-06,7.400998988312921e-07,3.7648558434088634e-06
2025-11-21 08:38:01+00,-6.9616145,107.7033863,686.1,35,47.05882,26.97607,37.0,29.58666,39.0,30.02176,30.0,23.78535,25.0,43.74789365909368,20557.20778027333,-0.1999999999999318,3.410895005440065e-06,2.381190810961924e-06,7.400998988312921e-07,3.7648558434088634e-06
2025-11-21 08:38:06+00,-6.9618495,107.7037605,687.5,28,45.4902,26.97607,37.0,29.58666,39.0,30.02176,30.0,23.78535,25.0,48.87444690251752,20606.082227175848,1.3999999999999773,3.410895005440065e-06,2.381190810961924e-06,7.400998988312921e-07,3.7648558434088634e-06
2025-11-21 08:38:11+00,-6.961891333,107.7041208,686.9,21,58.43137,26.97607,37.0,29.58666,39.0,30.02176,30.0,23.78535,25.0,40.039322312367545,20646.121549488216,-0.6000000000000227,3.410895005440065e-06,2.381190810961924e-06,7.400998988312921e-07,3.7648558434088634e-06
2025-11-21 08:38:16+00,-6.961900667,107.7043848,685.0,6,53.72549,26.97607,37.0,29.58666,39.0,30.02176,30.0,23.78535,25.0,29.157540853301803,20675.27909034152,-1.8999999999999773,3.410895005440065e-06,2.381190810961924e-06,7.400998988312921e-07,3.7648558434088634e-06
2025-11-21 08:38:26+00,-6.961917833,107.7045133,683.4,1,56.86274,26.97607,37.0,29.58666,39.0,30.02176,30.0,23.78535,25.0,14.311082423366248,20689.590172764885,-1.6000000000000227,3.410895005440065e-06,2.381190810961924e-06,7.400998988312921e-07,3.7648558434088634e-06
2025-11-21 08:38:31+00,-6.961919333,107.7045245,682.5,4,70.98039,26.97607,37.0,29.58666,39.0,30.02176,30.0,23.78535,25.0,1.2474039545555289,20690.83757671944,-0.8999999999999773,3.410895005440065e-06,2.381190810961924e-06,7.400998988312921e-07,3.7648558434088634e-06
2025-11-21 08:38:36+00,-6.9619395,107.7045463,682.5,7,58.82353,26.97607,37.0,29.58666,39.0,30.02176,30.0,23.78535,25.0,3.2891304544165494,20694.12670717386,0.0,3.410895005440065e-06,2.381190810961924e-06,7.400998988312921e-07,3.7648558434088634e-06
2025-11-21 08:38:41+00,-6.961969667,107.704505,681.2,12,45.4902,26.97607,37.0,29.58666,39.0,30.02176,30.0,23.78535,25.0,5.659685423764011,20699.786392597623,-1.2999999999999545,3.410895005440065e-06,2.381190810961924e-06,7.400998988312921e-07,3.7648558434088634e-06
2025-11-21 08:38:46+00,-6.961958,107.704368,681.1,21,68.23529,26.97607,37.0,29.58666,39.0,30.02176,30.0,23.78535,25.0,15.176953498566316,20714.96334609619,-0.10000000000002274,3.410895005440065e-06,2.381190810961924e-06,7.400998988312921e-07,3.7648558434088634e-06
2025-11-21 08:38:51+00,-6.961948667,107.7041287,681.6,27,56.47059,26.97607,37.0,29.58666,39.0,30.02176,30.0,23.78535,25.0,26.43317080657345,20741.39651690276,0.5,3.410895005440065e-06,2.381190810961924e-06,7.400998988312921e-07,3.7648558434088634e-06
2025-11-21 08:38:56+00,-6.961900167,107.7037975,681.3,29,66.27451,26.97607,37.0,29.58666,39.0,30.02176,30.0,23.78535,25.0,36.95193311427804,20778.348450017038,-0.3000000000000682,3.410895005440065e-06,2.381190810961924e-06,7.400998988312921e-07,3.7648558434088634e-06
2025-11-21 08:39:01+00,-6.961716167,107.7034823,681.6,32,62.35294,26.97607,37.0,29.58666,39.0,30.02176,30.0,23.78535,25.0,40.36051231241515,20818.708962329452,0.3000000000000682,3.410895005440065e-06,2.381190810961924e-06,7.400998988312921e-07,3.7648558434088634e-06
2025-11-21 08:39:06+00,-6.9614555,107.7031828,679.6,23,52.54902,26.97607,37.0,29.58666,39.0,30.02176,30.0,23.78535,25.0,43.96493799168366,20862.673900321137,-2.0,3.410895005440065e-06,2.381190810961924e-06,7.400998988312921e-07,3.7648558434088634e-06
2025-11-21 08:39:11+00,-6.961204,107.702999,675.7,19,48.23529,26.97607,37.0,29.58666,39.0,30.02176,30.0,23.78535,25.0,34.54901996235154,20897.22292028349,-3.8999999999999773,3.410895005440065e-06,2.381190810961924e-06,7.400998988312921e-07,3.7648558434088634e-06
2025-11-21 08:39:16+00,-6.960992167,107.7028945,673.1,18,60.0,26.97607,37.0,29.58666,39.0,30.31182,30.0,23.78535,25.0,26.227209445102016,20923.450129728593,-2.6000000000000227,3.410895005440065e-06,2.381190810961924e-06,7.400998988312921e-07,3.7648558434088634e-06
2025-11-21 08:39:21+00,-6.960779667,107.7028107,668.9,22,65.09804,26.97607,37.0,29.58666,39.0,30.31182,30.0,23.78535,25.0,25.374792435990443,20948.824922164582,-4.2000000000000455,3.410895005440065e-06,2.381190810961924e-06,7.400998988312921e-07,3.7648558434088634e-06
2025-11-21 08:39:26+00,-6.960531167,107.7027172,669.1,26,58.43137,26.97607,37.0,29.58666,39.0,30.31182,30.0,23.78535,25.0,29.496285988264603,20978.321208152847,0.20000000000004547,3.410895005440065e-06,2.381190810961924e-06,7.400998988312921e-07,3.7648558434088634e-06
2025-11-21 08:39:31+00,-6.960224667,107.702607,670.6,23,40.39216,26.97607,37.0,29.58666,39.0,30.31182,30.0,23.78535,25.0,36.186772962214135,21014.50798111506,1.5,3.410895005440065e-06,2.381190810961924e-06,7.400998988312921e-07,3.7648558434088634e-06
2025-11-21 08:39:36+00,-6.959944,107.7025085,671.7,8,49.41177,26.97607,37.0,29.58666,39.0,30.31182,30.0,23.78535,25.0,33.04828273766695,21047.556263852726,1.1000000000000227,3.410895005440065e-06,2.381190810961924e-06,7.400998988312921e-07,3.7648558434088634e-06
2025-11-21 08:39:41+00,-6.959817833,107.7024702,673.7,15,74.11765,26.97607,37.0,29.58666,39.0,30.31182,30.0,23.78535,25.0,14.652230710478456,21062.208494563205,2.0,3.410895005440065e-06,2.381190810961924e-06,7.400998988312921e-07,3.7648558434088634e-06
2025-11-21 08:39:46+00,-6.959670667,107.702364,673.0,22,64.31373,26.97607,37.0,29.58666,39.0,30.31182,30.0,23.78535,25.0,20.129280930088985,21082.337775493295,-0.7000000000000455,3.410895005440065e-06,2.381190810961924e-06,7.400998988312921e-07,3.7648558434088634e-06
2025-11-21 08:39:51+00,-6.959628833,107.7021075,672.0,29,73.72549,26.97607,37.0,29.58666,39.0,30.31182,30.0,23.78535,25.0,28.69099313123397,21111.02876862453,-1.0,3.410895005440065e-06,2.381190810961924e-06,7.400998988312921e-07,3.7648558434088634e-06
2025-11-21 08:39:56+00,-6.959691167,107.7017535,672.7,36,66.27451,26.97607,37.0,29.58666,39.0,30.31182,30.0,23.78535,25.0,39.68303031996733,21150.711798944496,0.7000000000000455,3.410895005440065e-06,2.381190810961924e-06,7.400998988312921e-07,3.7648558434088634e-06
2025-11-21 08:40:01+00,-6.9597655,107.7013215,673.0,39,41.96078,26.97607,37.0,29.58666,39.0,30.31182,30.0,23.78535,25.0,48.39340629082805,21199.105205235323,0.2999999999999545,3.410895005440065e-06,2.381190810961924e-06,7.400998988312921e-07,3.7648558434088634e-06
2025-11-21 08:40:06+00,-6.95985,107.7008435,673.8,31,54.90196,26.97607,37.0,29.58666,39.0,30.31182,30.0,23.78535,25.0,53.58973495529012,21252.694940190613,0.7999999999999545,3.410895005440065e-06,2.381190810961924e-06,7.400998988312921e-07,3.7648558434088634e-06
2025-11-21 08:40:11+00,-6.959918833,107.70045,675.6,6,52.94118,26.97607,37.0,29.58666,39.0,30.31182,30.0,23.78535,25.0,44.10208379472127,21296.797023985335,1.8000000000000682,3.410895005440065e-06,2.381190810961924e-06,7.400998988312921e-07,3.7648558434088634e-06
2025-11-21 08:40:16+00,-6.959942,107.7003052,677.1,15,57.2549,26.97607,37.0,29.58666,39.0,30.31182,30.0,23.78535,25.0,16.188675528046844,21312.98569951338,1.5,3.410895005440065e-06,2.381190810961924e-06,7.400998988312921e-07,3.7648558434088634e-06
2025-11-21 08:40:21+00,-6.959963,107.7001343,677.8,23,58.43137,26.97607,37.0,29.58666,39.0,30.31182,30.0,23.78535,25.0,19.007188635732,21331.992888149114,0.6999999999999318,3.410895005440065e-06,2.381190810961924e-06,7.400998988312921e-07,3.7648558434088634e-06
2025-11-21 08:40:26+00,-6.959993333,107.6998587,678.5,28,69.01961,26.97607,37.0,29.58666,39.0,30.31182,30.0,23.78535,25.0,30.605958711196777,21362.59884686031,0.7000000000000455,3.410895005440065e-06,2.381190810961924e-06,7.400998988312921e-07,3.7648558434088634e-06
2025-11-21 08:40:31+00,-6.96005,107.6995163,678.5,34,74.90196,26.97607,37.0,29.58666,39.0,30.31182,30.0,23.78535,25.0,38.314315709145305,21400.913162569454,0.0,3.410895005440065e-06,2.381190810961924e-06,7.400998988312921e-07,3.7648558434088634e-06
2025-11-21 08:40:36+00,-6.960120333,107.699106,679.2,38,61.56863,26.97607,37.0,29.58666,39.0,30.31182,30.0,23.78535,25.0,45.95745457622082,21446.870617145676,0.7000000000000455,3.410895005440065e-06,2.381190810961924e-06,7.400998988312921e-07,3.7648558434088634e-06
2025-11-21 08:40:41+00,-6.960204167,107.6986327,680.0,41,68.62745,26.97607,37.0,29.58666,39.0,30.31182,30.0,23.78535,25.0,53.06598489689139,21499.936602042566,0.7999999999999545,3.410895005440065e-06,2.381190810961924e-06,7.400998988312921e-07,3.7648558434088634e-06
2025-11-21 08:40:46+00,-6.960290167,107.6981283,679.6,44,44.70588,26.97607,37.0,29.58666,39.0,30.31182,30.0,23.78535,25.0,56.48877240469425,21556.42537444726,-0.39999999999997726,3.410895005440065e-06,2.381190810961924e-06,7.400998988312921e-07,3.7648558434088634e-06
2025-11-21 08:40:51+00,-6.9603825,107.6975895,678.8,41,48.23529,26.97607,37.0,29.58666,39.0,30.31182,30.0,23.78535,25.0,60.3501143989535,21616.77548884621,-0.8000000000000682,3.410895005440065e-06,2.381190810961924e-06,7.400998988312921e-07,3.7648558434088634e-06
2025-11-21 08:40:56+00,-6.960473333,107.6970777,678.2,31,45.4902,26.97607,37.0,29.58666,39.0,30.31182,30.0,23.78535,25.0,57.38605206102007,21674.161540907233,-0.599999999999909,3.410895005440065e-06,2.381190810961924e-06,7.400998988312921e-07,3.7648558434088634e-06
2025-11-21 08:41:01+00,-6.960543,107.696668,678.7,30,61.56863,26.97607,37.0,29.58666,39.0,30.31182,30.0,23.78535,25.0,45.87959418085066,21720.041135088082,0.5,3.410895005440065e-06,2.381190810961924e-06,7.400998988312921e-07,3.7648558434088634e-06
2025-11-21 08:41:06+00,-6.960611167,107.6962952,678.0,34,46.27451,26.97607,37.0,29.58666,39.0,30.31182,30.0,23.78535,25.0,41.84031696352909,21761.88145205161,-0.7000000000000455,3.410895005440065e-06,2.381190810961924e-06,7.400998988312921e-07,3.7648558434088634e-06
2025-11-21 08:41:11+00,-6.9606835,107.6958863,677.1,17,50.98039,26.97607,37.0,29.58666,39.0,30.31182,30.0,23.78535,25.0,45.84363096543415,21807.725083017045,-0.8999999999999773,3.410895005440065e-06,2.381190810961924e-06,7.400998988312921e-07,3.7648558434088634e-06
2025-11-21 08:41:16+00,-6.960731833,107.6956278,677.2,19,78.03922,26.97607,37.0,29.58666,39.0,30.31182,30.0,23.78535,25.0,29.03382784912669,21836.75891086617,0.10000000000002274,3.410895005440065e-06,2.381190810961924e-06,7.400998988312921e-07,3.7648558434088634e-06
2025-11-21 08:41:24+00,-6.960907333,107.69529,677.5,20,49.41177,26.97607,37.0,29.58666,39.0,30.31182,30.0,23.78535,25.0,42.083063977812095,21878.84197484398,0.2999999999999545,3.410895005440065e-06,2.381190810961924e-06,7.400998988312921e-07,3.7648558434088634e-06
2025-11-21 08:41:29+00,-6.9608165,107.695071,677.8,18,47.05882,26.97607,37.0,29.58666,39.0,30.31182,30.0,23.78535,25.0,26.197526587755096,21905.039501431736,0.2999999999999545,3.410895005440065e-06,2.381190810961924e-06,7.400998988312921e-07,3.7648558434088634e-06
2025-11-21 08:41:34+00,-6.960598667,107.6950567,676.4,19,74.5098,26.97607,37.0,29.58666,39.0,30.31182,30.0,23.78535,25.0,24.273328914726402,21929.312830346462,-1.3999999999999773,3.410895005440065e-06,2.381190810961924e-06,7.400998988312921e-07,3.7648558434088634e-06
2025-11-21 08:41:39+00,-6.960312333,107.6951105,675.7,27,71.76471,26.97607,37.0,29.58666,39.0,30.31182,30.0,23.78535,25.0,32.38795899030309,21961.700789336766,-0.6999999999999318,3.410895005440065e-06,2.381190810961924e-06,7.400998988312921e-07,3.7648558434088634e-06
2025-11-21 08:41:44+00,-6.959944833,107.6950445,677.3,32,78.43137,26.97607,37.0,29.58666,39.0,30.31182,30.0,23.78535,25.0,41.50843765519843,22003.209226991963,1.599999999999909,3.410895005440065e-06,2.381190810961924e-06,7.400998988312921e-07,3.7648558434088634e-06
2025-11-21 08:41:46+00,-6.959778,107.6950125,679.7,37,61.17647,26.97607,37.0,29.58666,39.0,30.31182,30.0,23.78535,25.0,18.884255715436062,22022.093482707398,2.400000000000091,3.410895005440065e-06,2.381190810961924e-06,7.400998988312921e-07,3.7648558434088634e-06
2025-11-21 08:41:51+00,-6.959324833,107.6949347,679.9,39,59.60784,26.97607,37.0,29.58666,39.0,30.31182,30.0,23.78535,25.0,51.11640415651924,22073.20988686392,0.1999999999999318,3.410895005440065e-06,2.381190810961924e-06,7.400998988312921e-07,3.7648558434088634e-06
2025-11-21 08:41:56+00,-6.958836167,107.6948935,680.2,40,61.96078,26.97607,37.0,29.58666,39.0,30.31182,30.0,23.78535,25.0,54.5272127260164,22127.737099589936,0.3000000000000682,3.410895005440065e-06,2.381190810961924e-06,7.400998988312921e-07,3.7648558434088634e-06
2025-11-21 08:42:01+00,-6.95833,107.6949272,683.1,40,40.0,26.97607,37.0,29.58666,39.0,30.31182,30.0,23.78535,25.0,56.40605982723503,22184.14315941717,2.8999999999999773,3.410895005440065e-06,2.381190810961924e-06,7.400998988312921e-07,3.7648558434088634e-06
2025-11-21 08:42:06+00,-6.957828833,107.6950192,684.7,33,52.94118,26.97607,37.0,29.58666,39.0,30.31182,30.0,23.78535,25.0,56.64493346326163,22240.788092880433,1.6000000000000227,3.410895005440065e-06,2.381190810961924e-06,7.400998988312921e-07,3.7648558434088634e-06
2025-11-21 08:42:11+00,-6.9573925,107.6951023,685.9,20,50.58823,26.97607,37.0,29.58666,39.0,30.31182,30.0,23.78535,25.0,49.377472945865414,22290.165565826297,1.1999999999999318,3.410895005440065e-06,2.381190810961924e-06,7.400998988312921e-07,3.7648558434088634e-06
2025-11-21 08:42:16+00,-6.957116667,107.6951782,689.3,3,54.11765,26.97607,37.0,29.58666,39.0,30.31182,30.0,23.78535,25.0,31.79481919712846,22321.960385023427,3.3999999999999773,3.410895005440065e-06,2.381190810961924e-06,7.400998988312921e-07,3.7648558434088634e-06
2025-11-21 08:43:31+00,-6.95704,107.6952465,690.7,2,56.47059,26.97607,37.0,29.58666,39.0,30.02176,31.0,23.78535,25.0,11.380140514426534,22333.340525537853,1.400000000000091,3.410895005440065e-06,2.381190810961924e-06,7.400998988312921e-07,3.7648558434088634e-06
2025-11-21 08:43:36+00,-6.957021,107.6952453,691.5,10,65.09804,26.97607,37.0,29.58666,39.0,30.02176,31.0,23.78535,25.0,2.116854340675491,22335.457379878528,0.7999999999999545,3.410895005440065e-06,2.381190810961924e-06,7.400998988312921e-07,3.7648558434088634e-06
2025-11-21 08:43:41+00,-6.9569065,107.695261,690.1,15,60.0,26.97607,37.0,29.58666,39.0,30.02176,31.0,23.78535,25.0,12.849227233566534,22348.306607112096,-1.3999999999999773,3.410895005440065e-06,2.381190810961924e-06,7.400998988312921e-07,3.7648558434088634e-06
2025-11-21 08:43:46+00,-6.9567345,107.69532,691.0,17,43.52941,26.97607,37.0,29.58666,39.0,30.02176,31.0,23.78535,25.0,20.20385307748812,22368.510460189584,0.8999999999999773,3.410895005440065e-06,2.381190810961924e-06,7.400998988312921e-07,3.7648558434088634e-06
2025-11-21 08:43:51+00,-6.9566275,107.6954843,690.8,26,79.21568,26.97607,37.0,29.58666,39.0,30.02176,31.0,23.78535,25.0,21.689450994199337,22390.199911183783,-0.20000000000004547,3.410895005440065e-06,2.381190810961924e-06,7.400998988312921e-07,3.7648558434088634e-06
2025-11-21 08:43:56+00,-6.956694,107.6957595,689.6,35,73.33334,26.97607,37.0,29.58666,39.0,30.02176,31.0,23.78535,25.0,31.262686099525013,22421.46259728331,-1.1999999999999318,3.410895005440065e-06,2.381190810961924e-06,7.400998988312921e-07,3.7648558434088634e-06
2025-11-21 08:44:01+00,-6.956746667,107.6961775,689.9,42,80.39216,26.97607,37.0,29.58666,39.0,30.02176,31.0,23.78535,25.0,46.5075494322279,22467.970146715536,0.2999999999999545,3.410895005440065e-06,2.381190810961924e-06,7.400998988312921e-07,3.7648558434088634e-06
2025-11-21 08:44:06+00,-6.956743333,107.6966873,686.6,43,58.82353,26.97607,37.0,29.58666,39.0,30.16679,31.0,23.78535,25.0,56.27113437187491,22524.241281087412,-3.2999999999999545,3.410895005440065e-06,2.381190810961924e-06,7.400998988312921e-07,3.7648558434088634e-06
2025-11-21 08:44:11+00,-6.956603167,107.6972168,686.3,41,38.43137,26.97607,37.0,29.58666,39.0,30.16679,31.0,23.78535,25.0,60.48683222419856,22584.728113311612,-0.3000000000000682,3.410895005440065e-06,2.381190810961924e-06,7.400998988312921e-07,3.7648558434088634e-06
2025-11-21 08:44:16+00,-6.956401,107.6977017,683.8,38,38.43137,26.97607,37.0,29.58666,39.0,30.16679,31.0,23.78535,25.0,58.050904185666745,22642.77901749728,-2.5,3.410895005440065e-06,2.381190810961924e-06,7.400998988312921e-07,3.7648558434088634e-06
2025-11-21 08:44:21+00,-6.956196833,107.6981463,683.2,32,42.35294,26.97607,37.0,29.58666,39.0,30.16679,31.0,23.78535,25.0,54.070301608179946,22696.84931910546,-0.599999999999909,3.410895005440065e-06,2.381190810961924e-06,7.400998988312921e-07,3.7648558434088634e-06
2025-11-21 08:44:26+00,-6.955991333,107.6985252,684.6,27,59.60784,26.97607,37.0,29.58666,39.0,30.16679,31.0,23.78535,25.0,47.65714546773041,22744.506464573187,1.3999999999999773,3.410895005440065e-06,2.381190810961924e-06,7.400998988312921e-07,3.7648558434088634e-06
2025-11-21 08:44:31+00,-6.955827667,107.6988428,685.7,28,60.78431,26.97607,37.0,29.58666,39.0,30.16679,31.0,23.78535,25.0,39.498037132597865,22784.004501705786,1.1000000000000227,3.410895005440065e-06,2.381190810961924e-06,7.400998988312921e-07,3.7648558434088634e-06
2025-11-21 08:44:36+00,-6.9556835,107.6991707,686.5,29,50.58823,26.97607,37.0,29.58666,39.0,30.16679,31.0,23.78535,25.0,39.58383675600603,22823.588338461792,0.7999999999999545,3.410895005440065e-06,2.381190810961924e-06,7.400998988312921e-07,3.7648558434088634e-06
2025-11-21 08:44:41+00,-6.955537333,107.6995135,686.5,24,50.19608,26.97607,37.0,29.58666,39.0,30.16679,31.0,23.78535,25.0,41.180221841857254,22864.768560303648,0.0,3.410895005440065e-06,2.381190810961924e-06,7.400998988312921e-07,3.7648558434088634e-06
2025-11-21 08:44:46+00,-6.955399667,107.6998143,685.4,10,69.01961,26.97607,37.0,29.58666,39.0,30.16679,31.0,23.78535,25.0,36.56030937089625,22901.328869674544,-1.1000000000000227,3.410895005440065e-06,2.381190810961924e-06,7.400998988312921e-07,3.7648558434088634e-06
2025-11-21 08:44:51+00,-6.955329667,107.6999702,684.3,6,60.0,26.97607,37.0,29.58666,39.0,30.16679,31.0,23.78535,25.0,18.88627993489536,22920.21514960944,-1.1000000000000227,3.410895005440065e-06,2.381190810961924e-06,7.400998988312921e-07,3.7648558434088634e-06
2025-11-21 08:44:56+00,-6.955295167,107.7000475,683.2,13,42.35294,26.97607,37.0,29.58666,39.0,30.16679,31.0,23.78535,25.0,9.354882545110431,22929.570032154552,-1.099999999999909,3.410895005440065e-06,2.381190810961924e-06,7.400998988312921e-07,3.7648558434088634e-06
2025-11-21 08:45:01+00,-6.955232833,107.7001858,683.4,15,60.78431,26.97607,37.0,29.58666,39.0,30.16679,31.0,23.78535,25.0,16.765011694182732,22946.335043848736,0.1999999999999318,3.410895005440065e-06,2.381190810961924e-06,7.400998988312921e-07,3.7648558434088634e-06
2025-11-21 08:45:06+00,-6.9551095,107.7003168,683.1,20,54.5098,26.97607,37.0,29.58666,39.0,30.16679,31.0,23.78535,25.0,19.928562530454364,22966.26360637919,-0.2999999999999545,3.410895005440065e-06,2.381190810961924e-06,7.400998988312921e-07,3.7648558434088634e-06
2025-11-21 08:45:11+00,-6.954875833,107.7003632,683.2,22,68.62745,26.97607,37.0,29.58666,39.0,30.16679,31.0,23.78535,25.0,26.482564191734415,22992.746170570925,0.10000000000002274,3.410895005440065e-06,2.381190810961924e-06,7.400998988312921e-07,3.7648558434088634e-06
2025-11-21 08:45:16+00,-6.9546155,107.7002763,681.9,27,58.03922,26.97607,37.0,29.58666,39.0,30.16679,31.0,23.78535,25.0,30.495473594617643,23023.241644165544,-1.3000000000000682,3.410895005440065e-06,2.381190810961924e-06,7.400998988312921e-07,3.7648558434088634e-06
2025-11-21 08:45:21+00,-6.9543135,107.7001493,680.7,28,42.35294,26.97607,37.0,29.58666,39.0,30.16679,31.0,23.78535,25.0,36.38926592974174,23059.630910095286,-1.1999999999999318,3.410895005440065e-06,2.381190810961924e-06,7.400998988312921e-07,3.7648558434088634e-06
2025-11-21 08:45:26+00,-6.953999,107.6999828,678.7,28,43.92157,26.97607,37.0,29.58666,39.0,30.16679,31.0,23.78535,25.0,39.50573799125088,23099.136648086536,-2.0,3.410895005440065e-06,2.381190810961924e-06,7.400998988312921e-07,3.7648558434088634e-06
2025-11-21 08:45:31+00,-6.953766,107.6997353,679.2,19,46.66667,26.97607,37.0,29.58666,39.0,30.16679,31.0,23.78535,25.0,37.650226150275735,23136.786874236812,0.5,3.410895005440065e-06,2.381190810961924e-06,7.400998988312921e-07,3.7648558434088634e-06
2025-11-21 08:45:36+00,-6.953652,107.699484,678.2,6,65.88235,26.97607,37.0,29.58666,39.0,30.16679,31.0,23.78535,25.0,30.497073880543038,23167.283948117354,-1.0,3.410895005440065e-06,2.381190810961924e-06,7.400998988312921e-07,3.7648558434088634e-06
2025-11-21 08:45:41+00,-6.953618833,107.6993925,677.9,14,62.7451,26.97607,37.0,29.58666,39.0,30.16679,31.0,23.78535,25.0,10.75181551859415,23178.035763635948,-0.3000000000000682,3.410895005440065e-06,2.381190810961924e-06,7.400998988312921e-07,3.7648558434088634e-06
2025-11-21 08:45:46+00,-6.953565167,107.6992438,677.5,24,61.96078,26.97607,37.0,29.58666,39.0,30.16679,31.0,23.78535,25.0,17.46422808533228,23195.49999172128,-0.39999999999997726,3.410895005440065e-06,2.381190810961924e-06,7.400998988312921e-07,3.7648558434088634e-06
2025-11-21 08:45:51+00,-6.953472,107.6989817,676.0,29,64.31373,26.97607,37.0,29.58666,39.0,30.16679,31.0,23.78535,25.0,30.72882628926534,23226.228818010546,-1.5,3.410895005440065e-06,2.381190810961924e-06,7.400998988312921e-07,3.7648558434088634e-06
2025-11-21 08:45:56+00,-6.953349167,107.6986443,676.2,29,50.19608,26.97607,37.0,29.58666,39.0,30.16679,31.0,23.78535,25.0,39.66693034148282,23265.895748352028,0.20000000000004547,3.410895005440065e-06,2.381190810961924e-06,7.400998988312921e-07,3.7648558434088634e-06
2025-11-21 08:46:01+00,-6.953214333,107.6983032,673.6,21,54.5098,26.97607,37.0,29.58666,39.0,30.16679,31.0,23.78535,25.0,40.52511665447555,23306.420865006505,-2.6000000000000227,3.410895005440065e-06,2.381190810961924e-06,7.400998988312921e-07,3.7648558434088634e-06
2025-11-21 08:46:06+00,-6.953061333,107.6980662,674.1,9,51.76471,26.97607,37.0,29.58666,39.0,30.16679,31.0,23.78535,25.0,31.20500245319377,23337.625867459697,0.5,3.410895005440065e-06,2.381190810961924e-06,7.400998988312921e-07,3.7648558434088634e-06
2025-11-21 08:46:11+00,-6.952974167,107.697962,675.5,6,48.23529,26.97607,37.0,29.58666,39.0,30.16679,31.0,23.78535,25.0,15.040728120437622,23352.666595580136,1.3999999999999773,3.410895005440065e-06,2.381190810961924e-06,7.400998988312921e-07,3.7648558434088634e-06
2025-11-21 08:46:16+00,-6.952986833,107.6978927,676.5,8,49.41177,26.97607,37.0,29.58666,39.0,30.02176,31.0,23.78535,25.0,7.777728748174325,23360.44432432831,1.0,3.410895005440065e-06,2.381190810961924e-06,7.400998988312921e-07,3.7648558434088634e-06
2025-11-21 08:46:21+00,-6.953071333,107.697903,678.0,11,56.07843,26.97607,37.0,29.58666,39.0,30.02176,31.0,23.78535,25.0,9.464514318702813,23369.908838647014,1.5,3.410895005440065e-06,2.381190810961924e-06,7.400998988312921e-07,3.7648558434088634e-06
2025-11-21 08:46:26+00,-6.953152167,107.6980067,679.7,6,50.19608,26.97607,37.0,29.58666,39.0,30.02176,31.0,23.78535,25.0,14.553491565705306,23384.46233021272,1.7000000000000455,3.410895005440065e-06,2.381190810961924e-06,7.400998988312921e-07,3.7648558434088634e-06
2025-11-21 08:46:31+00,-6.953213167,107.6980678,679.3,3,52.94118,26.97607,37.0,29.58666,39.0,30.02176,31.0,23.78535,25.0,9.565038942729464,23394.027369155447,-0.40000000000009095,3.410895005440065e-06,2.381190810961924e-06,7.400998988312921e-07,3.7648558434088634e-06
2025-11-21 08:46:50+00,-6.953232833,107.6981058,680.2,1,62.7451,26.97607,37.0,29.58666,39.0,30.02176,31.0,23.78535,25.0,4.730157339107346,23398.757526494555,0.900000000000091,3.410895005440065e-06,2.381190810961924e-06,7.400998988312921e-07,3.7648558434088634e-06
2025-11-21 09:07:53+00,-6.953277333,107.6980683,687.1,1,54.11765,26.97607,37.0,29.58666,39.0,30.02176,31.0,23.78535,25.0,6.4511269066152765,23405.208653401172,6.899999999999977,3.835549263715856e-07,8.219033549460417e-07,9.040936904406349e-07,1.6986002942852597e-06
2025-11-21 09:07:58+00,-6.953262667,107.698079,686.6,2,52.15686,26.97607,37.0,29.58666,39.0,30.02176,31.0,23.78535,25.0,2.0135327539367784,23407.222186155108,-0.5,3.835549263715856e-07,8.219033549460417e-07,9.040936904406349e-07,1.6986002942852597e-06
2025-11-21 09:08:03+00,-6.953219,107.6980668,685.5,5,48.23529,26.97607,37.0,29.58666,39.0,30.02176,31.0,23.78535,25.0,5.038825134886599,23412.261011289993,-1.1000000000000227,3.835549263715856e-07,8.219033549460417e-07,9.040936904406349e-07,1.6986002942852597e-06
2025-11-21 09:08:08+00,-6.953195667,107.6980178,684.5,5,47.45098,26.97607,37.0,29.58666,39.0,30.02176,31.0,23.78535,25.0,5.99860278016862,23418.25961407016,-1.0,3.835549263715856e-07,8.219033549460417e-07,9.040936904406349e-07,1.6986002942852597e-06
2025-11-21 09:08:13+00,-6.953178333,107.6979663,684.1,2,48.23529,26.97607,37.0,29.58666,39.0,30.02176,31.0,23.78535,25.0,6.002318775616817,23424.261932845777,-0.39999999999997726,3.835549263715856e-07,8.219033549460417e-07,9.040936904406349e-07,1.6986002942852597e-06
2025-11-21 09:08:18+00,-6.953168,107.697951,683.8,1,48.62745,26.97607,37.0,29.58666,39.0,30.02176,31.0,23.78535,25.0,2.042573069561729,23426.304505915337,-0.3000000000000682,3.835549263715856e-07,8.219033549460417e-07,9.040936904406349e-07,1.6986002942852597e-06
2025-11-21 09:08:54+00,-6.953153333,107.697945,682.7,1,54.11765,26.97607,37.0,29.58666,39.0,30.02176,31.0,23.78535,25.0,1.7602336032593606,23428.064739518595,-1.099999999999909,3.835549263715856e-07,8.219033549460417e-07,9.040936904406349e-07,1.6986002942852597e-06
2025-11-21 09:08:59+00,-6.953148,107.6979343,682.9,4,54.90196,26.97607,37.0,29.58666,39.0,30.02176,31.0,23.78535,25.0,1.3215526701364857,23429.38629218873,0.1999999999999318,3.835549263715856e-07,8.219033549460417e-07,9.040936904406349e-07,1.6986002942852597e-06
2025-11-21 09:09:04+00,-6.953115167,107.6978945,681.5,6,51.76471,26.97607,37.0,29.58666,39.0,30.02176,31.0,23.78535,25.0,5.7120426259106925,23435.09833481464,-1.3999999999999773,3.835549263715856e-07,8.219033549460417e-07,9.040936904406349e-07,1.6986002942852597e-06
2025-11-21 09:09:09+00,-6.953053167,107.6978725,682.4,4,49.01961,26.97607,37.0,29.58666,39.0,30.02176,31.0,23.78535,25.0,7.3092537374665945,23442.407588552105,0.8999999999999773,3.835549263715856e-07,8.219033549460417e-07,9.040936904406349e-07,1.6986002942852597e-06
2025-11-21 09:09:14+00,-6.953000167,107.6978892,684.1,6,44.70588,26.97607,37.0,29.58666,39.0,30.02176,31.0,23.78535,25.0,6.174885191772496,23448.582473743878,1.7000000000000455,3.835549263715856e-07,8.219033549460417e-07,9.040936904406349e-07,1.6986002942852597e-06
2025-11-21 09:09:19+00,-6.952929,107.6978988,685.0,13,34.11765,26.97607,37.0,29.58666,39.0,30.02176,31.0,23.78535,25.0,7.984047854224356,23456.566521598103,0.8999999999999773,3.835549263715856e-07,8.219033549460417e-07,9.040936904406349e-07,1.6986002942852597e-06
2025-11-21 09:09:24+00,-6.9527975,107.6978245,685.5,13,35.68628,26.97607,37.0,29.58666,39.0,30.02176,31.0,23.78535,25.0,16.764974852210486,23473.33149645031,0.5,3.835549263715856e-07,8.219033549460417e-07,9.040936904406349e-07,1.6986002942852597e-06
2025-11-21 09:09:29+00,-6.952680667,107.6977137,684.0,19,63.92157,26.97607,37.0,29.58666,39.0,30.02176,31.0,23.78535,25.0,17.842115064806325,23491.173611515118,-1.5,3.835549263715856e-07,8.219033549460417e-07,9.040936904406349e-07,1.6986002942852597e-06
2025-11-21 09:09:34+00,-6.952716,107.6975112,683.9,26,62.35294,26.97607,37.0,29.58666,39.0,30.02176,31.0,23.78535,25.0,22.694096808560097,23513.86770832368,-0.10000000000002274,3.835549263715856e-07,8.219033549460417e-07,9.040936904406349e-07,1.6986002942852597e-06
2025-11-21 09:09:39+00,-6.952834333,107.6972223,683.6,31,57.64706,26.97607,37.0,29.58666,39.0,30.02176,31.0,23.78535,25.0,34.496092110627345,23548.36380043431,-0.2999999999999545,3.835549263715856e-07,8.219033549460417e-07,9.040936904406349e-07,1.6986002942852597e-06
2025-11-21 09:09:44+00,-6.952981167,107.6968762,684.0,33,52.15686,26.97607,37.0,29.58666,39.0,30.02176,31.0,23.78535,25.0,41.5444383633325,23589.90823879764,0.39999999999997726,3.835549263715856e-07,8.219033549460417e-07,9.040936904406349e-07,1.6986002942852597e-06
2025-11-21 09:09:49+00,-6.953137833,107.696498,684.2,33,37.64706,26.97607,37.0,29.58666,39.0,30.02176,31.0,23.78535,25.0,45.23376404021699,23635.14200283786,0.20000000000004547,3.835549263715856e-07,8.219033549460417e-07,9.040936904406349e-07,1.6986002942852597e-06
2025-11-21 09:09:54+00,-6.953296667,107.6961187,684.0,21,43.13726,26.97607,37.0,29.58666,39.0,30.02176,31.0,23.78535,25.0,45.43898222246888,23680.58098506033,-0.20000000000004547,3.835549263715856e-07,8.219033549460417e-07,9.040936904406349e-07,1.6986002942852597e-06
2025-11-21 09:09:59+00,-6.953414667,107.6958368,684.5,5,47.05882,26.97607,37.0,29.58666,39.0,30.02176,31.0,23.78535,25.0,33.76871124770979,23714.34969630804,0.5,3.835549263715856e-07,8.219033549460417e-07,9.040936904406349e-07,1.6986002942852597e-06
2025-11-21 09:10:04+00,-6.953446,107.6957508,684.3,4,46.66667,26.97607,37.0,29.58666,39.0,30.02176,31.0,23.78535,25.0,10.111638226104315,23724.461334534142,-0.20000000000004547,3.835549263715856e-07,8.219033549460417e-07,9.040936904406349e-07,1.6986002942852597e-06
2025-11-21 09:10:09+00,-6.953455333,107.695699,685.4,8,65.4902,26.97607,37.0,29.58666,39.0,30.02176,31.0,23.78535,25.0,5.810960319191788,23730.272294853334,1.1000000000000227,3.835549263715856e-07,8.219033549460417e-07,9.040936904406349e-07,1.6986002942852597e-06
2025-11-21 09:10:14+00,-6.9534425,107.6956302,685.8,14,69.80392,26.97607,37.0,29.58666,39.0,30.02176,31.0,23.78535,25.0,7.726859265875089,23737.99915411921,0.39999999999997726,3.835549263715856e-07,8.219033549460417e-07,9.040936904406349e-07,1.6986002942852597e-06
2025-11-21 09:10:19+00,-6.953331,107.6955283,686.1,27,78.03922,26.97607,37.0,29.58666,39.0,30.02176,31.0,23.78535,25.0,16.7398194701639,23754.738973589374,0.3000000000000682,3.835549263715856e-07,8.219033549460417e-07,9.040936904406349e-07,1.6986002942852597e-06
2025-11-21 09:10:24+00,-6.9530445,107.6954188,687.8,23,35.68628,26.97607,37.0,29.58666,39.0,30.02176,31.0,23.78535,25.0,34.07304331308568,23788.81201690246,1.6999999999999318,3.835549263715856e-07,8.219033549460417e-07,9.040936904406349e-07,1.6986002942852597e-06
2025-11-21 09:10:29+00,-6.952746833,107.6952977,689.5,28,41.17647,26.97607,37.0,29.58666,39.0,30.02176,31.0,23.78535,25.0,35.696210074373106,23824.50822697683,1.7000000000000455,3.835549263715856e-07,8.219033549460417e-07,9.040936904406349e-07,1.6986002942852597e-06
2025-11-21 09:10:34+00,-6.952437167,107.6951668,690.4,26,34.11765,26.97607,37.0,29.58666,39.0,30.02176,31.0,23.78535,25.0,37.34181314909452,23861.850040125926,0.8999999999999773,3.835549263715856e-07,8.219033549460417e-07,9.040936904406349e-07,1.6986002942852597e-06
2025-11-21 09:10:39+00,-6.952155667,107.6950055,691.0,27,47.05882,26.97607,37.0,29.58666,39.0,30.02176,31.0,23.78535,25.0,36.010513377486014,23897.86055350341,0.6000000000000227,3.835549263715856e-07,8.219033549460417e-07,9.040936904406349e-07,1.6986002942852597e-06
2025-11-21 09:10:44+00,-6.9518735,107.6948303,689.3,30,61.56863,26.97607,37.0,29.58666,39.0,30.02176,31.0,23.78535,25.0,36.85635824411327,23934.716911747524,-1.7000000000000455,3.835549263715856e-07,8.219033549460417e-07,9.040936904406349e-07,1.6986002942852597e-06
2025-11-21 09:10:49+00,-6.951577167,107.6945863,689.1,34,51.76471,26.97607,37.0,29.58666,39.0,30.02176,31.0,23.78535,25.0,42.556945148749364,23977.273856896274,-0.1999999999999318,3.835549263715856e-07,8.219033549460417e-07,9.040936904406349e-07,1.6986002942852597e-06
2025-11-21 09:10:54+00,-6.951292833,107.6942775,687.7,32,75.68627,26.97607,37.0,29.58666,39.0,30.02176,31.0,23.78535,25.0,46.490513991169955,24023.764370887446,-1.3999999999999773,3.835549263715856e-07,8.219033549460417e-07,9.040936904406349e-07,1.6986002942852597e-06
2025-11-21 09:10:59+00,-6.951015167,107.6939632,685.8,31,38.82353,26.97607,37.0,29.58666,39.0,30.02176,31.0,23.78535,25.0,46.44122673629649,24070.205597623743,-1.900000000000091,3.835549263715856e-07,8.219033549460417e-07,9.040936904406349e-07,1.6986002942852597e-06
2025-11-21 09:11:04+00,-6.950691333,107.6937165,685.0,25,41.56863,26.97607,37.0,29.58666,39.0,30.02176,31.0,23.78535,25.0,45.14547937292475,24115.351076996667,-0.7999999999999545,3.835549263715856e-07,8.219033549460417e-07,9.040936904406349e-07,1.6986002942852597e-06
2025-11-21 09:11:09+00,-6.950374667,107.6935905,685.6,28,75.29412,26.97607,37.0,29.58666,39.0,30.02176,31.0,23.78535,25.0,37.85875987346466,24153.20983687013,0.6000000000000227,3.835549263715856e-07,8.219033549460417e-07,9.040936904406349e-07,1.6986002942852597e-06
2025-11-21 09:11:14+00,-6.9500395,107.6935385,686.4,31,66.27451,26.97607,37.0,29.58666,39.0,30.02176,31.0,23.78535,25.0,37.70830343581974,24190.91814030595,0.7999999999999545,3.835549263715856e-07,8.219033549460417e-07,9.040936904406349e-07,1.6986002942852597e-06
2025-11-21 09:11:19+00,-6.949651833,107.6935753,687.3,33,60.39216,26.97607,37.0,29.58666,39.0,30.02176,31.0,23.78535,25.0,43.29761594194554,24234.215756247893,0.8999999999999773,3.835549263715856e-07,8.219033549460417e-07,9.040936904406349e-07,1.6986002942852597e-06
2025-11-21 09:11:24+00,-6.949239833,107.6936135,686.8,33,37.64706,26.97607,37.0,29.58666,39.0,30.02176,31.0,23.78535,25.0,46.00599896059433,24280.221755208488,-0.5,3.835549263715856e-07,8.219033549460417e-07,9.040936904406349e-07,1.6986002942852597e-06
2025-11-21 09:11:29+00,-6.948827667,107.6936375,685.3,37,81.96078,26.97607,37.0,29.58666,39.0,30.02176,31.0,23.78535,25.0,45.90732758405949,24326.129082792548,-1.5,3.835549263715856e-07,8.219033549460417e-07,9.040936904406349e-07,1.6986002942852597e-06
2025-11-21 09:11:34+00,-6.948388833,107.6936335,684.1,43,63.92157,26.97607,37.0,29.58666,39.0,30.02176,31.0,23.78535,25.0,48.79817923040107,24374.92726202295,-1.1999999999999318,3.835549263715856e-07,8.219033549460417e-07,9.040936904406349e-07,1.6986002942852597e-06
2025-11-21 09:11:39+00,-6.947869,107.6935477,683.7,37,34.11765,26.97607,37.0,29.58666,39.0,30.02176,31.0,23.78535,25.0,58.57355960580303,24433.500821628753,-0.39999999999997726,3.835549263715856e-07,8.219033549460417e-07,9.040936904406349e-07,1.6986002942852597e-06
2025-11-21 09:11:44+00,-6.947372,107.6935617,682.1,29,39.21569,26.97607,37.0,29.58666,39.0,30.02176,31.0,23.78535,25.0,55.28555563166134,24488.786377260414,-1.6000000000000227,3.835549263715856e-07,8.219033549460417e-07,9.040936904406349e-07,1.6986002942852597e-06
2025-11-21 09:11:49+00,-6.946978,107.6936373,681.1,16,44.70588,26.97607,37.0,29.58666,39.0,30.02176,31.0,23.78535,25.0,44.598480189571454,24533.384857449986,-1.0,3.835549263715856e-07,8.219033549460417e-07,9.040936904406349e-07,1.6986002942852597e-06
2025-11-21 09:11:54+00,-6.946716167,107.693691,678.7,12,75.68627,26.97607,37.0,29.58666,39.0,30.02176,31.0,23.78535,25.0,29.711780225058842,24563.096637675044,-2.3999999999999773,3.835549263715856e-07,8.219033549460417e-07,9.040936904406349e-07,1.6986002942852597e-06
2025-11-21 09:11:59+00,-6.946589667,107.6937158,678.8,25,86.66666,26.97607,37.0,29.58666,39.0,30.02176,31.0,23.78535,25.0,14.330062226155096,24577.4266999012,0.09999999999990905,3.835549263715856e-07,8.219033549460417e-07,9.040936904406349e-07,1.6986002942852597e-06
2025-11-21 09:12:04+00,-6.9463175,107.6937977,677.4,37,89.01961,26.97607,37.0,29.58666,39.0,30.02176,31.0,23.78535,25.0,31.584957038306165,24609.011656939507,-1.3999999999999773,3.835549263715856e-07,8.219033549460417e-07,9.040936904406349e-07,1.6986002942852597e-06
2025-11-21 09:12:09+00,-6.945894167,107.6938877,679.4,42,40.39216,26.97607,37.0,29.58666,39.0,30.02176,31.0,23.78535,25.0,48.109366221265525,24657.121023160773,2.0,3.835549263715856e-07,8.219033549460417e-07,9.040936904406349e-07,1.6986002942852597e-06
2025-11-21 09:12:14+00,-6.9453845,107.6939572,678.2,24,43.92157,26.97607,37.0,29.58666,39.0,30.02176,31.0,23.78535,25.0,57.18931353678263,24714.310336697556,-1.1999999999999318,3.835549263715856e-07,8.219033549460417e-07,9.040936904406349e-07,1.6986002942852597e-06
2025-11-21 09:12:19+00,-6.9450035,107.6939243,677.1,9,50.98039,26.97607,37.0,29.58666,39.0,30.02176,31.0,23.78535,25.0,42.52068222441732,24756.831018921974,-1.1000000000000227,3.835549263715856e-07,8.219033549460417e-07,9.040936904406349e-07,1.6986002942852597e-06
2025-11-21 09:12:24+00,-6.944848167,107.6938987,676.0,2,52.94118,26.97607,37.0,29.58666,39.0,30.02176,31.0,23.78535,25.0,17.501879282136592,24774.33289820411,-1.1000000000000227,3.835549263715856e-07,8.219033549460417e-07,9.040936904406349e-07,1.6986002942852597e-06
2025-11-21 09:12:33+00,-6.944803167,107.6938875,678.0,1,55.29412,26.97607,37.0,29.58666,39.0,30.02176,31.0,23.78535,25.0,5.154232089956065,24779.487130294066,2.0,3.835549263715856e-07,8.219033549460417e-07,9.040936904406349e-07,1.6986002942852597e-06
2025-11-21 09:12:38+00,-6.944847667,107.693899,679.0,5,53.33333,26.97607,37.0,29.58666,39.0,30.02176,31.0,23.78535,25.0,5.108402306758319,24784.595532600826,1.0,3.835549263715856e-07,8.219033549460417e-07,9.040936904406349e-07,1.6986002942852597e-06
2025-11-21 09:12:43+00,-6.944899833,107.693907,680.0,1,52.54902,26.97607,37.0,29.58666,39.0,30.02176,31.0,23.78535,25.0,5.867430344892197,24790.46296294572,1.0,3.835549263715856e-07,8.219033549460417e-07,9.040936904406349e-07,1.6986002942852597e-06
2025-11-21 09:12:49+00,-6.944892667,107.6939107,681.1,3,53.33333,26.97607,37.0,29.58666,39.0,30.02176,31.0,23.78535,25.0,0.8953890417289937,24791.35835198745,1.1000000000000227,3.835549263715856e-07,8.219033549460417e-07,9.040936904406349e-07,1.6986002942852597e-06
2025-11-21 09:12:54+00,-6.9448775,107.693919,680.7,1,52.15686,26.97607,37.0,29.58666,39.0,30.02176,31.0,23.78535,25.0,1.9192692653091008,24793.277621252757,-0.39999999999997726,3.835549263715856e-07,8.219033549460417e-07,9.040936904406349e-07,1.6986002942852597e-06
2025-11-21 09:12:59+00,-6.944923,107.693956,679.4,11,59.21569,26.97607,37.0,29.58666,39.0,30.02176,31.0,23.78535,25.0,6.502045859395427,24799.779667112154,-1.3000000000000682,3.835549263715856e-07,8.219033549460417e-07,9.040936904406349e-07,1.6986002942852597e-06
2025-11-21 09:13:04+00,-6.9451485,107.6939957,680.0,25,80.78432,26.97607,37.0,29.58666,39.0,30.02176,31.0,23.78535,25.0,25.454517814109842,24825.234184926263,0.6000000000000227,3.835549263715856e-07,8.219033549460417e-07,9.040936904406349e-07,1.6986002942852597e-06
2025-11-21 09:13:09+00,-6.945528167,107.694005,679.7,32,47.84314,26.97607,37.0,29.58666,39.0,30.02176,31.0,23.78535,25.0,42.229580878330985,24867.463765804594,-0.2999999999999545,3.835549263715856e-07,8.219033549460417e-07,9.040936904406349e-07,1.6986002942852597e-06
2025-11-21 09:13:14+00,-6.945925667,107.6939397,679.5,32,42.35294,26.97607,37.0,29.58666,39.0,30.02176,31.0,23.78535,25.0,44.783876555739816,24912.247642360333,-0.20000000000004547,3.835549263715856e-07,8.219033549460417e-07,9.040936904406349e-07,1.6986002942852597e-06
2025-11-21 09:13:19+00,-6.946245167,107.6938767,680.2,14,45.4902,26.97607,37.0,29.58666,39.0,30.02176,31.0,23.78535,25.0,36.20099280799404,24948.448635168326,0.7000000000000455,3.835549263715856e-07,8.219033549460417e-07,9.040936904406349e-07,1.6986002942852597e-06
2025-11-21 09:13:24+00,-6.946321333,107.6938645,680.2,5,66.27451,26.97607,37.0,29.58666,39.0,30.02176,31.0,23.78535,25.0,8.575673277871132,24957.024308446198,0.0,3.835549263715856e-07,8.219033549460417e-07,9.040936904406349e-07,1.6986002942852597e-06
2025-11-21 09:13:29+00,-6.946490333,107.6938325,681.2,20,71.37255,26.97607,37.0,29.58666,39.0,30.02176,31.0,23.78535,25.0,19.12103508262201,24976.14534352882,1.0,3.835549263715856e-07,8.219033549460417e-07,9.040936904406349e-07,1.6986002942852597e-06
2025-11-21 09:13:34+00,-6.946809333,107.6937668,681.4,30,80.39216,26.97607,37.0,29.58666,39.0,30.02176,31.0,23.78535,25.0,36.204945595115866,25012.350289123937,0.1999999999999318,3.835549263715856e-07,8.219033549460417e-07,9.040936904406349e-07,1.6986002942852597e-06
2025-11-21 09:13:39+00,-6.947245833,107.6936803,681.4,39,78.03922,26.97607,37.0,29.58666,39.0,30.02176,31.0,23.78535,25.0,49.46682082686851,25061.817109950804,0.0,3.835549263715856e-07,8.219033549460417e-07,9.040936904406349e-07,1.6986002942852597e-06
2025-11-21 09:13:44+00,-6.947759333,107.693642,681.2,41,49.41177,26.97607,37.0,29.58666,39.0,30.02176,31.0,23.78535,25.0,57.25495877128091,25119.072068722086,-0.1999999999999318,3.835549263715856e-07,8.219033549460417e-07,9.040936904406349e-07,1.6986002942852597e-06
2025-11-21 09:13:49+00,-6.948265833,107.6937202,681.1,41,34.5098,26.97607,37.0,29.58666,39.0,30.02176,31.0,23.78535,25.0,56.977904524214665,25176.0499732463,-0.10000000000002274,3.835549263715856e-07,8.219033549460417e-07,9.040936904406349e-07,1.6986002942852597e-06
2025-11-21 09:13:54+00,-6.948753167,107.693732,682.1,36,37.64706,26.97607,37.0,29.58666,39.0,30.02176,31.0,23.78535,25.0,54.20479368939244,25230.254766935694,1.0,3.835549263715856e-07,8.219033549460417e-07,9.040936904406349e-07,1.6986002942852597e-06
2025-11-21 09:13:59+00,-6.949179,107.6936842,683.5,32,45.88235,26.97607,37.0,29.58666,39.0,30.02176,31.0,23.78535,25.0,47.643574211922434,25277.898341147615,1.3999999999999773,3.835549263715856e-07,8.219033549460417e-07,9.040936904406349e-07,1.6986002942852597e-06
2025-11-21 09:14:04+00,-6.949581667,107.6936548,685.4,33,40.78431,26.97607,37.0,29.58666,39.0,30.02176,31.0,23.78535,25.0,44.89203322589297,25322.790374373508,1.8999999999999773,3.835549263715856e-07,8.219033549460417e-07,9.040936904406349e-07,1.6986002942852597e-06
2025-11-21 09:14:09+00,-6.950010667,107.6936477,684.0,35,40.39216,26.97607,37.0,29.58666,39.0,30.02176,31.0,23.78535,25.0,47.70912637126612,25370.499500744772,-1.3999999999999773,3.835549263715856e-07,8.219033549460417e-07,9.040936904406349e-07,1.6986002942852597e-06
2025-11-21 09:14:14+00,-6.9504575,107.6937248,684.5,37,47.05882,26.97607,37.0,29.58666,39.0,30.02176,31.0,23.78535,25.0,50.409170539591834,25420.908671284364,0.5,3.835549263715856e-07,8.219033549460417e-07,9.040936904406349e-07,1.6986002942852597e-06
2025-11-21 09:14:19+00,-6.950865167,107.6939772,684.7,39,34.90196,26.97607,37.0,29.58666,39.0,30.02176,31.0,23.78535,25.0,53.20718886904587,25474.115860153408,0.20000000000004547,3.835549263715856e-07,8.219033549460417e-07,9.040936904406349e-07,1.6986002942852597e-06
2025-11-21 09:14:24+00,-6.951194833,107.6943412,682.0,38,56.07843,26.97607,37.0,29.58666,39.0,29.73169,30.0,23.78535,25.0,54.38736826492177,25528.50322841833,-2.7000000000000455,3.835549263715856e-07,8.219033549460417e-07,9.040936904406349e-07,1.6986002942852597e-06
2025-11-21 09:14:29+00,-6.951539,107.6947022,681.6,40,60.0,26.97607,37.0,29.58666,39.0,29.73169,30.0,23.78535,25.0,55.24762538068053,25583.75085379901,-0.39999999999997726,3.835549263715856e-07,8.219033549460417e-07,9.040936904406349e-07,1.6986002942852597e-06
2025-11-21 09:14:34+00,-6.951954833,107.6950022,681.3,41,53.72549,26.97607,37.0,29.58666,39.0,29.73169,30.0,23.78535,25.0,56.87263303782854,25640.623486836837,-0.3000000000000682,3.835549263715856e-07,8.219033549460417e-07,9.040936904406349e-07,1.6986002942852597e-06
2025-11-21 09:14:39+00,-6.952398667,107.695224,681.5,38,37.64706,26.97607,37.0,29.58666,39.0,29.73169,30.0,23.78535,25.0,55.090750003785956,25695.714236840624,0.20000000000004547,3.835549263715856e-07,8.219033549460417e-07,9.040936904406349e-07,1.6986002942852597e-06
2025-11-21 09:14:44+00,-6.952828333,107.6953985,680.9,35,39.21569,26.97607,37.0,29.58666,39.0,29.73169,30.0,23.78535,25.0,51.51308675920841,25747.227323599833,-0.6000000000000227,3.835549263715856e-07,8.219033549460417e-07,9.040936904406349e-07,1.6986002942852597e-06
2025-11-21 09:14:49+00,-6.953146167,107.6955317,680.1,17,48.23529,26.97607,37.0,29.58666,39.0,29.73169,30.0,23.78535,25.0,38.27771594016277,25785.505039539996,-0.7999999999999545,3.835549263715856e-07,8.219033549460417e-07,9.040936904406349e-07,1.6986002942852597e-06
2025-11-21 09:14:54+00,-6.9532345,107.6955705,679.7,5,74.90196,26.97607,37.0,29.58666,39.0,29.73169,30.0,23.78535,25.0,10.715246537847625,25796.22028607784,-0.39999999999997726,3.835549263715856e-07,8.219033549460417e-07,9.040936904406349e-07,1.6986002942852597e-06
2025-11-21 09:14:59+00,-6.953353833,107.6957018,679.4,20,47.84314,26.97607,37.0,29.58666,39.0,29.73169,30.0,23.78535,25.0,19.649588829734324,25815.869874907577,-0.3000000000000682,3.835549263715856e-07,8.219033549460417e-07,9.040936904406349e-07,1.6986002942852597e-06
2025-11-21 09:15:04+00,-6.953328667,107.6959403,676.3,24,79.60784,26.97607,37.0,29.58666,39.0,29.73169,30.0,23.78535,25.0,26.47328684583907,25842.343161753415,-3.1000000000000227,3.835549263715856e-07,8.219033549460417e-07,9.040936904406349e-07,1.6986002942852597e-06
2025-11-21 09:15:09+00,-6.953187,107.6962902,674.4,34,79.21568,26.97607,37.0,29.58666,39.0,29.73169,30.0,23.78535,25.0,41.710056521849474,25884.053218275265,-1.8999999999999773,3.835549263715856e-07,8.219033549460417e-07,9.040936904406349e-07,1.6986002942852597e-06
2025-11-21 09:15:14+00,-6.953002,107.6967217,673.6,39,67.45098,26.97607,37.0,29.58666,39.0,29.73169,30.0,23.78535,25.0,51.880418079859474,25935.933636355123,-0.7999999999999545,3.835549263715856e-07,8.219033549460417e-07,9.040936904406349e-07,1.6986002942852597e-06
2025-11-21 09:15:19+00,-6.952798167,107.697164,674.0,37,37.64706,26.97607,37.0,29.58666,39.0,29.73169,30.0,23.78535,25.0,53.82467270013847,25989.75830905526,0.39999999999997726,3.835549263715856e-07,8.219033549460417e-07,9.040936904406349e-07,1.6986002942852597e-06
2025-11-21 09:15:24+00,-6.952656333,107.6974737,674.5,16,49.01961,26.97607,37.0,29.58666,39.0,29.73169,30.0,23.78535,25.0,37.64664186484911,26027.40495092011,0.5,3.835549263715856e-07,8.219033549460417e-07,9.040936904406349e-07,1.6986002942852597e-06
2025-11-21 09:15:29+00,-6.9526135,107.6975578,675.7,8,65.4902,26.97607,37.0,29.58666,39.0,29.73169,30.0,23.78535,25.0,10.433298363233275,26037.838249283344,1.2000000000000455,3.835549263715856e-07,8.219033549460417e-07,9.040936904406349e-07,1.6986002942852597e-06
2025-11-21 09:15:34+00,-6.952579167,107.6977085,676.2,17,66.27451,26.97607,37.0,29.58666,39.0,29.73169,30.0,23.78535,25.0,17.066353385977884,26054.90460266932,0.5,3.835549263715856e-07,8.219033549460417e-07,9.040936904406349e-07,1.6986002942852597e-06
2025-11-21 09:15:39+00,-6.952778,107.6978793,675.5,25,76.86275,26.97607,37.0,29.58666,39.0,29.73169,30.0,23.78535,25.0,29.05570967285327,26083.960312342173,-0.7000000000000455,3.835549263715856e-07,8.219033549460417e-07,9.040936904406349e-07,1.6986002942852597e-06
2025-11-21 09:15:44+00,-6.953054,107.6981382,675.6,34,72.94118,26.97607,37.0,29.58666,39.0,29.73169,30.0,23.78535,25.0,41.93440028039374,26125.89471262257,0.10000000000002274,3.835549263715856e-07,8.219033549460417e-07,9.040936904406349e-07,1.6986002942852597e-06
2025-11-21 09:15:49+00,-6.953245833,107.6985258,676.7,31,43.52941,26.97607,37.0,29.58666,39.0,29.73169,30.0,23.78535,25.0,47.80509007219322,26173.699802694762,1.1000000000000227,3.835549263715856e-07,8.219033549460417e-07,9.040936904406349e-07,1.6986002942852597e-06
2025-11-21 09:15:54+00,-6.9533365,107.6987832,677.5,8,50.19608,26.97607,37.0,29.58666,39.0,29.73169,30.0,23.78535,25.0,30.146843036932435,26203.846645731694,0.7999999999999545,3.835549263715856e-07,8.219033549460417e-07,9.040936904406349e-07,1.6986002942852597e-06
2025-11-21 09:15:59+00,-6.953388667,107.6989187,678.1,19,74.11765,26.97607,37.0,29.58666,39.0,29.73169,30.0,23.78535,25.0,16.041623915751966,26219.888269647447,0.6000000000000227,3.835549263715856e-07,8.219033549460417e-07,9.040936904406349e-07,1.6986002942852597e-06
2025-11-21 09:16:04+00,-6.953487333,107.6992102,679.0,29,72.94118,26.97607,37.0,29.58666,39.0,29.73169,30.0,23.78535,25.0,33.994040317303096,26253.88230996475,0.8999999999999773,3.835549263715856e-07,8.219033549460417e-07,9.040936904406349e-07,1.6986002942852597e-06
2025-11-21 09:16:09+00,-6.953593333,107.6994973,678.9,16,44.70588,26.97607,37.0,29.58666,39.0,29.73169,30.0,23.78535,25.0,33.810311612572676,26287.69262157732,-0.10000000000002274,3.835549263715856e-07,8.219033549460417e-07,9.040936904406349e-07,1.6986002942852597e-06
2025-11-21 09:16:14+00,-6.9536735,107.699693,679.9,19,74.90196,26.97607,37.0,29.58666,39.0,29.73169,30.0,23.78535,25.0,23.36787747550928,26311.06049905283,1.0,3.835549263715856e-07,8.219033549460417e-07,9.040936904406349e-07,1.6986002942852597e-06
2025-11-21 09:16:19+00,-6.953867167,107.6999373,678.5,29,73.72549,26.97607,37.0,29.58666,39.0,29.73169,30.0,23.78535,25.0,34.50894063231196,26345.569439685143,-1.3999999999999773,3.835549263715856e-07,8.219033549460417e-07,9.040936904406349e-07,1.6986002942852597e-06
2025-11-21 09:16:34+00,-6.954851167,107.7005307,676.1,23,43.52941,26.97607,37.0,29.58666,39.0,29.73169,30.0,23.78535,25.0,127.5217745991422,26473.091214284286,-2.3999999999999773,3.835549263715856e-07,8.219033549460417e-07,9.040936904406349e-07,1.6986002942852597e-06
2025-11-21 09:16:29+00,-6.954560167,107.700356,676.7,31,39.60784,26.97607,37.0,29.58666,39.0,29.73169,30.0,23.78535,25.0,37.667671089077366,26510.758885373365,0.6000000000000227,3.835549263715856e-07,8.219033549460417e-07,9.040936904406349e-07,1.6986002942852597e-06
2025-11-21 09:16:24+00,-6.954191667,107.7001572,677.3,32,62.35294,26.97607,37.0,29.58666,39.0,29.73169,30.0,23.78535,25.0,46.480913671685656,26557.23979904505,0.599999999999909,3.835549263715856e-07,8.219033549460417e-07,9.040936904406349e-07,1.6986002942852597e-06
2025-11-21 09:16:39+00,-6.955009667,107.7007712,675.1,22,40.78431,26.97607,37.0,29.58666,39.0,29.73169,30.0,23.78535,25.0,113.42949260553695,26670.66929165059,-2.199999999999932,3.835549263715856e-07,8.219033549460417e-07,9.040936904406349e-07,1.6986002942852597e-06
2025-11-21 09:16:44+00,-6.955012167,107.7010077,672.7,17,42.35294,26.97607,37.0,29.58666,39.0,29.73169,30.0,23.78535,25.0,26.105606455562288,26696.774898106152,-2.3999999999999773,3.835549263715856e-07,8.219033549460417e-07,9.040936904406349e-07,1.6986002942852597e-06
2025-11-21 09:16:49+00,-6.954944333,107.7011865,672.1,15,69.80392,26.97607,37.0,29.58666,39.0,29.73169,30.0,23.78535,25.0,21.12769003201633,26717.902588138168,-0.6000000000000227,3.835549263715856e-07,8.219033549460417e-07,9.040936904406349e-07,1.6986002942852597e-06
2025-11-21 09:16:54+00,-6.954854,107.7014098,671.5,23,60.78431,26.97607,37.0,29.58666,39.0,29.73169,30.0,23.78535,25.0,26.61533531795177,26744.51792345612,-0.6000000000000227,3.835549263715856e-07,8.219033549460417e-07,9.040936904406349e-07,1.6986002942852597e-06
2025-11-21 09:16:59+00,-6.954737833,107.7016692,672.0,19,40.0,26.97607,37.0,29.58666,39.0,29.73169,30.0,23.78535,25.0,31.410702752087197,26775.928626208206,0.5,3.835549263715856e-07,8.219033549460417e-07,9.040936904406349e-07,1.6986002942852597e-06
2025-11-21 09:17:04+00,-6.9546975,107.7018615,674.2,12,49.41177,26.97607,37.0,29.58666,39.0,29.73169,30.0,23.78535,25.0,21.694119499095954,26797.622745707304,2.2000000000000455,3.835549263715856e-07,8.219033549460417e-07,9.040936904406349e-07,1.6986002942852597e-06
2025-11-21 09:17:09+00,-6.954750667,107.7019825,675.6,9,49.01961,26.97607,37.0,29.58666,39.0,29.73169,30.0,23.78535,25.0,14.605578465043529,26812.22832417235,1.3999999999999773,3.835549263715856e-07,8.219033549460417e-07,9.040936904406349e-07,1.6986002942852597e-06
2025-11-21 09:17:14+00,-6.954806833,107.7020505,676.6,6,45.88235,26.97607,37.0,29.58666,39.0,29.73169,30.0,23.78535,25.0,9.764183899128108,26821.99250807148,1.0,3.835549263715856e-07,8.219033549460417e-07,9.040936904406349e-07,1.6986002942852597e-06
2025-11-21 09:17:19+00,-6.954839,107.7020075,677.5,7,44.70588,26.97607,37.0,29.58666,39.0,29.73169,30.0,23.78535,25.0,5.943068487047659,26827.935576558528,0.8999999999999773,3.835549263715856e-07,8.219033549460417e-07,9.040936904406349e-07,1.6986002942852597e-06
2025-11-21 09:17:24+00,-6.954765167,107.701952,676.7,11,58.03922,26.97607,37.0,29.58666,39.0,29.73169,30.0,23.78535,25.0,10.243474970102211,26838.17905152863,-0.7999999999999545,3.835549263715856e-07,8.219033549460417e-07,9.040936904406349e-07,1.6986002942852597e-06
2025-11-21 09:17:29+00,-6.9547435,107.7017845,679.5,18,67.05882,26.97607,37.0,29.58666,39.0,29.73169,30.0,23.78535,25.0,18.644453024170176,26856.8235045528,2.7999999999999545,3.835549263715856e-07,8.219033549460417e-07,9.040936904406349e-07,1.6986002942852597e-06
2025-11-21 09:17:34+00,-6.954858667,107.7015235,680.4,26,63.92157,26.97607,37.0,29.58666,39.0,29.73169,30.0,23.78535,25.0,31.526433984656016,26888.349938537456,0.8999999999999773,3.835549263715856e-07,8.219033549460417e-07,9.040936904406349e-07,1.6986002942852597e-06
2025-11-21 09:17:39+00,-6.954998333,107.7012118,681.0,25,36.47059,26.97607,37.0,29.58666,39.0,29.73169,30.0,23.78535,25.0,37.74723739983299,26926.097175937288,0.6000000000000227,3.835549263715856e-07,8.219033549460417e-07,9.040936904406349e-07,1.6986002942852597e-06
2025-11-21 09:17:44+00,-6.9551335,107.7009818,681.0,18,40.78431,26.97607,37.0,29.58666,39.0,29.73169,30.0,23.78535,25.0,29.502224710703338,26955.599400647992,0.0,3.835549263715856e-07,8.219033549460417e-07,9.040936904406349e-07,1.6986002942852597e-06
2025-11-21 09:17:49+00,-6.955330167,107.7008373,681.3,23,70.19608,26.97607,37.0,29.58666,39.0,29.73169,30.0,23.78535,25.0,27.066805098454704,26982.666205746445,0.2999999999999545,3.835549263715856e-07,8.219033549460417e-07,9.040936904406349e-07,1.6986002942852597e-06
2025-11-21 09:17:54+00,-6.9556565,107.7008557,681.0,29,78.03922,26.97607,37.0,29.58666,39.0,29.73169,30.0,23.78535,25.0,36.34341446391487,27019.00962021036,-0.2999999999999545,3.835549263715856e-07,8.219033549460417e-07,9.040936904406349e-07,1.6986002942852597e-06
2025-11-21 09:17:59+00,-6.956041,107.7010175,681.6,38,82.74509,26.97607,37.0,29.58666,39.0,29.73169,30.0,23.78535,25.0,46.33454264593174,27065.34416285629,0.6000000000000227,3.835549263715856e-07,8.219033549460417e-07,9.040936904406349e-07,1.6986002942852597e-06
2025-11-21 09:18:04+00,-6.956521333,107.7012283,680.2,44,45.88235,26.97607,37.0,29.58666,39.0,29.73169,30.0,23.78535,25.0,58.25864898710978,27123.6028118434,-1.3999999999999773,3.835549263715856e-07,8.219033549460417e-07,9.040936904406349e-07,1.6986002942852597e-06
2025-11-21 09:18:09+00,-6.956959,107.7014178,679.1,25,42.35294,26.97607,37.0,29.58666,39.0,29.73169,30.0,23.78535,25.0,52.97087236334433,27176.573684206745,-1.1000000000000227,3.835549263715856e-07,8.219033549460417e-07,9.040936904406349e-07,1.6986002942852597e-06
2025-11-21 09:18:14+00,-6.957131333,107.7014937,678.0,13,83.13725,26.97607,37.0,29.58666,39.0,29.73169,30.0,23.78535,25.0,20.913827228493208,27197.48751143524,-1.1000000000000227,3.835549263715856e-07,8.219033549460417e-07,9.040936904406349e-07,1.6986002942852597e-06
2025-11-21 09:18:19+00,-6.957364333,107.7015998,678.4,27,90.19608,26.97607,37.0,29.58666,39.0,29.73169,30.0,23.78535,25.0,28.43226725328793,27225.919778688527,0.39999999999997726,3.835549263715856e-07,8.219033549460417e-07,9.040936904406349e-07,1.6986002942852597e-06
2025-11-21 09:18:24+00,-6.957742167,107.701758,680.4,37,92.54902,26.97607,37.0,29.58666,39.0,29.73169,30.0,23.78535,25.0,45.497479934696685,27271.417258623223,2.0,3.835549263715856e-07,8.219033549460417e-07,9.040936904406349e-07,1.6986002942852597e-06
2025-11-21 09:18:29+00,-6.958207667,107.7019637,682.7,44,46.27451,26.97607,37.0,29.58666,39.0,29.73169,30.0,23.78535,25.0,56.52187081790617,27327.93912944113,2.300000000000068,3.835549263715856e-07,8.219033549460417e-07,9.040936904406349e-07,1.6986002942852597e-06
2025-11-21 09:18:34+00,-6.958672833,107.7021647,682.9,31,44.31372,26.97607,37.0,29.58666,39.0,29.73169,30.0,23.78535,25.0,56.28134732647151,27384.2204767676,0.1999999999999318,3.835549263715856e-07,8.219033549460417e-07,9.040936904406349e-07,1.6986002942852597e-06
2025-11-21 09:18:39+00,-6.958935667,107.7022797,681.3,13,50.98039,26.97607,37.0,29.58666,39.0,29.73169,30.0,23.78535,25.0,31.86327683955707,27416.08375360716,-1.6000000000000227,3.835549263715856e-07,8.219033549460417e-07,9.040936904406349e-07,1.6986002942852597e-06
2025-11-21 09:18:44+00,-6.959032,107.702324,681.6,10,71.37255,26.97607,37.0,29.58666,39.0,29.73169,30.0,23.78535,25.0,11.774991255420684,27427.85874486258,0.3000000000000682,3.835549263715856e-07,8.219033549460417e-07,9.040936904406349e-07,1.6986002942852597e-06
2025-11-21 09:18:49+00,-6.9592045,107.7023975,684.7,22,69.41177,26.97607,37.0,29.58666,39.0,29.73169,30.0,23.78535,25.0,20.826216613059312,27448.68496147564,3.1000000000000227,3.835549263715856e-07,8.219033549460417e-07,9.040936904406349e-07,1.6986002942852597e-06
2025-11-21 09:18:54+00,-6.959487667,107.7024703,684.7,25,48.23529,26.97607,37.0,29.58666,39.0,29.73169,30.0,23.78535,25.0,32.4959100259235,27481.18087150156,0.0,3.835549263715856e-07,8.219033549460417e-07,9.040936904406349e-07,1.6986002942852597e-06
2025-11-21 09:18:59+00,-6.959797167,107.7025272,684.2,23,41.96078,26.97607,37.0,29.58666,39.0,29.73169,30.0,23.78535,25.0,34.98323839912459,27516.164109900685,-0.5,3.835549263715856e-07,8.219033549460417e-07,9.040936904406349e-07,1.6986002942852597e-06
2025-11-21 09:19:04+00,-6.960079833,107.7026187,683.7,24,63.52941,26.97607,37.0,29.58666,39.0,29.73169,30.0,23.78535,25.0,33.01377699516655,27549.17788689585,-0.5,3.835549263715856e-07,8.219033549460417e-07,9.040936904406349e-07,1.6986002942852597e-06
2025-11-21 09:19:09+00,-6.960375,107.7027148,683.4,22,49.01961,26.97607,37.0,29.58666,39.0,29.73169,30.0,23.78535,25.0,34.49255470645032,27583.6704416023,-0.3000000000000682,3.835549263715856e-07,8.219033549460417e-07,9.040936904406349e-07,1.6986002942852597e-06
2025-11-21 09:19:14+00,-6.9606405,107.702803,683.4,21,45.4902,26.97607,37.0,29.58666,39.0,29.73169,30.0,23.78535,25.0,31.085985328401232,27614.7564269307,0.0,3.835549263715856e-07,8.219033549460417e-07,9.040936904406349e-07,1.6986002942852597e-06
2025-11-21 09:19:19+00,-6.960830333,107.7028743,682.7,10,52.94118,26.97607,37.0,29.58666,39.0,29.73169,30.0,23.78535,25.0,22.52780347861869,27637.284230409317,-0.6999999999999318,3.835549263715856e-07,8.219033549460417e-07,9.040936904406349e-07,1.6986002942852597e-06
2025-11-21 09:19:24+00,-6.960946,107.7029273,682.2,10,67.05882,26.97607,37.0,29.58666,39.0,29.73169,30.0,23.78535,25.0,14.129477005419618,27651.413707414737,-0.5,3.835549263715856e-07,8.219033549460417e-07,9.040936904406349e-07,1.6986002942852597e-06
2025-11-21 09:19:29+00,-6.961096833,107.702999,682.4,17,72.15686,26.97607,37.0,29.58666,39.0,29.73169,30.0,23.78535,25.0,18.545250847976455,27669.958958262712,0.1999999999999318,3.835549263715856e-07,8.219033549460417e-07,9.040936904406349e-07,1.6986002942852597e-06
2025-11-21 09:19:34+00,-6.961338333,107.7031405,682.2,27,68.62745,26.97607,37.0,29.58666,39.0,29.73169,30.0,23.78535,25.0,31.065126727331197,27701.024084990044,-0.1999999999999318,3.835549263715856e-07,8.219033549460417e-07,9.040936904406349e-07,1.6986002942852597e-06
2025-11-21 09:19:39+00,-6.961591333,107.7033913,681.1,25,39.60784,26.97607,37.0,29.58666,39.0,29.73169,30.0,23.78535,25.0,39.46808839878512,27740.49217338883,-1.1000000000000227,3.835549263715856e-07,8.219033549460417e-07,9.040936904406349e-07,1.6986002942852597e-06
2025-11-21 09:19:44+00,-6.961779167,107.7036348,680.8,23,55.68628,26.97607,37.0,29.58666,39.0,29.73169,30.0,23.78535,25.0,34.037831432696535,27774.530004821525,-0.3000000000000682,3.835549263715856e-07,8.219033549460417e-07,9.040936904406349e-07,1.6986002942852597e-06
2025-11-21 09:19:49+00,-6.961879333,107.7038608,681.0,16,51.37255,26.97607,37.0,29.58666,39.0,29.73169,30.0,23.78535,25.0,27.318449700478965,27801.848454522005,0.20000000000004547,3.835549263715856e-07,8.219033549460417e-07,9.040936904406349e-07,1.6986002942852597e-06
2025-11-21 09:19:54+00,-6.9619025,107.7040247,680.2,9,52.15686,26.97607,37.0,29.58666,39.0,29.73169,30.0,23.78535,25.0,18.272994033949534,27820.121448555954,-0.7999999999999545,3.835549263715856e-07,8.219033549460417e-07,9.040936904406349e-07,1.6986002942852597e-06
2025-11-21 09:19:59+00,-6.961907667,107.7041138,679.3,7,48.23529,26.97607,37.0,29.58666,39.0,29.73169,30.0,23.78535,25.0,9.851202069429279,27829.972650625383,-0.900000000000091,3.835549263715856e-07,8.219033549460417e-07,9.040936904406349e-07,1.6986002942852597e-06
2025-11-21 09:20:04+00,-6.961909333,107.704191,679.5,5,67.45098,26.97607,37.0,29.58666,39.0,29.73169,30.0,23.78535,25.0,8.522981542359096,27838.495632167742,0.20000000000004547,3.835549263715856e-07,8.219033549460417e-07,9.040936904406349e-07,1.6986002942852597e-06
2025-11-21 09:20:09+00,-6.9619075,107.7042498,679.0,5,56.86274,26.97607,37.0,29.58666,39.0,29.73169,30.0,23.78535,25.0,6.493263451820068,27844.98889561956,-0.5,3.835549263715856e-07,8.219033549460417e-07,9.040936904406349e-07,1.6986002942852597e-06
2025-11-21 09:20:14+00,-6.961949667,107.7042572,680.0,1,56.07843,26.97607,37.0,29.58666,39.0,29.73169,30.0,23.78535,25.0,4.7593720336961445,27849.748267653256,1.0,3.835549263715856e-07,8.219033549460417e-07,9.040936904406349e-07,1.6986002942852597e-06
2025-11-21 09:20:25+00,-6.961949833,107.7042715,681.1,6,59.21569,26.97607,37.0,29.58666,39.0,29.73169,30.0,23.78535,25.0,1.5784736333852094,27851.32674128664,1.1000000000000227,3.835549263715856e-07,8.219033549460417e-07,9.040936904406349e-07,1.6986002942852597e-06
2025-11-21 09:20:30+00,-6.961964667,107.7042157,681.0,17,75.68627,26.97607,37.0,29.58666,39.0,29.73169,30.0,23.78535,25.0,6.375990436673458,27857.702731723315,-0.10000000000002274,3.835549263715856e-07,8.219033549460417e-07,9.040936904406349e-07,1.6986002942852597e-06
2025-11-21 09:20:35+00,-6.961958333,107.7040298,678.9,24,47.05882,26.97607,37.0,29.58666,39.0,29.73169,30.0,23.78535,25.0,20.530837852868558,27878.233569576183,-2.1000000000000227,3.835549263715856e-07,8.219033549460417e-07,9.040936904406349e-07,1.6986002942852597e-06
2025-11-21 09:20:40+00,-6.961890167,107.7037318,677.8,25,76.47059,26.97607,37.0,29.58666,39.0,29.73169,30.0,23.78535,25.0,33.75387298518986,27911.987442561374,-1.1000000000000227,3.835549263715856e-07,8.219033549460417e-07,9.040936904406349e-07,1.6986002942852597e-06
2025-11-21 09:20:45+00,-6.961727333,107.7034622,677.2,28,43.52941,26.97607,37.0,29.58666,39.0,29.73169,30.0,23.78535,25.0,34.83286759242188,27946.820310153795,-0.599999999999909,3.835549263715856e-07,8.219033549460417e-07,9.040936904406349e-07,1.6986002942852597e-06
2025-11-21 09:20:50+00,-6.961494833,107.7031963,678.7,16,50.58823,26.97607,37.0,29.58666,39.0,29.73169,30.0,23.78535,25.0,39.11165858307073,27985.931968736866,1.5,3.835549263715856e-07,8.219033549460417e-07,9.040936904406349e-07,1.6986002942852597e-06
2025-11-21 09:20:55+00,-6.9613105,107.7030473,679.5,10,60.0,26.97607,37.0,29.58666,39.0,29.73169,30.0,23.78535,25.0,26.279124309451557,28012.211093046317,0.7999999999999545,3.835549263715856e-07,8.219033549460417e-07,9.040936904406349e-07,1.6986002942852597e-06
2025-11-21 09:21:00+00,-6.961224167,107.7029778,680.8,16,72.54902,26.97607,37.0,29.58666,39.0,29.73169,30.0,23.78535,25.0,12.288281544709797,28024.499374591025,1.2999999999999545,3.835549263715856e-07,8.219033549460417e-07,9.040936904406349e-07,1.6986002942852597e-06
2025-11-21 09:21:05+00,-6.961235167,107.7028118,684.0,23,62.35294,26.97607,37.0,29.58666,39.0,29.73169,30.0,23.78535,25.0,18.363096802307922,28042.86247139333,3.2000000000000455,3.835549263715856e-07,8.219033549460417e-07,9.040936904406349e-07,1.6986002942852597e-06
2025-11-21 09:21:10+00,-6.961379333,107.7025742,683.9,24,43.13726,26.97607,37.0,29.58666,39.0,29.73169,30.0,23.78535,25.0,30.736608092206954,28073.59907948554,-0.10000000000002274,3.835549263715856e-07,8.219033549460417e-07,9.040936904406349e-07,1.6986002942852597e-06
2025-11-21 09:21:15+00,-6.961599167,107.7023693,683.4,22,41.96078,26.97607,37.0,29.58666,39.0,29.73169,30.0,23.78535,25.0,33.3018133923159,28106.900892877853,-0.5,3.835549263715856e-07,8.219033549460417e-07,9.040936904406349e-07,1.6986002942852597e-06
2025-11-21 09:21:20+00,-6.961873833,107.70231,681.4,20,55.68628,26.97607,37.0,29.58666,39.0,29.73169,30.0,23.78535,25.0,31.234981223930067,28138.135874101783,-2.0,3.835549263715856e-07,8.219033549460417e-07,9.040936904406349e-07,1.6986002942852597e-06
2025-11-21 09:21:25+00,-6.962130167,107.702302,678.4,7,50.98039,26.97607,37.0,29.58666,39.0,29.73169,30.0,23.78535,25.0,28.51675374537561,28166.652627847157,-3.0,3.835549263715856e-07,8.219033549460417e-07,9.040936904406349e-07,1.6986002942852597e-06
2025-11-21 09:21:39+00,-6.962249667,107.702273,678.9,1,61.56863,26.97607,37.0,29.58666,39.0,29.73169,30.0,23.78535,25.0,13.667903349001625,28180.320531196157,0.5,3.835549263715856e-07,8.219033549460417e-07,9.040936904406349e-07,1.6986002942852597e-06
2025-11-21 09:21:44+00,-6.962247667,107.7022705,677.6,1,73.33334,26.97607,37.0,29.58666,39.0,29.73169,30.0,23.78535,25.0,0.35439963331303753,28180.67493082947,-1.2999999999999545,3.835549263715856e-07,8.219033549460417e-07,9.040936904406349e-07,1.6986002942852597e-06
2025-11-21 09:21:49+00,-6.962253333,107.7022587,678.0,1,63.92157,26.97607,37.0,29.58666,39.0,29.73169,30.0,23.78535,25.0,1.446808578576252,28182.12173940805,0.39999999999997726,3.835549263715856e-07,8.219033549460417e-07,9.040936904406349e-07,1.6986002942852597e-06
2025-11-21 09:21:54+00,-6.9622425,107.7022365,677.8,5,55.29412,26.97607,37.0,29.58666,39.0,29.73169,30.0,23.78535,25.0,2.730405359386594,28184.852144767436,-0.20000000000004547,3.835549263715856e-07,8.219033549460417e-07,9.040936904406349e-07,1.6986002942852597e-06
2025-11-21 09:21:59+00,-6.962171333,107.7022335,677.9,11,60.0,26.97607,37.0,29.58666,39.0,29.73169,30.0,23.78535,25.0,7.920344976079473,28192.772489743515,0.10000000000002274,3.835549263715856e-07,8.219033549460417e-07,9.040936904406349e-07,1.6986002942852597e-06
2025-11-21 09:22:04+00,-6.961995,107.702237,680.7,21,78.03922,26.97607,37.0,29.58666,39.0,29.73169,30.0,23.78535,25.0,19.61116737249419,28212.38365711601,2.800000000000068,3.835549263715856e-07,8.219033549460417e-07,9.040936904406349e-07,1.6986002942852597e-06
2025-11-21 09:22:09+00,-6.961717833,107.7022635,682.1,25,45.88235,26.97607,37.0,29.58666,39.0,29.73169,30.0,23.78535,25.0,30.958092011851654,28243.341749127863,1.3999999999999773,3.835549263715856e-07,8.219033549460417e-07,9.040936904406349e-07,1.6986002942852597e-06
2025-11-21 09:22:14+00,-6.961464667,107.7024258,678.5,23,41.96078,26.97607,37.0,29.58666,39.0,29.73169,30.0,23.78535,25.0,33.36729797068561,28276.70904709855,-3.6000000000000227,3.835549263715856e-07,8.219033549460417e-07,9.040936904406349e-07,1.6986002942852597e-06
2025-11-21 09:22:19+00,-6.9613295,107.7026102,679.0,4,53.33333,26.97607,37.0,29.58666,39.0,29.73169,30.0,23.78535,25.0,25.301213987481802,28302.01026108603,0.5,3.835549263715856e-07,8.219033549460417e-07,9.040936904406349e-07,1.6986002942852597e-06
2025-11-21 09:22:24+00,-6.961283667,107.7026767,682.3,11,60.39216,26.97607,37.0,29.58666,39.0,29.73169,30.0,23.78535,25.0,8.935792286661467,28310.946053372692,3.2999999999999545,3.835549263715856e-07,8.219033549460417e-07,9.040936904406349e-07,1.6986002942852597e-06
2025-11-21 09:22:29+00,-6.961174833,107.7027998,684.7,11,50.98039,26.97607,37.0,29.58666,39.0,29.73169,30.0,23.78535,25.0,18.19521899480681,28329.1412723675,2.400000000000091,3.835549263715856e-07,8.219033549460417e-07,9.040936904406349e-07,1.6986002942852597e-06
2025-11-21 09:22:34+00,-6.9610295,107.7028518,683.4,16,75.68627,26.97607,37.0,29.58666,39.0,29.73169,30.0,23.78535,25.0,17.149282224789456,28346.290554592288,-1.3000000000000682,3.835549263715856e-07,8.219033549460417e-07,9.040936904406349e-07,1.6986002942852597e-06
2025-11-21 09:22:39+00,-6.9607715,107.7027655,685.0,24,54.90196,26.97607,37.0,29.58666,39.0,29.73169,30.0,23.78535,25.0,30.228357931997138,28376.518912524283,1.6000000000000227,3.835549263715856e-07,8.219033549460417e-07,9.040936904406349e-07,1.6986002942852597e-06
2025-11-21 09:22:44+00,-6.960489,107.7026782,682.1,25,42.35294,26.97607,37.0,29.58666,39.0,29.73169,30.0,23.78535,25.0,32.857273376423066,28409.376185900706,-2.8999999999999773,3.835549263715856e-07,8.219033549460417e-07,9.040936904406349e-07,1.6986002942852597e-06
2025-11-21 09:22:49+00,-6.960186833,107.7025852,681.9,25,52.54902,26.97607,37.0,29.58666,39.0,29.73169,30.0,23.78535,25.0,35.13252229179228,28444.508708192498,-0.20000000000004547,3.835549263715856e-07,8.219033549460417e-07,9.040936904406349e-07,1.6986002942852597e-06
2025-11-21 09:22:54+00,-6.959919667,107.7024817,682.8,12,51.76471,26.97607,37.0,29.58666,39.0,29.73169,30.0,23.78535,25.0,31.828341066976158,28476.337049259473,0.8999999999999773,3.835549263715856e-07,8.219033549460417e-07,9.040936904406349e-07,1.6986002942852597e-06
2025-11-21 09:22:59+00,-6.959794667,107.7024255,684.1,14,63.13726,26.97607,37.0,29.58666,39.0,29.73169,30.0,23.78535,25.0,15.220760264366927,28491.55780952384,1.3000000000000682,3.835549263715856e-07,8.219033549460417e-07,9.040936904406349e-07,1.6986002942852597e-06
2025-11-21 09:23:04+00,-6.959652833,107.7022502,684.2,23,71.37255,26.97607,37.0,29.58666,39.0,29.73169,30.0,23.78535,25.0,24.962187814874742,28516.519997338717,0.10000000000002274,3.835549263715856e-07,8.219033549460417e-07,9.040936904406349e-07,1.6986002942852597e-06
2025-11-21 09:23:09+00,-6.9596635,107.7019142,688.7,30,86.66666,26.97607,37.0,29.58666,39.0,29.73169,30.0,23.78535,25.0,37.10521914362064,28553.625216482338,4.5,3.835549263715856e-07,8.219033549460417e-07,9.040936904406349e-07,1.6986002942852597e-06
2025-11-21 09:23:14+00,-6.9597095,107.701488,689.3,38,53.72549,26.97607,37.0,29.58666,39.0,29.73169,30.0,23.78535,25.0,47.3194102306731,28600.94462671301,0.599999999999909,3.835549263715856e-07,8.219033549460417e-07,9.040936904406349e-07,1.6986002942852597e-06
2025-11-21 09:23:19+00,-6.959781667,107.7010178,688.4,37,41.17647,26.97607,37.0,29.58666,39.0,29.73169,30.0,23.78535,25.0,52.515396085496484,28653.460022798507,-0.8999999999999773,3.835549263715856e-07,8.219033549460417e-07,9.040936904406349e-07,1.6986002942852597e-06
2025-11-21 09:23:24+00,-6.959849667,107.700585,688.3,31,42.35294,26.97607,37.0,29.58666,39.0,29.73169,30.0,23.78535,25.0,48.36532143199147,28701.8253442305,-0.10000000000002274,3.835549263715856e-07,8.219033549460417e-07,9.040936904406349e-07,1.6986002942852597e-06
2025-11-21 09:23:29+00,-6.959893167,107.7003147,686.5,9,67.05882,26.97607,37.0,29.58666,39.0,29.73169,30.0,23.78535,25.0,30.22411482436729,28732.049459054866,-1.7999999999999545,3.835549263715856e-07,8.219033549460417e-07,9.040936904406349e-07,1.6986002942852597e-06
2025-11-21 09:23:34+00,-6.9599205,107.7001685,684.8,18,71.37255,26.97607,37.0,29.58666,39.0,29.73169,30.0,23.78535,25.0,16.42065042365189,28748.47010947852,-1.7000000000000455,3.835549263715856e-07,8.219033549460417e-07,9.040936904406349e-07,1.6986002942852597e-06
2025-11-21 09:23:39+00,-6.959972333,107.6998875,684.0,27,71.37255,26.97607,37.0,29.58666,39.0,29.73169,30.0,23.78535,25.0,31.54654334640398,28780.016652824925,-0.7999999999999545,3.835549263715856e-07,8.219033549460417e-07,9.040936904406349e-07,1.6986002942852597e-06
2025-11-21 09:23:44+00,-6.960038,107.6995167,684.6,35,72.94118,26.97607,37.0,29.58666,39.0,29.73169,30.0,23.78535,25.0,41.57356225505135,28821.590215079977,0.6000000000000227,3.835549263715856e-07,8.219033549460417e-07,9.040936904406349e-07,1.6986002942852597e-06
2025-11-21 09:23:49+00,-6.960112,107.6990602,686.9,40,78.03922,26.97607,37.0,29.58666,39.0,29.73169,30.0,23.78535,25.0,51.053948336980795,28872.644163416957,2.2999999999999545,3.835549263715856e-07,8.219033549460417e-07,9.040936904406349e-07,1.6986002942852597e-06
2025-11-21 09:23:54+00,-6.960199167,107.698538,686.6,44,79.21568,26.97607,37.0,29.58666,39.0,29.73169,30.0,23.78535,25.0,58.44743898018339,28931.09160239714,-0.2999999999999545,3.835549263715856e-07,8.219033549460417e-07,9.040936904406349e-07,1.6986002942852597e-06
2025-11-21 09:23:59+00,-6.9602985,107.697976,687.1,47,63.52941,26.97607,37.0,29.58666,39.0,29.73169,30.0,23.78535,25.0,63.006801353945285,28994.098403751086,0.5,3.835549263715856e-07,8.219033549460417e-07,9.040936904406349e-07,1.6986002942852597e-06
2025-11-21 09:24:04+00,-6.960399167,107.6973858,687.1,46,37.2549,26.97607,37.0,29.58666,39.0,29.73169,30.0,23.78535,25.0,66.09839135012021,29060.196795101205,0.0,3.835549263715856e-07,8.219033549460417e-07,9.040936904406349e-07,1.6986002942852597e-06
2025-11-21 09:24:09+00,-6.960495,107.6968542,687.8,36,39.21569,26.97607,37.0,29.58666,39.0,29.73169,30.0,23.78535,25.0,59.6354460886034,29119.832241189808,0.6999999999999318,3.835549263715856e-07,8.219033549460417e-07,9.040936904406349e-07,1.6986002942852597e-06
2025-11-21 09:24:14+00,-6.96058,107.6964063,686.3,38,77.64706,26.97607,37.0,29.58666,39.0,29.73169,30.0,23.78535,25.0,50.3325967272124,29170.164837917022,-1.5,3.835549263715856e-07,8.219033549460417e-07,9.040936904406349e-07,1.6986002942852597e-06
2025-11-21 09:24:19+00,-6.960667667,107.6959307,687.5,32,43.13726,26.97607,37.0,29.58666,39.0,29.73169,30.0,23.78535,25.0,53.39203834238341,29223.556876259405,1.2000000000000455,3.835549263715856e-07,8.219033549460417e-07,9.040936904406349e-07,1.6986002942852597e-06
2025-11-21 09:24:24+00,-6.960713167,107.6956698,686.9,15,53.72549,26.97607,37.0,29.58666,39.0,29.73169,30.0,23.78535,25.0,29.238039516221903,29252.794915775627,-0.6000000000000227,3.835549263715856e-07,8.219033549460417e-07,9.040936904406349e-07,1.6986002942852597e-06
2025-11-21 09:24:29+00,-6.960805167,107.6954793,686.6,22,69.41177,26.97607,37.0,29.58666,39.0,29.73169,30.0,23.78535,25.0,23.38304804164667,29276.177963817274,-0.2999999999999545,3.835549263715856e-07,8.219033549460417e-07,9.040936904406349e-07,1.6986002942852597e-06
2025-11-21 09:24:34+00,-6.960896,107.695207,686.2,22,43.13726,26.97607,37.0,29.58666,39.0,29.73169,30.0,23.78535,25.0,31.70696102946909,29307.88492484674,-0.39999999999997726,3.835549263715856e-07,8.219033549460417e-07,9.040936904406349e-07,1.6986002942852597e-06
2025-11-21 09:24:39+00,-6.960698333,107.6950433,685.8,22,71.76471,26.97607,37.0,29.58666,39.0,29.73169,30.0,23.78535,25.0,28.452983692197375,29336.33790853894,-0.40000000000009095,3.835549263715856e-07,8.219033549460417e-07,9.040936904406349e-07,1.6986002942852597e-06
2025-11-21 09:24:44+00,-6.9603925,107.6951222,689.3,29,76.86275,26.97607,37.0,29.58666,39.0,29.73169,30.0,23.78535,25.0,35.10448414406429,29371.442392683002,3.5,3.835549263715856e-07,8.219033549460417e-07,9.040936904406349e-07,1.6986002942852597e-06
2025-11-21 09:24:49+00,-6.959991333,107.6951028,688.7,36,72.94118,26.97607,37.0,29.58666,39.0,29.73169,30.0,23.78535,25.0,44.65916079224817,29416.10155347525,-0.599999999999909,3.835549263715856e-07,8.219033549460417e-07,9.040936904406349e-07,1.6986002942852597e-06
2025-11-21 09:24:54+00,-6.959516833,107.6950168,685.2,41,80.39216,26.97607,37.0,29.58666,39.0,29.73169,30.0,23.78535,25.0,53.60913711580363,29469.710690591055,-3.5,3.835549263715856e-07,8.219033549460417e-07,9.040936904406349e-07,1.6986002942852597e-06
2025-11-21 09:24:59+00,-6.959001833,107.6949372,682.9,39,51.37255,26.97607,37.0,29.58666,39.0,29.73169,30.0,23.78535,25.0,57.935533065229336,29527.646223656284,-2.300000000000068,3.835549263715856e-07,8.219033549460417e-07,9.040936904406349e-07,1.6986002942852597e-06
2025-11-21 09:25:04+00,-6.958522333,107.6949462,683.2,39,74.11765,26.97607,37.0,29.58666,39.0,29.73169,30.0,23.78535,25.0,53.32729417838716,29580.97351783467,0.3000000000000682,3.835549263715856e-07,8.219033549460417e-07,9.040936904406349e-07,1.6986002942852597e-06
2025-11-21 09:25:09+00,-6.958021,107.6950162,682.0,43,40.78431,26.97607,37.0,29.58666,39.0,29.73169,30.0,23.78535,25.0,56.278648057821876,29637.252165892492,-1.2000000000000455,3.835549263715856e-07,8.219033549460417e-07,9.040936904406349e-07,1.6986002942852597e-06
2025-11-21 09:25:14+00,-6.957507667,107.6950802,683.6,37,38.43137,26.97607,37.0,29.58666,39.0,29.73169,30.0,23.78535,25.0,57.515558548105965,29694.767724440597,1.6000000000000227,3.835549263715856e-07,8.219033549460417e-07,9.040936904406349e-07,1.6986002942852597e-06
2025-11-21 09:25:19+00,-6.957096333,107.6951313,684.9,26,46.66667,26.97607,37.0,29.58666,39.0,29.73169,30.0,23.78535,25.0,46.08476805085611,29740.852492491453,1.2999999999999545,3.835549263715856e-07,8.219033549460417e-07,9.040936904406349e-07,1.6986002942852597e-06
2025-11-21 09:25:24+00,-6.956818167,107.6950868,682.3,22,84.31373,26.97607,37.0,29.58666,39.0,29.73169,30.0,23.78535,25.0,31.318252053631575,29772.170744545085,-2.6000000000000227,3.835549263715856e-07,8.219033549460417e-07,9.040936904406349e-07,1.6986002942852597e-06
2025-11-21 09:25:29+00,-6.956653333,107.6948192,684.5,32,82.35294,26.97607,37.0,29.58666,39.0,29.73169,30.0,23.78535,25.0,34.76149065836988,29806.932235203454,2.2000000000000455,3.835549263715856e-07,8.219033549460417e-07,9.040936904406349e-07,1.6986002942852597e-06
2025-11-21 09:25:34+00,-6.956372167,107.6944862,687.5,37,52.94118,26.97607,37.0,29.58666,39.0,29.73169,30.0,23.78535,25.0,48.25362749017436,29855.18586269363,3.0,3.835549263715856e-07,8.219033549460417e-07,9.040936904406349e-07,1.6986002942852597e-06
2025-11-21 09:25:39+00,-6.955975833,107.6942428,688.7,38,45.4902,26.97607,37.0,29.58666,39.0,29.73169,30.0,23.78535,25.0,51.61359364689649,29906.799456340526,1.2000000000000455,3.835549263715856e-07,8.219033549460417e-07,9.040936904406349e-07,1.6986002942852597e-06
2025-11-21 09:25:44+00,-6.9555815,107.6940638,688.1,24,64.31373,26.97607,37.0,29.58666,39.0,29.73169,30.0,23.78535,25.0,48.09358851519848,29954.893044855726,-0.6000000000000227,3.835549263715856e-07,8.219033549460417e-07,9.040936904406349e-07,1.6986002942852597e-06
2025-11-21 09:25:49+00,-6.955427,107.6939942,688.6,7,54.11765,26.97607,37.0,29.58666,39.0,29.73169,30.0,23.78535,25.0,18.819047467250787,29973.712092322978,0.5,3.835549263715856e-07,8.219033549460417e-07,9.040936904406349e-07,1.6986002942852597e-06
2025-11-21 09:25:54+00,-6.9552855,107.693933,687.5,20,80.39216,26.97607,37.0,29.58666,39.0,29.73169,30.0,23.78535,25.0,17.122874776981742,29990.83496709996,-1.1000000000000227,3.835549263715856e-07,8.219033549460417e-07,9.040936904406349e-07,1.6986002942852597e-06
2025-11-21 09:25:59+00,-6.9549835,107.6938008,688.7,32,74.90196,26.97607,37.0,29.58666,39.0,29.73169,30.0,23.78535,25.0,36.614189982788695,30027.44915708275,1.2000000000000455,3.835549263715856e-07,8.219033549460417e-07,9.040936904406349e-07,1.6986002942852597e-06
2025-11-21 09:26:04+00,-6.954595833,107.693621,688.5,38,68.23529,26.97607,37.0,29.58666,39.0,29.73169,30.0,23.78535,25.0,47.455652095517905,30074.904809178268,-0.20000000000004547,3.835549263715856e-07,8.219033549460417e-07,9.040936904406349e-07,1.6986002942852597e-06
2025-11-21 09:26:09+00,-6.9541985,107.6933543,686.5,42,81.96078,26.97607,37.0,29.58666,39.0,29.73169,30.0,23.78535,25.0,53.09022340509338,30127.99503258336,-2.0,3.835549263715856e-07,8.219033549460417e-07,9.040936904406349e-07,1.6986002942852597e-06
2025-11-21 09:26:14+00,-6.953827667,107.692954,685.7,46,76.47059,26.97607,37.0,29.58666,39.0,29.73169,30.0,23.78535,25.0,60.436168959709875,30188.43120154307,-0.7999999999999545,3.835549263715856e-07,8.219033549460417e-07,9.040936904406349e-07,1.6986002942852597e-06
2025-11-21 09:26:19+00,-6.953529667,107.6924562,685.0,45,36.86274,26.97607,37.0,29.58666,39.0,29.73169,30.0,23.78535,25.0,64.16415906867478,30252.595360611744,-0.7000000000000455,3.835549263715856e-07,8.219033549460417e-07,9.040936904406349e-07,1.6986002942852597e-06
2025-11-21 09:26:24+00,-6.953276333,107.6919643,684.5,37,38.43137,26.97607,37.0,29.58666,39.0,29.73169,30.0,23.78535,25.0,61.16714624646826,30313.762506858213,-0.5,3.835549263715856e-07,8.219033549460417e-07,9.040936904406349e-07,1.6986002942852597e-06
2025-11-21 09:26:29+00,-6.9531515,107.6915705,683.6,30,43.92157,26.97607,37.0,29.58666,39.0,29.73169,30.0,23.78535,25.0,45.629156435514076,30359.391663293725,-0.8999999999999773,3.835549263715856e-07,8.219033549460417e-07,9.040936904406349e-07,1.6986002942852597e-06
2025-11-21 09:26:34+00,-6.953216167,107.6911682,681.7,33,51.76471,26.97607,37.0,29.58666,39.0,29.73169,30.0,23.78535,25.0,44.98322038074765,30404.374883674474,-1.8999999999999773,3.835549263715856e-07,8.219033549460417e-07,9.040936904406349e-07,1.6986002942852597e-06
2025-11-21 09:26:39+00,-6.953202333,107.6907577,680.1,29,44.70588,26.97607,37.0,29.58666,39.0,29.73169,30.0,23.78535,25.0,45.33597766978273,30449.710861344258,-1.6000000000000227,3.835549263715856e-07,8.219033549460417e-07,9.040936904406349e-07,1.6986002942852597e-06
2025-11-21 09:26:44+00,-6.953015,107.6904887,682.3,22,78.03922,26.97607,37.0,29.58666,39.0,29.73169,30.0,23.78535,25.0,36.26975185788895,30485.980613202148,2.199999999999932,3.835549263715856e-07,8.219033549460417e-07,9.040936904406349e-07,1.6986002942852597e-06
2025-11-21 09:26:49+00,-6.9527495,107.6903678,684.7,24,46.27451,26.97607,37.0,29.58666,39.0,29.73169,30.0,23.78535,25.0,32.39822179778464,30518.378834999934,2.400000000000091,3.835549263715856e-07,8.219033549460417e-07,9.040936904406349e-07,1.6986002942852597e-06
2025-11-21 09:26:54+00,-6.952497833,107.6903017,684.0,18,80.0,26.97607,37.0,29.58666,39.0,29.73169,30.0,23.78535,25.0,28.919586858882813,30547.298421858817,-0.7000000000000455,3.835549263715856e-07,8.219033549460417e-07,9.040936904406349e-07,1.6986002942852597e-06
2025-11-21 09:26:59+00,-6.952302,107.6901368,684.6,27,90.58823,26.97607,37.0,29.58666,39.0,29.73169,30.0,23.78535,25.0,28.38071426929096,30575.679136128107,0.6000000000000227,3.835549263715856e-07,8.219033549460417e-07,9.040936904406349e-07,1.6986002942852597e-06
2025-11-21 09:27:04+00,-6.952112667,107.6897872,685.1,37,78.43137,26.97607,37.0,29.58666,39.0,29.73169,30.0,23.78535,25.0,43.9574412429019,30619.63657737101,0.5,3.835549263715856e-07,8.219033549460417e-07,9.040936904406349e-07,1.6986002942852597e-06
2025-11-21 09:27:09+00,-6.9518985,107.689348,684.7,41,76.07843,26.97607,37.0,29.58666,39.0,29.73169,30.0,23.78535,25.0,54.011306267427955,30673.647883638438,-0.39999999999997726,3.835549263715856e-07,8.219033549460417e-07,9.040936904406349e-07,1.6986002942852597e-06
2025-11-21 09:27:14+00,-6.951658333,107.6888732,683.8,45,58.82353,26.97607,37.0,29.58666,39.0,29.73169,30.0,23.78535,25.0,58.819231585559365,30732.467115223997,-0.900000000000091,3.835549263715856e-07,8.219033549460417e-07,9.040936904406349e-07,1.6986002942852597e-06
2025-11-21 09:27:19+00,-6.951413,107.688389,682.0,37,49.41177,26.97607,37.0,29.58666,39.0,29.73169,30.0,23.78535,25.0,60.004522504591236,30792.471637728588,-1.7999999999999545,3.835549263715856e-07,8.219033549460417e-07,9.040936904406349e-07,1.6986002942852597e-06
2025-11-21 09:27:24+00,-6.9512195,107.68801,682.0,30,43.13726,26.97607,37.0,29.58666,39.0,29.73169,30.0,23.78535,25.0,47.04212975298724,30839.513767481574,0.0,3.835549263715856e-07,8.219033549460417e-07,9.040936904406349e-07,1.6986002942852597e-06
2025-11-21 09:27:29+00,-6.951067,107.6876682,682.4,29,48.62745,26.97607,37.0,29.58666,39.0,29.73169,30.0,23.78535,25.0,41.362832184698426,30880.876599666273,0.39999999999997726,3.835549263715856e-07,8.219033549460417e-07,9.040936904406349e-07,1.6986002942852597e-06
2025-11-21 09:27:34+00,-6.950937333,107.6873347,681.5,27,46.66667,26.97607,37.0,29.58666,39.0,29.73169,30.0,23.78535,25.0,39.53400679785812,30920.41060646413,-0.8999999999999773,3.835549263715856e-07,8.219033549460417e-07,9.040936904406349e-07,1.6986002942852597e-06
2025-11-21 09:27:39+00,-6.950820333,107.6870762,680.1,15,64.70588,26.97607,37.0,29.58666,39.0,29.73169,30.0,23.78535,25.0,31.35870977627084,30951.769316240403,-1.3999999999999773,3.835549263715856e-07,8.219033549460417e-07,9.040936904406349e-07,1.6986002942852597e-06
2025-11-21 09:27:44+00,-6.950751333,107.6869473,680.2,7,52.15686,26.97607,37.0,29.58666,39.0,29.73169,30.0,23.78535,25.0,16.164598029887106,30967.93391427029,0.10000000000002274,3.835549263715856e-07,8.219033549460417e-07,9.040936904406349e-07,1.6986002942852597e-06
2025-11-21 09:27:49+00,-6.950733333,107.6868815,680.3,5,53.33333,26.97607,37.0,29.58666,39.0,29.73169,30.0,23.78535,25.0,7.5336065827312435,30975.46752085302,0.09999999999990905,3.835549263715856e-07,8.219033549460417e-07,9.040936904406349e-07,1.6986002942852597e-06
2025-11-21 09:27:54+00,-6.950781667,107.6868213,679.1,13,73.33334,26.97607,37.0,29.58666,39.0,29.73169,30.0,23.78535,25.0,8.54622392404398,30984.013744777065,-1.1999999999999318,3.835549263715856e-07,8.219033549460417e-07,9.040936904406349e-07,1.6986002942852597e-06
2025-11-21 09:27:59+00,-6.951003833,107.686772,680.9,27,77.64706,26.97607,37.0,29.58666,39.0,29.73169,30.0,23.78535,25.0,25.295995040442648,31009.30973981751,1.7999999999999545,3.835549263715856e-07,8.219033549460417e-07,9.040936904406349e-07,1.6986002942852597e-06
2025-11-21 09:28:05+00,-6.951426,107.6867342,681.0,30,74.5098,26.97607,37.0,29.58666,39.0,29.73169,30.0,23.78535,25.0,47.1279445236871,31056.437684341196,0.10000000000002274,3.835549263715856e-07,8.219033549460417e-07,9.040936904406349e-07,1.6986002942852597e-06
2025-11-21 09:28:09+00,-6.9517405,107.686701,680.6,35,60.39216,26.97607,37.0,29.58666,39.0,29.73169,30.0,23.78535,25.0,35.162329020435635,31091.600013361633,-0.39999999999997726,3.835549263715856e-07,8.219033549460417e-07,9.040936904406349e-07,1.6986002942852597e-06
2025-11-21 09:28:15+00,-6.952283833,107.6866653,685.2,37,42.7451,26.97607,37.0,29.58666,39.0,29.73169,30.0,23.78535,25.0,60.54432407074492,31152.14433743238,4.600000000000023,3.835549263715856e-07,8.219033549460417e-07,9.040936904406349e-07,1.6986002942852597e-06
2025-11-21 09:28:20+00,-6.9527125,107.6866168,684.9,31,42.7451,26.97607,37.0,29.58666,39.0,29.73169,30.0,23.78535,25.0,47.965332989175685,31200.109670421556,-0.3000000000000682,3.835549263715856e-07,8.219033549460417e-07,9.040936904406349e-07,1.6986002942852597e-06
2025-11-21 09:28:25+00,-6.9530775,107.6865642,685.0,30,82.35294,26.97607,37.0,29.58666,39.0,29.73169,30.0,23.78535,25.0,40.99936411683257,31241.10903453839,0.10000000000002274,3.835549263715856e-07,8.219033549460417e-07,9.040936904406349e-07,1.6986002942852597e-06
2025-11-21 09:28:30+00,-6.953489167,107.6865158,686.9,36,66.27451,26.97607,37.0,29.58666,39.0,29.73169,30.0,23.78535,25.0,46.08602775887339,31287.19506229726,1.8999999999999773,3.835549263715856e-07,8.219033549460417e-07,9.040936904406349e-07,1.6986002942852597e-06
2025-11-21 09:28:35+00,-6.953950833,107.6864787,687.1,35,41.56863,26.97607,37.0,29.58666,39.0,29.73169,30.0,23.78535,25.0,51.49805771277217,31338.693120010033,0.20000000000004547,3.835549263715856e-07,8.219033549460417e-07,9.040936904406349e-07,1.6986002942852597e-06
2025-11-21 09:28:40+00,-6.9543785,107.6864297,684.5,33,40.39216,26.97607,37.0,29.58666,39.0,29.73169,30.0,23.78535,25.0,47.86103719630539,31386.554157206338,-2.6000000000000227,3.835549263715856e-07,8.219033549460417e-07,9.040936904406349e-07,1.6986002942852597e-06
2025-11-21 09:28:45+00,-6.954777667,107.6863675,687.3,31,43.52941,26.97607,37.0,29.58666,39.0,29.73169,30.0,23.78535,25.0,44.91323498947751,31431.467392195817,2.7999999999999545,3.835549263715856e-07,8.219033549460417e-07,9.040936904406349e-07,1.6986002942852597e-06
2025-11-21 09:28:50+00,-6.955119833,107.6863488,686.8,21,59.60784,26.97607,37.0,29.58666,39.0,29.73169,30.0,23.78535,25.0,38.10312165805151,31469.57051385387,-0.5,3.835549263715856e-07,8.219033549460417e-07,9.040936904406349e-07,1.6986002942852597e-06
2025-11-21 09:28:55+00,-6.9553775,107.686344,687.1,22,72.94118,26.97607,37.0,29.58666,39.0,29.73169,30.0,23.78535,25.0,28.65620082647907,31498.226714680346,0.3000000000000682,3.835549263715856e-07,8.219033549460417e-07,9.040936904406349e-07,1.6986002942852597e-06
2025-11-21 09:29:00+00,-6.955688167,107.6863203,687.6,24,62.35294,26.97607,37.0,29.58666,39.0,29.73169,30.0,23.78535,25.0,34.643547343655094,31532.870262024,0.5,3.835549263715856e-07,8.219033549460417e-07,9.040936904406349e-07,1.6986002942852597e-06
2025-11-21 09:29:05+00,-6.955987167,107.6863343,688.7,24,42.35294,26.97607,37.0,29.58666,39.0,29.73169,30.0,23.78535,25.0,33.28322031291898,31566.15348233692,1.1000000000000227,3.835549263715856e-07,8.219033549460417e-07,9.040936904406349e-07,1.6986002942852597e-06
2025-11-21 09:29:10+00,-6.956234667,107.6863887,688.3,19,45.4902,26.97607,37.0,29.58666,39.0,29.73169,30.0,23.78535,25.0,28.168197035451662,31594.32167937237,-0.40000000000009095,3.835549263715856e-07,8.219033549460417e-07,9.040936904406349e-07,1.6986002942852597e-06
2025-11-21 09:29:15+00,-6.956422667,107.6865335,687.6,20,82.74509,26.97607,37.0,29.58666,39.0,29.73169,30.0,23.78535,25.0,26.314378359084152,31620.636057731455,-0.6999999999999318,3.835549263715856e-07,8.219033549460417e-07,9.040936904406349e-07,1.6986002942852597e-06
2025-11-21 09:29:20+00,-6.956532167,107.6868175,687.7,25,43.13726,26.97607,37.0,29.58666,39.0,29.73169,30.0,23.78535,25.0,33.62858249607837,31654.264640227535,0.10000000000002274,3.835549263715856e-07,8.219033549460417e-07,9.040936904406349e-07,1.6986002942852597e-06
2025-11-21 09:29:25+00,-6.956562667,107.6869807,688.8,5,53.33333,26.97607,37.0,29.58666,39.0,29.73169,30.0,23.78535,25.0,18.329923439770774,31672.594563667306,1.099999999999909,3.835549263715856e-07,8.219033549460417e-07,9.040936904406349e-07,1.6986002942852597e-06
2025-11-21 09:29:30+00,-6.956584667,107.6870937,688.4,15,76.47059,26.97607,37.0,29.58666,39.0,29.73169,30.0,23.78535,25.0,12.710180033673696,31685.30474370098,-0.39999999999997726,3.835549263715856e-07,8.219033549460417e-07,9.040936904406349e-07,1.6986002942852597e-06
2025-11-21 09:29:35+00,-6.956641667,107.6873865,686.9,28,78.82353,26.97607,37.0,29.58666,39.0,29.73169,30.0,23.78535,25.0,32.933872318588776,31718.23861601957,-1.5,3.835549263715856e-07,8.219033549460417e-07,9.040936904406349e-07,1.6986002942852597e-06
2025-11-21 09:29:40+00,-6.9567055,107.6877888,686.4,34,82.74509,26.97607,37.0,29.58666,39.0,29.73169,30.0,23.78535,25.0,44.96816364313064,31763.2067796627,-0.5,3.835549263715856e-07,8.219033549460417e-07,9.040936904406349e-07,1.6986002942852597e-06
2025-11-21 09:29:45+00,-6.956759167,107.688253,685.8,38,45.88235,26.97607,37.0,29.58666,39.0,29.73169,30.0,23.78535,25.0,51.58309345917954,31814.78987312188,-0.6000000000000227,3.835549263715856e-07,8.219033549460417e-07,9.040936904406349e-07,1.6986002942852597e-06
2025-11-21 09:29:50+00,-6.9567795,107.688683,690.2,33,40.78431,26.97607,37.0,29.58666,39.0,29.73169,30.0,23.78535,25.0,47.51569131453235,31862.305564436414,4.400000000000091,3.835549263715856e-07,8.219033549460417e-07,9.040936904406349e-07,1.6986002942852597e-06
2025-11-21 09:29:55+00,-6.956832833,107.6890093,692.8,19,49.80392,26.97607,37.0,29.58666,39.0,29.73169,30.0,23.78535,25.0,36.50081212034833,31898.806376556764,2.599999999999909,3.835549263715856e-07,8.219033549460417e-07,9.040936904406349e-07,1.6986002942852597e-06
2025-11-21 09:30:00+00,-6.956860833,107.6891432,693.5,6,52.94118,26.97607,37.0,29.58666,39.0,29.73169,30.0,23.78535,25.0,15.103787782548537,31913.91016433931,0.7000000000000455,3.835549263715856e-07,8.219033549460417e-07,9.040936904406349e-07,1.6986002942852597e-06
2025-11-21 09:30:05+00,-6.956895167,107.6893028,689.7,18,85.09804,26.97607,37.0,29.58666,39.0,29.73169,30.0,23.78535,25.0,18.025024807482495,31931.935189146792,-3.7999999999999545,3.835549263715856e-07,8.219033549460417e-07,9.040936904406349e-07,1.6986002942852597e-06
2025-11-21 09:30:10+00,-6.956946333,107.6896188,689.0,29,81.56863,26.97607,37.0,29.58666,39.0,29.73169,30.0,23.78535,25.0,35.33992256093616,31967.275111707728,-0.7000000000000455,3.835549263715856e-07,8.219033549460417e-07,9.040936904406349e-07,1.6986002942852597e-06
2025-11-21 09:30:15+00,-6.957008167,107.690003,688.4,30,48.23529,26.97607,37.0,29.58666,39.0,29.73169,30.0,23.78535,25.0,42.96038847273514,32010.235500180464,-0.6000000000000227,3.835549263715856e-07,8.219033549460417e-07,9.040936904406349e-07,1.6986002942852597e-06
2025-11-21 09:30:20+00,-6.9570365,107.6903225,688.0,22,46.66667,26.97607,37.0,29.58666,39.0,29.73169,30.0,23.78535,25.0,35.40570220359666,32045.64120238406,-0.39999999999997726,3.835549263715856e-07,8.219033549460417e-07,9.040936904406349e-07,1.6986002942852597e-06
2025-11-21 09:30:25+00,-6.956818833,107.6904663,688.8,25,97.25491,26.97607,37.0,29.58666,39.0,29.73169,30.0,23.78535,25.0,28.943631531322566,32074.58483391538,0.7999999999999545,3.835549263715856e-07,8.219033549460417e-07,9.040936904406349e-07,1.6986002942852597e-06
2025-11-21 09:30:30+00,-6.956462333,107.6904993,689.0,33,92.54902,26.97607,37.0,29.58666,39.0,29.73169,30.0,23.78535,25.0,39.80803669844941,32114.392870613832,0.20000000000004547,3.835549263715856e-07,8.219033549460417e-07,9.040936904406349e-07,1.6986002942852597e-06
2025-11-21 09:30:35+00,-6.955977333,107.6905612,687.5,44,90.19608,26.97607,37.0,29.58666,39.0,29.73169,30.0,23.78535,25.0,54.360681688271065,32168.753552302103,-1.5,3.835549263715856e-07,8.219033549460417e-07,9.040936904406349e-07,1.6986002942852597e-06
2025-11-21 09:30:40+00,-6.955399333,107.6906212,685.7,47,83.13725,26.97607,37.0,29.58666,39.0,29.73169,30.0,23.78535,25.0,64.61105926480633,32233.36461156691,-1.7999999999999545,3.835549263715856e-07,8.219033549460417e-07,9.040936904406349e-07,1.6986002942852597e-06
2025-11-21 09:30:45+00,-6.954786167,107.6906422,685.6,50,41.17647,26.97607,37.0,29.58666,39.0,29.73169,30.0,23.78535,25.0,68.2204316076013,32301.585043174513,-0.10000000000002274,3.835549263715856e-07,8.219033549460417e-07,9.040936904406349e-07,1.6986002942852597e-06
2025-11-21 09:30:50+00,-6.954194667,107.6906475,684.8,44,48.62745,26.97607,37.0,29.58666,39.0,29.73169,30.0,23.78535,25.0,65.77449149402165,32367.359534668536,-0.8000000000000682,3.835549263715856e-07,8.219033549460417e-07,9.040936904406349e-07,1.6986002942852597e-06
2025-11-21 09:30:55+00,-6.953687833,107.690654,683.8,35,40.78431,26.97607,37.0,29.58666,39.0,29.73169,30.0,23.78535,25.0,56.36201381994424,32423.72154848848,-1.0,3.835549263715856e-07,8.219033549460417e-07,9.040936904406349e-07,1.6986002942852597e-06
2025-11-21 09:31:00+00,-6.953312333,107.6906097,683.2,27,45.4902,26.97607,37.0,29.58666,39.0,29.73169,30.0,23.78535,25.0,42.03909045804198,32465.76063894652,-0.599999999999909,3.835549263715856e-07,8.219033549460417e-07,9.040936904406349e-07,1.6986002942852597e-06
2025-11-21 09:31:05+00,-6.953011,107.6904487,683.5,29,91.37255,26.97607,37.0,29.58666,39.0,29.73169,30.0,23.78535,25.0,37.92758143381332,32503.688220380336,0.2999999999999545,3.835549263715856e-07,8.219033549460417e-07,9.040936904406349e-07,1.6986002942852597e-06
2025-11-21 09:31:10+00,-6.952626833,107.6904155,681.9,33,87.05882,26.97607,37.0,29.58666,39.0,29.73169,30.0,23.78535,25.0,42.87437348012618,32546.56259386046,-1.6000000000000227,3.835549263715856e-07,8.219033549460417e-07,9.040936904406349e-07,1.6986002942852597e-06
2025-11-21 09:31:15+00,-6.952269167,107.6906212,680.1,32,78.43137,26.97607,37.0,29.58666,39.0,29.73169,30.0,23.78535,25.0,45.79529844681923,32592.35789230728,-1.7999999999999545,3.835549263715856e-07,8.219033549460417e-07,9.040936904406349e-07,1.6986002942852597e-06
2025-11-21 09:31:20+00,-6.952129833,107.6910102,679.7,36,49.01961,26.97607,37.0,29.58666,39.0,29.73169,30.0,23.78535,25.0,45.646624954866425,32638.004517262143,-0.39999999999997726,3.835549263715856e-07,8.219033549460417e-07,9.040936904406349e-07,1.6986002942852597e-06
2025-11-21 09:31:25+00,-6.952343,107.6913863,680.4,35,42.7451,26.97607,37.0,29.58666,39.0,29.73169,30.0,23.78535,25.0,47.80340499642732,32685.80792225857,0.6999999999999318,3.835549263715856e-07,8.219033549460417e-07,9.040936904406349e-07,1.6986002942852597e-06
2025-11-21 09:31:30+00,-6.952738667,107.6916017,678.8,34,41.17647,26.97607,37.0,29.58666,39.0,29.73169,30.0,23.78535,25.0,50.00932497898074,32735.81724723755,-1.6000000000000227,3.835549263715856e-07,8.219033549460417e-07,9.040936904406349e-07,1.6986002942852597e-06
2025-11-21 09:31:35+00,-6.953005833,107.6919155,677.9,32,72.94118,26.97607,37.0,29.58666,39.0,29.73169,30.0,23.78535,25.0,45.63134294088657,32781.448590178436,-0.8999999999999773,3.835549263715856e-07,8.219033549460417e-07,9.040936904406349e-07,1.6986002942852597e-06
2025-11-21 09:31:40+00,-6.953190667,107.6922718,677.2,32,76.86275,26.97607,37.0,29.58666,39.0,29.73169,30.0,23.78535,25.0,44.37406567847879,32825.822655856915,-0.6999999999999318,3.835549263715856e-07,8.219033549460417e-07,9.040936904406349e-07,1.6986002942852597e-06
2025-11-21 09:31:45+00,-6.953373667,107.6926227,677.9,30,43.92157,26.97607,37.0,29.58666,39.0,29.73169,30.0,23.78535,25.0,43.75145098682292,32869.574106843735,0.6999999999999318,3.835549263715856e-07,8.219033549460417e-07,9.040936904406349e-07,1.6986002942852597e-06
2025-11-21 09:31:50+00,-6.953529833,107.6929052,675.7,25,76.07843,26.97607,37.0,29.58666,39.0,29.73169,30.0,23.78535,25.0,35.690747301252415,32905.26485414499,-2.199999999999932,3.835549263715856e-07,8.219033549460417e-07,9.040936904406349e-07,1.6986002942852597e-06
2025-11-21 09:31:55+00,-6.953760167,107.6931915,674.2,32,51.76471,26.97607,37.0,29.58666,39.0,29.73169,30.0,23.78535,25.0,40.67674060409095,32945.94159474908,-1.5,3.835549263715856e-07,8.219033549460417e-07,9.040936904406349e-07,1.6986002942852597e-06
2025-11-21 09:32:00+00,-6.954052833,107.6934618,674.7,30,43.92157,26.97607,37.0,29.58666,39.0,29.73169,30.0,23.78535,25.0,44.1494213625093,32990.09101611159,0.5,3.835549263715856e-07,8.219033549460417e-07,9.040936904406349e-07,1.6986002942852597e-06
2025-11-21 09:32:05+00,-6.95435,107.6936677,676.5,28,52.15686,26.97607,37.0,29.58666,39.0,29.73169,30.0,23.78535,25.0,40.10453001836994,33030.19554612996,1.7999999999999545,3.835549263715856e-07,8.219033549460417e-07,9.040936904406349e-07,1.6986002942852597e-06
2025-11-21 09:32:10+00,-6.954614,107.693808,677.1,19,47.45098,26.97607,37.0,29.58666,39.0,29.73169,30.0,23.78535,25.0,33.18973104589829,33063.385277175854,0.6000000000000227,3.835549263715856e-07,8.219033549460417e-07,9.040936904406349e-07,1.6986002942852597e-06
2025-11-21 09:32:15+00,-6.954776,107.6938817,676.0,9,50.19608,26.97607,37.0,29.58666,39.0,29.73169,30.0,23.78535,25.0,19.765235493189905,33083.150512669046,-1.1000000000000227,3.835549263715856e-07,8.219033549460417e-07,9.040936904406349e-07,1.6986002942852597e-06
2025-11-21 09:32:20+00,-6.954869167,107.6939208,676.9,9,72.54902,26.97607,37.0,29.58666,39.0,29.73169,30.0,23.78535,25.0,11.222709900634703,33094.37322256968,0.8999999999999773,3.835549263715856e-07,8.219033549460417e-07,9.040936904406349e-07,1.6986002942852597e-06
2025-11-21 09:32:25+00,-6.9550805,107.6940145,678.8,24,70.58823,26.97607,37.0,29.58666,39.0,29.73169,30.0,23.78535,25.0,25.674410338784217,33120.04763290846,1.8999999999999773,3.835549263715856e-07,8.219033549460417e-07,9.040936904406349e-07,1.6986002942852597e-06
2025-11-21 09:32:30+00,-6.955404167,107.694144,680.9,31,79.60784,26.97607,37.0,29.58666,39.0,29.73169,30.0,23.78535,25.0,38.724740304970794,33158.77237321343,2.1000000000000227,3.835549263715856e-07,8.219033549460417e-07,9.040936904406349e-07,1.6986002942852597e-06
2025-11-21 09:32:35+00,-6.955799833,107.694314,681.4,37,59.60784,26.97607,37.0,29.58666,39.0,29.73169,30.0,23.78535,25.0,47.83040027839618,33206.60277349183,0.5,3.835549263715856e-07,8.219033549460417e-07,9.040936904406349e-07,1.6986002942852597e-06
2025-11-21 09:32:40+00,-6.956202333,107.6945677,681.7,37,40.78431,26.97607,37.0,29.58666,39.0,29.73169,30.0,23.78535,25.0,52.79435641861487,33259.397129910445,0.3000000000000682,3.835549263715856e-07,8.219033549460417e-07,9.040936904406349e-07,1.6986002942852597e-06
2025-11-21 09:32:45+00,-6.956443333,107.6948622,682.1,17,50.98039,26.97607,37.0,29.58666,39.0,29.73169,30.0,23.78535,25.0,42.12797955524573,33301.52510946569,0.39999999999997726,3.835549263715856e-07,8.219033549460417e-07,9.040936904406349e-07,1.6986002942852597e-06
2025-11-21 09:34:06+00,-6.956462,107.694959,682.3,3,67.84314,26.97607,37.0,29.58666,39.0,30.02176,30.0,23.78535,25.0,10.884201631953296,33312.40931109765,0.1999999999999318,3.835549263715856e-07,8.219033549460417e-07,9.040936904406349e-07,1.6986002942852597e-06
2025-11-21 09:34:11+00,-6.956477167,107.6950095,682.9,15,69.01961,26.97607,37.0,29.58666,39.0,30.02176,30.0,23.78535,25.0,5.82356410480567,33318.232875202455,0.6000000000000227,3.835549263715856e-07,8.219033549460417e-07,9.040936904406349e-07,1.6986002942852597e-06
2025-11-21 09:34:16+00,-6.956531667,107.6951868,682.8,24,59.60784,26.97607,37.0,29.58666,39.0,30.02176,30.0,23.78535,25.0,20.48659267798008,33338.71946788044,-0.10000000000002274,3.835549263715856e-07,8.219033549460417e-07,9.040936904406349e-07,1.6986002942852597e-06
2025-11-21 09:34:21+00,-6.9566015,107.695466,682.5,31,77.64706,26.97607,37.0,29.58666,39.0,30.02176,30.0,23.78535,25.0,31.780358685629135,33370.49982656607,-0.2999999999999545,3.835549263715856e-07,8.219033549460417e-07,9.040936904406349e-07,1.6986002942852597e-06
2025-11-21 09:34:26+00,-6.956683833,107.6958155,682.9,37,67.45098,26.97607,37.0,29.58666,39.0,30.02176,30.0,23.78535,25.0,39.64803607306489,33410.14786263913,0.39999999999997726,3.835549263715856e-07,8.219033549460417e-07,9.040936904406349e-07,1.6986002942852597e-06
2025-11-21 09:34:31+00,-6.9567315,107.6962653,682.9,42,75.29412,26.97607,37.0,29.58666,39.0,30.02176,30.0,23.78535,25.0,49.929459837571834,33460.0773224767,0.0,3.835549263715856e-07,8.219033549460417e-07,9.040936904406349e-07,1.6986002942852597e-06
2025-11-21 09:34:36+00,-6.956706167,107.6967777,683.8,45,67.45098,26.97607,37.0,29.58666,39.0,30.02176,30.0,23.78535,25.0,56.62700181224701,33516.70432428895,0.8999999999999773,3.835549263715856e-07,8.219033549460417e-07,9.040936904406349e-07,1.6986002942852597e-06
2025-11-21 09:34:41+00,-6.956559333,107.697308,688.0,47,73.72549,26.97607,37.0,29.58666,39.0,30.02176,30.0,23.78535,25.0,60.767166415296465,33577.47149070424,4.2000000000000455,3.835549263715856e-07,8.219033549460417e-07,9.040936904406349e-07,1.6986002942852597e-06
2025-11-21 09:34:46+00,-6.956331833,107.6978447,693.4,49,67.84314,26.97607,37.0,29.58666,39.0,30.02176,30.0,23.78535,25.0,64.41428773890664,33641.88577844315,5.399999999999977,3.835549263715856e-07,8.219033549460417e-07,9.040936904406349e-07,1.6986002942852597e-06
2025-11-21 09:34:51+00,-6.956093,107.6984082,694.6,48,41.17647,26.97607,37.0,29.58666,39.0,30.02176,30.0,23.78535,25.0,67.62964369958762,33709.515422142744,1.2000000000000455,3.835549263715856e-07,8.219033549460417e-07,9.040936904406349e-07,1.6986002942852597e-06
2025-11-21 09:34:56+00,-6.955844833,107.6989635,696.2,46,39.60784,26.97607,37.0,29.58666,39.0,30.02176,30.0,23.78535,25.0,67.21761681448052,33776.73303895722,1.6000000000000227,3.835549263715856e-07,8.219033549460417e-07,9.040936904406349e-07,1.6986002942852597e-06
2025-11-21 09:35:01+00,-6.955608833,107.6994947,696.5,34,41.96078,26.97607,37.0,29.58666,39.0,30.02176,30.0,23.78535,25.0,64.23680658606261,33840.96984554329,0.2999999999999545,3.835549263715856e-07,8.219033549460417e-07,9.040936904406349e-07,1.6986002942852597e-06
2025-11-21 09:35:06+00,-6.955432,107.699908,694.4,5,67.05882,26.97607,37.0,29.58666,39.0,30.02176,30.0,23.78535,25.0,49.675931970955766,33890.64577751424,-2.1000000000000227,3.835549263715856e-07,8.219033549460417e-07,9.040936904406349e-07,1.6986002942852597e-06
2025-11-21 09:35:11+00,-6.955379,107.7000247,693.8,16,57.64706,26.97607,37.0,29.58666,39.0,30.02176,30.0,23.78535,25.0,14.165125827710929,33904.81090334195,-0.6000000000000227,3.835549263715856e-07,8.219033549460417e-07,9.040936904406349e-07,1.6986002942852597e-06
2025-11-21 09:35:16+00,-6.955299667,107.7001962,691.9,16,64.70588,26.97607,37.0,29.58666,39.0,30.02176,30.0,23.78535,25.0,20.884161687251794,33925.695065029206,-1.8999999999999773,3.835549263715856e-07,8.219033549460417e-07,9.040936904406349e-07,1.6986002942852597e-06
2025-11-21 09:35:21+00,-6.955162167,107.7003487,691.5,19,40.39216,26.97607,37.0,29.58666,39.0,30.02176,30.0,23.78535,25.0,22.73972758407419,33948.43479261328,-0.39999999999997726,3.835549263715856e-07,8.219033549460417e-07,9.040936904406349e-07,1.6986002942852597e-06
2025-11-21 09:35:26+00,-6.9550075,107.7005313,690.0,19,58.43137,26.97607,37.0,29.58666,39.0,30.02176,30.0,23.78535,25.0,26.495184490157357,33974.92997710344,-1.5,3.835549263715856e-07,8.219033549460417e-07,9.040936904406349e-07,1.6986002942852597e-06
2025-11-21 09:35:31+00,-6.955081,107.7007463,687.3,20,75.68627,26.97607,37.0,29.58666,39.0,30.02176,30.0,23.78535,25.0,25.09893831455555,34000.028915418,-2.7000000000000455,3.835549263715856e-07,8.219033549460417e-07,9.040936904406349e-07,1.6986002942852597e-06
2025-11-21 09:35:36+00,-6.955331,107.7007935,686.0,28,65.88235,26.97607,37.0,29.58666,39.0,30.02176,30.0,23.78535,25.0,28.28274174879176,34028.31165716679,-1.2999999999999545,3.835549263715856e-07,8.219033549460417e-07,9.040936904406349e-07,1.6986002942852597e-06
2025-11-21 09:35:41+00,-6.955668,107.7008265,684.2,33,65.4902,26.97607,37.0,29.58666,39.0,30.02176,30.0,23.78535,25.0,37.649352052928165,34065.96100921972,-1.7999999999999545,3.835549263715856e-07,8.219033549460417e-07,9.040936904406349e-07,1.6986002942852597e-06
2025-11-21 09:35:46+00,-6.956041,107.700994,685.9,35,46.66667,26.97607,37.0,29.58666,39.0,30.02176,30.0,23.78535,25.0,45.40978475378389,34111.3707939735,1.6999999999999318,3.835549263715856e-07,8.219033549460417e-07,9.040936904406349e-07,1.6986002942852597e-06
2025-11-21 09:35:51+00,-6.956443167,107.7011723,684.6,33,42.7451,26.97607,37.0,29.58666,39.0,30.02176,30.0,23.78535,25.0,48.8579185970902,34160.22871257059,-1.2999999999999545,3.835549263715856e-07,8.219033549460417e-07,9.040936904406349e-07,1.6986002942852597e-06
2025-11-21 09:35:56+00,-6.9568335,107.7013423,682.2,16,66.66666,26.97607,37.0,29.58666,39.0,30.02176,30.0,23.78535,25.0,47.28549042023014,34207.514202990824,-2.3999999999999773,3.835549263715856e-07,8.219033549460417e-07,9.040936904406349e-07,1.6986002942852597e-06
2025-11-21 09:36:01+00,-6.957083833,107.7014528,681.5,20,84.70588,26.97607,37.0,29.58666,39.0,30.02176,30.0,23.78535,25.0,30.390598983340706,34237.90480197417,-0.7000000000000455,3.835549263715856e-07,8.219033549460417e-07,9.040936904406349e-07,1.6986002942852597e-06
2025-11-21 09:36:06+00,-6.957305,107.7015423,681.8,31,78.43137,26.97607,37.0,29.58666,39.0,30.02176,30.0,23.78535,25.0,26.502611075325717,34264.40741304949,0.2999999999999545,3.835549263715856e-07,8.219033549460417e-07,9.040936904406349e-07,1.6986002942852597e-06
2025-11-21 09:36:11+00,-6.957654667,107.7016957,683.0,39,67.05882,26.97607,37.0,29.58666,39.0,30.02176,30.0,23.78535,25.0,42.40795649299292,34306.815369542484,1.2000000000000455,3.835549263715856e-07,8.219033549460417e-07,9.040936904406349e-07,1.6986002942852597e-06
2025-11-21 09:36:16+00,-6.9580925,107.7018887,682.6,39,40.39216,26.97607,37.0,29.58666,39.0,30.02176,30.0,23.78535,25.0,53.14149051195808,34359.956860054444,-0.39999999999997726,3.835549263715856e-07,8.219033549460417e-07,9.040936904406349e-07,1.6986002942852597e-06
2025-11-21 09:36:21+00,-6.9585475,107.7020853,683.6,31,54.90196,26.97607,37.0,29.58666,39.0,30.02176,30.0,23.78535,25.0,55.05103054063917,34415.00789059509,1.0,3.835549263715856e-07,8.219033549460417e-07,9.040936904406349e-07,1.6986002942852597e-06
2025-11-21 09:36:26+00,-6.958913333,107.7022473,684.4,10,51.37255,26.97607,37.0,29.58666,39.0,30.02176,30.0,23.78535,25.0,44.43527987764779,34459.44317047273,0.7999999999999545,3.835549263715856e-07,8.219033549460417e-07,9.040936904406349e-07,1.6986002942852597e-06
2025-11-21 09:36:31+00,-6.959046667,107.702306,684.8,12,41.56863,26.97607,37.0,29.58666,39.0,30.02176,30.0,23.78535,25.0,16.17995970223408,34475.623130174965,0.39999999999997726,3.835549263715856e-07,8.219033549460417e-07,9.040936904406349e-07,1.6986002942852597e-06
2025-11-21 09:36:36+00,-6.9591755,107.7023595,686.6,11,50.58823,26.97607,37.0,29.58666,39.0,30.02176,30.0,23.78535,25.0,15.494935325843699,34491.11806550081,1.8000000000000682,3.835549263715856e-07,8.219033549460417e-07,9.040936904406349e-07,1.6986002942852597e-06
2025-11-21 09:36:41+00,-6.9593115,107.7024175,687.4,14,48.62745,26.97607,37.0,29.58666,39.0,30.02176,30.0,23.78535,25.0,16.421753355909004,34507.53981885671,0.7999999999999545,3.835549263715856e-07,8.219033549460417e-07,9.040936904406349e-07,1.6986002942852597e-06
2025-11-21 09:36:46+00,-6.959480833,107.702414,687.6,19,79.21568,26.97607,37.0,29.58666,39.0,30.02176,30.0,23.78535,25.0,18.832959129489215,34526.3727779862,0.20000000000004547,3.835549263715856e-07,8.219033549460417e-07,9.040936904406349e-07,1.6986002942852597e-06
2025-11-21 09:36:51+00,-6.959556,107.7022082,687.7,29,70.98039,26.97607,37.0,29.58666,39.0,30.02176,30.0,23.78535,25.0,24.20425858781077,34550.57703657401,0.10000000000002274,3.835549263715856e-07,8.219033549460417e-07,9.040936904406349e-07,1.6986002942852597e-06
2025-11-21 09:36:56+00,-6.959618167,107.701865,687.5,35,50.98039,26.97607,37.0,29.58666,39.0,30.02176,30.0,23.78535,25.0,38.50652721574934,34589.08356378976,-0.20000000000004547,3.835549263715856e-07,8.219033549460417e-07,9.040936904406349e-07,1.6986002942852597e-06
2025-11-21 09:37:01+00,-6.959705667,107.7014437,685.9,33,43.92157,26.97607,37.0,29.58666,39.0,30.02176,30.0,23.78535,25.0,47.50827532071841,34636.59183911048,-1.6000000000000227,3.835549263715856e-07,8.219033549460417e-07,9.040936904406349e-07,1.6986002942852597e-06
2025-11-21 09:37:06+00,-6.959805667,107.701033,685.9,26,62.35294,26.97607,37.0,29.58666,39.0,30.02176,30.0,23.78535,25.0,46.67517231559233,34683.26701142607,0.0,3.835549263715856e-07,8.219033549460417e-07,9.040936904406349e-07,1.6986002942852597e-06
2025-11-21 09:37:11+00,-6.959877333,107.7007023,683.9,19,50.19608,26.97607,37.0,29.58666,39.0,30.02176,30.0,23.78535,25.0,37.36100595949766,34720.62801738557,-2.0,3.835549263715856e-07,8.219033549460417e-07,9.040936904406349e-07,1.6986002942852597e-06
2025-11-21 09:37:16+00,-6.959905167,107.7004465,686.7,10,52.94118,26.97607,37.0,29.58666,39.0,30.02176,30.0,23.78535,25.0,28.40323572543912,34749.03125311101,2.800000000000068,3.835549263715856e-07,8.219033549460417e-07,9.040936904406349e-07,1.6986002942852597e-06
2025-11-21 09:37:21+00,-6.9599285,107.7002863,687.0,8,42.35294,26.97607,37.0,29.58666,39.0,30.02176,30.0,23.78535,25.0,17.871520965717867,34766.90277407673,0.2999999999999545,3.835549263715856e-07,8.219033549460417e-07,9.040936904406349e-07,1.6986002942852597e-06
2025-11-21 09:37:26+00,-6.959945667,107.7001685,688.4,9,41.96078,26.97607,37.0,29.58666,39.0,30.02176,30.0,23.78535,25.0,13.141633715646142,34780.044407792375,1.3999999999999773,3.835549263715856e-07,8.219033549460417e-07,9.040936904406349e-07,1.6986002942852597e-06
2025-11-21 09:37:31+00,-6.960019833,107.700095,691.2,6,72.54902,26.97607,37.0,29.58666,39.0,30.02176,30.0,23.78535,25.0,11.568308224197647,34791.61271601657,2.800000000000068,3.835549263715856e-07,8.219033549460417e-07,9.040936904406349e-07,1.6986002942852597e-06
2025-11-21 09:37:36+00,-6.960070833,107.7001317,690.7,9,48.23529,26.97607,37.0,29.58666,39.0,30.02176,30.0,23.78535,25.0,6.969113302355875,34798.58182931893,-0.5,3.835549263715856e-07,8.219033549460417e-07,9.040936904406349e-07,1.6986002942852597e-06
2025-11-21 09:37:41+00,-6.9600685,107.7002503,685.5,8,43.13726,26.97607,37.0,29.58666,39.0,30.02176,30.0,23.78535,25.0,13.093124235938996,34811.674953554866,-5.2000000000000455,3.835549263715856e-07,8.219033549460417e-07,9.040936904406349e-07,1.6986002942852597e-06
2025-11-21 09:37:46+00,-6.960054167,107.7003505,682.5,3,54.11765,26.97607,37.0,29.58666,39.0,30.02176,30.0,23.78535,25.0,11.173886889943219,34822.84884044481,-3.0,3.835549263715856e-07,8.219033549460417e-07,9.040936904406349e-07,1.6986002942852597e-06
2025-11-21 09:38:29+00,-6.960069833,107.700403,677.4,1,60.39216,26.97607,37.0,29.58666,39.0,30.02176,30.0,23.78535,25.0,6.050893439869816,34828.899733884675,-5.100000000000023,3.835549263715856e-07,8.219033549460417e-07,9.040936904406349e-07,1.6986002942852597e-06
2025-11-21 10:15:28+00,-6.960037,107.7003928,683.3,1,59.60784,26.97607,37.0,29.58666,39.0,30.02176,30.0,23.78535,25.0,3.8205150149580924,34832.72024889963,5.899999999999977,3.835549263715856e-07,8.219033549460417e-07,9.040936904406349e-07,1.6986002942852597e-06
2025-11-21 10:15:38+00,-6.960065833,107.7004057,682.0,5,72.54902,26.97607,37.0,29.58666,39.0,30.02176,30.0,23.78535,25.0,3.5080388411125694,34836.22828774075,-1.2999999999999545,3.835549263715856e-07,8.219033549460417e-07,9.040936904406349e-07,1.6986002942852597e-06
2025-11-21 10:15:43+00,-6.9600665,107.7003667,681.4,8,65.4902,26.97607,37.0,29.58666,39.0,30.02176,30.0,23.78535,25.0,4.305289901318932,34840.53357764207,-0.6000000000000227,3.835549263715856e-07,8.219033549460417e-07,9.040936904406349e-07,1.6986002942852597e-06
2025-11-21 10:15:48+00,-6.960089667,107.7002677,681.0,8,44.70588,26.97607,37.0,29.58666,39.0,30.02176,30.0,23.78535,25.0,11.226734372834226,34851.7603120149,-0.39999999999997726,3.835549263715856e-07,8.219033549460417e-07,9.040936904406349e-07,1.6986002942852597e-06
2025-11-21 10:15:53+00,-6.960128667,107.7001615,679.5,9,47.05882,26.97607,37.0,29.58666,39.0,30.02176,30.0,23.78535,25.0,12.498359375917541,34864.25867139082,-1.5,3.835549263715856e-07,8.219033549460417e-07,9.040936904406349e-07,1.6986002942852597e-06
2025-11-21 10:15:58+00,-6.960100833,107.7000485,679.0,15,90.98039,26.97607,37.0,29.58666,39.0,30.02176,30.0,23.78535,25.0,12.850721193823599,34877.10939258464,-0.5,3.835549263715856e-07,8.219033549460417e-07,9.040936904406349e-07,1.6986002942852597e-06
2025-11-21 10:16:03+00,-6.960044,107.6998865,678.1,29,92.15686,26.97607,37.0,29.58666,39.0,30.02176,30.0,23.78535,25.0,18.964751219467132,34896.07414380411,-0.8999999999999773,3.835549263715856e-07,8.219033549460417e-07,9.040936904406349e-07,1.6986002942852597e-06
2025-11-21 10:16:08+00,-6.960081167,107.6995503,677.5,43,90.98039,26.97607,37.0,29.58666,39.0,30.02176,30.0,23.78535,25.0,37.3377266165372,34933.41187042065,-0.6000000000000227,3.835549263715856e-07,8.219033549460417e-07,9.040936904406349e-07,1.6986002942852597e-06
2025-11-21 10:16:13+00,-6.960164,107.6990342,679.9,52,90.19608,26.97607,37.0,29.58666,39.0,30.02176,30.0,23.78535,25.0,57.7047011549361,34991.116571575585,2.3999999999999773,3.835549263715856e-07,8.219033549460417e-07,9.040936904406349e-07,1.6986002942852597e-06
2025-11-21 10:16:18+00,-6.960273667,107.6984002,680.6,57,92.15686,26.97607,37.0,29.58666,39.0,30.02176,30.0,23.78535,25.0,71.03270827577376,35062.14927985136,0.7000000000000455,3.835549263715856e-07,8.219033549460417e-07,9.040936904406349e-07,1.6986002942852597e-06
2025-11-21 10:16:23+00,-6.960394667,107.6976902,680.8,54,35.68628,26.97607,37.0,29.58666,39.0,30.02176,30.0,23.78535,25.0,79.51328660258682,35141.662566453946,0.1999999999999318,3.835549263715856e-07,8.219033549460417e-07,9.040936904406349e-07,1.6986002942852597e-06
2025-11-21 10:16:28+00,-6.960514667,107.6970002,680.2,36,40.39216,26.97607,37.0,29.58666,39.0,30.02176,30.0,23.78535,25.0,77.31922328435297,35218.981789738296,-0.599999999999909,3.835549263715856e-07,8.219033549460417e-07,9.040936904406349e-07,1.6986002942852597e-06
2025-11-21 10:16:33+00,-6.960601833,107.6965198,678.9,38,77.64706,26.97607,37.0,29.58666,39.0,30.02176,30.0,23.78535,25.0,53.902984878456365,35272.88477461675,-1.3000000000000682,3.835549263715856e-07,8.219033549460417e-07,9.040936904406349e-07,1.6986002942852597e-06
2025-11-21 10:16:38+00,-6.960681333,107.6960513,678.7,26,45.88235,26.97607,37.0,29.58666,39.0,30.02176,30.0,23.78535,25.0,52.46109724303397,35325.34587185978,-0.1999999999999318,3.835549263715856e-07,8.219033549460417e-07,9.040936904406349e-07,1.6986002942852597e-06
2025-11-21 10:16:43+00,-6.960750333,107.6956513,677.3,22,86.66666,26.97607,37.0,29.58666,39.0,30.02176,30.0,23.78535,25.0,44.811910420850595,35370.157782280636,-1.400000000000091,3.835549263715856e-07,8.219033549460417e-07,9.040936904406349e-07,1.6986002942852597e-06
2025-11-21 10:16:48+00,-6.960883333,107.695396,678.5,24,55.68628,26.97607,37.0,29.58666,39.0,30.02176,30.0,23.78535,25.0,31.82390954862909,35401.98169182926,1.2000000000000455,3.835549263715856e-07,8.219033549460417e-07,9.040936904406349e-07,1.6986002942852597e-06
2025-11-21 10:16:53+00,-6.960884333,107.6951092,679.7,27,73.72549,26.97607,37.0,29.58666,39.0,30.02176,30.0,23.78535,25.0,31.655881459705164,35433.63757328897,1.2000000000000455,3.835549263715856e-07,8.219033549460417e-07,9.040936904406349e-07,1.6986002942852597e-06
2025-11-21 10:16:58+00,-6.960575167,107.6950587,681.5,35,82.35294,26.97607,37.0,29.58666,39.0,30.02176,30.0,23.78535,25.0,34.826684439033706,35468.464257728,1.7999999999999545,3.835549263715856e-07,8.219033549460417e-07,9.040936904406349e-07,1.6986002942852597e-06
2025-11-21 10:17:03+00,-6.960152833,107.6951003,682.4,42,90.98039,26.97607,37.0,29.58666,39.0,29.15156,27.0,23.78535,25.0,47.185400572367335,35515.64965830037,0.8999999999999773,3.835549263715856e-07,8.219033549460417e-07,9.040936904406349e-07,1.6986002942852597e-06
2025-11-21 10:17:08+00,-6.959652833,107.6950123,684.9,44,90.19608,26.97607,37.0,29.58666,39.0,29.15156,27.0,23.78535,25.0,56.43961412046667,35572.08927242083,2.5,3.835549263715856e-07,8.219033549460417e-07,9.040936904406349e-07,1.6986002942852597e-06
